ISO-10303-21;
HEADER;
/* Generated by software containing ST-Developer
 * from STEP Tools, Inc. (www.steptools.com) 
 */

FILE_DESCRIPTION(
/* description */ (''),
/* implementation_level */ '2;1');

FILE_NAME(
/* name */ 'GYRA BASE HANDLE.step',
/* time_stamp */ '2026-05-27T11:51:23+05:30',
/* author */ (''),
/* organization */ (''),
/* preprocessor_version */ 'ST-DEVELOPER v20.1',
/* originating_system */ 'Autodesk Translation Framework v15.8.0.0',
/* authorisation */ '');

FILE_SCHEMA (('AUTOMOTIVE_DESIGN { 1 0 10303 214 3 1 1 }'));
ENDSEC;

DATA;
#10=MECHANICAL_DESIGN_GEOMETRIC_PRESENTATION_REPRESENTATION('',(#13),#3092);
#11=SHAPE_REPRESENTATION_RELATIONSHIP('SRR','None',#3099,#12);
#12=ADVANCED_BREP_SHAPE_REPRESENTATION('',(#14),#3091);
#13=STYLED_ITEM('',(#3108),#14);
#14=MANIFOLD_SOLID_BREP('Body1',#1450);
#15=B_SPLINE_SURFACE_WITH_KNOTS('',3,3,((#2728,#2729,#2730,#2731,#2732,
#2733,#2734),(#2735,#2736,#2737,#2738,#2739,#2740,#2741),(#2742,#2743,#2744,
#2745,#2746,#2747,#2748),(#2749,#2750,#2751,#2752,#2753,#2754,#2755),(#2756,
#2757,#2758,#2759,#2760,#2761,#2762),(#2763,#2764,#2765,#2766,#2767,#2768,
#2769)),.UNSPECIFIED.,.F.,.F.,.F.,(4,1,1,4),(4,1,1,1,4),(0.,0.285714285714286,
0.571428571428571,1.),(0.,0.448798950512828,0.673198425769242,1.12199737628207,
1.5707963267949),.UNSPECIFIED.);
#16=B_SPLINE_SURFACE_WITH_KNOTS('',3,3,((#2780,#2781,#2782,#2783,#2784,
#2785,#2786),(#2787,#2788,#2789,#2790,#2791,#2792,#2793),(#2794,#2795,#2796,
#2797,#2798,#2799,#2800),(#2801,#2802,#2803,#2804,#2805,#2806,#2807),(#2808,
#2809,#2810,#2811,#2812,#2813,#2814),(#2815,#2816,#2817,#2818,#2819,#2820,
#2821)),.UNSPECIFIED.,.F.,.F.,.F.,(4,1,1,4),(4,1,1,1,4),(0.,0.285714285714286,
0.571428571428571,1.),(-1.5707963267949,-1.23419711391028,-0.897597901025655,
-0.448798950512828,0.),.UNSPECIFIED.);
#17=B_SPLINE_SURFACE_WITH_KNOTS('',3,3,((#2878,#2879,#2880,#2881,#2882,
#2883,#2884),(#2885,#2886,#2887,#2888,#2889,#2890,#2891),(#2892,#2893,#2894,
#2895,#2896,#2897,#2898),(#2899,#2900,#2901,#2902,#2903,#2904,#2905),(#2906,
#2907,#2908,#2909,#2910,#2911,#2912),(#2913,#2914,#2915,#2916,#2917,#2918,
#2919)),.UNSPECIFIED.,.F.,.F.,.F.,(4,1,1,4),(4,1,1,1,4),(0.,0.285714285714286,
0.571428571428571,1.),(0.,0.448798950512828,0.673198425769242,1.12199737628207,
1.5707963267949),.UNSPECIFIED.);
#18=B_SPLINE_SURFACE_WITH_KNOTS('',3,3,((#2931,#2932,#2933,#2934,#2935,
#2936,#2937),(#2938,#2939,#2940,#2941,#2942,#2943,#2944),(#2945,#2946,#2947,
#2948,#2949,#2950,#2951),(#2952,#2953,#2954,#2955,#2956,#2957,#2958),(#2959,
#2960,#2961,#2962,#2963,#2964,#2965),(#2966,#2967,#2968,#2969,#2970,#2971,
#2972)),.UNSPECIFIED.,.F.,.F.,.F.,(4,1,1,4),(4,1,1,1,4),(0.,0.285714285714286,
0.571428571428571,1.),(-1.5707963267949,-1.12199737628207,-0.673198425769242,
-0.448798950512828,0.),.UNSPECIFIED.);
#19=TOROIDAL_SURFACE('',#1488,13.,2.);
#20=TOROIDAL_SURFACE('',#1494,13.,2.);
#21=B_SPLINE_CURVE_WITH_KNOTS('',3,(#2048,#2049,#2050,#2051,#2052,#2053,
#2054,#2055,#2056,#2057,#2058,#2059,#2060,#2061),.UNSPECIFIED.,.F.,.F.,
(4,2,2,2,2,2,4),(0.,0.058207833810349,0.128983129403267,0.223996474514522,
0.298618512066524,0.375792418287227,0.376701975873991),.UNSPECIFIED.);
#22=B_SPLINE_CURVE_WITH_KNOTS('',3,(#2064,#2065,#2066,#2067,#2068,#2069,
#2070,#2071,#2072,#2073,#2074,#2075,#2076,#2077),.UNSPECIFIED.,.F.,.F.,
(4,2,2,2,2,2,4),(-0.000918814222695312,0.,0.0877073624586727,0.171790630672017,
0.262870777139459,0.331373922545631,0.37967325783586),.UNSPECIFIED.);
#23=B_SPLINE_CURVE_WITH_KNOTS('',3,(#2082,#2083,#2084,#2085),
 .UNSPECIFIED.,.F.,.F.,(4,4),(-0.909306401711206,-0.894284127064434),
 .UNSPECIFIED.);
#24=B_SPLINE_CURVE_WITH_KNOTS('',3,(#2088,#2089,#2090,#2091,#2092,#2093,
#2094,#2095,#2096,#2097,#2098,#2099,#2100,#2101),.UNSPECIFIED.,.F.,.F.,
(4,2,2,2,2,2,4),(-0.395361977842252,-0.337982051088238,-0.27119949153964,
-0.183098679059366,-0.0937423150474162,0.,0.000918814222568129),
 .UNSPECIFIED.);
#25=B_SPLINE_CURVE_WITH_KNOTS('',3,(#2111,#2112,#2113,#2114,#2115,#2116,
#2117,#2118,#2119,#2120,#2121,#2122,#2123,#2124),.UNSPECIFIED.,.F.,.F.,
(4,2,2,2,2,2,4),(0.,0.056788142595506,0.122881944541204,0.210074134997601,
0.298508927936307,0.391284437687751,0.392193775778846),.UNSPECIFIED.);
#26=B_SPLINE_CURVE_WITH_KNOTS('',3,(#2128,#2129,#2130,#2131),
 .UNSPECIFIED.,.F.,.F.,(4,4),(-0.29777021561695,-0.282747940970178),
 .UNSPECIFIED.);
#27=B_SPLINE_CURVE_WITH_KNOTS('',3,(#2152,#2153,#2154,#2155,#2156,#2157,
#2158,#2159,#2160,#2161,#2162,#2163,#2164,#2165,#2166,#2167,#2168,#2169,
#2170,#2171,#2172,#2173,#2174,#2175,#2176,#2177,#2178,#2179,#2180,#2181,
#2182,#2183,#2184,#2185),.UNSPECIFIED.,.T.,.F.,(4,2,2,2,2,2,2,2,2,2,2,2,
2,2,2,2,4),(0.,0.0555709025053926,0.111141805010785,0.166712696541214,0.222283588071642,
0.277854479602071,0.3334253711325,0.388996273637892,0.444567176143285,0.500138078648678,
0.55570898115407,0.611279872684499,0.666850764214927,0.722421655745356,
0.777992547275785,0.833563449781177,0.88913435228657),.UNSPECIFIED.);
#28=B_SPLINE_CURVE_WITH_KNOTS('',3,(#2188,#2189,#2190,#2191,#2192,#2193,
#2194,#2195,#2196,#2197,#2198,#2199,#2200,#2201,#2202,#2203,#2204,#2205,
#2206,#2207,#2208,#2209,#2210,#2211,#2212,#2213,#2214,#2215,#2216,#2217,
#2218,#2219,#2220,#2221),.UNSPECIFIED.,.T.,.F.,(4,2,2,2,2,2,2,2,2,2,2,2,
2,2,2,2,4),(0.,0.0555751435116839,0.111150287023368,0.166725407752986,0.222300528482604,
0.277875649212222,0.33345076994184,0.389025913453524,0.444601056965208,
0.500176200476892,0.555751343988576,0.611326464718194,0.666901585447812,
0.722476706177431,0.778051826907049,0.833626970418733,0.889202113930417),
 .UNSPECIFIED.);
#29=B_SPLINE_CURVE_WITH_KNOTS('',3,(#2224,#2225,#2226,#2227,#2228,#2229,
#2230,#2231,#2232,#2233,#2234,#2235,#2236,#2237,#2238,#2239,#2240,#2241,
#2242,#2243,#2244,#2245,#2246,#2247,#2248,#2249,#2250,#2251,#2252,#2253,
#2254,#2255,#2256,#2257),.UNSPECIFIED.,.T.,.F.,(4,2,2,2,2,2,2,2,2,2,2,2,
2,2,2,2,4),(0.,0.055575143511684,0.111150287023368,0.166725407752986,0.222300528482604,
0.277875649212223,0.333450769941841,0.389025913453525,0.444601056965208,
0.500176200476892,0.555751343988576,0.611326464718194,0.666901585447812,
0.72247670617743,0.778051826907048,0.833626970418732,0.889202113930416),
 .UNSPECIFIED.);
#30=B_SPLINE_CURVE_WITH_KNOTS('',3,(#2260,#2261,#2262,#2263,#2264,#2265,
#2266,#2267,#2268,#2269,#2270,#2271,#2272,#2273,#2274,#2275,#2276,#2277,
#2278,#2279,#2280,#2281,#2282,#2283,#2284,#2285,#2286,#2287,#2288,#2289,
#2290,#2291,#2292,#2293),.UNSPECIFIED.,.T.,.F.,(4,2,2,2,2,2,2,2,2,2,2,2,
2,2,2,2,4),(0.,0.0555709025053925,0.111141805010785,0.166712696541214,0.222283588071642,
0.277854479602071,0.3334253711325,0.388996273637892,0.444567176143285,0.500138078648677,
0.55570898115407,0.611279872684498,0.666850764214927,0.722421655745356,
0.777992547275784,0.833563449781177,0.889134352286569),.UNSPECIFIED.);
#31=B_SPLINE_CURVE_WITH_KNOTS('',3,(#2297,#2298,#2299,#2300,#2301,#2302,
#2303,#2304,#2305,#2306),.UNSPECIFIED.,.F.,.F.,(4,2,2,2,4),(0.222283588071642,
0.27785447960207,0.333425371132498,0.388996273637891,0.444567176143283),
 .UNSPECIFIED.);
#32=B_SPLINE_CURVE_WITH_KNOTS('',3,(#2308,#2309,#2310,#2311,#2312,#2313,
#2314,#2315,#2316,#2317,#2318,#2319,#2320,#2321,#2322,#2323,#2324,#2325,
#2326),.UNSPECIFIED.,.F.,.F.,(4,2,2,2,3,2,2,2,4),(0.666850764214925,0.722421655745353,
0.777992547275782,0.833563449781174,0.889134352286567,0.944705254791959,
1.00027615729735,1.05584704882778,1.11141794035821),.UNSPECIFIED.);
#33=B_SPLINE_CURVE_WITH_KNOTS('',3,(#2327,#2328,#2329,#2330,#2331,#2332,
#2333,#2334,#2335,#2336),.UNSPECIFIED.,.F.,.F.,(4,2,2,2,4),(0.444567176143283,
0.500138078648676,0.555708981154068,0.611279872684497,0.666850764214925),
 .UNSPECIFIED.);
#34=B_SPLINE_CURVE_WITH_KNOTS('',3,(#2340,#2341,#2342,#2343,#2344,#2345,
#2346,#2347,#2348,#2349,#2350,#2351,#2352,#2353,#2354,#2355,#2356,#2357),
 .UNSPECIFIED.,.F.,.F.,(4,2,2,2,2,2,2,2,4),(0.,0.0555751435116838,0.111150287023368,
0.166725407752986,0.222300528482603,0.277875649212221,0.333450769941839,
0.389025913453523,0.444601056965207),.UNSPECIFIED.);
#35=B_SPLINE_CURVE_WITH_KNOTS('',3,(#2358,#2359,#2360,#2361,#2362,#2363,
#2364,#2365,#2366,#2367,#2368,#2369,#2370,#2371,#2372,#2373,#2374,#2375),
 .UNSPECIFIED.,.F.,.F.,(4,2,2,2,2,2,2,2,4),(0.444601056965207,0.500176200476891,
0.555751343988575,0.611326464718193,0.666901585447811,0.722476706177428,
0.778051826907046,0.83362697041873,0.889202113930414),.UNSPECIFIED.);
#36=B_SPLINE_CURVE_WITH_KNOTS('',3,(#2379,#2380,#2381,#2382,#2383,#2384,
#2385,#2386,#2387,#2388,#2389,#2390,#2391,#2392,#2393,#2394,#2395,#2396),
 .UNSPECIFIED.,.F.,.F.,(4,2,2,2,2,2,2,2,4),(0.,0.0555751435116838,0.111150287023368,
0.166725407752986,0.222300528482604,0.277875649212221,0.333450769941839,
0.389025913453523,0.444601056965207),.UNSPECIFIED.);
#37=B_SPLINE_CURVE_WITH_KNOTS('',3,(#2397,#2398,#2399,#2400,#2401,#2402,
#2403,#2404,#2405,#2406,#2407,#2408,#2409,#2410,#2411,#2412,#2413,#2414),
 .UNSPECIFIED.,.F.,.F.,(4,2,2,2,2,2,2,2,4),(0.444601056965207,0.500176200476891,
0.555751343988575,0.611326464718193,0.666901585447811,0.722476706177429,
0.778051826907047,0.83362697041873,0.889202113930414),.UNSPECIFIED.);
#38=B_SPLINE_CURVE_WITH_KNOTS('',3,(#2418,#2419,#2420,#2421,#2422,#2423,
#2424,#2425,#2426,#2427,#2428,#2429,#2430,#2431,#2432,#2433,#2434,#2435),
 .UNSPECIFIED.,.F.,.F.,(4,2,2,2,2,2,2,2,4),(0.,0.0555709025053925,0.111141805010785,
0.166712696541213,0.222283588071642,0.27785447960207,0.333425371132498,
0.388996273637891,0.444567176143283),.UNSPECIFIED.);
#39=B_SPLINE_CURVE_WITH_KNOTS('',3,(#2436,#2437,#2438,#2439,#2440,#2441,
#2442,#2443,#2444,#2445,#2446,#2447,#2448,#2449,#2450,#2451,#2452,#2453),
 .UNSPECIFIED.,.F.,.F.,(4,2,2,2,2,2,2,2,4),(0.444567176143283,0.500138078648676,
0.555708981154068,0.611279872684497,0.666850764214925,0.722421655745353,
0.777992547275781,0.833563449781174,0.889134352286566),.UNSPECIFIED.);
#40=B_SPLINE_CURVE_WITH_KNOTS('',3,(#2456,#2457,#2458,#2459,#2460,#2461,
#2462,#2463,#2464,#2465,#2466,#2467,#2468,#2469,#2470,#2471,#2472,#2473,
#2474,#2475,#2476,#2477,#2478,#2479,#2480,#2481,#2482,#2483,#2484,#2485,
#2486,#2487,#2488,#2489),.UNSPECIFIED.,.T.,.F.,(4,2,2,2,2,2,2,2,2,2,2,2,
2,2,2,2,4),(0.,0.0555709025053925,0.111141805010785,0.166712696541213,0.222283588071642,
0.27785447960207,0.333425371132499,0.388996273637891,0.444567176143284,
0.500138078648676,0.555708981154068,0.611279872684497,0.666850764214925,
0.722421655745354,0.777992547275782,0.833563449781174,0.889134352286567),
 .UNSPECIFIED.);
#41=B_SPLINE_CURVE_WITH_KNOTS('',3,(#2492,#2493,#2494,#2495,#2496,#2497,
#2498,#2499,#2500,#2501,#2502,#2503,#2504,#2505,#2506,#2507,#2508,#2509,
#2510,#2511,#2512,#2513,#2514,#2515,#2516,#2517,#2518,#2519,#2520,#2521,
#2522,#2523,#2524,#2525),.UNSPECIFIED.,.T.,.F.,(4,2,2,2,2,2,2,2,2,2,2,2,
2,2,2,2,4),(0.,0.0555751435116838,0.111150287023368,0.166725407752986,0.222300528482604,
0.277875649212221,0.333450769941839,0.389025913453523,0.444601056965207,
0.50017620047689,0.555751343988574,0.611326464718192,0.66690158544781,0.722476706177428,
0.778051826907046,0.83362697041873,0.889202113930413),.UNSPECIFIED.);
#42=B_SPLINE_CURVE_WITH_KNOTS('',3,(#2529,#2530,#2531,#2532,#2533,#2534,
#2535,#2536,#2537,#2538),.UNSPECIFIED.,.F.,.F.,(4,2,2,2,4),(0.,0.0555751435116834,
0.111150287023367,0.166725407752985,0.222300528482603),.UNSPECIFIED.);
#43=B_SPLINE_CURVE_WITH_KNOTS('',3,(#2542,#2543,#2544,#2545,#2546,#2547,
#2548,#2549,#2550,#2551),.UNSPECIFIED.,.F.,.F.,(4,2,2,2,4),(0.666850764214925,
0.722421655745354,0.777992547275782,0.833563449781174,0.889134352286567),
 .UNSPECIFIED.);
#44=B_SPLINE_CURVE_WITH_KNOTS('',3,(#2553,#2554,#2555,#2556,#2557,#2558,
#2559,#2560,#2561,#2562,#2563,#2564,#2565,#2566,#2567,#2568,#2569,#2570),
 .UNSPECIFIED.,.F.,.F.,(4,2,2,2,2,2,2,2,4),(0.222283588071642,0.27785447960207,
0.333425371132498,0.388996273637891,0.444567176143283,0.500138078648676,
0.555708981154068,0.611279872684497,0.666850764214925),.UNSPECIFIED.);
#45=B_SPLINE_CURVE_WITH_KNOTS('',3,(#2571,#2572,#2573,#2574,#2575,#2576,
#2577,#2578,#2579,#2580),.UNSPECIFIED.,.F.,.F.,(4,2,2,2,4),(0.,0.0555709025053925,
0.111141805010785,0.166712696541213,0.222283588071642),.UNSPECIFIED.);
#46=B_SPLINE_CURVE_WITH_KNOTS('',3,(#2582,#2583,#2584,#2585,#2586,#2587,
#2588,#2589,#2590,#2591),.UNSPECIFIED.,.F.,.F.,(4,2,2,2,4),(0.66690158544781,
0.722476706177427,0.778051826907045,0.833626970418729,0.889202113930413),
 .UNSPECIFIED.);
#47=B_SPLINE_CURVE_WITH_KNOTS('',3,(#2592,#2593,#2594,#2595,#2596,#2597,
#2598,#2599,#2600,#2601,#2602,#2603,#2604,#2605,#2606,#2607,#2608,#2609),
 .UNSPECIFIED.,.F.,.F.,(4,2,2,2,2,2,2,2,4),(0.222300528482603,0.277875649212221,
0.333450769941839,0.389025913453523,0.444601056965206,0.50017620047689,
0.555751343988574,0.611326464718192,0.66690158544781),.UNSPECIFIED.);
#48=B_SPLINE_CURVE_WITH_KNOTS('',3,(#2711,#2712,#2713,#2714,#2715,#2716,
#2717,#2718,#2719,#2720,#2721,#2722,#2723,#2724,#2725,#2726),
 .UNSPECIFIED.,.F.,.F.,(4,2,2,2,2,2,2,4),(2.15467733221085,2.43338427277569,
2.71209121334053,2.89143841800966,3.07078562267879,3.27473945256099,3.47869328244318,
3.88660094220756),.UNSPECIFIED.);
#49=B_SPLINE_CURVE_WITH_KNOTS('',3,(#2828,#2829,#2830,#2831,#2832,#2833,
#2834,#2835,#2836,#2837,#2838,#2839,#2840,#2841,#2842,#2843),
 .UNSPECIFIED.,.F.,.F.,(4,2,2,2,2,2,2,4),(2.77903379255711,3.1869414523215,
3.39089528220369,3.59484911208588,3.77419631675501,3.95354352142413,4.23225046198898,
4.51095740255382),.UNSPECIFIED.);
#50=B_SPLINE_CURVE_WITH_KNOTS('',3,(#2861,#2862,#2863,#2864,#2865,#2866,
#2867,#2868,#2869,#2870,#2871,#2872,#2873,#2874,#2875,#2876),
 .UNSPECIFIED.,.F.,.F.,(4,2,2,2,2,2,2,4),(2.15467733221085,2.43338427277569,
2.71209121334054,2.89143841800967,3.0707856226788,3.27473945256099,3.47869328244318,
3.88660094220756),.UNSPECIFIED.);
#51=B_SPLINE_CURVE_WITH_KNOTS('',3,(#2981,#2982,#2983,#2984,#2985,#2986,
#2987,#2988,#2989,#2990,#2991,#2992,#2993,#2994,#2995,#2996),
 .UNSPECIFIED.,.F.,.F.,(4,2,2,2,2,2,2,4),(2.77903379255711,3.18694145232149,
3.39089528220368,3.59484911208587,3.77419631675501,3.95354352142414,4.23225046198898,
4.51095740255382),.UNSPECIFIED.);
#52=FACE_BOUND('',#227,.T.);
#53=FACE_BOUND('',#228,.T.);
#54=FACE_BOUND('',#229,.T.);
#55=FACE_BOUND('',#230,.T.);
#56=FACE_BOUND('',#231,.T.);
#57=FACE_BOUND('',#256,.T.);
#58=FACE_BOUND('',#257,.T.);
#59=FACE_BOUND('',#258,.T.);
#60=FACE_BOUND('',#259,.T.);
#61=FACE_BOUND('',#260,.T.);
#62=FACE_BOUND('',#292,.T.);
#63=FACE_BOUND('',#295,.T.);
#64=FACE_BOUND('',#296,.T.);
#65=FACE_BOUND('',#297,.T.);
#66=FACE_BOUND('',#298,.T.);
#67=FACE_BOUND('',#299,.T.);
#68=FACE_BOUND('',#308,.T.);
#69=FACE_BOUND('',#309,.T.);
#70=FACE_BOUND('',#311,.T.);
#71=FACE_BOUND('',#312,.T.);
#72=FACE_BOUND('',#317,.T.);
#73=CIRCLE('',#1468,15.);
#74=CIRCLE('',#1469,15.);
#75=CIRCLE('',#1470,30.);
#76=CIRCLE('',#1471,15.);
#77=CIRCLE('',#1472,15.);
#78=CIRCLE('',#1473,30.);
#79=CIRCLE('',#1474,1.5);
#80=CIRCLE('',#1475,1.5);
#81=CIRCLE('',#1476,1.5);
#82=CIRCLE('',#1477,1.5);
#83=CIRCLE('',#1482,1.5);
#84=CIRCLE('',#1483,1.5);
#85=CIRCLE('',#1485,1.5);
#86=CIRCLE('',#1486,1.5);
#87=CIRCLE('',#1489,15.);
#88=CIRCLE('',#1490,13.);
#89=CIRCLE('',#1492,2.);
#90=CIRCLE('',#1493,2.);
#91=CIRCLE('',#1495,13.);
#92=CIRCLE('',#1496,15.);
#93=CIRCLE('',#1508,15.);
#94=CIRCLE('',#1509,15.);
#95=CIRCLE('',#1515,25.);
#96=CIRCLE('',#1517,25.);
#97=CIRCLE('',#1519,25.);
#98=CIRCLE('',#1520,25.);
#99=CIRCLE('',#1521,25.);
#100=CIRCLE('',#1530,10.);
#101=CIRCLE('',#1531,10.);
#102=CIRCLE('',#1535,10.);
#103=CIRCLE('',#1536,10.);
#104=CIRCLE('',#1544,10.);
#105=CIRCLE('',#1545,10.);
#106=CIRCLE('',#1549,10.);
#107=CIRCLE('',#1550,10.);
#108=CIRCLE('',#1562,163.25);
#109=CIRCLE('',#1563,163.25);
#110=CIRCLE('',#1566,163.250000039943);
#111=CIRCLE('',#1568,3.);
#112=CIRCLE('',#1569,163.25);
#113=CIRCLE('',#1570,3.);
#114=CIRCLE('',#1575,30.);
#115=CIRCLE('',#1577,3.);
#116=CIRCLE('',#1579,3.);
#117=CIRCLE('',#1582,1.5);
#118=CIRCLE('',#1584,1.5);
#119=CIRCLE('',#1586,1.5);
#120=CIRCLE('',#1588,1.5);
#121=PLANE('',#1467);
#122=PLANE('',#1497);
#123=PLANE('',#1498);
#124=PLANE('',#1510);
#125=PLANE('',#1511);
#126=PLANE('',#1512);
#127=PLANE('',#1513);
#128=PLANE('',#1514);
#129=PLANE('',#1516);
#130=PLANE('',#1522);
#131=PLANE('',#1523);
#132=PLANE('',#1524);
#133=PLANE('',#1525);
#134=PLANE('',#1526);
#135=PLANE('',#1527);
#136=PLANE('',#1528);
#137=PLANE('',#1539);
#138=PLANE('',#1540);
#139=PLANE('',#1542);
#140=PLANE('',#1554);
#141=PLANE('',#1556);
#142=PLANE('',#1558);
#143=PLANE('',#1559);
#144=PLANE('',#1564);
#145=PLANE('',#1567);
#146=PLANE('',#1571);
#147=PLANE('',#1580);
#148=PLANE('',#1589);
#149=PLANE('',#1590);
#150=PLANE('',#1592);
#151=PLANE('',#1593);
#152=PLANE('',#1594);
#153=FACE_OUTER_BOUND('',#225,.T.);
#154=FACE_OUTER_BOUND('',#226,.T.);
#155=FACE_OUTER_BOUND('',#232,.T.);
#156=FACE_OUTER_BOUND('',#233,.T.);
#157=FACE_OUTER_BOUND('',#234,.T.);
#158=FACE_OUTER_BOUND('',#235,.T.);
#159=FACE_OUTER_BOUND('',#236,.T.);
#160=FACE_OUTER_BOUND('',#237,.T.);
#161=FACE_OUTER_BOUND('',#238,.T.);
#162=FACE_OUTER_BOUND('',#239,.T.);
#163=FACE_OUTER_BOUND('',#240,.T.);
#164=FACE_OUTER_BOUND('',#241,.T.);
#165=FACE_OUTER_BOUND('',#242,.T.);
#166=FACE_OUTER_BOUND('',#243,.T.);
#167=FACE_OUTER_BOUND('',#244,.T.);
#168=FACE_OUTER_BOUND('',#245,.T.);
#169=FACE_OUTER_BOUND('',#246,.T.);
#170=FACE_OUTER_BOUND('',#247,.T.);
#171=FACE_OUTER_BOUND('',#248,.T.);
#172=FACE_OUTER_BOUND('',#249,.T.);
#173=FACE_OUTER_BOUND('',#250,.T.);
#174=FACE_OUTER_BOUND('',#251,.T.);
#175=FACE_OUTER_BOUND('',#252,.T.);
#176=FACE_OUTER_BOUND('',#253,.T.);
#177=FACE_OUTER_BOUND('',#254,.T.);
#178=FACE_OUTER_BOUND('',#255,.T.);
#179=FACE_OUTER_BOUND('',#261,.T.);
#180=FACE_OUTER_BOUND('',#262,.T.);
#181=FACE_OUTER_BOUND('',#263,.T.);
#182=FACE_OUTER_BOUND('',#264,.T.);
#183=FACE_OUTER_BOUND('',#265,.T.);
#184=FACE_OUTER_BOUND('',#266,.T.);
#185=FACE_OUTER_BOUND('',#267,.T.);
#186=FACE_OUTER_BOUND('',#268,.T.);
#187=FACE_OUTER_BOUND('',#269,.T.);
#188=FACE_OUTER_BOUND('',#270,.T.);
#189=FACE_OUTER_BOUND('',#271,.T.);
#190=FACE_OUTER_BOUND('',#272,.T.);
#191=FACE_OUTER_BOUND('',#273,.T.);
#192=FACE_OUTER_BOUND('',#274,.T.);
#193=FACE_OUTER_BOUND('',#275,.T.);
#194=FACE_OUTER_BOUND('',#276,.T.);
#195=FACE_OUTER_BOUND('',#277,.T.);
#196=FACE_OUTER_BOUND('',#278,.T.);
#197=FACE_OUTER_BOUND('',#279,.T.);
#198=FACE_OUTER_BOUND('',#280,.T.);
#199=FACE_OUTER_BOUND('',#281,.T.);
#200=FACE_OUTER_BOUND('',#282,.T.);
#201=FACE_OUTER_BOUND('',#283,.T.);
#202=FACE_OUTER_BOUND('',#284,.T.);
#203=FACE_OUTER_BOUND('',#285,.T.);
#204=FACE_OUTER_BOUND('',#286,.T.);
#205=FACE_OUTER_BOUND('',#287,.T.);
#206=FACE_OUTER_BOUND('',#288,.T.);
#207=FACE_OUTER_BOUND('',#289,.T.);
#208=FACE_OUTER_BOUND('',#290,.T.);
#209=FACE_OUTER_BOUND('',#291,.T.);
#210=FACE_OUTER_BOUND('',#293,.T.);
#211=FACE_OUTER_BOUND('',#294,.T.);
#212=FACE_OUTER_BOUND('',#300,.T.);
#213=FACE_OUTER_BOUND('',#301,.T.);
#214=FACE_OUTER_BOUND('',#302,.T.);
#215=FACE_OUTER_BOUND('',#303,.T.);
#216=FACE_OUTER_BOUND('',#304,.T.);
#217=FACE_OUTER_BOUND('',#305,.T.);
#218=FACE_OUTER_BOUND('',#306,.T.);
#219=FACE_OUTER_BOUND('',#307,.T.);
#220=FACE_OUTER_BOUND('',#310,.T.);
#221=FACE_OUTER_BOUND('',#313,.T.);
#222=FACE_OUTER_BOUND('',#314,.T.);
#223=FACE_OUTER_BOUND('',#315,.T.);
#224=FACE_OUTER_BOUND('',#316,.T.);
#225=EDGE_LOOP('',(#920,#921,#922,#923));
#226=EDGE_LOOP('',(#924,#925,#926,#927,#928,#929,#930,#931,#932,#933,#934,
#935));
#227=EDGE_LOOP('',(#936,#937,#938,#939));
#228=EDGE_LOOP('',(#940));
#229=EDGE_LOOP('',(#941));
#230=EDGE_LOOP('',(#942));
#231=EDGE_LOOP('',(#943));
#232=EDGE_LOOP('',(#944,#945,#946,#947));
#233=EDGE_LOOP('',(#948,#949,#950,#951,#952,#953));
#234=EDGE_LOOP('',(#954,#955,#956,#957,#958,#959));
#235=EDGE_LOOP('',(#960,#961,#962,#963));
#236=EDGE_LOOP('',(#964,#965,#966,#967,#968));
#237=EDGE_LOOP('',(#969,#970,#971,#972,#973,#974));
#238=EDGE_LOOP('',(#975,#976,#977,#978,#979));
#239=EDGE_LOOP('',(#980,#981,#982,#983,#984,#985));
#240=EDGE_LOOP('',(#986,#987,#988,#989,#990));
#241=EDGE_LOOP('',(#991,#992,#993,#994,#995,#996,#997,#998));
#242=EDGE_LOOP('',(#999,#1000,#1001,#1002));
#243=EDGE_LOOP('',(#1003,#1004,#1005,#1006));
#244=EDGE_LOOP('',(#1007,#1008,#1009,#1010,#1011,#1012,#1013));
#245=EDGE_LOOP('',(#1014,#1015,#1016,#1017,#1018,#1019));
#246=EDGE_LOOP('',(#1020,#1021,#1022,#1023));
#247=EDGE_LOOP('',(#1024,#1025,#1026,#1027,#1028,#1029,#1030,#1031));
#248=EDGE_LOOP('',(#1032,#1033,#1034,#1035));
#249=EDGE_LOOP('',(#1036,#1037,#1038,#1039));
#250=EDGE_LOOP('',(#1040,#1041,#1042,#1043));
#251=EDGE_LOOP('',(#1044,#1045,#1046,#1047,#1048));
#252=EDGE_LOOP('',(#1049,#1050,#1051,#1052));
#253=EDGE_LOOP('',(#1053,#1054,#1055));
#254=EDGE_LOOP('',(#1056,#1057,#1058));
#255=EDGE_LOOP('',(#1059,#1060,#1061,#1062,#1063,#1064,#1065,#1066,#1067,
#1068,#1069,#1070,#1071,#1072));
#256=EDGE_LOOP('',(#1073));
#257=EDGE_LOOP('',(#1074));
#258=EDGE_LOOP('',(#1075,#1076));
#259=EDGE_LOOP('',(#1077,#1078));
#260=EDGE_LOOP('',(#1079));
#261=EDGE_LOOP('',(#1080,#1081,#1082,#1083,#1084,#1085,#1086,#1087));
#262=EDGE_LOOP('',(#1088,#1089,#1090,#1091,#1092,#1093));
#263=EDGE_LOOP('',(#1094,#1095,#1096,#1097,#1098,#1099,#1100,#1101,#1102,
#1103,#1104));
#264=EDGE_LOOP('',(#1105,#1106,#1107,#1108));
#265=EDGE_LOOP('',(#1109,#1110,#1111,#1112,#1113,#1114,#1115,#1116,#1117,
#1118));
#266=EDGE_LOOP('',(#1119,#1120,#1121,#1122));
#267=EDGE_LOOP('',(#1123,#1124,#1125,#1126,#1127));
#268=EDGE_LOOP('',(#1128,#1129,#1130,#1131));
#269=EDGE_LOOP('',(#1132,#1133,#1134,#1135));
#270=EDGE_LOOP('',(#1136,#1137,#1138,#1139));
#271=EDGE_LOOP('',(#1140,#1141,#1142,#1143));
#272=EDGE_LOOP('',(#1144,#1145,#1146,#1147));
#273=EDGE_LOOP('',(#1148,#1149,#1150,#1151,#1152,#1153));
#274=EDGE_LOOP('',(#1154,#1155,#1156,#1157));
#275=EDGE_LOOP('',(#1158,#1159,#1160,#1161));
#276=EDGE_LOOP('',(#1162,#1163,#1164,#1165));
#277=EDGE_LOOP('',(#1166,#1167,#1168,#1169));
#278=EDGE_LOOP('',(#1170,#1171,#1172,#1173));
#279=EDGE_LOOP('',(#1174,#1175,#1176,#1177));
#280=EDGE_LOOP('',(#1178,#1179,#1180,#1181));
#281=EDGE_LOOP('',(#1182,#1183,#1184,#1185));
#282=EDGE_LOOP('',(#1186,#1187,#1188,#1189));
#283=EDGE_LOOP('',(#1190,#1191,#1192,#1193));
#284=EDGE_LOOP('',(#1194,#1195,#1196,#1197));
#285=EDGE_LOOP('',(#1198,#1199,#1200,#1201));
#286=EDGE_LOOP('',(#1202,#1203,#1204,#1205));
#287=EDGE_LOOP('',(#1206,#1207,#1208,#1209,#1210,#1211));
#288=EDGE_LOOP('',(#1212,#1213,#1214,#1215));
#289=EDGE_LOOP('',(#1216,#1217,#1218,#1219,#1220,#1221,#1222));
#290=EDGE_LOOP('',(#1223,#1224,#1225,#1226));
#291=EDGE_LOOP('',(#1227,#1228,#1229,#1230,#1231,#1232,#1233,#1234,#1235,
#1236,#1237,#1238,#1239));
#292=EDGE_LOOP('',(#1240,#1241,#1242,#1243));
#293=EDGE_LOOP('',(#1244,#1245,#1246,#1247,#1248,#1249,#1250));
#294=EDGE_LOOP('',(#1251,#1252,#1253,#1254,#1255,#1256,#1257,#1258,#1259,
#1260,#1261,#1262,#1263,#1264,#1265,#1266,#1267,#1268,#1269,#1270,#1271));
#295=EDGE_LOOP('',(#1272));
#296=EDGE_LOOP('',(#1273));
#297=EDGE_LOOP('',(#1274,#1275));
#298=EDGE_LOOP('',(#1276,#1277,#1278));
#299=EDGE_LOOP('',(#1279));
#300=EDGE_LOOP('',(#1280,#1281,#1282,#1283));
#301=EDGE_LOOP('',(#1284,#1285,#1286,#1287));
#302=EDGE_LOOP('',(#1288,#1289,#1290,#1291,#1292));
#303=EDGE_LOOP('',(#1293,#1294,#1295,#1296));
#304=EDGE_LOOP('',(#1297,#1298,#1299,#1300));
#305=EDGE_LOOP('',(#1301,#1302,#1303,#1304));
#306=EDGE_LOOP('',(#1305,#1306,#1307,#1308));
#307=EDGE_LOOP('',(#1309,#1310,#1311,#1312));
#308=EDGE_LOOP('',(#1313));
#309=EDGE_LOOP('',(#1314));
#310=EDGE_LOOP('',(#1315,#1316,#1317,#1318,#1319,#1320));
#311=EDGE_LOOP('',(#1321));
#312=EDGE_LOOP('',(#1322));
#313=EDGE_LOOP('',(#1323,#1324,#1325,#1326));
#314=EDGE_LOOP('',(#1327,#1328,#1329,#1330,#1331,#1332,#1333,#1334,#1335,
#1336,#1337));
#315=EDGE_LOOP('',(#1338,#1339,#1340,#1341));
#316=EDGE_LOOP('',(#1342));
#317=EDGE_LOOP('',(#1343));
#318=LINE('',#1983,#436);
#319=LINE('',#1986,#437);
#320=LINE('',#1992,#438);
#321=LINE('',#1996,#439);
#322=LINE('',#2000,#440);
#323=LINE('',#2004,#441);
#324=LINE('',#2008,#442);
#325=LINE('',#2011,#443);
#326=LINE('',#2013,#444);
#327=LINE('',#2015,#445);
#328=LINE('',#2016,#446);
#329=LINE('',#2030,#447);
#330=LINE('',#2036,#448);
#331=LINE('',#2042,#449);
#332=LINE('',#2046,#450);
#333=LINE('',#2063,#451);
#334=LINE('',#2104,#452);
#335=LINE('',#2108,#453);
#336=LINE('',#2135,#454);
#337=LINE('',#2137,#455);
#338=LINE('',#2138,#456);
#339=LINE('',#2141,#457);
#340=LINE('',#2142,#458);
#341=LINE('',#2145,#459);
#342=LINE('',#2148,#460);
#343=LINE('',#2149,#461);
#344=LINE('',#2187,#462);
#345=LINE('',#2259,#463);
#346=LINE('',#2338,#464);
#347=LINE('',#2416,#465);
#348=LINE('',#2491,#466);
#349=LINE('',#2540,#467);
#350=LINE('',#2615,#468);
#351=LINE('',#2618,#469);
#352=LINE('',#2621,#470);
#353=LINE('',#2623,#471);
#354=LINE('',#2624,#472);
#355=LINE('',#2628,#473);
#356=LINE('',#2630,#474);
#357=LINE('',#2632,#475);
#358=LINE('',#2633,#476);
#359=LINE('',#2636,#477);
#360=LINE('',#2638,#478);
#361=LINE('',#2640,#479);
#362=LINE('',#2641,#480);
#363=LINE('',#2644,#481);
#364=LINE('',#2646,#482);
#365=LINE('',#2647,#483);
#366=LINE('',#2651,#484);
#367=LINE('',#2655,#485);
#368=LINE('',#2659,#486);
#369=LINE('',#2661,#487);
#370=LINE('',#2664,#488);
#371=LINE('',#2666,#489);
#372=LINE('',#2670,#490);
#373=LINE('',#2672,#491);
#374=LINE('',#2674,#492);
#375=LINE('',#2676,#493);
#376=LINE('',#2678,#494);
#377=LINE('',#2680,#495);
#378=LINE('',#2681,#496);
#379=LINE('',#2684,#497);
#380=LINE('',#2686,#498);
#381=LINE('',#2688,#499);
#382=LINE('',#2689,#500);
#383=LINE('',#2690,#501);
#384=LINE('',#2692,#502);
#385=LINE('',#2693,#503);
#386=LINE('',#2695,#504);
#387=LINE('',#2697,#505);
#388=LINE('',#2700,#506);
#389=LINE('',#2701,#507);
#390=LINE('',#2703,#508);
#391=LINE('',#2709,#509);
#392=LINE('',#2727,#510);
#393=LINE('',#2778,#511);
#394=LINE('',#2779,#512);
#395=LINE('',#2844,#513);
#396=LINE('',#2845,#514);
#397=LINE('',#2847,#515);
#398=LINE('',#2849,#516);
#399=LINE('',#2851,#517);
#400=LINE('',#2853,#518);
#401=LINE('',#2859,#519);
#402=LINE('',#2877,#520);
#403=LINE('',#2929,#521);
#404=LINE('',#2930,#522);
#405=LINE('',#2997,#523);
#406=LINE('',#2998,#524);
#407=LINE('',#3000,#525);
#408=LINE('',#3001,#526);
#409=LINE('',#3003,#527);
#410=LINE('',#3005,#528);
#411=LINE('',#3007,#529);
#412=LINE('',#3009,#530);
#413=LINE('',#3015,#531);
#414=LINE('',#3019,#532);
#415=LINE('',#3022,#533);
#416=LINE('',#3024,#534);
#417=LINE('',#3026,#535);
#418=LINE('',#3027,#536);
#419=LINE('',#3031,#537);
#420=LINE('',#3036,#538);
#421=LINE('',#3039,#539);
#422=LINE('',#3041,#540);
#423=LINE('',#3048,#541);
#424=LINE('',#3050,#542);
#425=LINE('',#3055,#543);
#426=LINE('',#3058,#544);
#427=LINE('',#3063,#545);
#428=LINE('',#3067,#546);
#429=LINE('',#3071,#547);
#430=LINE('',#3075,#548);
#431=LINE('',#3079,#549);
#432=LINE('',#3080,#550);
#433=LINE('',#3082,#551);
#434=LINE('',#3083,#552);
#435=LINE('',#3086,#553);
#436=VECTOR('',#1601,10.);
#437=VECTOR('',#1604,10.);
#438=VECTOR('',#1609,10.);
#439=VECTOR('',#1612,10.);
#440=VECTOR('',#1615,10.);
#441=VECTOR('',#1618,10.);
#442=VECTOR('',#1621,10.);
#443=VECTOR('',#1624,10.);
#444=VECTOR('',#1625,10.);
#445=VECTOR('',#1626,10.);
#446=VECTOR('',#1627,10.);
#447=VECTOR('',#1642,10.);
#448=VECTOR('',#1649,10.);
#449=VECTOR('',#1656,10.);
#450=VECTOR('',#1659,10.);
#451=VECTOR('',#1660,10.);
#452=VECTOR('',#1669,10.);
#453=VECTOR('',#1672,10.);
#454=VECTOR('',#1683,10.);
#455=VECTOR('',#1684,10.);
#456=VECTOR('',#1685,10.);
#457=VECTOR('',#1688,10.);
#458=VECTOR('',#1689,10.);
#459=VECTOR('',#1692,10.);
#460=VECTOR('',#1695,10.);
#461=VECTOR('',#1696,10.);
#462=VECTOR('',#1699,1.475);
#463=VECTOR('',#1702,1.475);
#464=VECTOR('',#1705,1.475);
#465=VECTOR('',#1708,1.475);
#466=VECTOR('',#1711,1.475);
#467=VECTOR('',#1714,1.475);
#468=VECTOR('',#1719,10.);
#469=VECTOR('',#1722,10.);
#470=VECTOR('',#1725,10.);
#471=VECTOR('',#1726,10.);
#472=VECTOR('',#1727,10.);
#473=VECTOR('',#1730,10.);
#474=VECTOR('',#1731,10.);
#475=VECTOR('',#1732,10.);
#476=VECTOR('',#1733,10.);
#477=VECTOR('',#1736,10.);
#478=VECTOR('',#1737,10.);
#479=VECTOR('',#1738,10.);
#480=VECTOR('',#1739,10.);
#481=VECTOR('',#1742,10.);
#482=VECTOR('',#1743,10.);
#483=VECTOR('',#1744,10.);
#484=VECTOR('',#1749,10.);
#485=VECTOR('',#1754,10.);
#486=VECTOR('',#1759,25.);
#487=VECTOR('',#1760,25.);
#488=VECTOR('',#1763,10.);
#489=VECTOR('',#1764,10.);
#490=VECTOR('',#1769,10.);
#491=VECTOR('',#1770,10.);
#492=VECTOR('',#1771,10.);
#493=VECTOR('',#1772,10.);
#494=VECTOR('',#1773,10.);
#495=VECTOR('',#1774,10.);
#496=VECTOR('',#1775,10.);
#497=VECTOR('',#1778,10.);
#498=VECTOR('',#1779,10.);
#499=VECTOR('',#1780,10.);
#500=VECTOR('',#1781,10.);
#501=VECTOR('',#1782,10.);
#502=VECTOR('',#1785,10.);
#503=VECTOR('',#1786,10.);
#504=VECTOR('',#1789,10.);
#505=VECTOR('',#1792,10.);
#506=VECTOR('',#1795,10.);
#507=VECTOR('',#1796,10.);
#508=VECTOR('',#1799,10.);
#509=VECTOR('',#1804,10.);
#510=VECTOR('',#1805,10.);
#511=VECTOR('',#1816,10.);
#512=VECTOR('',#1817,10.);
#513=VECTOR('',#1824,10.);
#514=VECTOR('',#1825,10.);
#515=VECTOR('',#1828,10.);
#516=VECTOR('',#1831,10.);
#517=VECTOR('',#1834,10.);
#518=VECTOR('',#1837,10.);
#519=VECTOR('',#1842,10.);
#520=VECTOR('',#1843,10.);
#521=VECTOR('',#1854,10.);
#522=VECTOR('',#1855,10.);
#523=VECTOR('',#1864,10.);
#524=VECTOR('',#1865,10.);
#525=VECTOR('',#1868,10.);
#526=VECTOR('',#1869,10.);
#527=VECTOR('',#1872,10.);
#528=VECTOR('',#1875,10.);
#529=VECTOR('',#1878,10.);
#530=VECTOR('',#1881,10.);
#531=VECTOR('',#1888,10.);
#532=VECTOR('',#1891,10.);
#533=VECTOR('',#1896,10.);
#534=VECTOR('',#1897,10.);
#535=VECTOR('',#1898,10.);
#536=VECTOR('',#1899,10.);
#537=VECTOR('',#1904,10.);
#538=VECTOR('',#1909,10.);
#539=VECTOR('',#1912,10.);
#540=VECTOR('',#1913,10.);
#541=VECTOR('',#1924,30.);
#542=VECTOR('',#1925,30.);
#543=VECTOR('',#1932,3.);
#544=VECTOR('',#1935,3.);
#545=VECTOR('',#1942,1.5);
#546=VECTOR('',#1947,1.5);
#547=VECTOR('',#1952,1.5);
#548=VECTOR('',#1957,1.5);
#549=VECTOR('',#1962,10.);
#550=VECTOR('',#1963,10.);
#551=VECTOR('',#1966,10.);
#552=VECTOR('',#1967,10.);
#553=VECTOR('',#1972,10.);
#554=ELLIPSE('',#1465,2.12132034355964,1.5);
#555=ELLIPSE('',#1466,2.12132034355964,1.5);
#556=ELLIPSE('',#1479,2.12132034355964,1.5);
#557=ELLIPSE('',#1480,2.12132034355964,1.5);
#558=ELLIPSE('',#1500,16.3123078454654,15.);
#559=ELLIPSE('',#1532,8.1296609551219,5.);
#560=ELLIPSE('',#1533,16.3123078454654,15.);
#561=ELLIPSE('',#1537,8.1296609551219,5.);
#562=ELLIPSE('',#1546,8.1296609551219,5.);
#563=ELLIPSE('',#1547,16.3123078454654,15.);
#564=ELLIPSE('',#1551,8.1296609551219,5.);
#565=ELLIPSE('',#1552,16.3123078454654,15.);
#566=ELLIPSE('',#1560,48.7779657307314,30.);
#567=ELLIPSE('',#1572,48.7779657307314,30.);
#568=ELLIPSE('',#1573,48.7779657307314,30.);
#569=VERTEX_POINT('',#1979);
#570=VERTEX_POINT('',#1980);
#571=VERTEX_POINT('',#1982);
#572=VERTEX_POINT('',#1984);
#573=VERTEX_POINT('',#1988);
#574=VERTEX_POINT('',#1989);
#575=VERTEX_POINT('',#1991);
#576=VERTEX_POINT('',#1993);
#577=VERTEX_POINT('',#1995);
#578=VERTEX_POINT('',#1997);
#579=VERTEX_POINT('',#1999);
#580=VERTEX_POINT('',#2001);
#581=VERTEX_POINT('',#2003);
#582=VERTEX_POINT('',#2005);
#583=VERTEX_POINT('',#2007);
#584=VERTEX_POINT('',#2009);
#585=VERTEX_POINT('',#2012);
#586=VERTEX_POINT('',#2014);
#587=VERTEX_POINT('',#2017);
#588=VERTEX_POINT('',#2019);
#589=VERTEX_POINT('',#2021);
#590=VERTEX_POINT('',#2023);
#591=VERTEX_POINT('',#2026);
#592=VERTEX_POINT('',#2028);
#593=VERTEX_POINT('',#2032);
#594=VERTEX_POINT('',#2034);
#595=VERTEX_POINT('',#2038);
#596=VERTEX_POINT('',#2040);
#597=VERTEX_POINT('',#2044);
#598=VERTEX_POINT('',#2045);
#599=VERTEX_POINT('',#2047);
#600=VERTEX_POINT('',#2062);
#601=VERTEX_POINT('',#2079);
#602=VERTEX_POINT('',#2081);
#603=VERTEX_POINT('',#2086);
#604=VERTEX_POINT('',#2103);
#605=VERTEX_POINT('',#2105);
#606=VERTEX_POINT('',#2107);
#607=VERTEX_POINT('',#2109);
#608=VERTEX_POINT('',#2126);
#609=VERTEX_POINT('',#2134);
#610=VERTEX_POINT('',#2136);
#611=VERTEX_POINT('',#2140);
#612=VERTEX_POINT('',#2144);
#613=VERTEX_POINT('',#2146);
#614=VERTEX_POINT('',#2151);
#615=VERTEX_POINT('',#2186);
#616=VERTEX_POINT('',#2223);
#617=VERTEX_POINT('',#2258);
#618=VERTEX_POINT('',#2295);
#619=VERTEX_POINT('',#2296);
#620=VERTEX_POINT('',#2307);
#621=VERTEX_POINT('',#2337);
#622=VERTEX_POINT('',#2339);
#623=VERTEX_POINT('',#2377);
#624=VERTEX_POINT('',#2378);
#625=VERTEX_POINT('',#2415);
#626=VERTEX_POINT('',#2417);
#627=VERTEX_POINT('',#2455);
#628=VERTEX_POINT('',#2490);
#629=VERTEX_POINT('',#2527);
#630=VERTEX_POINT('',#2528);
#631=VERTEX_POINT('',#2539);
#632=VERTEX_POINT('',#2541);
#633=VERTEX_POINT('',#2552);
#634=VERTEX_POINT('',#2581);
#635=VERTEX_POINT('',#2611);
#636=VERTEX_POINT('',#2612);
#637=VERTEX_POINT('',#2614);
#638=VERTEX_POINT('',#2616);
#639=VERTEX_POINT('',#2620);
#640=VERTEX_POINT('',#2622);
#641=VERTEX_POINT('',#2626);
#642=VERTEX_POINT('',#2627);
#643=VERTEX_POINT('',#2629);
#644=VERTEX_POINT('',#2631);
#645=VERTEX_POINT('',#2635);
#646=VERTEX_POINT('',#2637);
#647=VERTEX_POINT('',#2639);
#648=VERTEX_POINT('',#2643);
#649=VERTEX_POINT('',#2645);
#650=VERTEX_POINT('',#2649);
#651=VERTEX_POINT('',#2653);
#652=VERTEX_POINT('',#2657);
#653=VERTEX_POINT('',#2660);
#654=VERTEX_POINT('',#2662);
#655=VERTEX_POINT('',#2665);
#656=VERTEX_POINT('',#2669);
#657=VERTEX_POINT('',#2671);
#658=VERTEX_POINT('',#2673);
#659=VERTEX_POINT('',#2675);
#660=VERTEX_POINT('',#2677);
#661=VERTEX_POINT('',#2679);
#662=VERTEX_POINT('',#2683);
#663=VERTEX_POINT('',#2685);
#664=VERTEX_POINT('',#2687);
#665=VERTEX_POINT('',#2699);
#666=VERTEX_POINT('',#2705);
#667=VERTEX_POINT('',#2706);
#668=VERTEX_POINT('',#2708);
#669=VERTEX_POINT('',#2710);
#670=VERTEX_POINT('',#2770);
#671=VERTEX_POINT('',#2771);
#672=VERTEX_POINT('',#2776);
#673=VERTEX_POINT('',#2822);
#674=VERTEX_POINT('',#2826);
#675=VERTEX_POINT('',#2827);
#676=VERTEX_POINT('',#2855);
#677=VERTEX_POINT('',#2856);
#678=VERTEX_POINT('',#2858);
#679=VERTEX_POINT('',#2860);
#680=VERTEX_POINT('',#2920);
#681=VERTEX_POINT('',#2921);
#682=VERTEX_POINT('',#2926);
#683=VERTEX_POINT('',#2927);
#684=VERTEX_POINT('',#2973);
#685=VERTEX_POINT('',#2974);
#686=VERTEX_POINT('',#2979);
#687=VERTEX_POINT('',#2980);
#688=VERTEX_POINT('',#3013);
#689=VERTEX_POINT('',#3014);
#690=VERTEX_POINT('',#3016);
#691=VERTEX_POINT('',#3018);
#692=VERTEX_POINT('',#3023);
#693=VERTEX_POINT('',#3025);
#694=VERTEX_POINT('',#3029);
#695=VERTEX_POINT('',#3033);
#696=VERTEX_POINT('',#3035);
#697=VERTEX_POINT('',#3038);
#698=VERTEX_POINT('',#3040);
#699=VERTEX_POINT('',#3044);
#700=VERTEX_POINT('',#3049);
#701=VERTEX_POINT('',#3053);
#702=VERTEX_POINT('',#3057);
#703=VERTEX_POINT('',#3062);
#704=VERTEX_POINT('',#3066);
#705=VERTEX_POINT('',#3070);
#706=VERTEX_POINT('',#3074);
#707=VERTEX_POINT('',#3078);
#708=EDGE_CURVE('',#569,#570,#554,.F.);
#709=EDGE_CURVE('',#570,#571,#318,.T.);
#710=EDGE_CURVE('',#571,#572,#555,.F.);
#711=EDGE_CURVE('',#572,#569,#319,.T.);
#712=EDGE_CURVE('',#573,#574,#73,.T.);
#713=EDGE_CURVE('',#575,#573,#320,.T.);
#714=EDGE_CURVE('',#576,#575,#74,.T.);
#715=EDGE_CURVE('',#576,#577,#321,.T.);
#716=EDGE_CURVE('',#577,#578,#75,.T.);
#717=EDGE_CURVE('',#578,#579,#322,.T.);
#718=EDGE_CURVE('',#580,#579,#76,.T.);
#719=EDGE_CURVE('',#581,#580,#323,.T.);
#720=EDGE_CURVE('',#582,#581,#77,.T.);
#721=EDGE_CURVE('',#582,#583,#324,.T.);
#722=EDGE_CURVE('',#583,#584,#78,.T.);
#723=EDGE_CURVE('',#584,#574,#325,.T.);
#724=EDGE_CURVE('',#571,#585,#326,.T.);
#725=EDGE_CURVE('',#586,#570,#327,.T.);
#726=EDGE_CURVE('',#585,#586,#328,.T.);
#727=EDGE_CURVE('',#587,#587,#79,.T.);
#728=EDGE_CURVE('',#588,#588,#80,.T.);
#729=EDGE_CURVE('',#589,#589,#81,.T.);
#730=EDGE_CURVE('',#590,#590,#82,.T.);
#731=EDGE_CURVE('',#591,#585,#556,.F.);
#732=EDGE_CURVE('',#586,#592,#557,.F.);
#733=EDGE_CURVE('',#592,#591,#329,.T.);
#734=EDGE_CURVE('',#593,#592,#83,.F.);
#735=EDGE_CURVE('',#569,#594,#84,.F.);
#736=EDGE_CURVE('',#594,#593,#330,.T.);
#737=EDGE_CURVE('',#595,#572,#85,.F.);
#738=EDGE_CURVE('',#591,#596,#86,.F.);
#739=EDGE_CURVE('',#596,#595,#331,.T.);
#740=EDGE_CURVE('',#597,#598,#332,.T.);
#741=EDGE_CURVE('',#598,#599,#21,.T.);
#742=EDGE_CURVE('',#599,#600,#333,.T.);
#743=EDGE_CURVE('',#600,#597,#22,.T.);
#744=EDGE_CURVE('',#601,#599,#87,.T.);
#745=EDGE_CURVE('',#598,#602,#23,.T.);
#746=EDGE_CURVE('',#602,#603,#88,.T.);
#747=EDGE_CURVE('',#603,#601,#24,.T.);
#748=EDGE_CURVE('',#604,#601,#334,.T.);
#749=EDGE_CURVE('',#603,#605,#89,.T.);
#750=EDGE_CURVE('',#605,#606,#335,.T.);
#751=EDGE_CURVE('',#606,#607,#90,.T.);
#752=EDGE_CURVE('',#607,#604,#25,.T.);
#753=EDGE_CURVE('',#607,#608,#91,.T.);
#754=EDGE_CURVE('',#608,#597,#26,.T.);
#755=EDGE_CURVE('',#600,#604,#92,.T.);
#756=EDGE_CURVE('',#609,#608,#336,.T.);
#757=EDGE_CURVE('',#610,#609,#337,.T.);
#758=EDGE_CURVE('',#610,#602,#338,.T.);
#759=EDGE_CURVE('',#611,#606,#339,.T.);
#760=EDGE_CURVE('',#609,#611,#340,.T.);
#761=EDGE_CURVE('',#600,#612,#341,.T.);
#762=EDGE_CURVE('',#613,#612,#558,.T.);
#763=EDGE_CURVE('',#613,#580,#342,.T.);
#764=EDGE_CURVE('',#579,#599,#343,.T.);
#765=EDGE_CURVE('',#614,#614,#27,.T.);
#766=EDGE_CURVE('',#614,#615,#344,.T.);
#767=EDGE_CURVE('',#615,#615,#28,.T.);
#768=EDGE_CURVE('',#616,#616,#29,.T.);
#769=EDGE_CURVE('',#616,#617,#345,.T.);
#770=EDGE_CURVE('',#617,#617,#30,.T.);
#771=EDGE_CURVE('',#618,#619,#31,.T.);
#772=EDGE_CURVE('',#620,#618,#32,.T.);
#773=EDGE_CURVE('',#619,#620,#33,.T.);
#774=EDGE_CURVE('',#619,#621,#346,.T.);
#775=EDGE_CURVE('',#622,#621,#34,.T.);
#776=EDGE_CURVE('',#621,#622,#35,.T.);
#777=EDGE_CURVE('',#623,#624,#36,.T.);
#778=EDGE_CURVE('',#624,#623,#37,.T.);
#779=EDGE_CURVE('',#624,#625,#347,.T.);
#780=EDGE_CURVE('',#626,#625,#38,.T.);
#781=EDGE_CURVE('',#625,#626,#39,.T.);
#782=EDGE_CURVE('',#627,#627,#40,.T.);
#783=EDGE_CURVE('',#627,#628,#348,.T.);
#784=EDGE_CURVE('',#628,#628,#41,.T.);
#785=EDGE_CURVE('',#629,#630,#42,.T.);
#786=EDGE_CURVE('',#629,#631,#349,.T.);
#787=EDGE_CURVE('',#632,#631,#43,.T.);
#788=EDGE_CURVE('',#633,#632,#44,.T.);
#789=EDGE_CURVE('',#631,#633,#45,.T.);
#790=EDGE_CURVE('',#634,#629,#46,.T.);
#791=EDGE_CURVE('',#630,#634,#47,.T.);
#792=EDGE_CURVE('',#635,#636,#93,.F.);
#793=EDGE_CURVE('',#636,#637,#350,.T.);
#794=EDGE_CURVE('',#637,#638,#94,.F.);
#795=EDGE_CURVE('',#638,#635,#351,.T.);
#796=EDGE_CURVE('',#636,#639,#352,.T.);
#797=EDGE_CURVE('',#640,#639,#353,.T.);
#798=EDGE_CURVE('',#637,#640,#354,.T.);
#799=EDGE_CURVE('',#641,#642,#355,.F.);
#800=EDGE_CURVE('',#642,#643,#356,.T.);
#801=EDGE_CURVE('',#643,#644,#357,.F.);
#802=EDGE_CURVE('',#644,#641,#358,.T.);
#803=EDGE_CURVE('',#642,#645,#359,.T.);
#804=EDGE_CURVE('',#645,#646,#360,.T.);
#805=EDGE_CURVE('',#646,#647,#361,.T.);
#806=EDGE_CURVE('',#643,#647,#362,.T.);
#807=EDGE_CURVE('',#644,#648,#363,.F.);
#808=EDGE_CURVE('',#648,#649,#364,.T.);
#809=EDGE_CURVE('',#649,#641,#365,.F.);
#810=EDGE_CURVE('',#650,#646,#95,.T.);
#811=EDGE_CURVE('',#647,#650,#366,.T.);
#812=EDGE_CURVE('',#646,#651,#96,.T.);
#813=EDGE_CURVE('',#651,#645,#367,.T.);
#814=EDGE_CURVE('',#652,#652,#97,.T.);
#815=EDGE_CURVE('',#652,#634,#368,.T.);
#816=EDGE_CURVE('',#630,#653,#369,.T.);
#817=EDGE_CURVE('',#653,#654,#98,.T.);
#818=EDGE_CURVE('',#654,#650,#370,.T.);
#819=EDGE_CURVE('',#651,#655,#371,.T.);
#820=EDGE_CURVE('',#655,#653,#99,.T.);
#821=EDGE_CURVE('',#656,#640,#372,.T.);
#822=EDGE_CURVE('',#639,#657,#373,.T.);
#823=EDGE_CURVE('',#658,#657,#374,.T.);
#824=EDGE_CURVE('',#659,#658,#375,.T.);
#825=EDGE_CURVE('',#660,#659,#376,.T.);
#826=EDGE_CURVE('',#661,#660,#377,.T.);
#827=EDGE_CURVE('',#656,#661,#378,.T.);
#828=EDGE_CURVE('',#648,#662,#379,.T.);
#829=EDGE_CURVE('',#662,#663,#380,.T.);
#830=EDGE_CURVE('',#664,#663,#381,.T.);
#831=EDGE_CURVE('',#657,#664,#382,.T.);
#832=EDGE_CURVE('',#657,#649,#383,.T.);
#833=EDGE_CURVE('',#638,#654,#384,.T.);
#834=EDGE_CURVE('',#656,#662,#385,.T.);
#835=EDGE_CURVE('',#663,#661,#386,.T.);
#836=EDGE_CURVE('',#655,#635,#387,.T.);
#837=EDGE_CURVE('',#665,#605,#388,.T.);
#838=EDGE_CURVE('',#611,#665,#389,.T.);
#839=EDGE_CURVE('',#665,#610,#390,.T.);
#840=EDGE_CURVE('',#666,#667,#100,.T.);
#841=EDGE_CURVE('',#667,#668,#391,.T.);
#842=EDGE_CURVE('',#668,#669,#48,.F.);
#843=EDGE_CURVE('',#669,#666,#392,.T.);
#844=EDGE_CURVE('',#670,#671,#101,.T.);
#845=EDGE_CURVE('',#671,#667,#559,.T.);
#846=EDGE_CURVE('',#666,#670,#560,.T.);
#847=EDGE_CURVE('',#613,#672,#102,.T.);
#848=EDGE_CURVE('',#672,#671,#393,.T.);
#849=EDGE_CURVE('',#670,#613,#394,.T.);
#850=EDGE_CURVE('',#612,#673,#103,.T.);
#851=EDGE_CURVE('',#673,#672,#561,.T.);
#852=EDGE_CURVE('',#674,#675,#49,.F.);
#853=EDGE_CURVE('',#675,#673,#395,.T.);
#854=EDGE_CURVE('',#612,#674,#396,.T.);
#855=EDGE_CURVE('',#674,#578,#397,.T.);
#856=EDGE_CURVE('',#581,#670,#398,.T.);
#857=EDGE_CURVE('',#666,#582,#399,.T.);
#858=EDGE_CURVE('',#669,#583,#400,.T.);
#859=EDGE_CURVE('',#676,#677,#104,.T.);
#860=EDGE_CURVE('',#677,#678,#401,.T.);
#861=EDGE_CURVE('',#678,#679,#50,.F.);
#862=EDGE_CURVE('',#679,#676,#402,.T.);
#863=EDGE_CURVE('',#680,#681,#105,.T.);
#864=EDGE_CURVE('',#681,#677,#562,.T.);
#865=EDGE_CURVE('',#676,#680,#563,.T.);
#866=EDGE_CURVE('',#682,#683,#106,.T.);
#867=EDGE_CURVE('',#683,#681,#403,.T.);
#868=EDGE_CURVE('',#680,#682,#404,.T.);
#869=EDGE_CURVE('',#684,#685,#107,.T.);
#870=EDGE_CURVE('',#685,#683,#564,.T.);
#871=EDGE_CURVE('',#682,#684,#565,.T.);
#872=EDGE_CURVE('',#686,#687,#51,.F.);
#873=EDGE_CURVE('',#687,#685,#405,.T.);
#874=EDGE_CURVE('',#684,#686,#406,.T.);
#875=EDGE_CURVE('',#574,#684,#407,.T.);
#876=EDGE_CURVE('',#584,#686,#408,.T.);
#877=EDGE_CURVE('',#682,#573,#409,.T.);
#878=EDGE_CURVE('',#575,#680,#410,.T.);
#879=EDGE_CURVE('',#676,#576,#411,.T.);
#880=EDGE_CURVE('',#679,#577,#412,.T.);
#881=EDGE_CURVE('',#675,#668,#566,.T.);
#882=EDGE_CURVE('',#688,#689,#413,.T.);
#883=EDGE_CURVE('',#690,#688,#108,.T.);
#884=EDGE_CURVE('',#690,#691,#414,.T.);
#885=EDGE_CURVE('',#689,#691,#109,.T.);
#886=EDGE_CURVE('',#689,#658,#415,.T.);
#887=EDGE_CURVE('',#692,#664,#416,.T.);
#888=EDGE_CURVE('',#693,#692,#417,.T.);
#889=EDGE_CURVE('',#693,#688,#418,.T.);
#890=EDGE_CURVE('',#693,#694,#110,.T.);
#891=EDGE_CURVE('',#694,#690,#419,.T.);
#892=EDGE_CURVE('',#595,#695,#111,.T.);
#893=EDGE_CURVE('',#695,#696,#420,.T.);
#894=EDGE_CURVE('',#696,#692,#112,.T.);
#895=EDGE_CURVE('',#697,#660,#421,.T.);
#896=EDGE_CURVE('',#697,#698,#422,.T.);
#897=EDGE_CURVE('',#594,#698,#113,.F.);
#898=EDGE_CURVE('',#687,#699,#567,.T.);
#899=EDGE_CURVE('',#699,#678,#568,.T.);
#900=EDGE_CURVE('',#699,#632,#423,.T.);
#901=EDGE_CURVE('',#633,#700,#424,.T.);
#902=EDGE_CURVE('',#700,#700,#114,.T.);
#903=EDGE_CURVE('',#596,#701,#115,.F.);
#904=EDGE_CURVE('',#701,#695,#425,.T.);
#905=EDGE_CURVE('',#698,#702,#426,.T.);
#906=EDGE_CURVE('',#593,#702,#116,.T.);
#907=EDGE_CURVE('',#588,#703,#427,.T.);
#908=EDGE_CURVE('',#703,#703,#117,.T.);
#909=EDGE_CURVE('',#590,#704,#428,.T.);
#910=EDGE_CURVE('',#704,#704,#118,.T.);
#911=EDGE_CURVE('',#587,#705,#429,.T.);
#912=EDGE_CURVE('',#705,#705,#119,.T.);
#913=EDGE_CURVE('',#589,#706,#430,.T.);
#914=EDGE_CURVE('',#706,#706,#120,.T.);
#915=EDGE_CURVE('',#707,#697,#431,.T.);
#916=EDGE_CURVE('',#702,#707,#432,.T.);
#917=EDGE_CURVE('',#691,#701,#433,.T.);
#918=EDGE_CURVE('',#696,#694,#434,.T.);
#919=EDGE_CURVE('',#707,#659,#435,.T.);
#920=ORIENTED_EDGE('',*,*,#708,.T.);
#921=ORIENTED_EDGE('',*,*,#709,.T.);
#922=ORIENTED_EDGE('',*,*,#710,.T.);
#923=ORIENTED_EDGE('',*,*,#711,.T.);
#924=ORIENTED_EDGE('',*,*,#712,.F.);
#925=ORIENTED_EDGE('',*,*,#713,.F.);
#926=ORIENTED_EDGE('',*,*,#714,.F.);
#927=ORIENTED_EDGE('',*,*,#715,.T.);
#928=ORIENTED_EDGE('',*,*,#716,.T.);
#929=ORIENTED_EDGE('',*,*,#717,.T.);
#930=ORIENTED_EDGE('',*,*,#718,.F.);
#931=ORIENTED_EDGE('',*,*,#719,.F.);
#932=ORIENTED_EDGE('',*,*,#720,.F.);
#933=ORIENTED_EDGE('',*,*,#721,.T.);
#934=ORIENTED_EDGE('',*,*,#722,.T.);
#935=ORIENTED_EDGE('',*,*,#723,.T.);
#936=ORIENTED_EDGE('',*,*,#724,.F.);
#937=ORIENTED_EDGE('',*,*,#709,.F.);
#938=ORIENTED_EDGE('',*,*,#725,.F.);
#939=ORIENTED_EDGE('',*,*,#726,.F.);
#940=ORIENTED_EDGE('',*,*,#727,.T.);
#941=ORIENTED_EDGE('',*,*,#728,.T.);
#942=ORIENTED_EDGE('',*,*,#729,.T.);
#943=ORIENTED_EDGE('',*,*,#730,.T.);
#944=ORIENTED_EDGE('',*,*,#731,.T.);
#945=ORIENTED_EDGE('',*,*,#726,.T.);
#946=ORIENTED_EDGE('',*,*,#732,.T.);
#947=ORIENTED_EDGE('',*,*,#733,.T.);
#948=ORIENTED_EDGE('',*,*,#734,.T.);
#949=ORIENTED_EDGE('',*,*,#732,.F.);
#950=ORIENTED_EDGE('',*,*,#725,.T.);
#951=ORIENTED_EDGE('',*,*,#708,.F.);
#952=ORIENTED_EDGE('',*,*,#735,.T.);
#953=ORIENTED_EDGE('',*,*,#736,.T.);
#954=ORIENTED_EDGE('',*,*,#737,.T.);
#955=ORIENTED_EDGE('',*,*,#710,.F.);
#956=ORIENTED_EDGE('',*,*,#724,.T.);
#957=ORIENTED_EDGE('',*,*,#731,.F.);
#958=ORIENTED_EDGE('',*,*,#738,.T.);
#959=ORIENTED_EDGE('',*,*,#739,.T.);
#960=ORIENTED_EDGE('',*,*,#740,.T.);
#961=ORIENTED_EDGE('',*,*,#741,.T.);
#962=ORIENTED_EDGE('',*,*,#742,.T.);
#963=ORIENTED_EDGE('',*,*,#743,.T.);
#964=ORIENTED_EDGE('',*,*,#744,.T.);
#965=ORIENTED_EDGE('',*,*,#741,.F.);
#966=ORIENTED_EDGE('',*,*,#745,.T.);
#967=ORIENTED_EDGE('',*,*,#746,.T.);
#968=ORIENTED_EDGE('',*,*,#747,.T.);
#969=ORIENTED_EDGE('',*,*,#748,.T.);
#970=ORIENTED_EDGE('',*,*,#747,.F.);
#971=ORIENTED_EDGE('',*,*,#749,.T.);
#972=ORIENTED_EDGE('',*,*,#750,.T.);
#973=ORIENTED_EDGE('',*,*,#751,.T.);
#974=ORIENTED_EDGE('',*,*,#752,.T.);
#975=ORIENTED_EDGE('',*,*,#753,.T.);
#976=ORIENTED_EDGE('',*,*,#754,.T.);
#977=ORIENTED_EDGE('',*,*,#743,.F.);
#978=ORIENTED_EDGE('',*,*,#755,.T.);
#979=ORIENTED_EDGE('',*,*,#752,.F.);
#980=ORIENTED_EDGE('',*,*,#740,.F.);
#981=ORIENTED_EDGE('',*,*,#754,.F.);
#982=ORIENTED_EDGE('',*,*,#756,.F.);
#983=ORIENTED_EDGE('',*,*,#757,.F.);
#984=ORIENTED_EDGE('',*,*,#758,.T.);
#985=ORIENTED_EDGE('',*,*,#745,.F.);
#986=ORIENTED_EDGE('',*,*,#753,.F.);
#987=ORIENTED_EDGE('',*,*,#751,.F.);
#988=ORIENTED_EDGE('',*,*,#759,.F.);
#989=ORIENTED_EDGE('',*,*,#760,.F.);
#990=ORIENTED_EDGE('',*,*,#756,.T.);
#991=ORIENTED_EDGE('',*,*,#744,.F.);
#992=ORIENTED_EDGE('',*,*,#748,.F.);
#993=ORIENTED_EDGE('',*,*,#755,.F.);
#994=ORIENTED_EDGE('',*,*,#761,.T.);
#995=ORIENTED_EDGE('',*,*,#762,.F.);
#996=ORIENTED_EDGE('',*,*,#763,.T.);
#997=ORIENTED_EDGE('',*,*,#718,.T.);
#998=ORIENTED_EDGE('',*,*,#764,.T.);
#999=ORIENTED_EDGE('',*,*,#765,.F.);
#1000=ORIENTED_EDGE('',*,*,#766,.T.);
#1001=ORIENTED_EDGE('',*,*,#767,.F.);
#1002=ORIENTED_EDGE('',*,*,#766,.F.);
#1003=ORIENTED_EDGE('',*,*,#768,.F.);
#1004=ORIENTED_EDGE('',*,*,#769,.T.);
#1005=ORIENTED_EDGE('',*,*,#770,.F.);
#1006=ORIENTED_EDGE('',*,*,#769,.F.);
#1007=ORIENTED_EDGE('',*,*,#771,.F.);
#1008=ORIENTED_EDGE('',*,*,#772,.F.);
#1009=ORIENTED_EDGE('',*,*,#773,.F.);
#1010=ORIENTED_EDGE('',*,*,#774,.T.);
#1011=ORIENTED_EDGE('',*,*,#775,.F.);
#1012=ORIENTED_EDGE('',*,*,#776,.F.);
#1013=ORIENTED_EDGE('',*,*,#774,.F.);
#1014=ORIENTED_EDGE('',*,*,#777,.F.);
#1015=ORIENTED_EDGE('',*,*,#778,.F.);
#1016=ORIENTED_EDGE('',*,*,#779,.T.);
#1017=ORIENTED_EDGE('',*,*,#780,.F.);
#1018=ORIENTED_EDGE('',*,*,#781,.F.);
#1019=ORIENTED_EDGE('',*,*,#779,.F.);
#1020=ORIENTED_EDGE('',*,*,#782,.F.);
#1021=ORIENTED_EDGE('',*,*,#783,.T.);
#1022=ORIENTED_EDGE('',*,*,#784,.F.);
#1023=ORIENTED_EDGE('',*,*,#783,.F.);
#1024=ORIENTED_EDGE('',*,*,#785,.F.);
#1025=ORIENTED_EDGE('',*,*,#786,.T.);
#1026=ORIENTED_EDGE('',*,*,#787,.F.);
#1027=ORIENTED_EDGE('',*,*,#788,.F.);
#1028=ORIENTED_EDGE('',*,*,#789,.F.);
#1029=ORIENTED_EDGE('',*,*,#786,.F.);
#1030=ORIENTED_EDGE('',*,*,#790,.F.);
#1031=ORIENTED_EDGE('',*,*,#791,.F.);
#1032=ORIENTED_EDGE('',*,*,#792,.T.);
#1033=ORIENTED_EDGE('',*,*,#793,.T.);
#1034=ORIENTED_EDGE('',*,*,#794,.T.);
#1035=ORIENTED_EDGE('',*,*,#795,.T.);
#1036=ORIENTED_EDGE('',*,*,#793,.F.);
#1037=ORIENTED_EDGE('',*,*,#796,.T.);
#1038=ORIENTED_EDGE('',*,*,#797,.F.);
#1039=ORIENTED_EDGE('',*,*,#798,.F.);
#1040=ORIENTED_EDGE('',*,*,#799,.T.);
#1041=ORIENTED_EDGE('',*,*,#800,.T.);
#1042=ORIENTED_EDGE('',*,*,#801,.T.);
#1043=ORIENTED_EDGE('',*,*,#802,.T.);
#1044=ORIENTED_EDGE('',*,*,#800,.F.);
#1045=ORIENTED_EDGE('',*,*,#803,.T.);
#1046=ORIENTED_EDGE('',*,*,#804,.T.);
#1047=ORIENTED_EDGE('',*,*,#805,.T.);
#1048=ORIENTED_EDGE('',*,*,#806,.F.);
#1049=ORIENTED_EDGE('',*,*,#802,.F.);
#1050=ORIENTED_EDGE('',*,*,#807,.T.);
#1051=ORIENTED_EDGE('',*,*,#808,.T.);
#1052=ORIENTED_EDGE('',*,*,#809,.T.);
#1053=ORIENTED_EDGE('',*,*,#810,.F.);
#1054=ORIENTED_EDGE('',*,*,#811,.F.);
#1055=ORIENTED_EDGE('',*,*,#805,.F.);
#1056=ORIENTED_EDGE('',*,*,#812,.F.);
#1057=ORIENTED_EDGE('',*,*,#804,.F.);
#1058=ORIENTED_EDGE('',*,*,#813,.F.);
#1059=ORIENTED_EDGE('',*,*,#814,.F.);
#1060=ORIENTED_EDGE('',*,*,#815,.T.);
#1061=ORIENTED_EDGE('',*,*,#790,.T.);
#1062=ORIENTED_EDGE('',*,*,#785,.T.);
#1063=ORIENTED_EDGE('',*,*,#816,.T.);
#1064=ORIENTED_EDGE('',*,*,#817,.T.);
#1065=ORIENTED_EDGE('',*,*,#818,.T.);
#1066=ORIENTED_EDGE('',*,*,#810,.T.);
#1067=ORIENTED_EDGE('',*,*,#812,.T.);
#1068=ORIENTED_EDGE('',*,*,#819,.T.);
#1069=ORIENTED_EDGE('',*,*,#820,.T.);
#1070=ORIENTED_EDGE('',*,*,#816,.F.);
#1071=ORIENTED_EDGE('',*,*,#791,.T.);
#1072=ORIENTED_EDGE('',*,*,#815,.F.);
#1073=ORIENTED_EDGE('',*,*,#768,.T.);
#1074=ORIENTED_EDGE('',*,*,#767,.T.);
#1075=ORIENTED_EDGE('',*,*,#777,.T.);
#1076=ORIENTED_EDGE('',*,*,#778,.T.);
#1077=ORIENTED_EDGE('',*,*,#775,.T.);
#1078=ORIENTED_EDGE('',*,*,#776,.T.);
#1079=ORIENTED_EDGE('',*,*,#784,.T.);
#1080=ORIENTED_EDGE('',*,*,#821,.T.);
#1081=ORIENTED_EDGE('',*,*,#797,.T.);
#1082=ORIENTED_EDGE('',*,*,#822,.T.);
#1083=ORIENTED_EDGE('',*,*,#823,.F.);
#1084=ORIENTED_EDGE('',*,*,#824,.F.);
#1085=ORIENTED_EDGE('',*,*,#825,.F.);
#1086=ORIENTED_EDGE('',*,*,#826,.F.);
#1087=ORIENTED_EDGE('',*,*,#827,.F.);
#1088=ORIENTED_EDGE('',*,*,#828,.T.);
#1089=ORIENTED_EDGE('',*,*,#829,.T.);
#1090=ORIENTED_EDGE('',*,*,#830,.F.);
#1091=ORIENTED_EDGE('',*,*,#831,.F.);
#1092=ORIENTED_EDGE('',*,*,#832,.T.);
#1093=ORIENTED_EDGE('',*,*,#808,.F.);
#1094=ORIENTED_EDGE('',*,*,#828,.F.);
#1095=ORIENTED_EDGE('',*,*,#807,.F.);
#1096=ORIENTED_EDGE('',*,*,#801,.F.);
#1097=ORIENTED_EDGE('',*,*,#806,.T.);
#1098=ORIENTED_EDGE('',*,*,#811,.T.);
#1099=ORIENTED_EDGE('',*,*,#818,.F.);
#1100=ORIENTED_EDGE('',*,*,#833,.F.);
#1101=ORIENTED_EDGE('',*,*,#794,.F.);
#1102=ORIENTED_EDGE('',*,*,#798,.T.);
#1103=ORIENTED_EDGE('',*,*,#821,.F.);
#1104=ORIENTED_EDGE('',*,*,#834,.T.);
#1105=ORIENTED_EDGE('',*,*,#829,.F.);
#1106=ORIENTED_EDGE('',*,*,#834,.F.);
#1107=ORIENTED_EDGE('',*,*,#827,.T.);
#1108=ORIENTED_EDGE('',*,*,#835,.F.);
#1109=ORIENTED_EDGE('',*,*,#832,.F.);
#1110=ORIENTED_EDGE('',*,*,#822,.F.);
#1111=ORIENTED_EDGE('',*,*,#796,.F.);
#1112=ORIENTED_EDGE('',*,*,#792,.F.);
#1113=ORIENTED_EDGE('',*,*,#836,.F.);
#1114=ORIENTED_EDGE('',*,*,#819,.F.);
#1115=ORIENTED_EDGE('',*,*,#813,.T.);
#1116=ORIENTED_EDGE('',*,*,#803,.F.);
#1117=ORIENTED_EDGE('',*,*,#799,.F.);
#1118=ORIENTED_EDGE('',*,*,#809,.F.);
#1119=ORIENTED_EDGE('',*,*,#750,.F.);
#1120=ORIENTED_EDGE('',*,*,#837,.F.);
#1121=ORIENTED_EDGE('',*,*,#838,.F.);
#1122=ORIENTED_EDGE('',*,*,#759,.T.);
#1123=ORIENTED_EDGE('',*,*,#746,.F.);
#1124=ORIENTED_EDGE('',*,*,#758,.F.);
#1125=ORIENTED_EDGE('',*,*,#839,.F.);
#1126=ORIENTED_EDGE('',*,*,#837,.T.);
#1127=ORIENTED_EDGE('',*,*,#749,.F.);
#1128=ORIENTED_EDGE('',*,*,#840,.T.);
#1129=ORIENTED_EDGE('',*,*,#841,.T.);
#1130=ORIENTED_EDGE('',*,*,#842,.T.);
#1131=ORIENTED_EDGE('',*,*,#843,.T.);
#1132=ORIENTED_EDGE('',*,*,#844,.T.);
#1133=ORIENTED_EDGE('',*,*,#845,.T.);
#1134=ORIENTED_EDGE('',*,*,#840,.F.);
#1135=ORIENTED_EDGE('',*,*,#846,.T.);
#1136=ORIENTED_EDGE('',*,*,#847,.T.);
#1137=ORIENTED_EDGE('',*,*,#848,.T.);
#1138=ORIENTED_EDGE('',*,*,#844,.F.);
#1139=ORIENTED_EDGE('',*,*,#849,.T.);
#1140=ORIENTED_EDGE('',*,*,#850,.T.);
#1141=ORIENTED_EDGE('',*,*,#851,.T.);
#1142=ORIENTED_EDGE('',*,*,#847,.F.);
#1143=ORIENTED_EDGE('',*,*,#762,.T.);
#1144=ORIENTED_EDGE('',*,*,#852,.T.);
#1145=ORIENTED_EDGE('',*,*,#853,.T.);
#1146=ORIENTED_EDGE('',*,*,#850,.F.);
#1147=ORIENTED_EDGE('',*,*,#854,.T.);
#1148=ORIENTED_EDGE('',*,*,#854,.F.);
#1149=ORIENTED_EDGE('',*,*,#761,.F.);
#1150=ORIENTED_EDGE('',*,*,#742,.F.);
#1151=ORIENTED_EDGE('',*,*,#764,.F.);
#1152=ORIENTED_EDGE('',*,*,#717,.F.);
#1153=ORIENTED_EDGE('',*,*,#855,.F.);
#1154=ORIENTED_EDGE('',*,*,#849,.F.);
#1155=ORIENTED_EDGE('',*,*,#856,.F.);
#1156=ORIENTED_EDGE('',*,*,#719,.T.);
#1157=ORIENTED_EDGE('',*,*,#763,.F.);
#1158=ORIENTED_EDGE('',*,*,#846,.F.);
#1159=ORIENTED_EDGE('',*,*,#857,.T.);
#1160=ORIENTED_EDGE('',*,*,#720,.T.);
#1161=ORIENTED_EDGE('',*,*,#856,.T.);
#1162=ORIENTED_EDGE('',*,*,#843,.F.);
#1163=ORIENTED_EDGE('',*,*,#858,.T.);
#1164=ORIENTED_EDGE('',*,*,#721,.F.);
#1165=ORIENTED_EDGE('',*,*,#857,.F.);
#1166=ORIENTED_EDGE('',*,*,#859,.T.);
#1167=ORIENTED_EDGE('',*,*,#860,.T.);
#1168=ORIENTED_EDGE('',*,*,#861,.T.);
#1169=ORIENTED_EDGE('',*,*,#862,.T.);
#1170=ORIENTED_EDGE('',*,*,#863,.T.);
#1171=ORIENTED_EDGE('',*,*,#864,.T.);
#1172=ORIENTED_EDGE('',*,*,#859,.F.);
#1173=ORIENTED_EDGE('',*,*,#865,.T.);
#1174=ORIENTED_EDGE('',*,*,#866,.T.);
#1175=ORIENTED_EDGE('',*,*,#867,.T.);
#1176=ORIENTED_EDGE('',*,*,#863,.F.);
#1177=ORIENTED_EDGE('',*,*,#868,.T.);
#1178=ORIENTED_EDGE('',*,*,#869,.T.);
#1179=ORIENTED_EDGE('',*,*,#870,.T.);
#1180=ORIENTED_EDGE('',*,*,#866,.F.);
#1181=ORIENTED_EDGE('',*,*,#871,.T.);
#1182=ORIENTED_EDGE('',*,*,#872,.T.);
#1183=ORIENTED_EDGE('',*,*,#873,.T.);
#1184=ORIENTED_EDGE('',*,*,#869,.F.);
#1185=ORIENTED_EDGE('',*,*,#874,.T.);
#1186=ORIENTED_EDGE('',*,*,#874,.F.);
#1187=ORIENTED_EDGE('',*,*,#875,.F.);
#1188=ORIENTED_EDGE('',*,*,#723,.F.);
#1189=ORIENTED_EDGE('',*,*,#876,.T.);
#1190=ORIENTED_EDGE('',*,*,#871,.F.);
#1191=ORIENTED_EDGE('',*,*,#877,.T.);
#1192=ORIENTED_EDGE('',*,*,#712,.T.);
#1193=ORIENTED_EDGE('',*,*,#875,.T.);
#1194=ORIENTED_EDGE('',*,*,#868,.F.);
#1195=ORIENTED_EDGE('',*,*,#878,.F.);
#1196=ORIENTED_EDGE('',*,*,#713,.T.);
#1197=ORIENTED_EDGE('',*,*,#877,.F.);
#1198=ORIENTED_EDGE('',*,*,#865,.F.);
#1199=ORIENTED_EDGE('',*,*,#879,.T.);
#1200=ORIENTED_EDGE('',*,*,#714,.T.);
#1201=ORIENTED_EDGE('',*,*,#878,.T.);
#1202=ORIENTED_EDGE('',*,*,#862,.F.);
#1203=ORIENTED_EDGE('',*,*,#880,.T.);
#1204=ORIENTED_EDGE('',*,*,#715,.F.);
#1205=ORIENTED_EDGE('',*,*,#879,.F.);
#1206=ORIENTED_EDGE('',*,*,#853,.F.);
#1207=ORIENTED_EDGE('',*,*,#881,.T.);
#1208=ORIENTED_EDGE('',*,*,#841,.F.);
#1209=ORIENTED_EDGE('',*,*,#845,.F.);
#1210=ORIENTED_EDGE('',*,*,#848,.F.);
#1211=ORIENTED_EDGE('',*,*,#851,.F.);
#1212=ORIENTED_EDGE('',*,*,#882,.F.);
#1213=ORIENTED_EDGE('',*,*,#883,.F.);
#1214=ORIENTED_EDGE('',*,*,#884,.T.);
#1215=ORIENTED_EDGE('',*,*,#885,.F.);
#1216=ORIENTED_EDGE('',*,*,#886,.T.);
#1217=ORIENTED_EDGE('',*,*,#823,.T.);
#1218=ORIENTED_EDGE('',*,*,#831,.T.);
#1219=ORIENTED_EDGE('',*,*,#887,.F.);
#1220=ORIENTED_EDGE('',*,*,#888,.F.);
#1221=ORIENTED_EDGE('',*,*,#889,.T.);
#1222=ORIENTED_EDGE('',*,*,#882,.T.);
#1223=ORIENTED_EDGE('',*,*,#890,.T.);
#1224=ORIENTED_EDGE('',*,*,#891,.T.);
#1225=ORIENTED_EDGE('',*,*,#883,.T.);
#1226=ORIENTED_EDGE('',*,*,#889,.F.);
#1227=ORIENTED_EDGE('',*,*,#711,.F.);
#1228=ORIENTED_EDGE('',*,*,#737,.F.);
#1229=ORIENTED_EDGE('',*,*,#892,.T.);
#1230=ORIENTED_EDGE('',*,*,#893,.T.);
#1231=ORIENTED_EDGE('',*,*,#894,.T.);
#1232=ORIENTED_EDGE('',*,*,#887,.T.);
#1233=ORIENTED_EDGE('',*,*,#830,.T.);
#1234=ORIENTED_EDGE('',*,*,#835,.T.);
#1235=ORIENTED_EDGE('',*,*,#826,.T.);
#1236=ORIENTED_EDGE('',*,*,#895,.F.);
#1237=ORIENTED_EDGE('',*,*,#896,.T.);
#1238=ORIENTED_EDGE('',*,*,#897,.F.);
#1239=ORIENTED_EDGE('',*,*,#735,.F.);
#1240=ORIENTED_EDGE('',*,*,#757,.T.);
#1241=ORIENTED_EDGE('',*,*,#760,.T.);
#1242=ORIENTED_EDGE('',*,*,#838,.T.);
#1243=ORIENTED_EDGE('',*,*,#839,.T.);
#1244=ORIENTED_EDGE('',*,*,#873,.F.);
#1245=ORIENTED_EDGE('',*,*,#898,.T.);
#1246=ORIENTED_EDGE('',*,*,#899,.T.);
#1247=ORIENTED_EDGE('',*,*,#860,.F.);
#1248=ORIENTED_EDGE('',*,*,#864,.F.);
#1249=ORIENTED_EDGE('',*,*,#867,.F.);
#1250=ORIENTED_EDGE('',*,*,#870,.F.);
#1251=ORIENTED_EDGE('',*,*,#716,.F.);
#1252=ORIENTED_EDGE('',*,*,#880,.F.);
#1253=ORIENTED_EDGE('',*,*,#861,.F.);
#1254=ORIENTED_EDGE('',*,*,#899,.F.);
#1255=ORIENTED_EDGE('',*,*,#900,.T.);
#1256=ORIENTED_EDGE('',*,*,#787,.T.);
#1257=ORIENTED_EDGE('',*,*,#789,.T.);
#1258=ORIENTED_EDGE('',*,*,#901,.T.);
#1259=ORIENTED_EDGE('',*,*,#902,.F.);
#1260=ORIENTED_EDGE('',*,*,#901,.F.);
#1261=ORIENTED_EDGE('',*,*,#788,.T.);
#1262=ORIENTED_EDGE('',*,*,#900,.F.);
#1263=ORIENTED_EDGE('',*,*,#898,.F.);
#1264=ORIENTED_EDGE('',*,*,#872,.F.);
#1265=ORIENTED_EDGE('',*,*,#876,.F.);
#1266=ORIENTED_EDGE('',*,*,#722,.F.);
#1267=ORIENTED_EDGE('',*,*,#858,.F.);
#1268=ORIENTED_EDGE('',*,*,#842,.F.);
#1269=ORIENTED_EDGE('',*,*,#881,.F.);
#1270=ORIENTED_EDGE('',*,*,#852,.F.);
#1271=ORIENTED_EDGE('',*,*,#855,.T.);
#1272=ORIENTED_EDGE('',*,*,#770,.T.);
#1273=ORIENTED_EDGE('',*,*,#765,.T.);
#1274=ORIENTED_EDGE('',*,*,#780,.T.);
#1275=ORIENTED_EDGE('',*,*,#781,.T.);
#1276=ORIENTED_EDGE('',*,*,#771,.T.);
#1277=ORIENTED_EDGE('',*,*,#773,.T.);
#1278=ORIENTED_EDGE('',*,*,#772,.T.);
#1279=ORIENTED_EDGE('',*,*,#782,.T.);
#1280=ORIENTED_EDGE('',*,*,#739,.F.);
#1281=ORIENTED_EDGE('',*,*,#903,.T.);
#1282=ORIENTED_EDGE('',*,*,#904,.T.);
#1283=ORIENTED_EDGE('',*,*,#892,.F.);
#1284=ORIENTED_EDGE('',*,*,#736,.F.);
#1285=ORIENTED_EDGE('',*,*,#897,.T.);
#1286=ORIENTED_EDGE('',*,*,#905,.T.);
#1287=ORIENTED_EDGE('',*,*,#906,.F.);
#1288=ORIENTED_EDGE('',*,*,#833,.T.);
#1289=ORIENTED_EDGE('',*,*,#817,.F.);
#1290=ORIENTED_EDGE('',*,*,#820,.F.);
#1291=ORIENTED_EDGE('',*,*,#836,.T.);
#1292=ORIENTED_EDGE('',*,*,#795,.F.);
#1293=ORIENTED_EDGE('',*,*,#728,.F.);
#1294=ORIENTED_EDGE('',*,*,#907,.T.);
#1295=ORIENTED_EDGE('',*,*,#908,.F.);
#1296=ORIENTED_EDGE('',*,*,#907,.F.);
#1297=ORIENTED_EDGE('',*,*,#730,.F.);
#1298=ORIENTED_EDGE('',*,*,#909,.T.);
#1299=ORIENTED_EDGE('',*,*,#910,.F.);
#1300=ORIENTED_EDGE('',*,*,#909,.F.);
#1301=ORIENTED_EDGE('',*,*,#727,.F.);
#1302=ORIENTED_EDGE('',*,*,#911,.T.);
#1303=ORIENTED_EDGE('',*,*,#912,.F.);
#1304=ORIENTED_EDGE('',*,*,#911,.F.);
#1305=ORIENTED_EDGE('',*,*,#729,.F.);
#1306=ORIENTED_EDGE('',*,*,#913,.T.);
#1307=ORIENTED_EDGE('',*,*,#914,.F.);
#1308=ORIENTED_EDGE('',*,*,#913,.F.);
#1309=ORIENTED_EDGE('',*,*,#905,.F.);
#1310=ORIENTED_EDGE('',*,*,#896,.F.);
#1311=ORIENTED_EDGE('',*,*,#915,.F.);
#1312=ORIENTED_EDGE('',*,*,#916,.F.);
#1313=ORIENTED_EDGE('',*,*,#910,.T.);
#1314=ORIENTED_EDGE('',*,*,#914,.T.);
#1315=ORIENTED_EDGE('',*,*,#904,.F.);
#1316=ORIENTED_EDGE('',*,*,#917,.F.);
#1317=ORIENTED_EDGE('',*,*,#884,.F.);
#1318=ORIENTED_EDGE('',*,*,#891,.F.);
#1319=ORIENTED_EDGE('',*,*,#918,.F.);
#1320=ORIENTED_EDGE('',*,*,#893,.F.);
#1321=ORIENTED_EDGE('',*,*,#908,.T.);
#1322=ORIENTED_EDGE('',*,*,#912,.T.);
#1323=ORIENTED_EDGE('',*,*,#918,.T.);
#1324=ORIENTED_EDGE('',*,*,#890,.F.);
#1325=ORIENTED_EDGE('',*,*,#888,.T.);
#1326=ORIENTED_EDGE('',*,*,#894,.F.);
#1327=ORIENTED_EDGE('',*,*,#733,.F.);
#1328=ORIENTED_EDGE('',*,*,#734,.F.);
#1329=ORIENTED_EDGE('',*,*,#906,.T.);
#1330=ORIENTED_EDGE('',*,*,#916,.T.);
#1331=ORIENTED_EDGE('',*,*,#919,.T.);
#1332=ORIENTED_EDGE('',*,*,#824,.T.);
#1333=ORIENTED_EDGE('',*,*,#886,.F.);
#1334=ORIENTED_EDGE('',*,*,#885,.T.);
#1335=ORIENTED_EDGE('',*,*,#917,.T.);
#1336=ORIENTED_EDGE('',*,*,#903,.F.);
#1337=ORIENTED_EDGE('',*,*,#738,.F.);
#1338=ORIENTED_EDGE('',*,*,#825,.T.);
#1339=ORIENTED_EDGE('',*,*,#919,.F.);
#1340=ORIENTED_EDGE('',*,*,#915,.T.);
#1341=ORIENTED_EDGE('',*,*,#895,.T.);
#1342=ORIENTED_EDGE('',*,*,#902,.T.);
#1343=ORIENTED_EDGE('',*,*,#814,.T.);
#1344=CYLINDRICAL_SURFACE('',#1464,1.5);
#1345=CYLINDRICAL_SURFACE('',#1478,1.5);
#1346=CYLINDRICAL_SURFACE('',#1481,1.5);
#1347=CYLINDRICAL_SURFACE('',#1484,1.5);
#1348=CYLINDRICAL_SURFACE('',#1487,2.);
#1349=CYLINDRICAL_SURFACE('',#1491,2.);
#1350=CYLINDRICAL_SURFACE('',#1499,15.);
#1351=CYLINDRICAL_SURFACE('',#1501,1.475);
#1352=CYLINDRICAL_SURFACE('',#1502,1.475);
#1353=CYLINDRICAL_SURFACE('',#1503,1.475);
#1354=CYLINDRICAL_SURFACE('',#1504,1.475);
#1355=CYLINDRICAL_SURFACE('',#1505,1.475);
#1356=CYLINDRICAL_SURFACE('',#1506,1.475);
#1357=CYLINDRICAL_SURFACE('',#1507,15.);
#1358=CYLINDRICAL_SURFACE('',#1518,25.);
#1359=CYLINDRICAL_SURFACE('',#1529,10.);
#1360=CYLINDRICAL_SURFACE('',#1534,10.);
#1361=CYLINDRICAL_SURFACE('',#1538,10.);
#1362=CYLINDRICAL_SURFACE('',#1541,15.);
#1363=CYLINDRICAL_SURFACE('',#1543,10.);
#1364=CYLINDRICAL_SURFACE('',#1548,10.);
#1365=CYLINDRICAL_SURFACE('',#1553,10.);
#1366=CYLINDRICAL_SURFACE('',#1555,15.);
#1367=CYLINDRICAL_SURFACE('',#1557,15.);
#1368=CYLINDRICAL_SURFACE('',#1561,163.25);
#1369=CYLINDRICAL_SURFACE('',#1565,163.25);
#1370=CYLINDRICAL_SURFACE('',#1574,30.);
#1371=CYLINDRICAL_SURFACE('',#1576,3.);
#1372=CYLINDRICAL_SURFACE('',#1578,3.);
#1373=CYLINDRICAL_SURFACE('',#1581,1.5);
#1374=CYLINDRICAL_SURFACE('',#1583,1.5);
#1375=CYLINDRICAL_SURFACE('',#1585,1.5);
#1376=CYLINDRICAL_SURFACE('',#1587,1.5);
#1377=CYLINDRICAL_SURFACE('',#1591,163.25);
#1378=ADVANCED_FACE('',(#153),#1344,.T.);
#1379=ADVANCED_FACE('',(#154,#52,#53,#54,#55,#56),#121,.F.);
#1380=ADVANCED_FACE('',(#155),#1345,.T.);
#1381=ADVANCED_FACE('',(#156),#1346,.T.);
#1382=ADVANCED_FACE('',(#157),#1347,.T.);
#1383=ADVANCED_FACE('',(#158),#1348,.T.);
#1384=ADVANCED_FACE('',(#159),#19,.T.);
#1385=ADVANCED_FACE('',(#160),#1349,.T.);
#1386=ADVANCED_FACE('',(#161),#20,.T.);
#1387=ADVANCED_FACE('',(#162),#122,.F.);
#1388=ADVANCED_FACE('',(#163),#123,.F.);
#1389=ADVANCED_FACE('',(#164),#1350,.T.);
#1390=ADVANCED_FACE('',(#165),#1351,.F.);
#1391=ADVANCED_FACE('',(#166),#1352,.F.);
#1392=ADVANCED_FACE('',(#167),#1353,.F.);
#1393=ADVANCED_FACE('',(#168),#1354,.F.);
#1394=ADVANCED_FACE('',(#169),#1355,.F.);
#1395=ADVANCED_FACE('',(#170),#1356,.F.);
#1396=ADVANCED_FACE('',(#171),#1357,.T.);
#1397=ADVANCED_FACE('',(#172),#124,.F.);
#1398=ADVANCED_FACE('',(#173),#125,.T.);
#1399=ADVANCED_FACE('',(#174),#126,.F.);
#1400=ADVANCED_FACE('',(#175),#127,.T.);
#1401=ADVANCED_FACE('',(#176),#128,.F.);
#1402=ADVANCED_FACE('',(#177),#129,.F.);
#1403=ADVANCED_FACE('',(#178,#57,#58,#59,#60,#61),#1358,.F.);
#1404=ADVANCED_FACE('',(#179),#130,.T.);
#1405=ADVANCED_FACE('',(#180),#131,.F.);
#1406=ADVANCED_FACE('',(#181),#132,.T.);
#1407=ADVANCED_FACE('',(#182),#133,.T.);
#1408=ADVANCED_FACE('',(#183),#134,.F.);
#1409=ADVANCED_FACE('',(#184),#135,.F.);
#1410=ADVANCED_FACE('',(#185),#136,.F.);
#1411=ADVANCED_FACE('',(#186),#1359,.T.);
#1412=ADVANCED_FACE('',(#187),#15,.F.);
#1413=ADVANCED_FACE('',(#188),#1360,.T.);
#1414=ADVANCED_FACE('',(#189),#16,.F.);
#1415=ADVANCED_FACE('',(#190),#1361,.T.);
#1416=ADVANCED_FACE('',(#191),#137,.F.);
#1417=ADVANCED_FACE('',(#192),#138,.T.);
#1418=ADVANCED_FACE('',(#193),#1362,.T.);
#1419=ADVANCED_FACE('',(#194),#139,.F.);
#1420=ADVANCED_FACE('',(#195),#1363,.T.);
#1421=ADVANCED_FACE('',(#196),#17,.F.);
#1422=ADVANCED_FACE('',(#197),#1364,.T.);
#1423=ADVANCED_FACE('',(#198),#18,.F.);
#1424=ADVANCED_FACE('',(#199),#1365,.T.);
#1425=ADVANCED_FACE('',(#200),#140,.F.);
#1426=ADVANCED_FACE('',(#201),#1366,.T.);
#1427=ADVANCED_FACE('',(#202),#141,.T.);
#1428=ADVANCED_FACE('',(#203),#1367,.T.);
#1429=ADVANCED_FACE('',(#204),#142,.F.);
#1430=ADVANCED_FACE('',(#205),#143,.T.);
#1431=ADVANCED_FACE('',(#206),#1368,.T.);
#1432=ADVANCED_FACE('',(#207),#144,.F.);
#1433=ADVANCED_FACE('',(#208),#1369,.T.);
#1434=ADVANCED_FACE('',(#209,#62),#145,.F.);
#1435=ADVANCED_FACE('',(#210),#146,.T.);
#1436=ADVANCED_FACE('',(#211,#63,#64,#65,#66,#67),#1370,.T.);
#1437=ADVANCED_FACE('',(#212),#1371,.T.);
#1438=ADVANCED_FACE('',(#213),#1372,.T.);
#1439=ADVANCED_FACE('',(#214),#147,.T.);
#1440=ADVANCED_FACE('',(#215),#1373,.F.);
#1441=ADVANCED_FACE('',(#216),#1374,.F.);
#1442=ADVANCED_FACE('',(#217),#1375,.F.);
#1443=ADVANCED_FACE('',(#218),#1376,.F.);
#1444=ADVANCED_FACE('',(#219,#68,#69),#148,.T.);
#1445=ADVANCED_FACE('',(#220,#70,#71),#149,.T.);
#1446=ADVANCED_FACE('',(#221),#1377,.T.);
#1447=ADVANCED_FACE('',(#222),#150,.F.);
#1448=ADVANCED_FACE('',(#223),#151,.F.);
#1449=ADVANCED_FACE('',(#224,#72),#152,.F.);
#1450=CLOSED_SHELL('',(#1378,#1379,#1380,#1381,#1382,#1383,#1384,#1385,
#1386,#1387,#1388,#1389,#1390,#1391,#1392,#1393,#1394,#1395,#1396,#1397,
#1398,#1399,#1400,#1401,#1402,#1403,#1404,#1405,#1406,#1407,#1408,#1409,
#1410,#1411,#1412,#1413,#1414,#1415,#1416,#1417,#1418,#1419,#1420,#1421,
#1422,#1423,#1424,#1425,#1426,#1427,#1428,#1429,#1430,#1431,#1432,#1433,
#1434,#1435,#1436,#1437,#1438,#1439,#1440,#1441,#1442,#1443,#1444,#1445,
#1446,#1447,#1448,#1449));
#1451=DERIVED_UNIT_ELEMENT(#1453,1.);
#1452=DERIVED_UNIT_ELEMENT(#3094,-3.);
#1453=(
MASS_UNIT()
NAMED_UNIT(*)
SI_UNIT(.KILO.,.GRAM.)
);
#1454=DERIVED_UNIT((#1451,#1452));
#1455=MEASURE_REPRESENTATION_ITEM('density measure',
POSITIVE_RATIO_MEASURE(952.),#1454);
#1456=PROPERTY_DEFINITION_REPRESENTATION(#1461,#1458);
#1457=PROPERTY_DEFINITION_REPRESENTATION(#1462,#1459);
#1458=REPRESENTATION('material name',(#1460),#3091);
#1459=REPRESENTATION('density',(#1455),#3091);
#1460=DESCRIPTIVE_REPRESENTATION_ITEM('Plastic, Opaque White',
'Plastic, Opaque White');
#1461=PROPERTY_DEFINITION('material property','material name',#3101);
#1462=PROPERTY_DEFINITION('material property','density of part',#3101);
#1463=AXIS2_PLACEMENT_3D('',#1977,#1595,#1596);
#1464=AXIS2_PLACEMENT_3D('',#1978,#1597,#1598);
#1465=AXIS2_PLACEMENT_3D('',#1981,#1599,#1600);
#1466=AXIS2_PLACEMENT_3D('',#1985,#1602,#1603);
#1467=AXIS2_PLACEMENT_3D('',#1987,#1605,#1606);
#1468=AXIS2_PLACEMENT_3D('',#1990,#1607,#1608);
#1469=AXIS2_PLACEMENT_3D('',#1994,#1610,#1611);
#1470=AXIS2_PLACEMENT_3D('',#1998,#1613,#1614);
#1471=AXIS2_PLACEMENT_3D('',#2002,#1616,#1617);
#1472=AXIS2_PLACEMENT_3D('',#2006,#1619,#1620);
#1473=AXIS2_PLACEMENT_3D('',#2010,#1622,#1623);
#1474=AXIS2_PLACEMENT_3D('',#2018,#1628,#1629);
#1475=AXIS2_PLACEMENT_3D('',#2020,#1630,#1631);
#1476=AXIS2_PLACEMENT_3D('',#2022,#1632,#1633);
#1477=AXIS2_PLACEMENT_3D('',#2024,#1634,#1635);
#1478=AXIS2_PLACEMENT_3D('',#2025,#1636,#1637);
#1479=AXIS2_PLACEMENT_3D('',#2027,#1638,#1639);
#1480=AXIS2_PLACEMENT_3D('',#2029,#1640,#1641);
#1481=AXIS2_PLACEMENT_3D('',#2031,#1643,#1644);
#1482=AXIS2_PLACEMENT_3D('',#2033,#1645,#1646);
#1483=AXIS2_PLACEMENT_3D('',#2035,#1647,#1648);
#1484=AXIS2_PLACEMENT_3D('',#2037,#1650,#1651);
#1485=AXIS2_PLACEMENT_3D('',#2039,#1652,#1653);
#1486=AXIS2_PLACEMENT_3D('',#2041,#1654,#1655);
#1487=AXIS2_PLACEMENT_3D('',#2043,#1657,#1658);
#1488=AXIS2_PLACEMENT_3D('',#2078,#1661,#1662);
#1489=AXIS2_PLACEMENT_3D('',#2080,#1663,#1664);
#1490=AXIS2_PLACEMENT_3D('',#2087,#1665,#1666);
#1491=AXIS2_PLACEMENT_3D('',#2102,#1667,#1668);
#1492=AXIS2_PLACEMENT_3D('',#2106,#1670,#1671);
#1493=AXIS2_PLACEMENT_3D('',#2110,#1673,#1674);
#1494=AXIS2_PLACEMENT_3D('',#2125,#1675,#1676);
#1495=AXIS2_PLACEMENT_3D('',#2127,#1677,#1678);
#1496=AXIS2_PLACEMENT_3D('',#2132,#1679,#1680);
#1497=AXIS2_PLACEMENT_3D('',#2133,#1681,#1682);
#1498=AXIS2_PLACEMENT_3D('',#2139,#1686,#1687);
#1499=AXIS2_PLACEMENT_3D('',#2143,#1690,#1691);
#1500=AXIS2_PLACEMENT_3D('',#2147,#1693,#1694);
#1501=AXIS2_PLACEMENT_3D('',#2150,#1697,#1698);
#1502=AXIS2_PLACEMENT_3D('',#2222,#1700,#1701);
#1503=AXIS2_PLACEMENT_3D('',#2294,#1703,#1704);
#1504=AXIS2_PLACEMENT_3D('',#2376,#1706,#1707);
#1505=AXIS2_PLACEMENT_3D('',#2454,#1709,#1710);
#1506=AXIS2_PLACEMENT_3D('',#2526,#1712,#1713);
#1507=AXIS2_PLACEMENT_3D('',#2610,#1715,#1716);
#1508=AXIS2_PLACEMENT_3D('',#2613,#1717,#1718);
#1509=AXIS2_PLACEMENT_3D('',#2617,#1720,#1721);
#1510=AXIS2_PLACEMENT_3D('',#2619,#1723,#1724);
#1511=AXIS2_PLACEMENT_3D('',#2625,#1728,#1729);
#1512=AXIS2_PLACEMENT_3D('',#2634,#1734,#1735);
#1513=AXIS2_PLACEMENT_3D('',#2642,#1740,#1741);
#1514=AXIS2_PLACEMENT_3D('',#2648,#1745,#1746);
#1515=AXIS2_PLACEMENT_3D('',#2650,#1747,#1748);
#1516=AXIS2_PLACEMENT_3D('',#2652,#1750,#1751);
#1517=AXIS2_PLACEMENT_3D('',#2654,#1752,#1753);
#1518=AXIS2_PLACEMENT_3D('',#2656,#1755,#1756);
#1519=AXIS2_PLACEMENT_3D('',#2658,#1757,#1758);
#1520=AXIS2_PLACEMENT_3D('',#2663,#1761,#1762);
#1521=AXIS2_PLACEMENT_3D('',#2667,#1765,#1766);
#1522=AXIS2_PLACEMENT_3D('',#2668,#1767,#1768);
#1523=AXIS2_PLACEMENT_3D('',#2682,#1776,#1777);
#1524=AXIS2_PLACEMENT_3D('',#2691,#1783,#1784);
#1525=AXIS2_PLACEMENT_3D('',#2694,#1787,#1788);
#1526=AXIS2_PLACEMENT_3D('',#2696,#1790,#1791);
#1527=AXIS2_PLACEMENT_3D('',#2698,#1793,#1794);
#1528=AXIS2_PLACEMENT_3D('',#2702,#1797,#1798);
#1529=AXIS2_PLACEMENT_3D('',#2704,#1800,#1801);
#1530=AXIS2_PLACEMENT_3D('',#2707,#1802,#1803);
#1531=AXIS2_PLACEMENT_3D('',#2772,#1806,#1807);
#1532=AXIS2_PLACEMENT_3D('',#2773,#1808,#1809);
#1533=AXIS2_PLACEMENT_3D('',#2774,#1810,#1811);
#1534=AXIS2_PLACEMENT_3D('',#2775,#1812,#1813);
#1535=AXIS2_PLACEMENT_3D('',#2777,#1814,#1815);
#1536=AXIS2_PLACEMENT_3D('',#2823,#1818,#1819);
#1537=AXIS2_PLACEMENT_3D('',#2824,#1820,#1821);
#1538=AXIS2_PLACEMENT_3D('',#2825,#1822,#1823);
#1539=AXIS2_PLACEMENT_3D('',#2846,#1826,#1827);
#1540=AXIS2_PLACEMENT_3D('',#2848,#1829,#1830);
#1541=AXIS2_PLACEMENT_3D('',#2850,#1832,#1833);
#1542=AXIS2_PLACEMENT_3D('',#2852,#1835,#1836);
#1543=AXIS2_PLACEMENT_3D('',#2854,#1838,#1839);
#1544=AXIS2_PLACEMENT_3D('',#2857,#1840,#1841);
#1545=AXIS2_PLACEMENT_3D('',#2922,#1844,#1845);
#1546=AXIS2_PLACEMENT_3D('',#2923,#1846,#1847);
#1547=AXIS2_PLACEMENT_3D('',#2924,#1848,#1849);
#1548=AXIS2_PLACEMENT_3D('',#2925,#1850,#1851);
#1549=AXIS2_PLACEMENT_3D('',#2928,#1852,#1853);
#1550=AXIS2_PLACEMENT_3D('',#2975,#1856,#1857);
#1551=AXIS2_PLACEMENT_3D('',#2976,#1858,#1859);
#1552=AXIS2_PLACEMENT_3D('',#2977,#1860,#1861);
#1553=AXIS2_PLACEMENT_3D('',#2978,#1862,#1863);
#1554=AXIS2_PLACEMENT_3D('',#2999,#1866,#1867);
#1555=AXIS2_PLACEMENT_3D('',#3002,#1870,#1871);
#1556=AXIS2_PLACEMENT_3D('',#3004,#1873,#1874);
#1557=AXIS2_PLACEMENT_3D('',#3006,#1876,#1877);
#1558=AXIS2_PLACEMENT_3D('',#3008,#1879,#1880);
#1559=AXIS2_PLACEMENT_3D('',#3010,#1882,#1883);
#1560=AXIS2_PLACEMENT_3D('',#3011,#1884,#1885);
#1561=AXIS2_PLACEMENT_3D('',#3012,#1886,#1887);
#1562=AXIS2_PLACEMENT_3D('',#3017,#1889,#1890);
#1563=AXIS2_PLACEMENT_3D('',#3020,#1892,#1893);
#1564=AXIS2_PLACEMENT_3D('',#3021,#1894,#1895);
#1565=AXIS2_PLACEMENT_3D('',#3028,#1900,#1901);
#1566=AXIS2_PLACEMENT_3D('',#3030,#1902,#1903);
#1567=AXIS2_PLACEMENT_3D('',#3032,#1905,#1906);
#1568=AXIS2_PLACEMENT_3D('',#3034,#1907,#1908);
#1569=AXIS2_PLACEMENT_3D('',#3037,#1910,#1911);
#1570=AXIS2_PLACEMENT_3D('',#3042,#1914,#1915);
#1571=AXIS2_PLACEMENT_3D('',#3043,#1916,#1917);
#1572=AXIS2_PLACEMENT_3D('',#3045,#1918,#1919);
#1573=AXIS2_PLACEMENT_3D('',#3046,#1920,#1921);
#1574=AXIS2_PLACEMENT_3D('',#3047,#1922,#1923);
#1575=AXIS2_PLACEMENT_3D('',#3051,#1926,#1927);
#1576=AXIS2_PLACEMENT_3D('',#3052,#1928,#1929);
#1577=AXIS2_PLACEMENT_3D('',#3054,#1930,#1931);
#1578=AXIS2_PLACEMENT_3D('',#3056,#1933,#1934);
#1579=AXIS2_PLACEMENT_3D('',#3059,#1936,#1937);
#1580=AXIS2_PLACEMENT_3D('',#3060,#1938,#1939);
#1581=AXIS2_PLACEMENT_3D('',#3061,#1940,#1941);
#1582=AXIS2_PLACEMENT_3D('',#3064,#1943,#1944);
#1583=AXIS2_PLACEMENT_3D('',#3065,#1945,#1946);
#1584=AXIS2_PLACEMENT_3D('',#3068,#1948,#1949);
#1585=AXIS2_PLACEMENT_3D('',#3069,#1950,#1951);
#1586=AXIS2_PLACEMENT_3D('',#3072,#1953,#1954);
#1587=AXIS2_PLACEMENT_3D('',#3073,#1955,#1956);
#1588=AXIS2_PLACEMENT_3D('',#3076,#1958,#1959);
#1589=AXIS2_PLACEMENT_3D('',#3077,#1960,#1961);
#1590=AXIS2_PLACEMENT_3D('',#3081,#1964,#1965);
#1591=AXIS2_PLACEMENT_3D('',#3084,#1968,#1969);
#1592=AXIS2_PLACEMENT_3D('',#3085,#1970,#1971);
#1593=AXIS2_PLACEMENT_3D('',#3087,#1973,#1974);
#1594=AXIS2_PLACEMENT_3D('',#3088,#1975,#1976);
#1595=DIRECTION('axis',(0.,0.,1.));
#1596=DIRECTION('refdir',(1.,0.,0.));
#1597=DIRECTION('center_axis',(1.,0.,0.));
#1598=DIRECTION('ref_axis',(0.,0.707106781186542,0.707106781186553));
#1599=DIRECTION('center_axis',(-0.707106781186548,0.707106781186547,0.));
#1600=DIRECTION('ref_axis',(0.707106781186547,0.707106781186548,0.));
#1601=DIRECTION('',(1.,0.,0.));
#1602=DIRECTION('center_axis',(0.707106781186548,0.707106781186548,0.));
#1603=DIRECTION('ref_axis',(-0.707106781186548,0.707106781186548,0.));
#1604=DIRECTION('',(-1.,0.,0.));
#1605=DIRECTION('center_axis',(0.,0.,-1.));
#1606=DIRECTION('ref_axis',(-1.,0.,0.));
#1607=DIRECTION('center_axis',(0.,0.,-1.));
#1608=DIRECTION('ref_axis',(-0.707106781186547,0.707106781186547,0.));
#1609=DIRECTION('',(0.,1.,0.));
#1610=DIRECTION('center_axis',(0.,0.,-1.));
#1611=DIRECTION('ref_axis',(-0.707106781186547,-0.707106781186547,0.));
#1612=DIRECTION('',(1.,0.,0.));
#1613=DIRECTION('center_axis',(0.,0.,1.));
#1614=DIRECTION('ref_axis',(1.,0.,0.));
#1615=DIRECTION('',(1.,0.,0.));
#1616=DIRECTION('center_axis',(0.,0.,-1.));
#1617=DIRECTION('ref_axis',(0.707106781186547,-0.707106781186547,0.));
#1618=DIRECTION('',(0.,-1.,0.));
#1619=DIRECTION('center_axis',(0.,0.,-1.));
#1620=DIRECTION('ref_axis',(0.707106781186547,0.707106781186547,0.));
#1621=DIRECTION('',(-1.,0.,0.));
#1622=DIRECTION('center_axis',(0.,0.,1.));
#1623=DIRECTION('ref_axis',(1.,0.,0.));
#1624=DIRECTION('',(-1.,0.,0.));
#1625=DIRECTION('',(0.,1.,0.));
#1626=DIRECTION('',(0.,-1.,0.));
#1627=DIRECTION('',(-1.,0.,0.));
#1628=DIRECTION('center_axis',(0.,0.,-1.));
#1629=DIRECTION('ref_axis',(-1.,0.,0.));
#1630=DIRECTION('center_axis',(0.,0.,-1.));
#1631=DIRECTION('ref_axis',(-1.,0.,0.));
#1632=DIRECTION('center_axis',(0.,0.,-1.));
#1633=DIRECTION('ref_axis',(-1.,0.,0.));
#1634=DIRECTION('center_axis',(0.,0.,-1.));
#1635=DIRECTION('ref_axis',(-1.,0.,0.));
#1636=DIRECTION('center_axis',(-1.,0.,0.));
#1637=DIRECTION('ref_axis',(0.,-0.707106781186542,0.707106781186553));
#1638=DIRECTION('center_axis',(0.707106781186548,-0.707106781186548,0.));
#1639=DIRECTION('ref_axis',(-0.707106781186548,-0.707106781186548,0.));
#1640=DIRECTION('center_axis',(-0.707106781186548,-0.707106781186548,0.));
#1641=DIRECTION('ref_axis',(0.707106781186548,-0.707106781186548,0.));
#1642=DIRECTION('',(1.,0.,0.));
#1643=DIRECTION('center_axis',(0.,-1.,0.));
#1644=DIRECTION('ref_axis',(0.816496580927731,0.,0.577350269189618));
#1645=DIRECTION('center_axis',(0.,1.,0.));
#1646=DIRECTION('ref_axis',(0.816496580927731,0.,0.577350269189618));
#1647=DIRECTION('center_axis',(0.,-1.,0.));
#1648=DIRECTION('ref_axis',(0.816496580927731,0.,0.577350269189618));
#1649=DIRECTION('',(0.,1.,0.));
#1650=DIRECTION('center_axis',(0.,1.,0.));
#1651=DIRECTION('ref_axis',(-0.81649700676377,0.,0.577349666966046));
#1652=DIRECTION('center_axis',(0.,-1.,0.));
#1653=DIRECTION('ref_axis',(-0.81649700676377,0.,0.577349666966046));
#1654=DIRECTION('center_axis',(0.,1.,0.));
#1655=DIRECTION('ref_axis',(-0.81649700676377,0.,0.577349666966046));
#1656=DIRECTION('',(0.,-1.,0.));
#1657=DIRECTION('center_axis',(0.,0.,1.));
#1658=DIRECTION('ref_axis',(0.707106795167955,-0.70710676720514,0.));
#1659=DIRECTION('',(0.,0.,1.));
#1660=DIRECTION('',(0.,0.,-1.));
#1661=DIRECTION('center_axis',(0.,0.,1.));
#1662=DIRECTION('ref_axis',(1.,0.,0.));
#1663=DIRECTION('center_axis',(0.,0.,-1.));
#1664=DIRECTION('ref_axis',(0.341144299266719,-0.94001093987135,0.));
#1665=DIRECTION('center_axis',(0.,0.,1.));
#1666=DIRECTION('ref_axis',(0.341144299266719,-0.94001093987135,0.));
#1667=DIRECTION('center_axis',(0.,0.,-1.));
#1668=DIRECTION('ref_axis',(-0.339683081138758,-0.940539953637314,0.));
#1669=DIRECTION('',(0.,0.,1.));
#1670=DIRECTION('center_axis',(0.,0.,-1.));
#1671=DIRECTION('ref_axis',(-0.339683081138758,-0.940539953637314,0.));
#1672=DIRECTION('',(0.,0.,-1.));
#1673=DIRECTION('center_axis',(0.,0.,1.));
#1674=DIRECTION('ref_axis',(-0.339683081138758,-0.940539953637314,0.));
#1675=DIRECTION('center_axis',(0.,0.,-1.));
#1676=DIRECTION('ref_axis',(-1.,0.,0.));
#1677=DIRECTION('center_axis',(0.,0.,-1.));
#1678=DIRECTION('ref_axis',(0.341144299266719,-0.94001093987135,0.));
#1679=DIRECTION('center_axis',(0.,0.,1.));
#1680=DIRECTION('ref_axis',(0.341144299266719,-0.94001093987135,0.));
#1681=DIRECTION('center_axis',(-1.,0.,0.));
#1682=DIRECTION('ref_axis',(0.,0.,-1.));
#1683=DIRECTION('',(0.,-1.,0.));
#1684=DIRECTION('',(0.,0.,-1.));
#1685=DIRECTION('',(0.,-1.,0.));
#1686=DIRECTION('center_axis',(0.,0.,-1.));
#1687=DIRECTION('ref_axis',(1.,0.,0.));
#1688=DIRECTION('',(0.,-1.,0.));
#1689=DIRECTION('',(1.,0.,0.));
#1690=DIRECTION('center_axis',(0.,0.,-1.));
#1691=DIRECTION('ref_axis',(0.707106781186547,-0.707106781186547,0.));
#1692=DIRECTION('',(0.,0.,-1.));
#1693=DIRECTION('center_axis',(0.392970539238465,0.,-0.91955106181801));
#1694=DIRECTION('ref_axis',(0.91955106181801,0.,0.392970539238465));
#1695=DIRECTION('',(0.,0.,1.));
#1696=DIRECTION('',(0.,0.,-1.));
#1697=DIRECTION('center_axis',(-0.499999999999999,-0.866025403784439,0.));
#1698=DIRECTION('ref_axis',(-0.866025403784439,0.499999999999999,0.));
#1699=DIRECTION('',(-0.499999999999999,-0.866025403784439,0.));
#1700=DIRECTION('center_axis',(-0.499999999999999,-0.866025403784439,0.));
#1701=DIRECTION('ref_axis',(-0.866025403784439,0.499999999999999,0.));
#1702=DIRECTION('',(-0.499999999999999,-0.866025403784439,0.));
#1703=DIRECTION('center_axis',(0.5,-0.866025403784438,0.));
#1704=DIRECTION('ref_axis',(0.866025403784438,0.5,0.));
#1705=DIRECTION('',(0.5,-0.866025403784438,0.));
#1706=DIRECTION('center_axis',(0.5,-0.866025403784438,0.));
#1707=DIRECTION('ref_axis',(0.866025403784438,0.5,0.));
#1708=DIRECTION('',(0.5,-0.866025403784438,0.));
#1709=DIRECTION('center_axis',(-1.,0.,0.));
#1710=DIRECTION('ref_axis',(0.,1.,0.));
#1711=DIRECTION('',(-1.,0.,0.));
#1712=DIRECTION('center_axis',(-1.,0.,0.));
#1713=DIRECTION('ref_axis',(0.,1.,0.));
#1714=DIRECTION('',(-1.,0.,0.));
#1715=DIRECTION('center_axis',(0.,-1.,0.));
#1716=DIRECTION('ref_axis',(0.707106781186547,0.,-0.707106781186547));
#1717=DIRECTION('center_axis',(0.,1.,0.));
#1718=DIRECTION('ref_axis',(0.707106781186547,0.,-0.707106781186547));
#1719=DIRECTION('',(0.,-1.,0.));
#1720=DIRECTION('center_axis',(0.,-1.,0.));
#1721=DIRECTION('ref_axis',(0.707106781186547,0.,-0.707106781186547));
#1722=DIRECTION('',(0.,1.,0.));
#1723=DIRECTION('center_axis',(-1.,0.,0.));
#1724=DIRECTION('ref_axis',(0.,-1.,0.));
#1725=DIRECTION('',(0.,0.,1.));
#1726=DIRECTION('',(0.,1.,0.));
#1727=DIRECTION('',(0.,0.,1.));
#1728=DIRECTION('center_axis',(-0.923879540593469,0.,0.382683412852975));
#1729=DIRECTION('ref_axis',(0.382683412852975,0.,0.923879540593469));
#1730=DIRECTION('',(0.382683412852975,0.,0.923879540593469));
#1731=DIRECTION('',(0.,-1.,0.));
#1732=DIRECTION('',(-0.382683412852975,0.,-0.923879540593469));
#1733=DIRECTION('',(0.,1.,0.));
#1734=DIRECTION('center_axis',(1.,0.,2.81596754803104E-8));
#1735=DIRECTION('ref_axis',(0.,-1.,0.));
#1736=DIRECTION('',(2.81596754803104E-8,0.,-0.999999999999999));
#1737=DIRECTION('',(0.,-1.,0.));
#1738=DIRECTION('',(0.,-1.,0.));
#1739=DIRECTION('',(2.81596754803104E-8,0.,-1.));
#1740=DIRECTION('center_axis',(-0.707106791142498,0.,0.707106771230597));
#1741=DIRECTION('ref_axis',(0.707106771230597,0.,0.707106791142498));
#1742=DIRECTION('',(-0.707106771230597,0.,-0.707106791142498));
#1743=DIRECTION('',(0.,1.,0.));
#1744=DIRECTION('',(0.707106771230597,0.,0.707106791142498));
#1745=DIRECTION('center_axis',(2.81596754803104E-8,0.,-1.));
#1746=DIRECTION('ref_axis',(0.,-1.,0.));
#1747=DIRECTION('center_axis',(-2.81596754803104E-8,0.,1.));
#1748=DIRECTION('ref_axis',(1.,0.,2.81596754803104E-8));
#1749=DIRECTION('',(-0.999999999999999,0.,-2.81596754803104E-8));
#1750=DIRECTION('center_axis',(2.81596754803104E-8,0.,-1.));
#1751=DIRECTION('ref_axis',(0.,-1.,0.));
#1752=DIRECTION('center_axis',(-2.81596754803104E-8,0.,1.));
#1753=DIRECTION('ref_axis',(1.,0.,2.81596754803104E-8));
#1754=DIRECTION('',(0.999999999999999,0.,2.81596754803104E-8));
#1755=DIRECTION('center_axis',(0.,0.,1.));
#1756=DIRECTION('ref_axis',(1.,0.,0.));
#1757=DIRECTION('center_axis',(0.,0.,1.));
#1758=DIRECTION('ref_axis',(1.,0.,0.));
#1759=DIRECTION('',(0.,0.,1.));
#1760=DIRECTION('',(0.,0.,1.));
#1761=DIRECTION('center_axis',(0.,0.,1.));
#1762=DIRECTION('ref_axis',(1.,0.,0.));
#1763=DIRECTION('',(0.,0.,-1.));
#1764=DIRECTION('',(0.,0.,1.));
#1765=DIRECTION('center_axis',(0.,0.,1.));
#1766=DIRECTION('ref_axis',(1.,0.,0.));
#1767=DIRECTION('center_axis',(0.,0.,1.));
#1768=DIRECTION('ref_axis',(1.,0.,0.));
#1769=DIRECTION('',(-1.,0.,0.));
#1770=DIRECTION('',(1.,0.,0.));
#1771=DIRECTION('',(0.,-1.,0.));
#1772=DIRECTION('',(1.,0.,0.));
#1773=DIRECTION('',(0.,1.,0.));
#1774=DIRECTION('',(-1.,0.,0.));
#1775=DIRECTION('',(0.,-1.,0.));
#1776=DIRECTION('center_axis',(0.958143305629863,0.,-0.286289025072003));
#1777=DIRECTION('ref_axis',(-0.286289025072003,0.,-0.958143305629863));
#1778=DIRECTION('',(0.286289025072003,0.,0.958143305629863));
#1779=DIRECTION('',(0.,-1.,0.));
#1780=DIRECTION('',(-0.286289025072003,0.,-0.958143305629864));
#1781=DIRECTION('',(0.,-1.,0.));
#1782=DIRECTION('',(-0.286289025072003,0.,-0.958143305629864));
#1783=DIRECTION('center_axis',(0.,1.,0.));
#1784=DIRECTION('ref_axis',(1.,0.,0.));
#1785=DIRECTION('',(1.,0.,0.));
#1786=DIRECTION('',(0.,0.,-1.));
#1787=DIRECTION('center_axis',(1.,0.,0.));
#1788=DIRECTION('ref_axis',(0.,-1.,0.));
#1789=DIRECTION('',(0.,0.,1.));
#1790=DIRECTION('center_axis',(0.,1.,0.));
#1791=DIRECTION('ref_axis',(0.,0.,1.));
#1792=DIRECTION('',(-1.,0.,0.));
#1793=DIRECTION('center_axis',(1.,0.,0.));
#1794=DIRECTION('ref_axis',(0.,0.,1.));
#1795=DIRECTION('',(0.,-1.,0.));
#1796=DIRECTION('',(0.,0.,1.));
#1797=DIRECTION('center_axis',(0.,0.,1.));
#1798=DIRECTION('ref_axis',(-1.,0.,0.));
#1799=DIRECTION('',(-1.,0.,0.));
#1800=DIRECTION('center_axis',(0.615031798693877,0.,0.788502306017791));
#1801=DIRECTION('ref_axis',(0.55755532756641,0.707106781186547,-0.4348931555018));
#1802=DIRECTION('center_axis',(-0.615031798693877,0.,-0.788502306017791));
#1803=DIRECTION('ref_axis',(0.,1.,0.));
#1804=DIRECTION('',(-0.615031798693877,0.,-0.788502306017791));
#1805=DIRECTION('',(0.615031798693877,0.,0.788502306017791));
#1806=DIRECTION('center_axis',(0.,1.,0.));
#1807=DIRECTION('ref_axis',(1.,0.,0.));
#1808=DIRECTION('center_axis',(-0.788502306017791,0.,0.615031798693877));
#1809=DIRECTION('ref_axis',(0.615031798693877,0.,0.788502306017791));
#1810=DIRECTION('center_axis',(0.392970539238465,0.,-0.91955106181801));
#1811=DIRECTION('ref_axis',(0.91955106181801,0.,0.392970539238465));
#1812=DIRECTION('center_axis',(0.,-1.,0.));
#1813=DIRECTION('ref_axis',(0.94564853566687,0.,-0.325190478014201));
#1814=DIRECTION('center_axis',(0.,1.,0.));
#1815=DIRECTION('ref_axis',(1.,0.,0.));
#1816=DIRECTION('',(0.,1.,0.));
#1817=DIRECTION('',(0.,-1.,0.));
#1818=DIRECTION('center_axis',(0.615031798693877,0.,0.788502306017791));
#1819=DIRECTION('ref_axis',(0.,-1.,0.));
#1820=DIRECTION('center_axis',(-0.788502306017791,0.,0.615031798693877));
#1821=DIRECTION('ref_axis',(0.615031798693877,0.,0.788502306017791));
#1822=DIRECTION('center_axis',(-0.615031798693877,0.,-0.788502306017791));
#1823=DIRECTION('ref_axis',(0.55755532756641,-0.707106781186547,-0.4348931555018));
#1824=DIRECTION('',(0.615031798693877,0.,0.788502306017791));
#1825=DIRECTION('',(-0.615031798693877,0.,-0.788502306017791));
#1826=DIRECTION('center_axis',(0.,1.,0.));
#1827=DIRECTION('ref_axis',(0.,0.,1.));
#1828=DIRECTION('',(0.,0.,1.));
#1829=DIRECTION('center_axis',(1.,0.,0.));
#1830=DIRECTION('ref_axis',(0.,1.,0.));
#1831=DIRECTION('',(0.,0.,-1.));
#1832=DIRECTION('center_axis',(0.,0.,1.));
#1833=DIRECTION('ref_axis',(0.707106781186547,0.707106781186547,0.));
#1834=DIRECTION('',(0.,0.,1.));
#1835=DIRECTION('center_axis',(0.,-1.,0.));
#1836=DIRECTION('ref_axis',(0.,0.,-1.));
#1837=DIRECTION('',(0.,0.,1.));
#1838=DIRECTION('center_axis',(-0.615031798693877,0.,0.788502306017791));
#1839=DIRECTION('ref_axis',(-0.55755532756641,-0.707106781186547,-0.4348931555018));
#1840=DIRECTION('center_axis',(0.615031798693877,-2.73128985514627E-16,
-0.788502306017791));
#1841=DIRECTION('ref_axis',(-4.44089209850063E-16,-1.,0.));
#1842=DIRECTION('',(0.615031798693877,0.,-0.788502306017791));
#1843=DIRECTION('',(-0.615031798693877,0.,0.788502306017791));
#1844=DIRECTION('center_axis',(0.,-1.,0.));
#1845=DIRECTION('ref_axis',(-1.,0.,0.));
#1846=DIRECTION('center_axis',(0.788502306017791,0.,0.615031798693877));
#1847=DIRECTION('ref_axis',(-0.615031798693877,0.,0.788502306017791));
#1848=DIRECTION('center_axis',(-0.392970539238465,0.,-0.91955106181801));
#1849=DIRECTION('ref_axis',(-0.91955106181801,0.,0.392970539238465));
#1850=DIRECTION('center_axis',(0.,-1.,0.));
#1851=DIRECTION('ref_axis',(-0.94564853566687,0.,-0.325190478014201));
#1852=DIRECTION('center_axis',(0.,-1.,0.));
#1853=DIRECTION('ref_axis',(-1.,0.,0.));
#1854=DIRECTION('',(0.,-1.,0.));
#1855=DIRECTION('',(0.,1.,0.));
#1856=DIRECTION('center_axis',(-0.615031798693877,0.,0.788502306017791));
#1857=DIRECTION('ref_axis',(0.,1.,0.));
#1858=DIRECTION('center_axis',(0.788502306017791,0.,0.615031798693877));
#1859=DIRECTION('ref_axis',(-0.615031798693877,0.,0.788502306017791));
#1860=DIRECTION('center_axis',(-0.392970539238465,0.,-0.91955106181801));
#1861=DIRECTION('ref_axis',(-0.91955106181801,0.,0.392970539238465));
#1862=DIRECTION('center_axis',(0.615031798693877,0.,-0.788502306017791));
#1863=DIRECTION('ref_axis',(-0.55755532756641,0.707106781186547,-0.4348931555018));
#1864=DIRECTION('',(-0.615031798693877,0.,0.788502306017791));
#1865=DIRECTION('',(0.615031798693877,0.,-0.788502306017791));
#1866=DIRECTION('center_axis',(0.,-1.,0.));
#1867=DIRECTION('ref_axis',(0.,0.,1.));
#1868=DIRECTION('',(0.,0.,-1.));
#1869=DIRECTION('',(0.,0.,-1.));
#1870=DIRECTION('center_axis',(0.,0.,-1.));
#1871=DIRECTION('ref_axis',(-0.707106781186547,0.707106781186547,0.));
#1872=DIRECTION('',(0.,0.,1.));
#1873=DIRECTION('center_axis',(-1.,0.,0.));
#1874=DIRECTION('ref_axis',(0.,-1.,0.));
#1875=DIRECTION('',(0.,0.,-1.));
#1876=DIRECTION('center_axis',(0.,0.,1.));
#1877=DIRECTION('ref_axis',(-0.707106781186547,-0.707106781186547,0.));
#1878=DIRECTION('',(0.,0.,1.));
#1879=DIRECTION('center_axis',(0.,1.,0.));
#1880=DIRECTION('ref_axis',(0.,0.,-1.));
#1881=DIRECTION('',(0.,0.,1.));
#1882=DIRECTION('center_axis',(0.788502306017791,0.,-0.615031798693877));
#1883=DIRECTION('ref_axis',(-0.615031798693877,0.,-0.788502306017791));
#1884=DIRECTION('center_axis',(-0.788502306017791,0.,0.615031798693877));
#1885=DIRECTION('ref_axis',(0.615031798693877,0.,0.788502306017791));
#1886=DIRECTION('center_axis',(0.,1.,0.));
#1887=DIRECTION('ref_axis',(-0.966309338351669,0.,-0.257383493282611));
#1888=DIRECTION('',(0.,1.,0.));
#1889=DIRECTION('center_axis',(0.,-1.,0.));
#1890=DIRECTION('ref_axis',(-1.,0.,0.));
#1891=DIRECTION('',(0.,1.,0.));
#1892=DIRECTION('center_axis',(0.,1.,0.));
#1893=DIRECTION('ref_axis',(-0.966309338351669,0.,-0.257383493282611));
#1894=DIRECTION('center_axis',(1.,0.,0.));
#1895=DIRECTION('ref_axis',(0.,-1.,0.));
#1896=DIRECTION('',(0.,0.,-1.));
#1897=DIRECTION('',(0.,0.,-1.));
#1898=DIRECTION('',(0.,-1.,0.));
#1899=DIRECTION('',(0.,1.,0.));
#1900=DIRECTION('center_axis',(0.,1.,0.));
#1901=DIRECTION('ref_axis',(-0.966309335180954,0.,-0.257383505186605));
#1902=DIRECTION('center_axis',(0.,1.,0.));
#1903=DIRECTION('ref_axis',(-0.96630933811524,0.,-0.25738349417025));
#1904=DIRECTION('',(0.,1.,0.));
#1905=DIRECTION('center_axis',(0.,-1.,0.));
#1906=DIRECTION('ref_axis',(-1.,0.,0.));
#1907=DIRECTION('center_axis',(0.,-1.,0.));
#1908=DIRECTION('ref_axis',(-0.745355370525835,0.,-0.666667362054193));
#1909=DIRECTION('',(1.,0.,0.));
#1910=DIRECTION('center_axis',(0.,-1.,0.));
#1911=DIRECTION('ref_axis',(-0.966309338351669,0.,-0.257383493282611));
#1912=DIRECTION('',(0.,0.,-1.));
#1913=DIRECTION('',(1.,0.,0.));
#1914=DIRECTION('center_axis',(0.,-1.,0.));
#1915=DIRECTION('ref_axis',(0.745355992499927,0.,-0.66666666666667));
#1916=DIRECTION('center_axis',(-0.788502306017791,0.,-0.615031798693877));
#1917=DIRECTION('ref_axis',(-0.615031798693877,0.,0.788502306017791));
#1918=DIRECTION('center_axis',(0.788502306017791,0.,0.615031798693877));
#1919=DIRECTION('ref_axis',(0.615031798693877,0.,-0.788502306017791));
#1920=DIRECTION('center_axis',(0.788502306017791,0.,0.615031798693877));
#1921=DIRECTION('ref_axis',(0.615031798693877,0.,-0.788502306017791));
#1922=DIRECTION('center_axis',(0.,0.,1.));
#1923=DIRECTION('ref_axis',(1.,0.,0.));
#1924=DIRECTION('',(0.,0.,-1.));
#1925=DIRECTION('',(0.,0.,-1.));
#1926=DIRECTION('center_axis',(0.,0.,-1.));
#1927=DIRECTION('ref_axis',(1.,0.,0.));
#1928=DIRECTION('center_axis',(0.,-1.,0.));
#1929=DIRECTION('ref_axis',(-0.745355370525835,0.,-0.666667362054193));
#1930=DIRECTION('center_axis',(0.,1.,0.));
#1931=DIRECTION('ref_axis',(-0.745355370525835,0.,-0.666667362054193));
#1932=DIRECTION('',(0.,-1.,0.));
#1933=DIRECTION('center_axis',(0.,1.,0.));
#1934=DIRECTION('ref_axis',(0.745355992499927,0.,-0.66666666666667));
#1935=DIRECTION('',(0.,1.,0.));
#1936=DIRECTION('center_axis',(0.,1.,0.));
#1937=DIRECTION('ref_axis',(0.745355992499927,0.,-0.66666666666667));
#1938=DIRECTION('center_axis',(0.,0.,-1.));
#1939=DIRECTION('ref_axis',(1.,0.,0.));
#1940=DIRECTION('center_axis',(0.,0.,-1.));
#1941=DIRECTION('ref_axis',(-1.,0.,0.));
#1942=DIRECTION('',(0.,0.,-1.));
#1943=DIRECTION('center_axis',(0.,0.,1.));
#1944=DIRECTION('ref_axis',(-1.,0.,0.));
#1945=DIRECTION('center_axis',(0.,0.,-1.));
#1946=DIRECTION('ref_axis',(-1.,0.,0.));
#1947=DIRECTION('',(0.,0.,-1.));
#1948=DIRECTION('center_axis',(0.,0.,1.));
#1949=DIRECTION('ref_axis',(-1.,0.,0.));
#1950=DIRECTION('center_axis',(0.,0.,-1.));
#1951=DIRECTION('ref_axis',(-1.,0.,0.));
#1952=DIRECTION('',(0.,0.,-1.));
#1953=DIRECTION('center_axis',(0.,0.,1.));
#1954=DIRECTION('ref_axis',(-1.,0.,0.));
#1955=DIRECTION('center_axis',(0.,0.,-1.));
#1956=DIRECTION('ref_axis',(-1.,0.,0.));
#1957=DIRECTION('',(0.,0.,-1.));
#1958=DIRECTION('center_axis',(0.,0.,1.));
#1959=DIRECTION('ref_axis',(-1.,0.,0.));
#1960=DIRECTION('center_axis',(0.,0.,-1.));
#1961=DIRECTION('ref_axis',(0.,1.,0.));
#1962=DIRECTION('',(0.,-1.,0.));
#1963=DIRECTION('',(-1.,0.,0.));
#1964=DIRECTION('center_axis',(0.,0.,-1.));
#1965=DIRECTION('ref_axis',(0.,-1.,0.));
#1966=DIRECTION('',(-1.,0.,0.));
#1967=DIRECTION('',(0.,1.,0.));
#1968=DIRECTION('center_axis',(0.,1.,0.));
#1969=DIRECTION('ref_axis',(-0.966309338351669,0.,-0.257383493282611));
#1970=DIRECTION('center_axis',(0.,1.,0.));
#1971=DIRECTION('ref_axis',(1.,0.,0.));
#1972=DIRECTION('',(0.,0.,-1.));
#1973=DIRECTION('center_axis',(-1.,0.,0.));
#1974=DIRECTION('ref_axis',(0.,1.,0.));
#1975=DIRECTION('center_axis',(0.,0.,1.));
#1976=DIRECTION('ref_axis',(1.,0.,0.));
#1977=CARTESIAN_POINT('',(0.,0.,0.));
#1978=CARTESIAN_POINT('Origin',(14.5,-12.5,138.5));
#1979=CARTESIAN_POINT('',(-19.3218544151267,-11.,138.5));
#1980=CARTESIAN_POINT('',(-20.8218544151267,-12.5,140.));
#1981=CARTESIAN_POINT('Origin',(-20.8218544151267,-12.5,138.5));
#1982=CARTESIAN_POINT('',(21.097853286776,-12.5,140.));
#1983=CARTESIAN_POINT('',(14.5,-12.5,140.));
#1984=CARTESIAN_POINT('',(19.597853286776,-11.,138.5));
#1985=CARTESIAN_POINT('Origin',(21.097853286776,-12.5,138.5));
#1986=CARTESIAN_POINT('',(14.5,-11.,138.5));
#1987=CARTESIAN_POINT('Origin',(0.,0.,140.));
#1988=CARTESIAN_POINT('',(-39.,6.13108108516904,140.));
#1989=CARTESIAN_POINT('',(-24.,21.131081085169,140.));
#1990=CARTESIAN_POINT('Origin',(-24.,6.13108108516904,140.));
#1991=CARTESIAN_POINT('',(-39.,-6.13108108516905,140.));
#1992=CARTESIAN_POINT('',(-39.,21.131081085169,140.));
#1993=CARTESIAN_POINT('',(-24.,-21.131081085169,140.));
#1994=CARTESIAN_POINT('Origin',(-24.,-6.13108108516905,140.));
#1995=CARTESIAN_POINT('',(-21.2950090906769,-21.131081085169,140.));
#1996=CARTESIAN_POINT('',(-15.6,-21.131081085169,140.));
#1997=CARTESIAN_POINT('',(21.2950090906769,-21.131081085169,140.));
#1998=CARTESIAN_POINT('Origin',(0.,0.,140.));
#1999=CARTESIAN_POINT('',(24.,-21.131081085169,140.));
#2000=CARTESIAN_POINT('',(15.6,-21.131081085169,140.));
#2001=CARTESIAN_POINT('',(39.,-6.13108108516905,140.));
#2002=CARTESIAN_POINT('Origin',(24.,-6.13108108516905,140.));
#2003=CARTESIAN_POINT('',(39.,6.13108108516904,140.));
#2004=CARTESIAN_POINT('',(39.,-21.131081085169,140.));
#2005=CARTESIAN_POINT('',(24.,21.131081085169,140.));
#2006=CARTESIAN_POINT('Origin',(24.,6.13108108516904,140.));
#2007=CARTESIAN_POINT('',(21.2950090906769,21.131081085169,140.));
#2008=CARTESIAN_POINT('',(15.6,21.131081085169,140.));
#2009=CARTESIAN_POINT('',(-21.2950090906769,21.131081085169,140.));
#2010=CARTESIAN_POINT('Origin',(0.,0.,140.));
#2011=CARTESIAN_POINT('',(-15.6,21.131081085169,140.));
#2012=CARTESIAN_POINT('',(21.097853286776,12.5,140.));
#2013=CARTESIAN_POINT('',(21.097853286776,8.19563861220729E-8,140.));
#2014=CARTESIAN_POINT('',(-20.8218544151267,12.5,140.));
#2015=CARTESIAN_POINT('',(-20.8218544151267,0.,140.));
#2016=CARTESIAN_POINT('',(-14.5,12.5,140.));
#2017=CARTESIAN_POINT('',(26.526,5.00000016391277,140.));
#2018=CARTESIAN_POINT('Origin',(25.026,5.00000016391277,140.));
#2019=CARTESIAN_POINT('',(26.526,-5.09999983608723,140.));
#2020=CARTESIAN_POINT('Origin',(25.026,-5.09999983608723,140.));
#2021=CARTESIAN_POINT('',(-23.25,-5.09999983608723,140.));
#2022=CARTESIAN_POINT('Origin',(-24.75,-5.09999983608723,140.));
#2023=CARTESIAN_POINT('',(-23.25,5.00000016391277,140.));
#2024=CARTESIAN_POINT('Origin',(-24.75,5.00000016391277,140.));
#2025=CARTESIAN_POINT('Origin',(-14.5,12.5,138.5));
#2026=CARTESIAN_POINT('',(19.597853286776,11.,138.5));
#2027=CARTESIAN_POINT('Origin',(21.097853286776,12.5,138.5));
#2028=CARTESIAN_POINT('',(-19.3218544151267,11.,138.5));
#2029=CARTESIAN_POINT('Origin',(-20.8218544151267,12.5,138.5));
#2030=CARTESIAN_POINT('',(-14.5,11.,138.5));
#2031=CARTESIAN_POINT('Origin',(-20.8218544151267,0.,138.5));
#2032=CARTESIAN_POINT('',(-19.4076408527536,11.,138.));
#2033=CARTESIAN_POINT('Origin',(-20.8218544151267,11.,138.5));
#2034=CARTESIAN_POINT('',(-19.4076408527536,-11.,138.));
#2035=CARTESIAN_POINT('Origin',(-20.8218544151267,-11.,138.5));
#2036=CARTESIAN_POINT('',(-19.4076408527536,0.,138.));
#2037=CARTESIAN_POINT('Origin',(21.097853286776,8.19563861220729E-8,138.5));
#2038=CARTESIAN_POINT('',(19.6836404619745,-11.,137.999997913837));
#2039=CARTESIAN_POINT('Origin',(21.097853286776,-11.,138.5));
#2040=CARTESIAN_POINT('',(19.6836404619745,11.,137.999997913837));
#2041=CARTESIAN_POINT('Origin',(21.097853286776,11.,138.5));
#2042=CARTESIAN_POINT('',(19.6836404619745,8.19563861220729E-8,137.999997913837));
#2043=CARTESIAN_POINT('Origin',(24.0000005140901,-19.131081085169,88.650646852998));
#2044=CARTESIAN_POINT('',(26.0000005140901,-19.131081085169,115.774424495234));
#2045=CARTESIAN_POINT('',(26.0000005140901,-19.131081085169,126.786137964303));
#2046=CARTESIAN_POINT('',(26.0000005140901,-19.131081085169,88.650646852998));
#2047=CARTESIAN_POINT('',(24.0000005931808,-21.131081085169,128.780281229768));
#2048=CARTESIAN_POINT('Ctrl Pts',(26.0000005140901,-19.131081085169,126.786137964303));
#2049=CARTESIAN_POINT('Ctrl Pts',(26.0000005140901,-19.3245520989402,126.800804226277));
#2050=CARTESIAN_POINT('Ctrl Pts',(25.9719286991733,-19.5123780564277,126.842303818991));
#2051=CARTESIAN_POINT('Ctrl Pts',(25.8581041342875,-19.9040960665553,126.979766442297));
#2052=CARTESIAN_POINT('Ctrl Pts',(25.7627957793564,-20.0976663342515,127.083634146777));
#2053=CARTESIAN_POINT('Ctrl Pts',(25.4912703548467,-20.4917162729592,127.364549576268));
#2054=CARTESIAN_POINT('Ctrl Pts',(25.2986149243535,-20.6723286343827,127.554486935009));
#2055=CARTESIAN_POINT('Ctrl Pts',(24.9263703259817,-20.9143325505788,127.912530252182));
#2056=CARTESIAN_POINT('Ctrl Pts',(24.751606521573,-20.9938681971452,128.077846207928));
#2057=CARTESIAN_POINT('Ctrl Pts',(24.3875628800714,-21.1026565298715,128.419462351811));
#2058=CARTESIAN_POINT('Ctrl Pts',(24.196926191191,-21.1304302154944,128.596953285896));
#2059=CARTESIAN_POINT('Ctrl Pts',(24.0044839483229,-21.1310773161544,128.776107453276));
#2060=CARTESIAN_POINT('Ctrl Pts',(24.0022422703476,-21.1310810850804,128.778194341898));
#2061=CARTESIAN_POINT('Ctrl Pts',(24.0000005931808,-21.131081085169,128.780281229768));
#2062=CARTESIAN_POINT('',(24.,-21.131081085169,113.780281229768));
#2063=CARTESIAN_POINT('',(24.,-21.131081085169,88.650646852998));
#2064=CARTESIAN_POINT('Ctrl Pts',(24.0000005931808,-21.131081085169,113.780281229768));
#2065=CARTESIAN_POINT('Ctrl Pts',(24.0022422703482,-21.1310810850804,113.782368117639));
#2066=CARTESIAN_POINT('Ctrl Pts',(24.0044839483238,-21.1310773161544,113.784455006261));
#2067=CARTESIAN_POINT('Ctrl Pts',(24.2207089182094,-21.1303502443916,113.985749710943));
#2068=CARTESIAN_POINT('Ctrl Pts',(24.4353209271254,-21.0952863694587,114.185566350875));
#2069=CARTESIAN_POINT('Ctrl Pts',(24.8400688055359,-20.9581110789698,114.566198008396));
#2070=CARTESIAN_POINT('Ctrl Pts',(25.0322519422492,-20.8583253273274,114.748794099958));
#2071=CARTESIAN_POINT('Ctrl Pts',(25.3993724337082,-20.5799266736055,115.105237152942));
#2072=CARTESIAN_POINT('Ctrl Pts',(25.5732596474032,-20.3939896090987,115.278876929876));
#2073=CARTESIAN_POINT('Ctrl Pts',(25.813645270101,-19.9973010761586,115.531989384722));
#2074=CARTESIAN_POINT('Ctrl Pts',(25.8957364374065,-19.8043634903569,115.623821988007));
#2075=CARTESIAN_POINT('Ctrl Pts',(25.9812519217195,-19.4442409309725,115.732456456656));
#2076=CARTESIAN_POINT('Ctrl Pts',(26.0000005140901,-19.2891490565233,115.762441995982));
#2077=CARTESIAN_POINT('Ctrl Pts',(26.0000005140901,-19.131081085169,115.774424495234));
#2078=CARTESIAN_POINT('Origin',(24.,-6.13108108516905,128.780281229768));
#2079=CARTESIAN_POINT('',(35.5384621316424,-15.7156463667379,128.780281229768));
#2080=CARTESIAN_POINT('Origin',(24.,-6.13108108516905,128.780281229768));
#2081=CARTESIAN_POINT('',(26.0000005140901,-18.9763135837904,126.780281229768));
#2082=CARTESIAN_POINT('Ctrl Pts',(26.0000005140901,-19.131081085169,126.786137964303));
#2083=CARTESIAN_POINT('Ctrl Pts',(26.0000005140901,-19.0782789177567,126.782135243662));
#2084=CARTESIAN_POINT('Ctrl Pts',(26.0000005140901,-19.026387832613,126.780281229768));
#2085=CARTESIAN_POINT('Ctrl Pts',(26.0000005140901,-18.9763135837904,126.780281229768));
#2086=CARTESIAN_POINT('',(32.6075017784463,-15.8733042982782,126.780281229768));
#2087=CARTESIAN_POINT('Origin',(24.,-6.13108108516905,126.780281229768));
#2088=CARTESIAN_POINT('Ctrl Pts',(32.6075017784463,-15.8733042982782,126.780281229768));
#2089=CARTESIAN_POINT('Ctrl Pts',(32.7433768713703,-16.0050999928846,126.780281229768));
#2090=CARTESIAN_POINT('Ctrl Pts',(32.8950970208653,-16.1148180866018,126.806938253668));
#2091=CARTESIAN_POINT('Ctrl Pts',(33.2444292561074,-16.3017109937702,126.912151694646));
#2092=CARTESIAN_POINT('Ctrl Pts',(33.4397463599835,-16.3676258073753,126.996656512372));
#2093=CARTESIAN_POINT('Ctrl Pts',(33.8869580280775,-16.4512068630577,127.232757778615));
#2094=CARTESIAN_POINT('Ctrl Pts',(34.1356600601664,-16.4467795427825,127.39629051655));
#2095=CARTESIAN_POINT('Ctrl Pts',(34.5991751535559,-16.3605535613378,127.750571493768));
#2096=CARTESIAN_POINT('Ctrl Pts',(34.8155736315366,-16.2774103606096,127.943297178748));
#2097=CARTESIAN_POINT('Ctrl Pts',(35.2100260492984,-16.0472112200471,128.347444199964));
#2098=CARTESIAN_POINT('Ctrl Pts',(35.3874276124803,-15.8962493376148,128.561105692235));
#2099=CARTESIAN_POINT('Ctrl Pts',(35.5355944985339,-15.719092693462,128.776107453276));
#2100=CARTESIAN_POINT('Ctrl Pts',(35.5370297648992,-15.7173707338781,128.778194341897));
#2101=CARTESIAN_POINT('Ctrl Pts',(35.5384621316424,-15.7156463667379,128.780281229768));
#2102=CARTESIAN_POINT('Origin',(34.0000005140901,-14.4377043291954,88.650646852998));
#2103=CARTESIAN_POINT('',(35.5384621316424,-15.7156463667379,113.780281229768));
#2104=CARTESIAN_POINT('',(35.5384621316424,-15.7156463667379,88.650646852998));
#2105=CARTESIAN_POINT('',(32.0000005140901,-14.4377043291954,126.780281229768));
#2106=CARTESIAN_POINT('Origin',(34.0000005140901,-14.4377043291954,126.780281229768));
#2107=CARTESIAN_POINT('',(32.0000005140901,-14.4377043291954,115.780281229768));
#2108=CARTESIAN_POINT('',(32.0000005140901,-14.4377043291954,88.650646852998));
#2109=CARTESIAN_POINT('',(32.6075017784463,-15.8733042982782,115.780281229768));
#2110=CARTESIAN_POINT('Origin',(34.0000005140901,-14.4377043291954,115.780281229768));
#2111=CARTESIAN_POINT('Ctrl Pts',(32.6075017784463,-15.8733042982782,115.780281229768));
#2112=CARTESIAN_POINT('Ctrl Pts',(32.7433768713703,-16.0050999928845,115.780281229768));
#2113=CARTESIAN_POINT('Ctrl Pts',(32.8950970208653,-16.1148180866018,115.753624205868));
#2114=CARTESIAN_POINT('Ctrl Pts',(33.2444292561074,-16.3017109937702,115.64841076489));
#2115=CARTESIAN_POINT('Ctrl Pts',(33.4397463599835,-16.3676258073753,115.563905947164));
#2116=CARTESIAN_POINT('Ctrl Pts',(33.8869580280775,-16.4512068630577,115.327804680922));
#2117=CARTESIAN_POINT('Ctrl Pts',(34.1356600601664,-16.4467795427825,115.164271942987));
#2118=CARTESIAN_POINT('Ctrl Pts',(34.599175153556,-16.3605535613377,114.809990965768));
#2119=CARTESIAN_POINT('Ctrl Pts',(34.8155736315368,-16.2774103606095,114.617265280788));
#2120=CARTESIAN_POINT('Ctrl Pts',(35.2100260492971,-16.0472112200478,114.213118259574));
#2121=CARTESIAN_POINT('Ctrl Pts',(35.3874276124661,-15.8962493376321,113.999456767271));
#2122=CARTESIAN_POINT('Ctrl Pts',(35.5355944985348,-15.719092693461,113.784455006262));
#2123=CARTESIAN_POINT('Ctrl Pts',(35.5370297649,-15.7173707338772,113.782368117638));
#2124=CARTESIAN_POINT('Ctrl Pts',(35.5384621316424,-15.7156463667379,113.780281229768));
#2125=CARTESIAN_POINT('Origin',(24.,-6.13108108516905,113.780281229768));
#2126=CARTESIAN_POINT('',(26.0000005140901,-18.9763135837904,115.780281229768));
#2127=CARTESIAN_POINT('Origin',(24.,-6.13108108516905,115.780281229768));
#2128=CARTESIAN_POINT('Ctrl Pts',(26.0000005140901,-18.9763135837904,115.780281229768));
#2129=CARTESIAN_POINT('Ctrl Pts',(26.0000005140901,-19.026387832613,115.780281229768));
#2130=CARTESIAN_POINT('Ctrl Pts',(26.0000005140901,-19.0782789177567,115.778427215874));
#2131=CARTESIAN_POINT('Ctrl Pts',(26.0000005140901,-19.131081085169,115.774424495234));
#2132=CARTESIAN_POINT('Origin',(24.,-6.13108108516905,113.780281229768));
#2133=CARTESIAN_POINT('Origin',(26.0000005140901,-11.,126.780281229768));
#2134=CARTESIAN_POINT('',(26.0000005140901,-11.,115.780281229768));
#2135=CARTESIAN_POINT('',(26.0000005140901,-11.,115.780281229768));
#2136=CARTESIAN_POINT('',(26.0000005140901,-11.,126.780281229768));
#2137=CARTESIAN_POINT('',(26.0000005140901,-11.,148.390140614884));
#2138=CARTESIAN_POINT('',(26.0000005140901,-11.,126.780281229768));
#2139=CARTESIAN_POINT('Origin',(26.0000005140901,-11.,115.780281229768));
#2140=CARTESIAN_POINT('',(32.0000005140901,-11.,115.780281229768));
#2141=CARTESIAN_POINT('',(32.0000005140901,-11.,115.780281229768));
#2142=CARTESIAN_POINT('',(27.500000257045,-11.,115.780281229768));
#2143=CARTESIAN_POINT('Origin',(24.,-6.13108108516905,88.650646852998));
#2144=CARTESIAN_POINT('',(24.,-21.131081085169,97.0285526794746));
#2145=CARTESIAN_POINT('',(24.,-21.131081085169,88.650646852998));
#2146=CARTESIAN_POINT('',(39.,-6.13108108516905,103.438809089731));
#2147=CARTESIAN_POINT('Origin',(24.,-6.13108108516905,97.0285526794746));
#2148=CARTESIAN_POINT('',(39.,-6.13108108516905,88.650646852998));
#2149=CARTESIAN_POINT('',(24.,-21.131081085169,88.650646852998));
#2150=CARTESIAN_POINT('Origin',(14.9058302221142,25.8176552736974,7.5));
#2151=CARTESIAN_POINT('',(16.2592462921702,25.2118406708148,7.5));
#2152=CARTESIAN_POINT('Ctrl Pts',(16.2592462921702,25.2118406708148,7.5));
#2153=CARTESIAN_POINT('Ctrl Pts',(16.2592462921702,25.2118406708148,7.68523634168464));
#2154=CARTESIAN_POINT('Ctrl Pts',(16.2281283625344,25.2319941150346,7.88279917064977));
#2155=CARTESIAN_POINT('Ctrl Pts',(16.1011807745712,25.3131913205483,8.24619985334145));
#2156=CARTESIAN_POINT('Ctrl Pts',(16.0053032735131,25.3741489265846,8.41204023765596));
#2157=CARTESIAN_POINT('Ctrl Pts',(15.7830597436812,25.5129808479181,8.67392474098394));
#2158=CARTESIAN_POINT('Ctrl Pts',(15.6418625101218,25.6001008577892,8.78743591483617));
#2159=CARTESIAN_POINT('Ctrl Pts',(15.3305678525183,25.7877241344345,8.93797437068089));
#2160=CARTESIAN_POINT('Ctrl Pts',(15.160419345921,25.8881439609825,8.97500000000001));
#2161=CARTESIAN_POINT('Ctrl Pts',(14.839580654079,26.0733802660839,8.97500000000001));
#2162=CARTESIAN_POINT('Ctrl Pts',(14.6675402799461,26.1705232819392,8.93797437068089));
#2163=CARTESIAN_POINT('Ctrl Pts',(14.3494064272283,26.3463007251635,8.78743591483617));
#2164=CARTESIAN_POINT('Ctrl Pts',(14.2033596687223,26.4250211114345,8.67392474098394));
#2165=CARTESIAN_POINT('Ctrl Pts',(13.9720059330753,26.5480736934289,8.41204023765596));
#2166=CARTESIAN_POINT('Ctrl Pts',(13.871276347165,26.6006272419784,8.24619985334145));
#2167=CARTESIAN_POINT('Ctrl Pts',(13.7374837104922,26.6699684753469,7.88279917064977));
#2168=CARTESIAN_POINT('Ctrl Pts',(13.7044713510061,26.6868406708148,7.68523634168464));
#2169=CARTESIAN_POINT('Ctrl Pts',(13.7044713510061,26.6868406708148,7.31476365831536));
#2170=CARTESIAN_POINT('Ctrl Pts',(13.7374837104922,26.6699684753469,7.11720082935023));
#2171=CARTESIAN_POINT('Ctrl Pts',(13.871276347165,26.6006272419784,6.75380014665855));
#2172=CARTESIAN_POINT('Ctrl Pts',(13.9720059330753,26.5480736934289,6.58795976234404));
#2173=CARTESIAN_POINT('Ctrl Pts',(14.2033596687223,26.4250211114345,6.32607525901606));
#2174=CARTESIAN_POINT('Ctrl Pts',(14.3494064272283,26.3463007251635,6.21256408516383));
#2175=CARTESIAN_POINT('Ctrl Pts',(14.6675402799461,26.1705232819392,6.06202562931911));
#2176=CARTESIAN_POINT('Ctrl Pts',(14.839580654079,26.0733802660839,6.02499999999999));
#2177=CARTESIAN_POINT('Ctrl Pts',(15.160419345921,25.8881439609825,6.02499999999999));
#2178=CARTESIAN_POINT('Ctrl Pts',(15.3305678525183,25.7877241344345,6.06202562931911));
#2179=CARTESIAN_POINT('Ctrl Pts',(15.6418625101218,25.6001008577892,6.21256408516383));
#2180=CARTESIAN_POINT('Ctrl Pts',(15.7830597436812,25.5129808479181,6.32607525901606));
#2181=CARTESIAN_POINT('Ctrl Pts',(16.0053032735131,25.3741489265846,6.58795976234404));
#2182=CARTESIAN_POINT('Ctrl Pts',(16.1011807745712,25.3131913205483,6.75380014665855));
#2183=CARTESIAN_POINT('Ctrl Pts',(16.2281283625344,25.2319941150346,7.11720082935023));
#2184=CARTESIAN_POINT('Ctrl Pts',(16.2592462921702,25.2118406708148,7.31476365831536));
#2185=CARTESIAN_POINT('Ctrl Pts',(16.2592462921702,25.2118406708148,7.5));
#2186=CARTESIAN_POINT('',(13.7556122541801,20.875419313457,7.5));
#2187=CARTESIAN_POINT('',(16.1832176926962,25.0801552736974,7.5));
#2188=CARTESIAN_POINT('Ctrl Pts',(13.7556122541801,20.875419313457,7.5));
#2189=CARTESIAN_POINT('Ctrl Pts',(13.7556122541801,20.875419313457,7.31474952162772));
#2190=CARTESIAN_POINT('Ctrl Pts',(13.7246797910622,20.8959050362503,7.11718061790051));
#2191=CARTESIAN_POINT('Ctrl Pts',(13.5984151254333,20.9782932746927,6.75378383606169));
#2192=CARTESIAN_POINT('Ctrl Pts',(13.5030257172187,21.0400919745022,6.58795230731454));
#2193=CARTESIAN_POINT('Ctrl Pts',(13.2817072885111,21.1804963422393,6.3260827418596));
#2194=CARTESIAN_POINT('Ctrl Pts',(13.1410030078208,21.2684524850818,6.21257370041723));
#2195=CARTESIAN_POINT('Ctrl Pts',(12.830396021745,21.4572591233522,6.06203113955575));
#2196=CARTESIAN_POINT('Ctrl Pts',(12.6604315545674,21.5580098933949,6.02499999999999));
#2197=CARTESIAN_POINT('Ctrl Pts',(12.3395684454325,21.743260295827,6.02499999999999));
#2198=CARTESIAN_POINT('Ctrl Pts',(12.1673334855359,21.8400784571221,6.06203113955575));
#2199=CARTESIAN_POINT('Ctrl Pts',(11.8485186473527,22.0146686785214,6.21257370041723));
#2200=CARTESIAN_POINT('Ctrl Pts',(11.701994252887,22.0925440885992,6.3260827418596));
#2201=CARTESIAN_POINT('Ctrl Pts',(11.4697412892707,22.2140092863171,6.58795230731454));
#2202=CARTESIAN_POINT('Ctrl Pts',(11.3685273412074,22.2657195871782,6.75378383606168));
#2203=CARTESIAN_POINT('Ctrl Pts',(11.2340447009288,22.3338738759919,7.1171806179005));
#2204=CARTESIAN_POINT('Ctrl Pts',(11.200837313016,22.350419313457,7.31474952162772));
#2205=CARTESIAN_POINT('Ctrl Pts',(11.200837313016,22.350419313457,7.68525047837228));
#2206=CARTESIAN_POINT('Ctrl Pts',(11.2340447009288,22.3338738759919,7.88281938209949));
#2207=CARTESIAN_POINT('Ctrl Pts',(11.3685273412074,22.2657195871782,8.24621616393832));
#2208=CARTESIAN_POINT('Ctrl Pts',(11.4697412892706,22.2140092863171,8.41204769268546));
#2209=CARTESIAN_POINT('Ctrl Pts',(11.701994252887,22.0925440885992,8.6739172581404));
#2210=CARTESIAN_POINT('Ctrl Pts',(11.8485186473527,22.0146686785214,8.78742629958277));
#2211=CARTESIAN_POINT('Ctrl Pts',(12.1673334855359,21.8400784571221,8.93796886044425));
#2212=CARTESIAN_POINT('Ctrl Pts',(12.3395684454325,21.743260295827,8.97500000000001));
#2213=CARTESIAN_POINT('Ctrl Pts',(12.6604315545674,21.5580098933949,8.97500000000001));
#2214=CARTESIAN_POINT('Ctrl Pts',(12.830396021745,21.4572591233522,8.93796886044425));
#2215=CARTESIAN_POINT('Ctrl Pts',(13.1410030078208,21.2684524850818,8.78742629958277));
#2216=CARTESIAN_POINT('Ctrl Pts',(13.2817072885111,21.1804963422393,8.6739172581404));
#2217=CARTESIAN_POINT('Ctrl Pts',(13.5030257172187,21.0400919745022,8.41204769268546));
#2218=CARTESIAN_POINT('Ctrl Pts',(13.5984151254333,20.9782932746927,8.24621616393831));
#2219=CARTESIAN_POINT('Ctrl Pts',(13.7246797910622,20.8959050362503,7.88281938209949));
#2220=CARTESIAN_POINT('Ctrl Pts',(13.7556122541801,20.875419313457,7.68525047837228));
#2221=CARTESIAN_POINT('Ctrl Pts',(13.7556122541801,20.875419313457,7.5));
#2222=CARTESIAN_POINT('Origin',(14.9058302221142,25.8176552736974,7.5));
#2223=CARTESIAN_POINT('',(-11.200837313016,-22.3504193134569,7.5));
#2224=CARTESIAN_POINT('Ctrl Pts',(-11.200837313016,-22.3504193134569,7.5));
#2225=CARTESIAN_POINT('Ctrl Pts',(-11.200837313016,-22.3504193134569,7.68525047837228));
#2226=CARTESIAN_POINT('Ctrl Pts',(-11.2340447009288,-22.3338738759919,7.8828193820995));
#2227=CARTESIAN_POINT('Ctrl Pts',(-11.3685273412074,-22.2657195871782,8.24621616393832));
#2228=CARTESIAN_POINT('Ctrl Pts',(-11.4697412892707,-22.2140092863171,8.41204769268546));
#2229=CARTESIAN_POINT('Ctrl Pts',(-11.701994252887,-22.0925440885992,8.6739172581404));
#2230=CARTESIAN_POINT('Ctrl Pts',(-11.8485186473527,-22.0146686785214,8.78742629958277));
#2231=CARTESIAN_POINT('Ctrl Pts',(-12.1673334855359,-21.8400784571221,8.93796886044425));
#2232=CARTESIAN_POINT('Ctrl Pts',(-12.3395684454325,-21.743260295827,8.97500000000001));
#2233=CARTESIAN_POINT('Ctrl Pts',(-12.6604315545674,-21.5580098933949,8.97500000000001));
#2234=CARTESIAN_POINT('Ctrl Pts',(-12.830396021745,-21.4572591233522,8.93796886044424));
#2235=CARTESIAN_POINT('Ctrl Pts',(-13.1410030078208,-21.2684524850818,8.78742629958277));
#2236=CARTESIAN_POINT('Ctrl Pts',(-13.2817072885111,-21.1804963422393,8.6739172581404));
#2237=CARTESIAN_POINT('Ctrl Pts',(-13.5030257172187,-21.0400919745022,8.41204769268546));
#2238=CARTESIAN_POINT('Ctrl Pts',(-13.5984151254333,-20.9782932746927,8.24621616393832));
#2239=CARTESIAN_POINT('Ctrl Pts',(-13.7246797910622,-20.8959050362503,7.88281938209949));
#2240=CARTESIAN_POINT('Ctrl Pts',(-13.7556122541801,-20.8754193134569,7.68525047837228));
#2241=CARTESIAN_POINT('Ctrl Pts',(-13.7556122541801,-20.8754193134569,7.31474952162772));
#2242=CARTESIAN_POINT('Ctrl Pts',(-13.7246797910622,-20.8959050362503,7.11718061790051));
#2243=CARTESIAN_POINT('Ctrl Pts',(-13.5984151254333,-20.9782932746927,6.75378383606169));
#2244=CARTESIAN_POINT('Ctrl Pts',(-13.5030257172187,-21.0400919745022,6.58795230731454));
#2245=CARTESIAN_POINT('Ctrl Pts',(-13.2817072885111,-21.1804963422393,6.3260827418596));
#2246=CARTESIAN_POINT('Ctrl Pts',(-13.1410030078208,-21.2684524850818,6.21257370041723));
#2247=CARTESIAN_POINT('Ctrl Pts',(-12.830396021745,-21.4572591233522,6.06203113955576));
#2248=CARTESIAN_POINT('Ctrl Pts',(-12.6604315545674,-21.5580098933949,6.02499999999999));
#2249=CARTESIAN_POINT('Ctrl Pts',(-12.3395684454325,-21.743260295827,6.02499999999999));
#2250=CARTESIAN_POINT('Ctrl Pts',(-12.1673334855359,-21.8400784571221,6.06203113955575));
#2251=CARTESIAN_POINT('Ctrl Pts',(-11.8485186473527,-22.0146686785214,6.21257370041723));
#2252=CARTESIAN_POINT('Ctrl Pts',(-11.701994252887,-22.0925440885992,6.3260827418596));
#2253=CARTESIAN_POINT('Ctrl Pts',(-11.4697412892707,-22.2140092863171,6.58795230731454));
#2254=CARTESIAN_POINT('Ctrl Pts',(-11.3685273412074,-22.2657195871782,6.75378383606168));
#2255=CARTESIAN_POINT('Ctrl Pts',(-11.2340447009288,-22.3338738759919,7.1171806179005));
#2256=CARTESIAN_POINT('Ctrl Pts',(-11.200837313016,-22.3504193134569,7.31474952162772));
#2257=CARTESIAN_POINT('Ctrl Pts',(-11.200837313016,-22.3504193134569,7.5));
#2258=CARTESIAN_POINT('',(-13.7044713510061,-26.6868406708148,7.5));
#2259=CARTESIAN_POINT('',(16.1832176926962,25.0801552736974,7.5));
#2260=CARTESIAN_POINT('Ctrl Pts',(-13.7044713510061,-26.6868406708148,7.5));
#2261=CARTESIAN_POINT('Ctrl Pts',(-13.7044713510061,-26.6868406708148,7.31476365831536));
#2262=CARTESIAN_POINT('Ctrl Pts',(-13.7374837104922,-26.6699684753469,7.11720082935023));
#2263=CARTESIAN_POINT('Ctrl Pts',(-13.871276347165,-26.6006272419784,6.75380014665855));
#2264=CARTESIAN_POINT('Ctrl Pts',(-13.9720059330753,-26.5480736934289,6.58795976234404));
#2265=CARTESIAN_POINT('Ctrl Pts',(-14.2033596687223,-26.4250211114345,6.32607525901606));
#2266=CARTESIAN_POINT('Ctrl Pts',(-14.3494064272283,-26.3463007251635,6.21256408516383));
#2267=CARTESIAN_POINT('Ctrl Pts',(-14.6675402799461,-26.1705232819392,6.06202562931911));
#2268=CARTESIAN_POINT('Ctrl Pts',(-14.839580654079,-26.0733802660839,6.02499999999999));
#2269=CARTESIAN_POINT('Ctrl Pts',(-15.160419345921,-25.8881439609825,6.02499999999999));
#2270=CARTESIAN_POINT('Ctrl Pts',(-15.3305678525184,-25.7877241344345,6.06202562931911));
#2271=CARTESIAN_POINT('Ctrl Pts',(-15.6418625101218,-25.6001008577892,6.21256408516383));
#2272=CARTESIAN_POINT('Ctrl Pts',(-15.7830597436812,-25.5129808479181,6.32607525901606));
#2273=CARTESIAN_POINT('Ctrl Pts',(-16.0053032735132,-25.3741489265846,6.58795976234404));
#2274=CARTESIAN_POINT('Ctrl Pts',(-16.1011807745712,-25.3131913205483,6.75380014665855));
#2275=CARTESIAN_POINT('Ctrl Pts',(-16.2281283625344,-25.2319941150346,7.11720082935023));
#2276=CARTESIAN_POINT('Ctrl Pts',(-16.2592462921702,-25.2118406708148,7.31476365831536));
#2277=CARTESIAN_POINT('Ctrl Pts',(-16.2592462921702,-25.2118406708148,7.68523634168464));
#2278=CARTESIAN_POINT('Ctrl Pts',(-16.2281283625344,-25.2319941150346,7.88279917064977));
#2279=CARTESIAN_POINT('Ctrl Pts',(-16.1011807745712,-25.3131913205483,8.24619985334145));
#2280=CARTESIAN_POINT('Ctrl Pts',(-16.0053032735132,-25.3741489265846,8.41204023765596));
#2281=CARTESIAN_POINT('Ctrl Pts',(-15.7830597436812,-25.5129808479181,8.67392474098394));
#2282=CARTESIAN_POINT('Ctrl Pts',(-15.6418625101218,-25.6001008577892,8.78743591483617));
#2283=CARTESIAN_POINT('Ctrl Pts',(-15.3305678525184,-25.7877241344345,8.93797437068089));
#2284=CARTESIAN_POINT('Ctrl Pts',(-15.160419345921,-25.8881439609825,8.97500000000001));
#2285=CARTESIAN_POINT('Ctrl Pts',(-14.839580654079,-26.0733802660839,8.97500000000001));
#2286=CARTESIAN_POINT('Ctrl Pts',(-14.6675402799461,-26.1705232819392,8.93797437068089));
#2287=CARTESIAN_POINT('Ctrl Pts',(-14.3494064272283,-26.3463007251635,8.78743591483617));
#2288=CARTESIAN_POINT('Ctrl Pts',(-14.2033596687223,-26.4250211114345,8.67392474098394));
#2289=CARTESIAN_POINT('Ctrl Pts',(-13.9720059330753,-26.5480736934289,8.41204023765596));
#2290=CARTESIAN_POINT('Ctrl Pts',(-13.871276347165,-26.6006272419784,8.24619985334145));
#2291=CARTESIAN_POINT('Ctrl Pts',(-13.7374837104922,-26.6699684753469,7.88279917064977));
#2292=CARTESIAN_POINT('Ctrl Pts',(-13.7044713510061,-26.6868406708148,7.68523634168464));
#2293=CARTESIAN_POINT('Ctrl Pts',(-13.7044713510061,-26.6868406708148,7.5));
#2294=CARTESIAN_POINT('Origin',(-15.0000002235174,25.9807625006767,7.5));
#2295=CARTESIAN_POINT('',(-15.0000002235174,25.9807625006767,8.975));
#2296=CARTESIAN_POINT('',(-16.2592462921702,25.2118406708147,7.5));
#2297=CARTESIAN_POINT('Ctrl Pts',(-15.,25.9807621135332,8.975));
#2298=CARTESIAN_POINT('Ctrl Pts',(-15.160419345921,25.8881439609824,8.975));
#2299=CARTESIAN_POINT('Ctrl Pts',(-15.3305678525184,25.7877241344345,8.93797437068088));
#2300=CARTESIAN_POINT('Ctrl Pts',(-15.6418625101218,25.6001008577892,8.78743591483617));
#2301=CARTESIAN_POINT('Ctrl Pts',(-15.7830597436812,25.5129808479181,8.67392474098394));
#2302=CARTESIAN_POINT('Ctrl Pts',(-16.0053032735132,25.3741489265846,8.41204023765596));
#2303=CARTESIAN_POINT('Ctrl Pts',(-16.1011807745712,25.3131913205483,8.24619985334145));
#2304=CARTESIAN_POINT('Ctrl Pts',(-16.2281283625344,25.2319941150346,7.88279917064977));
#2305=CARTESIAN_POINT('Ctrl Pts',(-16.2592462921703,25.2118406708147,7.68523634168464));
#2306=CARTESIAN_POINT('Ctrl Pts',(-16.2592462921703,25.2118406708147,7.5));
#2307=CARTESIAN_POINT('',(-15.0000002235174,25.9807625006767,6.025));
#2308=CARTESIAN_POINT('Ctrl Pts',(-15.,25.9807621135332,6.025));
#2309=CARTESIAN_POINT('Ctrl Pts',(-14.839580654079,26.0733802660839,6.025));
#2310=CARTESIAN_POINT('Ctrl Pts',(-14.6675402799461,26.1705232819392,6.06202562931912));
#2311=CARTESIAN_POINT('Ctrl Pts',(-14.3494064272283,26.3463007251635,6.21256408516383));
#2312=CARTESIAN_POINT('Ctrl Pts',(-14.2033596687223,26.4250211114344,6.32607525901606));
#2313=CARTESIAN_POINT('Ctrl Pts',(-13.9720059330753,26.5480736934289,6.58795976234404));
#2314=CARTESIAN_POINT('Ctrl Pts',(-13.871276347165,26.6006272419784,6.75380014665855));
#2315=CARTESIAN_POINT('Ctrl Pts',(-13.7374837104922,26.6699684753468,7.11720082935023));
#2316=CARTESIAN_POINT('Ctrl Pts',(-13.7044713510062,26.6868406708147,7.31476365831536));
#2317=CARTESIAN_POINT('Ctrl Pts',(-13.7044713510062,26.6868406708147,7.5));
#2318=CARTESIAN_POINT('Ctrl Pts',(-13.7044713510062,26.6868406708147,7.68523634168464));
#2319=CARTESIAN_POINT('Ctrl Pts',(-13.7374837104922,26.6699684753468,7.88279917064977));
#2320=CARTESIAN_POINT('Ctrl Pts',(-13.871276347165,26.6006272419784,8.24619985334145));
#2321=CARTESIAN_POINT('Ctrl Pts',(-13.9720059330753,26.5480736934289,8.41204023765596));
#2322=CARTESIAN_POINT('Ctrl Pts',(-14.2033596687223,26.4250211114344,8.67392474098394));
#2323=CARTESIAN_POINT('Ctrl Pts',(-14.3494064272283,26.3463007251635,8.78743591483617));
#2324=CARTESIAN_POINT('Ctrl Pts',(-14.6675402799461,26.1705232819392,8.93797437068088));
#2325=CARTESIAN_POINT('Ctrl Pts',(-14.839580654079,26.0733802660839,8.975));
#2326=CARTESIAN_POINT('Ctrl Pts',(-15.,25.9807621135332,8.975));
#2327=CARTESIAN_POINT('Ctrl Pts',(-16.2592462921702,25.2118406708147,7.5));
#2328=CARTESIAN_POINT('Ctrl Pts',(-16.2592462921702,25.2118406708147,7.31476365831536));
#2329=CARTESIAN_POINT('Ctrl Pts',(-16.2281283625344,25.2319941150346,7.11720082935023));
#2330=CARTESIAN_POINT('Ctrl Pts',(-16.1011807745712,25.3131913205483,6.75380014665855));
#2331=CARTESIAN_POINT('Ctrl Pts',(-16.0053032735132,25.3741489265846,6.58795976234404));
#2332=CARTESIAN_POINT('Ctrl Pts',(-15.7830597436812,25.5129808479181,6.32607525901606));
#2333=CARTESIAN_POINT('Ctrl Pts',(-15.6418625101218,25.6001008577892,6.21256408516383));
#2334=CARTESIAN_POINT('Ctrl Pts',(-15.3305678525184,25.7877241344345,6.06202562931912));
#2335=CARTESIAN_POINT('Ctrl Pts',(-15.160419345921,25.8881439609824,6.025));
#2336=CARTESIAN_POINT('Ctrl Pts',(-15.,25.9807621135332,6.025));
#2337=CARTESIAN_POINT('',(-13.7556122541801,20.8754193134569,7.5));
#2338=CARTESIAN_POINT('',(-16.2773876940995,25.2432625006767,7.5));
#2339=CARTESIAN_POINT('',(-11.200837313016,22.3504193134569,7.5));
#2340=CARTESIAN_POINT('Ctrl Pts',(-11.200837313016,22.3504193134569,7.5));
#2341=CARTESIAN_POINT('Ctrl Pts',(-11.200837313016,22.3504193134569,7.31474952162772));
#2342=CARTESIAN_POINT('Ctrl Pts',(-11.2340447009288,22.3338738759919,7.1171806179005));
#2343=CARTESIAN_POINT('Ctrl Pts',(-11.3685273412074,22.2657195871782,6.75378383606168));
#2344=CARTESIAN_POINT('Ctrl Pts',(-11.4697412892707,22.2140092863171,6.58795230731454));
#2345=CARTESIAN_POINT('Ctrl Pts',(-11.7019942528871,22.0925440885992,6.3260827418596));
#2346=CARTESIAN_POINT('Ctrl Pts',(-11.8485186473527,22.0146686785214,6.21257370041724));
#2347=CARTESIAN_POINT('Ctrl Pts',(-12.1673334855359,21.8400784571221,6.06203113955576));
#2348=CARTESIAN_POINT('Ctrl Pts',(-12.3395684454325,21.743260295827,6.025));
#2349=CARTESIAN_POINT('Ctrl Pts',(-12.6604315545675,21.5580098933949,6.025));
#2350=CARTESIAN_POINT('Ctrl Pts',(-12.8303960217451,21.4572591233522,6.06203113955576));
#2351=CARTESIAN_POINT('Ctrl Pts',(-13.1410030078208,21.2684524850817,6.21257370041724));
#2352=CARTESIAN_POINT('Ctrl Pts',(-13.2817072885111,21.1804963422393,6.3260827418596));
#2353=CARTESIAN_POINT('Ctrl Pts',(-13.5030257172187,21.0400919745022,6.58795230731454));
#2354=CARTESIAN_POINT('Ctrl Pts',(-13.5984151254334,20.9782932746927,6.75378383606169));
#2355=CARTESIAN_POINT('Ctrl Pts',(-13.7246797910622,20.8959050362502,7.11718061790051));
#2356=CARTESIAN_POINT('Ctrl Pts',(-13.7556122541801,20.8754193134569,7.31474952162772));
#2357=CARTESIAN_POINT('Ctrl Pts',(-13.7556122541801,20.8754193134569,7.5));
#2358=CARTESIAN_POINT('Ctrl Pts',(-13.7556122541801,20.8754193134569,7.5));
#2359=CARTESIAN_POINT('Ctrl Pts',(-13.7556122541801,20.8754193134569,7.68525047837228));
#2360=CARTESIAN_POINT('Ctrl Pts',(-13.7246797910622,20.8959050362502,7.88281938209949));
#2361=CARTESIAN_POINT('Ctrl Pts',(-13.5984151254334,20.9782932746927,8.24621616393831));
#2362=CARTESIAN_POINT('Ctrl Pts',(-13.5030257172187,21.0400919745022,8.41204769268546));
#2363=CARTESIAN_POINT('Ctrl Pts',(-13.2817072885111,21.1804963422393,8.6739172581404));
#2364=CARTESIAN_POINT('Ctrl Pts',(-13.1410030078208,21.2684524850818,8.78742629958277));
#2365=CARTESIAN_POINT('Ctrl Pts',(-12.8303960217451,21.4572591233522,8.93796886044424));
#2366=CARTESIAN_POINT('Ctrl Pts',(-12.6604315545675,21.5580098933949,8.975));
#2367=CARTESIAN_POINT('Ctrl Pts',(-12.3395684454325,21.743260295827,8.975));
#2368=CARTESIAN_POINT('Ctrl Pts',(-12.1673334855359,21.8400784571221,8.93796886044424));
#2369=CARTESIAN_POINT('Ctrl Pts',(-11.8485186473527,22.0146686785214,8.78742629958276));
#2370=CARTESIAN_POINT('Ctrl Pts',(-11.7019942528871,22.0925440885992,8.6739172581404));
#2371=CARTESIAN_POINT('Ctrl Pts',(-11.4697412892707,22.2140092863171,8.41204769268546));
#2372=CARTESIAN_POINT('Ctrl Pts',(-11.3685273412074,22.2657195871782,8.24621616393832));
#2373=CARTESIAN_POINT('Ctrl Pts',(-11.2340447009288,22.3338738759919,7.8828193820995));
#2374=CARTESIAN_POINT('Ctrl Pts',(-11.200837313016,22.3504193134569,7.68525047837228));
#2375=CARTESIAN_POINT('Ctrl Pts',(-11.200837313016,22.3504193134569,7.5));
#2376=CARTESIAN_POINT('Origin',(-15.0000002235174,25.9807625006767,7.5));
#2377=CARTESIAN_POINT('',(13.7556122541801,-20.8754193134569,7.5));
#2378=CARTESIAN_POINT('',(11.200837313016,-22.3504193134569,7.5));
#2379=CARTESIAN_POINT('Ctrl Pts',(13.7556122541801,-20.8754193134569,7.5));
#2380=CARTESIAN_POINT('Ctrl Pts',(13.7556122541801,-20.8754193134569,7.68525047837228));
#2381=CARTESIAN_POINT('Ctrl Pts',(13.7246797910622,-20.8959050362502,7.88281938209949));
#2382=CARTESIAN_POINT('Ctrl Pts',(13.5984151254334,-20.9782932746927,8.24621616393831));
#2383=CARTESIAN_POINT('Ctrl Pts',(13.5030257172187,-21.0400919745022,8.41204769268546));
#2384=CARTESIAN_POINT('Ctrl Pts',(13.2817072885111,-21.1804963422393,8.6739172581404));
#2385=CARTESIAN_POINT('Ctrl Pts',(13.1410030078208,-21.2684524850817,8.78742629958276));
#2386=CARTESIAN_POINT('Ctrl Pts',(12.8303960217451,-21.4572591233522,8.93796886044424));
#2387=CARTESIAN_POINT('Ctrl Pts',(12.6604315545675,-21.5580098933949,8.975));
#2388=CARTESIAN_POINT('Ctrl Pts',(12.3395684454326,-21.743260295827,8.975));
#2389=CARTESIAN_POINT('Ctrl Pts',(12.1673334855359,-21.8400784571221,8.93796886044424));
#2390=CARTESIAN_POINT('Ctrl Pts',(11.8485186473527,-22.0146686785214,8.78742629958277));
#2391=CARTESIAN_POINT('Ctrl Pts',(11.7019942528871,-22.0925440885992,8.6739172581404));
#2392=CARTESIAN_POINT('Ctrl Pts',(11.4697412892707,-22.2140092863171,8.41204769268546));
#2393=CARTESIAN_POINT('Ctrl Pts',(11.3685273412074,-22.2657195871782,8.24621616393832));
#2394=CARTESIAN_POINT('Ctrl Pts',(11.2340447009288,-22.3338738759919,7.8828193820995));
#2395=CARTESIAN_POINT('Ctrl Pts',(11.200837313016,-22.3504193134569,7.68525047837228));
#2396=CARTESIAN_POINT('Ctrl Pts',(11.200837313016,-22.3504193134569,7.5));
#2397=CARTESIAN_POINT('Ctrl Pts',(11.200837313016,-22.3504193134569,7.5));
#2398=CARTESIAN_POINT('Ctrl Pts',(11.200837313016,-22.3504193134569,7.31474952162772));
#2399=CARTESIAN_POINT('Ctrl Pts',(11.2340447009288,-22.3338738759919,7.1171806179005));
#2400=CARTESIAN_POINT('Ctrl Pts',(11.3685273412074,-22.2657195871782,6.75378383606168));
#2401=CARTESIAN_POINT('Ctrl Pts',(11.4697412892707,-22.2140092863171,6.58795230731454));
#2402=CARTESIAN_POINT('Ctrl Pts',(11.7019942528871,-22.0925440885992,6.3260827418596));
#2403=CARTESIAN_POINT('Ctrl Pts',(11.8485186473527,-22.0146686785214,6.21257370041723));
#2404=CARTESIAN_POINT('Ctrl Pts',(12.1673334855359,-21.8400784571221,6.06203113955576));
#2405=CARTESIAN_POINT('Ctrl Pts',(12.3395684454326,-21.743260295827,6.025));
#2406=CARTESIAN_POINT('Ctrl Pts',(12.6604315545675,-21.5580098933949,6.025));
#2407=CARTESIAN_POINT('Ctrl Pts',(12.8303960217451,-21.4572591233522,6.06203113955576));
#2408=CARTESIAN_POINT('Ctrl Pts',(13.1410030078208,-21.2684524850817,6.21257370041724));
#2409=CARTESIAN_POINT('Ctrl Pts',(13.2817072885111,-21.1804963422393,6.3260827418596));
#2410=CARTESIAN_POINT('Ctrl Pts',(13.5030257172187,-21.0400919745022,6.58795230731454));
#2411=CARTESIAN_POINT('Ctrl Pts',(13.5984151254334,-20.9782932746927,6.75378383606169));
#2412=CARTESIAN_POINT('Ctrl Pts',(13.7246797910622,-20.8959050362502,7.11718061790051));
#2413=CARTESIAN_POINT('Ctrl Pts',(13.7556122541801,-20.8754193134569,7.31474952162772));
#2414=CARTESIAN_POINT('Ctrl Pts',(13.7556122541801,-20.8754193134569,7.5));
#2415=CARTESIAN_POINT('',(13.7044713510062,-26.6868406708147,7.5));
#2416=CARTESIAN_POINT('',(-16.2773876940995,25.2432625006767,7.5));
#2417=CARTESIAN_POINT('',(16.2592462921703,-25.2118406708147,7.5));
#2418=CARTESIAN_POINT('Ctrl Pts',(16.2592462921703,-25.2118406708147,7.5));
#2419=CARTESIAN_POINT('Ctrl Pts',(16.2592462921703,-25.2118406708147,7.31476365831536));
#2420=CARTESIAN_POINT('Ctrl Pts',(16.2281283625344,-25.2319941150346,7.11720082935022));
#2421=CARTESIAN_POINT('Ctrl Pts',(16.1011807745712,-25.3131913205483,6.75380014665855));
#2422=CARTESIAN_POINT('Ctrl Pts',(16.0053032735132,-25.3741489265846,6.58795976234404));
#2423=CARTESIAN_POINT('Ctrl Pts',(15.7830597436812,-25.5129808479181,6.32607525901606));
#2424=CARTESIAN_POINT('Ctrl Pts',(15.6418625101218,-25.6001008577892,6.21256408516383));
#2425=CARTESIAN_POINT('Ctrl Pts',(15.3305678525184,-25.7877241344345,6.06202562931912));
#2426=CARTESIAN_POINT('Ctrl Pts',(15.160419345921,-25.8881439609824,6.025));
#2427=CARTESIAN_POINT('Ctrl Pts',(14.839580654079,-26.0733802660839,6.025));
#2428=CARTESIAN_POINT('Ctrl Pts',(14.6675402799461,-26.1705232819392,6.06202562931912));
#2429=CARTESIAN_POINT('Ctrl Pts',(14.3494064272283,-26.3463007251635,6.21256408516384));
#2430=CARTESIAN_POINT('Ctrl Pts',(14.2033596687223,-26.4250211114344,6.32607525901606));
#2431=CARTESIAN_POINT('Ctrl Pts',(13.9720059330753,-26.5480736934289,6.58795976234404));
#2432=CARTESIAN_POINT('Ctrl Pts',(13.871276347165,-26.6006272419784,6.75380014665855));
#2433=CARTESIAN_POINT('Ctrl Pts',(13.7374837104922,-26.6699684753468,7.11720082935022));
#2434=CARTESIAN_POINT('Ctrl Pts',(13.7044713510062,-26.6868406708147,7.31476365831536));
#2435=CARTESIAN_POINT('Ctrl Pts',(13.7044713510062,-26.6868406708147,7.5));
#2436=CARTESIAN_POINT('Ctrl Pts',(13.7044713510062,-26.6868406708147,7.5));
#2437=CARTESIAN_POINT('Ctrl Pts',(13.7044713510062,-26.6868406708147,7.68523634168464));
#2438=CARTESIAN_POINT('Ctrl Pts',(13.7374837104922,-26.6699684753468,7.88279917064978));
#2439=CARTESIAN_POINT('Ctrl Pts',(13.871276347165,-26.6006272419784,8.24619985334145));
#2440=CARTESIAN_POINT('Ctrl Pts',(13.9720059330753,-26.5480736934289,8.41204023765596));
#2441=CARTESIAN_POINT('Ctrl Pts',(14.2033596687223,-26.4250211114344,8.67392474098394));
#2442=CARTESIAN_POINT('Ctrl Pts',(14.3494064272283,-26.3463007251635,8.78743591483617));
#2443=CARTESIAN_POINT('Ctrl Pts',(14.6675402799461,-26.1705232819392,8.93797437068088));
#2444=CARTESIAN_POINT('Ctrl Pts',(14.839580654079,-26.0733802660839,8.975));
#2445=CARTESIAN_POINT('Ctrl Pts',(15.160419345921,-25.8881439609824,8.975));
#2446=CARTESIAN_POINT('Ctrl Pts',(15.3305678525184,-25.7877241344345,8.93797437068088));
#2447=CARTESIAN_POINT('Ctrl Pts',(15.6418625101218,-25.6001008577892,8.78743591483617));
#2448=CARTESIAN_POINT('Ctrl Pts',(15.7830597436812,-25.5129808479181,8.67392474098394));
#2449=CARTESIAN_POINT('Ctrl Pts',(16.0053032735132,-25.3741489265846,8.41204023765596));
#2450=CARTESIAN_POINT('Ctrl Pts',(16.1011807745712,-25.3131913205483,8.24619985334145));
#2451=CARTESIAN_POINT('Ctrl Pts',(16.2281283625344,-25.2319941150346,7.88279917064977));
#2452=CARTESIAN_POINT('Ctrl Pts',(16.2592462921703,-25.2118406708147,7.68523634168464));
#2453=CARTESIAN_POINT('Ctrl Pts',(16.2592462921703,-25.2118406708147,7.5));
#2454=CARTESIAN_POINT('Origin',(0.,3.52085954754864E-15,7.50000000000001));
#2455=CARTESIAN_POINT('',(29.9637176431764,-1.475,7.50000000000001));
#2456=CARTESIAN_POINT('Ctrl Pts',(29.9637176431764,-1.475,7.50000000000001));
#2457=CARTESIAN_POINT('Ctrl Pts',(29.9637176431764,-1.475,7.68523634168465));
#2458=CARTESIAN_POINT('Ctrl Pts',(29.9656120730266,-1.43797436031226,7.88279917064978));
#2459=CARTESIAN_POINT('Ctrl Pts',(29.9724571217362,-1.28743592143007,8.24619985334145));
#2460=CARTESIAN_POINT('Ctrl Pts',(29.9773092065885,-1.17392476684435,8.41204023765597));
#2461=CARTESIAN_POINT('Ctrl Pts',(29.9864194124035,-0.912040263516374,8.67392474098395));
#2462=CARTESIAN_POINT('Ctrl Pts',(29.9912689373502,-0.746199867374329,8.78743591483618));
#2463=CARTESIAN_POINT('Ctrl Pts',(29.9981081324645,-0.382799147504719,8.93797437068089));
#2464=CARTESIAN_POINT('Ctrl Pts',(30.,-0.185236305101425,8.97500000000001));
#2465=CARTESIAN_POINT('Ctrl Pts',(30.,0.185236305101431,8.97500000000001));
#2466=CARTESIAN_POINT('Ctrl Pts',(29.9981081324645,0.382799147504726,8.93797437068089));
#2467=CARTESIAN_POINT('Ctrl Pts',(29.9912689373502,0.746199867374335,8.78743591483618));
#2468=CARTESIAN_POINT('Ctrl Pts',(29.9864194124035,0.912040263516381,8.67392474098395));
#2469=CARTESIAN_POINT('Ctrl Pts',(29.9773092065885,1.17392476684436,8.41204023765597));
#2470=CARTESIAN_POINT('Ctrl Pts',(29.9724571217362,1.28743592143008,8.24619985334145));
#2471=CARTESIAN_POINT('Ctrl Pts',(29.9656120730266,1.43797436031227,7.88279917064978));
#2472=CARTESIAN_POINT('Ctrl Pts',(29.9637176431764,1.475,7.68523634168465));
#2473=CARTESIAN_POINT('Ctrl Pts',(29.9637176431764,1.475,7.31476365831537));
#2474=CARTESIAN_POINT('Ctrl Pts',(29.9656120730266,1.43797436031227,7.11720082935024));
#2475=CARTESIAN_POINT('Ctrl Pts',(29.9724571217362,1.28743592143008,6.75380014665857));
#2476=CARTESIAN_POINT('Ctrl Pts',(29.9773092065885,1.17392476684436,6.58795976234405));
#2477=CARTESIAN_POINT('Ctrl Pts',(29.9864194124035,0.912040263516382,6.32607525901607));
#2478=CARTESIAN_POINT('Ctrl Pts',(29.9912689373502,0.746199867374336,6.21256408516384));
#2479=CARTESIAN_POINT('Ctrl Pts',(29.9981081324645,0.382799147504727,6.06202562931913));
#2480=CARTESIAN_POINT('Ctrl Pts',(30.,0.185236305101432,6.02500000000001));
#2481=CARTESIAN_POINT('Ctrl Pts',(30.,-0.185236305101424,6.02500000000001));
#2482=CARTESIAN_POINT('Ctrl Pts',(29.9981081324645,-0.382799147504719,6.06202562931913));
#2483=CARTESIAN_POINT('Ctrl Pts',(29.9912689373502,-0.746199867374328,6.21256408516384));
#2484=CARTESIAN_POINT('Ctrl Pts',(29.9864194124035,-0.912040263516372,6.32607525901607));
#2485=CARTESIAN_POINT('Ctrl Pts',(29.9773092065885,-1.17392476684435,6.58795976234405));
#2486=CARTESIAN_POINT('Ctrl Pts',(29.9724571217362,-1.28743592143007,6.75380014665857));
#2487=CARTESIAN_POINT('Ctrl Pts',(29.9656120730266,-1.43797436031226,7.11720082935024));
#2488=CARTESIAN_POINT('Ctrl Pts',(29.9637176431764,-1.475,7.31476365831537));
#2489=CARTESIAN_POINT('Ctrl Pts',(29.9637176431764,-1.475,7.50000000000001));
#2490=CARTESIAN_POINT('',(24.9564495671961,-1.475,7.50000000000001));
#2491=CARTESIAN_POINT('',(0.,-1.475,7.50000000000001));
#2492=CARTESIAN_POINT('Ctrl Pts',(24.9564495671961,-1.475,7.50000000000001));
#2493=CARTESIAN_POINT('Ctrl Pts',(24.9564495671961,-1.475,7.31474952162773));
#2494=CARTESIAN_POINT('Ctrl Pts',(24.958724491991,-1.43796883974163,7.11718061790051));
#2495=CARTESIAN_POINT('Ctrl Pts',(24.9669424666408,-1.28742631248549,6.75378383606169));
#2496=CARTESIAN_POINT('Ctrl Pts',(24.9727670064893,-1.17391731181485,6.58795230731455));
#2497=CARTESIAN_POINT('Ctrl Pts',(24.9837015413982,-0.912047746359911,6.32608274185961));
#2498=CARTESIAN_POINT('Ctrl Pts',(24.9895216551735,-0.746216193439638,6.21257370041724));
#2499=CARTESIAN_POINT('Ctrl Pts',(24.9977295072809,-0.382819333769912,6.06203113955577));
#2500=CARTESIAN_POINT('Ctrl Pts',(25.,-0.185250402432056,6.02500000000001));
#2501=CARTESIAN_POINT('Ctrl Pts',(25.,0.185250402432063,6.02500000000001));
#2502=CARTESIAN_POINT('Ctrl Pts',(24.9977295072809,0.382819333769919,6.06203113955577));
#2503=CARTESIAN_POINT('Ctrl Pts',(24.9895216551735,0.746216193439646,6.21257370041724));
#2504=CARTESIAN_POINT('Ctrl Pts',(24.9837015413982,0.912047746359918,6.32608274185961));
#2505=CARTESIAN_POINT('Ctrl Pts',(24.9727670064893,1.17391731181486,6.58795230731455));
#2506=CARTESIAN_POINT('Ctrl Pts',(24.9669424666408,1.28742631248549,6.75378383606169));
#2507=CARTESIAN_POINT('Ctrl Pts',(24.958724491991,1.43796883974163,7.11718061790051));
#2508=CARTESIAN_POINT('Ctrl Pts',(24.9564495671961,1.475,7.31474952162773));
#2509=CARTESIAN_POINT('Ctrl Pts',(24.9564495671961,1.475,7.68525047837229));
#2510=CARTESIAN_POINT('Ctrl Pts',(24.958724491991,1.43796883974163,7.8828193820995));
#2511=CARTESIAN_POINT('Ctrl Pts',(24.9669424666408,1.2874263124855,8.24621616393832));
#2512=CARTESIAN_POINT('Ctrl Pts',(24.9727670064893,1.17391731181486,8.41204769268546));
#2513=CARTESIAN_POINT('Ctrl Pts',(24.9837015413982,0.912047746359918,8.6739172581404));
#2514=CARTESIAN_POINT('Ctrl Pts',(24.9895216551735,0.746216193439647,8.78742629958277));
#2515=CARTESIAN_POINT('Ctrl Pts',(24.9977295072809,0.382819333769919,8.93796886044425));
#2516=CARTESIAN_POINT('Ctrl Pts',(25.,0.185250402432064,8.97500000000001));
#2517=CARTESIAN_POINT('Ctrl Pts',(25.,-0.185250402432057,8.97500000000001));
#2518=CARTESIAN_POINT('Ctrl Pts',(24.9977295072809,-0.382819333769913,8.93796886044425));
#2519=CARTESIAN_POINT('Ctrl Pts',(24.9895216551735,-0.746216193439641,8.78742629958277));
#2520=CARTESIAN_POINT('Ctrl Pts',(24.9837015413982,-0.912047746359911,8.6739172581404));
#2521=CARTESIAN_POINT('Ctrl Pts',(24.9727670064893,-1.17391731181485,8.41204769268546));
#2522=CARTESIAN_POINT('Ctrl Pts',(24.9669424666408,-1.28742631248549,8.24621616393832));
#2523=CARTESIAN_POINT('Ctrl Pts',(24.958724491991,-1.43796883974163,7.8828193820995));
#2524=CARTESIAN_POINT('Ctrl Pts',(24.9564495671961,-1.475,7.68525047837229));
#2525=CARTESIAN_POINT('Ctrl Pts',(24.9564495671961,-1.475,7.50000000000001));
#2526=CARTESIAN_POINT('Origin',(0.,3.52085954754864E-15,7.50000000000001));
#2527=CARTESIAN_POINT('',(-24.9564495671961,-1.475,7.50000000000001));
#2528=CARTESIAN_POINT('',(-25.,2.38609446562152E-16,8.97500000000001));
#2529=CARTESIAN_POINT('Ctrl Pts',(-24.9564495671961,-1.475,7.50000000000001));
#2530=CARTESIAN_POINT('Ctrl Pts',(-24.9564495671961,-1.475,7.68525047837229));
#2531=CARTESIAN_POINT('Ctrl Pts',(-24.958724491991,-1.43796883974163,7.8828193820995));
#2532=CARTESIAN_POINT('Ctrl Pts',(-24.9669424666408,-1.28742631248549,8.24621616393832));
#2533=CARTESIAN_POINT('Ctrl Pts',(-24.9727670064893,-1.17391731181485,8.41204769268546));
#2534=CARTESIAN_POINT('Ctrl Pts',(-24.9837015413982,-0.912047746359911,
8.6739172581404));
#2535=CARTESIAN_POINT('Ctrl Pts',(-24.9895216551735,-0.746216193439641,
8.78742629958277));
#2536=CARTESIAN_POINT('Ctrl Pts',(-24.9977295072809,-0.382819333769913,
8.93796886044425));
#2537=CARTESIAN_POINT('Ctrl Pts',(-25.,-0.185250402432057,8.97500000000001));
#2538=CARTESIAN_POINT('Ctrl Pts',(-25.,3.7470027081099E-15,8.97500000000001));
#2539=CARTESIAN_POINT('',(-29.9637176431764,-1.475,7.50000000000001));
#2540=CARTESIAN_POINT('',(0.,-1.475,7.50000000000001));
#2541=CARTESIAN_POINT('',(-30.,-1.88982896543063E-16,8.97500000000001));
#2542=CARTESIAN_POINT('Ctrl Pts',(-30.,3.29597460435593E-15,8.97500000000001));
#2543=CARTESIAN_POINT('Ctrl Pts',(-30.,-0.185236305101425,8.97500000000001));
#2544=CARTESIAN_POINT('Ctrl Pts',(-29.9981081324645,-0.382799147504719,
8.93797437068089));
#2545=CARTESIAN_POINT('Ctrl Pts',(-29.9912689373502,-0.746199867374329,
8.78743591483618));
#2546=CARTESIAN_POINT('Ctrl Pts',(-29.9864194124035,-0.912040263516374,
8.67392474098395));
#2547=CARTESIAN_POINT('Ctrl Pts',(-29.9773092065885,-1.17392476684435,8.41204023765597));
#2548=CARTESIAN_POINT('Ctrl Pts',(-29.9724571217362,-1.28743592143007,8.24619985334145));
#2549=CARTESIAN_POINT('Ctrl Pts',(-29.9656120730266,-1.43797436031227,7.88279917064978));
#2550=CARTESIAN_POINT('Ctrl Pts',(-29.9637176431764,-1.475,7.68523634168465));
#2551=CARTESIAN_POINT('Ctrl Pts',(-29.9637176431764,-1.475,7.50000000000001));
#2552=CARTESIAN_POINT('',(-30.,1.57961798652298E-16,6.02500000000001));
#2553=CARTESIAN_POINT('Ctrl Pts',(-30.,4.05925293378573E-15,6.02500000000001));
#2554=CARTESIAN_POINT('Ctrl Pts',(-30.,0.185236305101432,6.02500000000001));
#2555=CARTESIAN_POINT('Ctrl Pts',(-29.9981081324645,0.382799147504727,6.06202562931913));
#2556=CARTESIAN_POINT('Ctrl Pts',(-29.9912689373502,0.746199867374336,6.21256408516384));
#2557=CARTESIAN_POINT('Ctrl Pts',(-29.9864194124035,0.912040263516382,6.32607525901607));
#2558=CARTESIAN_POINT('Ctrl Pts',(-29.9773092065885,1.17392476684436,6.58795976234405));
#2559=CARTESIAN_POINT('Ctrl Pts',(-29.9724571217362,1.28743592143008,6.75380014665857));
#2560=CARTESIAN_POINT('Ctrl Pts',(-29.9656120730266,1.43797436031227,7.11720082935024));
#2561=CARTESIAN_POINT('Ctrl Pts',(-29.9637176431764,1.475,7.31476365831537));
#2562=CARTESIAN_POINT('Ctrl Pts',(-29.9637176431764,1.475,7.68523634168465));
#2563=CARTESIAN_POINT('Ctrl Pts',(-29.9656120730266,1.43797436031227,7.88279917064978));
#2564=CARTESIAN_POINT('Ctrl Pts',(-29.9724571217362,1.28743592143008,8.24619985334145));
#2565=CARTESIAN_POINT('Ctrl Pts',(-29.9773092065885,1.17392476684436,8.41204023765597));
#2566=CARTESIAN_POINT('Ctrl Pts',(-29.9864194124035,0.912040263516381,8.67392474098395));
#2567=CARTESIAN_POINT('Ctrl Pts',(-29.9912689373502,0.746199867374336,8.78743591483618));
#2568=CARTESIAN_POINT('Ctrl Pts',(-29.9981081324645,0.382799147504727,8.93797437068089));
#2569=CARTESIAN_POINT('Ctrl Pts',(-30.,0.185236305101431,8.97500000000001));
#2570=CARTESIAN_POINT('Ctrl Pts',(-30.,3.15719672627779E-15,8.97500000000001));
#2571=CARTESIAN_POINT('Ctrl Pts',(-29.9637176431764,-1.475,7.50000000000001));
#2572=CARTESIAN_POINT('Ctrl Pts',(-29.9637176431764,-1.475,7.31476365831537));
#2573=CARTESIAN_POINT('Ctrl Pts',(-29.9656120730266,-1.43797436031226,7.11720082935024));
#2574=CARTESIAN_POINT('Ctrl Pts',(-29.9724571217362,-1.28743592143007,6.75380014665857));
#2575=CARTESIAN_POINT('Ctrl Pts',(-29.9773092065885,-1.17392476684435,6.58795976234405));
#2576=CARTESIAN_POINT('Ctrl Pts',(-29.9864194124035,-0.912040263516372,
6.32607525901607));
#2577=CARTESIAN_POINT('Ctrl Pts',(-29.9912689373502,-0.746199867374328,
6.21256408516384));
#2578=CARTESIAN_POINT('Ctrl Pts',(-29.9981081324645,-0.382799147504719,
6.06202562931913));
#2579=CARTESIAN_POINT('Ctrl Pts',(-30.,-0.185236305101424,6.02500000000001));
#2580=CARTESIAN_POINT('Ctrl Pts',(-30.,4.16333634234434E-15,6.02500000000001));
#2581=CARTESIAN_POINT('',(-25.,2.73303916081688E-16,6.02500000000001));
#2582=CARTESIAN_POINT('Ctrl Pts',(-25.,3.57353036051222E-15,6.02500000000001));
#2583=CARTESIAN_POINT('Ctrl Pts',(-25.,-0.185250402432056,6.02500000000001));
#2584=CARTESIAN_POINT('Ctrl Pts',(-24.9977295072809,-0.382819333769912,
6.06203113955577));
#2585=CARTESIAN_POINT('Ctrl Pts',(-24.9895216551735,-0.746216193439639,
6.21257370041724));
#2586=CARTESIAN_POINT('Ctrl Pts',(-24.9837015413982,-0.912047746359911,
6.32608274185961));
#2587=CARTESIAN_POINT('Ctrl Pts',(-24.9727670064893,-1.17391731181485,6.58795230731455));
#2588=CARTESIAN_POINT('Ctrl Pts',(-24.9669424666408,-1.28742631248549,6.75378383606169));
#2589=CARTESIAN_POINT('Ctrl Pts',(-24.958724491991,-1.43796883974163,7.11718061790051));
#2590=CARTESIAN_POINT('Ctrl Pts',(-24.9564495671961,-1.475,7.31474952162773));
#2591=CARTESIAN_POINT('Ctrl Pts',(-24.9564495671961,-1.475,7.50000000000001));
#2592=CARTESIAN_POINT('Ctrl Pts',(-25.,3.53883589099269E-15,8.97500000000001));
#2593=CARTESIAN_POINT('Ctrl Pts',(-25.,0.185250402432064,8.97500000000001));
#2594=CARTESIAN_POINT('Ctrl Pts',(-24.9977295072809,0.38281933376992,8.93796886044425));
#2595=CARTESIAN_POINT('Ctrl Pts',(-24.9895216551735,0.746216193439648,8.78742629958277));
#2596=CARTESIAN_POINT('Ctrl Pts',(-24.9837015413982,0.912047746359919,8.6739172581404));
#2597=CARTESIAN_POINT('Ctrl Pts',(-24.9727670064893,1.17391731181486,8.41204769268546));
#2598=CARTESIAN_POINT('Ctrl Pts',(-24.9669424666408,1.2874263124855,8.24621616393832));
#2599=CARTESIAN_POINT('Ctrl Pts',(-24.958724491991,1.43796883974163,7.8828193820995));
#2600=CARTESIAN_POINT('Ctrl Pts',(-24.9564495671961,1.475,7.68525047837229));
#2601=CARTESIAN_POINT('Ctrl Pts',(-24.9564495671961,1.475,7.31474952162773));
#2602=CARTESIAN_POINT('Ctrl Pts',(-24.958724491991,1.43796883974163,7.11718061790051));
#2603=CARTESIAN_POINT('Ctrl Pts',(-24.9669424666408,1.28742631248549,6.75378383606169));
#2604=CARTESIAN_POINT('Ctrl Pts',(-24.9727670064893,1.17391731181486,6.58795230731455));
#2605=CARTESIAN_POINT('Ctrl Pts',(-24.9837015413982,0.912047746359918,6.32608274185961));
#2606=CARTESIAN_POINT('Ctrl Pts',(-24.9895216551735,0.746216193439646,6.21257370041724));
#2607=CARTESIAN_POINT('Ctrl Pts',(-24.9977295072809,0.382819333769919,6.06203113955577));
#2608=CARTESIAN_POINT('Ctrl Pts',(-25.,0.185250402432063,6.02500000000001));
#2609=CARTESIAN_POINT('Ctrl Pts',(-25.,3.64291929955129E-15,6.02500000000001));
#2610=CARTESIAN_POINT('Origin',(5.00000029802322,2.5000000372529,105.));
#2611=CARTESIAN_POINT('',(5.00000029802322,5.,90.));
#2612=CARTESIAN_POINT('',(20.0000002980232,5.00000007450581,105.));
#2613=CARTESIAN_POINT('Origin',(5.00000029802322,5.,105.));
#2614=CARTESIAN_POINT('',(20.0000002980232,-5.00000007450581,105.));
#2615=CARTESIAN_POINT('',(20.0000002980232,2.5000000372529,105.));
#2616=CARTESIAN_POINT('',(5.00000029802322,-5.00000007450581,90.));
#2617=CARTESIAN_POINT('Origin',(5.00000029802322,-5.00000007450581,105.));
#2618=CARTESIAN_POINT('',(5.00000029802322,2.5000000372529,90.));
#2619=CARTESIAN_POINT('Origin',(20.0000002980232,5.00000007450581,90.));
#2620=CARTESIAN_POINT('',(20.0000002980232,5.00000007450581,111.754));
#2621=CARTESIAN_POINT('',(20.0000002980232,5.00000007450581,90.));
#2622=CARTESIAN_POINT('',(20.0000002980232,-5.00000007450581,111.754));
#2623=CARTESIAN_POINT('',(20.0000002980232,2.5000000372529,111.754));
#2624=CARTESIAN_POINT('',(20.0000002980232,-5.00000007450581,90.));
#2625=CARTESIAN_POINT('Origin',(25.7071072563983,1.,86.707108132247));
#2626=CARTESIAN_POINT('',(26.4142139994692,5.,88.4142149233895));
#2627=CARTESIAN_POINT('',(25.0000005133274,5.,85.0000013411045));
#2628=CARTESIAN_POINT('',(28.5080480313655,5.,93.4691777425135));
#2629=CARTESIAN_POINT('',(25.0000005133274,-5.00000007450581,85.0000013411045));
#2630=CARTESIAN_POINT('',(25.0000005133274,1.,85.0000013411045));
#2631=CARTESIAN_POINT('',(26.4142139994693,-5.00000007450581,88.4142149233895));
#2632=CARTESIAN_POINT('',(30.0830371436722,-5.00000007450581,97.2715380451711));
#2633=CARTESIAN_POINT('',(26.4142139994692,1.,88.4142149233895));
#2634=CARTESIAN_POINT('Origin',(25.000000372529,5.,90.0000013411045));
#2635=CARTESIAN_POINT('',(25.0000006541258,5.,80.0000013411045));
#2636=CARTESIAN_POINT('',(25.000000372529,5.,90.0000013411045));
#2637=CARTESIAN_POINT('',(25.0000006541258,0.,80.0000013411045));
#2638=CARTESIAN_POINT('',(25.0000006541258,-11.,80.0000013411045));
#2639=CARTESIAN_POINT('',(25.0000006541258,-5.00000007450581,80.));
#2640=CARTESIAN_POINT('',(25.0000006541258,-11.,80.0000013411045));
#2641=CARTESIAN_POINT('',(25.000000372529,-5.00000007450581,90.));
#2642=CARTESIAN_POINT('Origin',(26.5000004147685,-3.,88.5000013411045));
#2643=CARTESIAN_POINT('',(28.0000000165164,-5.00000007450581,90.));
#2644=CARTESIAN_POINT('',(31.9385000794924,-5.00000007450581,93.9385011589748));
#2645=CARTESIAN_POINT('',(28.0000004172325,5.,90.0000013411045));
#2646=CARTESIAN_POINT('',(28.0000004172325,-11.,90.0000013411045));
#2647=CARTESIAN_POINT('',(30.4067503783302,5.,92.406751414679));
#2648=CARTESIAN_POINT('Origin',(25.0000006541258,5.,80.0000013411045));
#2649=CARTESIAN_POINT('',(24.4948976942201,-5.00000007450581,80.));
#2650=CARTESIAN_POINT('Origin',(0.,0.,80.0000006371126));
#2651=CARTESIAN_POINT('',(25.0000006541258,-5.00000007450581,80.));
#2652=CARTESIAN_POINT('Origin',(25.0000006541258,5.,80.0000013411045));
#2653=CARTESIAN_POINT('',(24.4948976942201,5.00000007450581,80.));
#2654=CARTESIAN_POINT('Origin',(0.,0.,80.0000006371126));
#2655=CARTESIAN_POINT('',(25.0000006541258,5.,80.0000013411045));
#2656=CARTESIAN_POINT('Origin',(0.,0.,-50.));
#2657=CARTESIAN_POINT('',(-25.,3.06161699786838E-15,-50.));
#2658=CARTESIAN_POINT('Origin',(0.,0.,-50.));
#2659=CARTESIAN_POINT('',(-25.,-3.06161699786838E-15,-50.));
#2660=CARTESIAN_POINT('',(-25.,-3.06161699786838E-15,90.));
#2661=CARTESIAN_POINT('',(-25.,-3.06161699786838E-15,-50.));
#2662=CARTESIAN_POINT('',(24.4948974126233,-5.00000007450581,90.));
#2663=CARTESIAN_POINT('Origin',(0.,0.,90.));
#2664=CARTESIAN_POINT('',(24.4948974126233,-5.00000007450581,-50.));
#2665=CARTESIAN_POINT('',(24.4948974126233,5.00000007450581,90.));
#2666=CARTESIAN_POINT('',(24.4948974278318,5.,-50.));
#2667=CARTESIAN_POINT('Origin',(0.,0.,90.));
#2668=CARTESIAN_POINT('Origin',(0.,0.,111.754));
#2669=CARTESIAN_POINT('',(34.4183567632942,-5.00000007450581,111.754));
#2670=CARTESIAN_POINT('',(10.0000001490116,-5.00000007450581,111.754));
#2671=CARTESIAN_POINT('',(34.5000005140901,5.,111.754001788139));
#2672=CARTESIAN_POINT('',(12.2474487063117,5.00000007450581,111.754));
#2673=CARTESIAN_POINT('',(34.5000005140901,11.,111.754));
#2674=CARTESIAN_POINT('',(34.5000005140901,0.868918914830954,111.754001788139));
#2675=CARTESIAN_POINT('',(-29.,11.,111.754));
#2676=CARTESIAN_POINT('',(-14.5,11.,111.754));
#2677=CARTESIAN_POINT('',(-29.,-11.,111.754));
#2678=CARTESIAN_POINT('',(-29.,-5.5,111.754));
#2679=CARTESIAN_POINT('',(34.4183567632942,-11.0000001639128,111.754));
#2680=CARTESIAN_POINT('',(14.5,-11.,111.754));
#2681=CARTESIAN_POINT('',(34.4183567632942,-5.00000007450581,111.754));
#2682=CARTESIAN_POINT('Origin',(34.5000005140901,-11.,111.754001788139));
#2683=CARTESIAN_POINT('',(34.4183567632942,-5.00000007450581,111.480758993548));
#2684=CARTESIAN_POINT('',(34.110683585126,-5.00000007450581,110.451047861905));
#2685=CARTESIAN_POINT('',(34.4183567632942,-11.0000001639128,111.480758993548));
#2686=CARTESIAN_POINT('',(34.4183567632942,-8.0000000372529,111.480758993548));
#2687=CARTESIAN_POINT('',(34.5000005140901,-11.,111.754001788139));
#2688=CARTESIAN_POINT('',(34.5000005140901,-11.,111.754001788139));
#2689=CARTESIAN_POINT('',(34.5000005140901,0.868918914830954,111.754001788139));
#2690=CARTESIAN_POINT('',(34.5000005140901,5.,111.754001788139));
#2691=CARTESIAN_POINT('Origin',(25.000000372529,-5.00000007450581,111.754));
#2692=CARTESIAN_POINT('',(10.0000001490116,-5.00000007450581,90.));
#2693=CARTESIAN_POINT('',(34.4183567632942,-5.00000007450581,111.754));
#2694=CARTESIAN_POINT('Origin',(34.4183567632942,-5.00000007450581,111.754));
#2695=CARTESIAN_POINT('',(34.4183567632942,-11.,140.877));
#2696=CARTESIAN_POINT('Origin',(29.7500001370168,5.,100.877001564622));
#2697=CARTESIAN_POINT('',(12.2474487063117,5.00000007450581,90.));
#2698=CARTESIAN_POINT('Origin',(32.0000005140901,-11.,115.780281229768));
#2699=CARTESIAN_POINT('',(32.0000005140901,-11.,126.780281229768));
#2700=CARTESIAN_POINT('',(32.0000005140901,-11.,126.780281229768));
#2701=CARTESIAN_POINT('',(32.0000005140901,-11.,142.890140614884));
#2702=CARTESIAN_POINT('Origin',(32.0000005140901,-11.,126.780281229768));
#2703=CARTESIAN_POINT('',(30.500000257045,-11.,126.780281229768));
#2704=CARTESIAN_POINT('Origin',(25.3416256375241,11.131081085169,98.7485855480952));
#2705=CARTESIAN_POINT('',(24.,21.131081085169,97.0285526794746));
#2706=CARTESIAN_POINT('',(31.8850230601779,11.131081085169,90.8782346925358));
#2707=CARTESIAN_POINT('Origin',(24.,11.131081085169,97.0285526794746));
#2708=CARTESIAN_POINT('',(27.858554052129,11.131081085169,85.7160949386269));
#2709=CARTESIAN_POINT('',(33.226648697702,11.131081085169,92.5982675611564));
#2710=CARTESIAN_POINT('',(21.2950090906769,21.131081085169,93.5606156162398));
#2711=CARTESIAN_POINT('Ctrl Pts',(21.2950090906769,21.131081085169,93.5606156162398));
#2712=CARTESIAN_POINT('Ctrl Pts',(21.2950090906769,21.131081085169,92.6315924810236));
#2713=CARTESIAN_POINT('Ctrl Pts',(21.3455258069014,21.0809884527174,91.6133913309109));
#2714=CARTESIAN_POINT('Ctrl Pts',(21.6231216793841,20.7961572618528,89.6432900130303));
#2715=CARTESIAN_POINT('Ctrl Pts',(21.8535147342394,20.5581208877206,88.6923364634559));
#2716=CARTESIAN_POINT('Ctrl Pts',(22.3640151932944,19.9984697857767,87.36665092486));
#2717=CARTESIAN_POINT('Ctrl Pts',(22.6238510771119,19.7072567971943,86.8413690284031));
#2718=CARTESIAN_POINT('Ctrl Pts',(23.2215519832412,18.9993191070858,85.9448345245261));
#2719=CARTESIAN_POINT('Ctrl Pts',(23.5587665003558,18.5814432913854,85.5740577529184));
#2720=CARTESIAN_POINT('Ctrl Pts',(24.2498963313008,17.6723445493035,85.0010656437893));
#2721=CARTESIAN_POINT('Ctrl Pts',(24.6324655784697,17.1378637578447,84.7936765427331));
#2722=CARTESIAN_POINT('Ctrl Pts',(25.385513048616,16.001264384887,84.5614699882402));
#2723=CARTESIAN_POINT('Ctrl Pts',(25.7559012076367,15.3991113158148,84.5365292921231));
#2724=CARTESIAN_POINT('Ctrl Pts',(26.8003501746903,13.5549819507482,84.6988030508588));
#2725=CARTESIAN_POINT('Ctrl Pts',(27.4029766544322,12.2712872755251,85.1320213518362));
#2726=CARTESIAN_POINT('Ctrl Pts',(27.858554052129,11.131081085169,85.7160949386269));
#2727=CARTESIAN_POINT('',(25.3416256375241,21.131081085169,98.7485855480952));
#2728=CARTESIAN_POINT('Ctrl Pts',(36.8850230601779,6.13108108516904,97.2884911027922));
#2729=CARTESIAN_POINT('Ctrl Pts',(36.8850230601779,6.87907933602376,97.2884911027922));
#2730=CARTESIAN_POINT('Ctrl Pts',(36.6279447750755,7.99976881103244,96.9589035577891));
#2731=CARTESIAN_POINT('Ctrl Pts',(35.6269878387728,9.593794811748,95.675625434324));
#2732=CARTESIAN_POINT('Ctrl Pts',(34.1289058525264,10.7896794977207,93.755007503239));
#2733=CARTESIAN_POINT('Ctrl Pts',(32.6330213110326,11.131081085169,91.8372068090162));
#2734=CARTESIAN_POINT('Ctrl Pts',(31.8850230601779,11.131081085169,90.8782346925358));
#2735=CARTESIAN_POINT('Ctrl Pts',(37.2730356649382,6.13108108516904,97.7859431601772));
#2736=CARTESIAN_POINT('Ctrl Pts',(37.2730356649382,7.03253985861211,97.7859431601772));
#2737=CARTESIAN_POINT('Ctrl Pts',(37.002106435487,8.38332710554822,97.4390386909941));
#2738=CARTESIAN_POINT('Ctrl Pts',(35.9418269171278,10.3532877968751,96.0797469057924));
#2739=CARTESIAN_POINT('Ctrl Pts',(34.3452283875258,11.9126095495731,94.032732431133));
#2740=CARTESIAN_POINT('Ctrl Pts',(32.7174573451091,12.5143609671363,91.9460521155415));
#2741=CARTESIAN_POINT('Ctrl Pts',(31.8850230601779,12.6270775868785,90.8782346925358));
#2742=CARTESIAN_POINT('Ctrl Pts',(37.9543962084089,6.13108108516904,98.8545250004305));
#2743=CARTESIAN_POINT('Ctrl Pts',(37.9543962084089,7.33943239422413,98.8545250004305));
#2744=CARTESIAN_POINT('Ctrl Pts',(37.6375784514141,9.15023567737376,98.487108801693));
#2745=CARTESIAN_POINT('Ctrl Pts',(36.3816305174041,11.8715383761393,97.0356183787097));
#2746=CARTESIAN_POINT('Ctrl Pts',(34.4649265127852,14.1564464092645,94.8313323679238));
#2747=CARTESIAN_POINT('Ctrl Pts',(32.4288259086925,15.2754039936754,92.5198161586251));
#2748=CARTESIAN_POINT('Ctrl Pts',(31.3449243320687,15.6114036912713,91.299511700461));
#2749=CARTESIAN_POINT('Ctrl Pts',(38.7744351729952,6.13108108516904,100.915461988442));
#2750=CARTESIAN_POINT('Ctrl Pts',(38.7744351729952,7.85736572531937,100.915461988442));
#2751=CARTESIAN_POINT('Ctrl Pts',(38.3062138372966,10.445887689899,100.549904374712));
#2752=CARTESIAN_POINT('Ctrl Pts',(36.4315140073155,14.3547334393655,99.1044065277708));
#2753=CARTESIAN_POINT('Ctrl Pts',(33.5443631666045,17.6658494139541,96.9063951821049));
#2754=CARTESIAN_POINT('Ctrl Pts',(30.4052841566691,19.3207663950506,94.5887489769415));
#2755=CARTESIAN_POINT('Ctrl Pts',(28.7078289133627,19.8206134032972,93.3564461270516));
#2756=CARTESIAN_POINT('Ctrl Pts',(39.,6.13108108516904,102.492485812826));
#2757=CARTESIAN_POINT('Ctrl Pts',(39.,8.19361878105408,102.492485812826));
#2758=CARTESIAN_POINT('Ctrl Pts',(38.3561614542731,11.2836926363446,102.149645685406));
#2759=CARTESIAN_POINT('Ctrl Pts',(35.8106567182243,15.8161524673689,100.80546093268));
#2760=CARTESIAN_POINT('Ctrl Pts',(31.9366502673369,19.438946107306,98.780412616731));
#2761=CARTESIAN_POINT('Ctrl Pts',(27.8812203485982,20.863004603821,96.7116870814315));
#2762=CARTESIAN_POINT('Ctrl Pts',(25.7693950370886,21.1310810851691,95.6484245505454));
#2763=CARTESIAN_POINT('Ctrl Pts',(39.,6.13108108516904,103.438809089731));
#2764=CARTESIAN_POINT('Ctrl Pts',(39.,8.37507583773318,103.438809089731));
#2765=CARTESIAN_POINT('Ctrl Pts',(38.2287651446927,11.7371442627592,103.109221544728));
#2766=CARTESIAN_POINT('Ctrl Pts',(35.2258943357846,16.5192222649059,101.825943421263));
#2767=CARTESIAN_POINT('Ctrl Pts',(30.7316483770456,20.106876322824,99.9053254901778));
#2768=CARTESIAN_POINT('Ctrl Pts',(26.2439947525641,21.1310810851691,97.987524795955));
#2769=CARTESIAN_POINT('Ctrl Pts',(24.,21.1310810851691,97.0285526794746));
#2770=CARTESIAN_POINT('',(39.,6.13108108516904,103.438809089731));
#2771=CARTESIAN_POINT('',(36.8850230601779,6.13108108516904,97.2884911027922));
#2772=CARTESIAN_POINT('Origin',(29.,6.13108108516904,103.438809089731));
#2773=CARTESIAN_POINT('Origin',(31.8850230601779,6.13108108516904,90.8782346925358));
#2774=CARTESIAN_POINT('Origin',(24.,6.13108108516904,97.0285526794746));
#2775=CARTESIAN_POINT('Origin',(29.,-21.131081085169,103.438809089731));
#2776=CARTESIAN_POINT('',(36.8850230601779,-6.13108108516905,97.2884911027922));
#2777=CARTESIAN_POINT('Origin',(29.,-6.13108108516905,103.438809089731));
#2778=CARTESIAN_POINT('',(36.8850230601779,-21.131081085169,97.2884911027922));
#2779=CARTESIAN_POINT('',(39.,-21.131081085169,103.438809089731));
#2780=CARTESIAN_POINT('Ctrl Pts',(31.8850230601779,-11.1310810851691,90.8782346925358));
#2781=CARTESIAN_POINT('Ctrl Pts',(32.446021748319,-11.1310810851691,91.5974637798961));
#2782=CARTESIAN_POINT('Ctrl Pts',(33.5676704793986,-10.9402580787002,93.035474973588));
#2783=CARTESIAN_POINT('Ctrl Pts',(35.2285026210825,-10.0236141177048,95.1647469501058));
#2784=CARTESIAN_POINT('Ctrl Pts',(36.5436923285439,-8.37481656318451,96.8508876006973));
#2785=CARTESIAN_POINT('Ctrl Pts',(36.8850230601779,-6.87907933602376,97.2884911027922));
#2786=CARTESIAN_POINT('Ctrl Pts',(36.8850230601779,-6.13108108516905,97.2884911027922));
#2787=CARTESIAN_POINT('Ctrl Pts',(31.8850230601779,-12.6270775868785,90.8782346925358));
#2788=CARTESIAN_POINT('Ctrl Pts',(32.5093487738763,-12.5425401220719,91.6790977597901));
#2789=CARTESIAN_POINT('Ctrl Pts',(33.7368382194827,-12.1626924540244,93.2525993793336));
#2790=CARTESIAN_POINT('Ctrl Pts',(35.5195639919863,-10.894727404715,95.5385217858803));
#2791=CARTESIAN_POINT('Ctrl Pts',(36.913157170232,-8.83496847249343,97.3250802586402));
#2792=CARTESIAN_POINT('Ctrl Pts',(37.2730356649382,-7.03253985861211,97.7859431601772));
#2793=CARTESIAN_POINT('Ctrl Pts',(37.2730356649382,-6.13108108516905,97.7859431601772));
#2794=CARTESIAN_POINT('Ctrl Pts',(31.3449242824004,-15.6114035738729,91.2995117392023));
#2795=CARTESIAN_POINT('Ctrl Pts',(32.1578504648683,-15.359403800676,92.2147400828254));
#2796=CARTESIAN_POINT('Ctrl Pts',(33.709062403335,-14.6044721511669,93.9714409648082));
#2797=CARTESIAN_POINT('Ctrl Pts',(35.8810461450047,-12.6359869522737,96.457558022134));
#2798=CARTESIAN_POINT('Ctrl Pts',(37.5331333754627,-9.75503407258488,98.366013576425));
#2799=CARTESIAN_POINT('Ctrl Pts',(37.9543962039194,-7.33943239422413,98.8545250014218));
#2800=CARTESIAN_POINT('Ctrl Pts',(37.9543962039194,-6.13108108516905,98.8545250014218));
#2801=CARTESIAN_POINT('Ctrl Pts',(28.707828844849,-19.8206131569009,93.3564461804924));
#2802=CARTESIAN_POINT('Ctrl Pts',(29.9809202773288,-19.445727900716,94.2806733179098));
#2803=CARTESIAN_POINT('Ctrl Pts',(32.3829204813878,-18.3268416198755,96.045247444749));
#2804=CARTESIAN_POINT('Ctrl Pts',(35.6837702672504,-15.4576619123616,98.5287467421634));
#2805=CARTESIAN_POINT('Ctrl Pts',(38.1516772682593,-11.3097337698744,100.429346158583));
#2806=CARTESIAN_POINT('Ctrl Pts',(38.774435164586,-7.85736572531938,100.915461989698));
#2807=CARTESIAN_POINT('Ctrl Pts',(38.774435164586,-6.13108108516905,100.915461989698));
#2808=CARTESIAN_POINT('Ctrl Pts',(25.7693950370886,-21.1310810851691,95.6484245505454));
#2809=CARTESIAN_POINT('Ctrl Pts',(27.3532640207208,-20.930023724158,96.44587144871));
#2810=CARTESIAN_POINT('Ctrl Pts',(30.4263789295536,-20.0316128095054,98.0072913986592));
#2811=CARTESIAN_POINT('Ctrl Pts',(34.795489479188,-17.0678052684197,100.270318474351));
#2812=CARTESIAN_POINT('Ctrl Pts',(38.1445437844108,-12.3164086259721,102.036935129045));
#2813=CARTESIAN_POINT('Ctrl Pts',(39.,-8.19361878105408,102.492485812826));
#2814=CARTESIAN_POINT('Ctrl Pts',(39.,-6.13108108516905,102.492485812826));
#2815=CARTESIAN_POINT('Ctrl Pts',(24.,-21.1310810851691,97.0285526794746));
#2816=CARTESIAN_POINT('Ctrl Pts',(25.6829960644231,-21.1310810851691,97.7477817668348));
#2817=CARTESIAN_POINT('Ctrl Pts',(29.0479422576621,-20.5586120657624,99.1857929605268));
#2818=CARTESIAN_POINT('Ctrl Pts',(34.0304386827139,-17.8086801827763,101.315064937045));
#2819=CARTESIAN_POINT('Ctrl Pts',(37.9760078050979,-12.8622875192154,103.001205587636));
#2820=CARTESIAN_POINT('Ctrl Pts',(39.,-8.37507583773319,103.438809089731));
#2821=CARTESIAN_POINT('Ctrl Pts',(39.,-6.13108108516905,103.438809089731));
#2822=CARTESIAN_POINT('',(31.8850230601779,-11.1310810851691,90.8782346925358));
#2823=CARTESIAN_POINT('Origin',(24.,-11.1310810851691,97.0285526794746));
#2824=CARTESIAN_POINT('Origin',(31.8850230601779,-6.13108108516905,90.8782346925358));
#2825=CARTESIAN_POINT('Origin',(22.2624814851605,-11.131081085169,94.8009648399368));
#2826=CARTESIAN_POINT('',(21.2950090906769,-21.131081085169,93.5606156162398));
#2827=CARTESIAN_POINT('',(27.858554052129,-11.131081085169,85.7160949386269));
#2828=CARTESIAN_POINT('Ctrl Pts',(27.858554052129,-11.131081085169,85.7160949386269));
#2829=CARTESIAN_POINT('Ctrl Pts',(27.4029766544322,-12.2712872755251,85.1320213518361));
#2830=CARTESIAN_POINT('Ctrl Pts',(26.8003501746903,-13.5549819507482,84.6988030508588));
#2831=CARTESIAN_POINT('Ctrl Pts',(25.7559012076367,-15.3991113158148,84.5365292921231));
#2832=CARTESIAN_POINT('Ctrl Pts',(25.385513048616,-16.001264384887,84.5614699882401));
#2833=CARTESIAN_POINT('Ctrl Pts',(24.6324655784697,-17.1378637578447,84.7936765427331));
#2834=CARTESIAN_POINT('Ctrl Pts',(24.2498963313008,-17.6723445493035,85.0010656437893));
#2835=CARTESIAN_POINT('Ctrl Pts',(23.5587665003558,-18.5814432913854,85.5740577529184));
#2836=CARTESIAN_POINT('Ctrl Pts',(23.2215519832412,-18.9993191070858,85.9448345245261));
#2837=CARTESIAN_POINT('Ctrl Pts',(22.6238510771119,-19.7072567971943,86.8413690284031));
#2838=CARTESIAN_POINT('Ctrl Pts',(22.3640151932944,-19.9984697857767,87.36665092486));
#2839=CARTESIAN_POINT('Ctrl Pts',(21.8535147342394,-20.5581208877206,88.6923364634559));
#2840=CARTESIAN_POINT('Ctrl Pts',(21.6231216793841,-20.7961572618528,89.6432900130303));
#2841=CARTESIAN_POINT('Ctrl Pts',(21.3455258069014,-21.0809884527174,91.6133913309108));
#2842=CARTESIAN_POINT('Ctrl Pts',(21.2950090906769,-21.131081085169,92.6315924810236));
#2843=CARTESIAN_POINT('Ctrl Pts',(21.2950090906769,-21.1310810851691,93.5606156162398));
#2844=CARTESIAN_POINT('',(30.1475045453384,-11.131081085169,88.650646852998));
#2845=CARTESIAN_POINT('',(22.2624814851605,-21.131081085169,94.8009648399368));
#2846=CARTESIAN_POINT('Origin',(21.2950090906769,-21.131081085169,77.301293705996));
#2847=CARTESIAN_POINT('',(21.2950090906769,-21.131081085169,-50.));
#2848=CARTESIAN_POINT('Origin',(39.,-21.131081085169,100.));
#2849=CARTESIAN_POINT('',(39.,6.13108108516904,95.));
#2850=CARTESIAN_POINT('Origin',(24.,6.13108108516904,95.));
#2851=CARTESIAN_POINT('',(24.,21.131081085169,95.));
#2852=CARTESIAN_POINT('Origin',(21.2950090906769,21.131081085169,90.));
#2853=CARTESIAN_POINT('',(21.2950090906769,21.131081085169,-50.));
#2854=CARTESIAN_POINT('Origin',(-5.8416256375241,-11.131081085169,73.7485855480952));
#2855=CARTESIAN_POINT('',(-24.,-21.131081085169,97.0285526794745));
#2856=CARTESIAN_POINT('',(-31.8850230601779,-11.131081085169,90.8782346925358));
#2857=CARTESIAN_POINT('Origin',(-24.,-11.131081085169,97.0285526794745));
#2858=CARTESIAN_POINT('',(-27.858554052129,-11.131081085169,85.7160949386269));
#2859=CARTESIAN_POINT('',(-13.726648697702,-11.131081085169,67.5982675611564));
#2860=CARTESIAN_POINT('',(-21.2950090906769,-21.131081085169,93.5606156162398));
#2861=CARTESIAN_POINT('Ctrl Pts',(-21.2950090906769,-21.131081085169,93.5606156162398));
#2862=CARTESIAN_POINT('Ctrl Pts',(-21.2950090906769,-21.131081085169,92.6315924810236));
#2863=CARTESIAN_POINT('Ctrl Pts',(-21.3455258069014,-21.0809884527174,91.6133913309108));
#2864=CARTESIAN_POINT('Ctrl Pts',(-21.6231216793841,-20.7961572618529,89.6432900130303));
#2865=CARTESIAN_POINT('Ctrl Pts',(-21.8535147342394,-20.5581208877206,88.6923364634559));
#2866=CARTESIAN_POINT('Ctrl Pts',(-22.3640151932944,-19.9984697857767,87.36665092486));
#2867=CARTESIAN_POINT('Ctrl Pts',(-22.6238510771119,-19.7072567971943,86.8413690284031));
#2868=CARTESIAN_POINT('Ctrl Pts',(-23.2215519832412,-18.9993191070858,85.9448345245261));
#2869=CARTESIAN_POINT('Ctrl Pts',(-23.5587665003558,-18.5814432913854,85.5740577529184));
#2870=CARTESIAN_POINT('Ctrl Pts',(-24.2498963313008,-17.6723445493035,85.0010656437893));
#2871=CARTESIAN_POINT('Ctrl Pts',(-24.6324655784697,-17.1378637578447,84.7936765427331));
#2872=CARTESIAN_POINT('Ctrl Pts',(-25.385513048616,-16.001264384887,84.5614699882402));
#2873=CARTESIAN_POINT('Ctrl Pts',(-25.7559012076367,-15.3991113158148,84.5365292921231));
#2874=CARTESIAN_POINT('Ctrl Pts',(-26.8003501746903,-13.5549819507482,84.6988030508588));
#2875=CARTESIAN_POINT('Ctrl Pts',(-27.4029766544322,-12.2712872755251,85.1320213518361));
#2876=CARTESIAN_POINT('Ctrl Pts',(-27.858554052129,-11.131081085169,85.7160949386269));
#2877=CARTESIAN_POINT('',(-5.8416256375241,-21.131081085169,73.7485855480952));
#2878=CARTESIAN_POINT('Ctrl Pts',(-36.8850230601779,-6.13108108516905,97.2884911027922));
#2879=CARTESIAN_POINT('Ctrl Pts',(-36.8850230601779,-6.87907933602376,97.2884911027922));
#2880=CARTESIAN_POINT('Ctrl Pts',(-36.6279447750755,-7.99976881103245,96.9589035577891));
#2881=CARTESIAN_POINT('Ctrl Pts',(-35.6269878387728,-9.59379481174801,95.675625434324));
#2882=CARTESIAN_POINT('Ctrl Pts',(-34.1289058525264,-10.7896794977207,93.755007503239));
#2883=CARTESIAN_POINT('Ctrl Pts',(-32.6330213110326,-11.1310810851691,91.8372068090162));
#2884=CARTESIAN_POINT('Ctrl Pts',(-31.8850230601779,-11.1310810851691,90.8782346925358));
#2885=CARTESIAN_POINT('Ctrl Pts',(-37.2730356649382,-6.13108108516905,97.7859431601772));
#2886=CARTESIAN_POINT('Ctrl Pts',(-37.2730356649382,-7.03253985861211,97.7859431601772));
#2887=CARTESIAN_POINT('Ctrl Pts',(-37.002106435487,-8.38332710554823,97.4390386909942));
#2888=CARTESIAN_POINT('Ctrl Pts',(-35.9418269171278,-10.3532877968751,96.0797469057925));
#2889=CARTESIAN_POINT('Ctrl Pts',(-34.3452283875258,-11.9126095495731,94.032732431133));
#2890=CARTESIAN_POINT('Ctrl Pts',(-32.7174573451091,-12.5143609671363,91.9460521155415));
#2891=CARTESIAN_POINT('Ctrl Pts',(-31.8850230601779,-12.6270775868785,90.8782346925358));
#2892=CARTESIAN_POINT('Ctrl Pts',(-37.9543962084089,-6.13108108516905,98.8545250004305));
#2893=CARTESIAN_POINT('Ctrl Pts',(-37.9543962084089,-7.33943239422413,98.8545250004305));
#2894=CARTESIAN_POINT('Ctrl Pts',(-37.6375784514141,-9.15023567737377,98.487108801693));
#2895=CARTESIAN_POINT('Ctrl Pts',(-36.3816305174041,-11.8715383761393,97.0356183787098));
#2896=CARTESIAN_POINT('Ctrl Pts',(-34.4649265127852,-14.1564464092645,94.8313323679238));
#2897=CARTESIAN_POINT('Ctrl Pts',(-32.4288259086925,-15.2754039936754,92.5198161586251));
#2898=CARTESIAN_POINT('Ctrl Pts',(-31.3449243320686,-15.6114036912713,91.299511700461));
#2899=CARTESIAN_POINT('Ctrl Pts',(-38.7744351729952,-6.13108108516905,100.915461988442));
#2900=CARTESIAN_POINT('Ctrl Pts',(-38.7744351729952,-7.85736572531938,100.915461988442));
#2901=CARTESIAN_POINT('Ctrl Pts',(-38.3062138372966,-10.445887689899,100.549904374712));
#2902=CARTESIAN_POINT('Ctrl Pts',(-36.4315140073155,-14.3547334393654,99.1044065277708));
#2903=CARTESIAN_POINT('Ctrl Pts',(-33.5443631666045,-17.6658494139541,96.9063951821049));
#2904=CARTESIAN_POINT('Ctrl Pts',(-30.4052841566691,-19.3207663950506,94.5887489769415));
#2905=CARTESIAN_POINT('Ctrl Pts',(-28.7078289133627,-19.8206134032972,93.3564461270516));
#2906=CARTESIAN_POINT('Ctrl Pts',(-39.,-6.13108108516905,102.492485812826));
#2907=CARTESIAN_POINT('Ctrl Pts',(-39.,-8.19361878105408,102.492485812826));
#2908=CARTESIAN_POINT('Ctrl Pts',(-38.3561614542731,-11.2836926363446,102.149645685406));
#2909=CARTESIAN_POINT('Ctrl Pts',(-35.8106567182243,-15.8161524673689,100.80546093268));
#2910=CARTESIAN_POINT('Ctrl Pts',(-31.9366502673369,-19.438946107306,98.780412616731));
#2911=CARTESIAN_POINT('Ctrl Pts',(-27.8812203485982,-20.863004603821,96.7116870814315));
#2912=CARTESIAN_POINT('Ctrl Pts',(-25.7693950370886,-21.131081085169,95.6484245505454));
#2913=CARTESIAN_POINT('Ctrl Pts',(-39.,-6.13108108516905,103.438809089731));
#2914=CARTESIAN_POINT('Ctrl Pts',(-39.,-8.37507583773319,103.438809089731));
#2915=CARTESIAN_POINT('Ctrl Pts',(-38.2287651446927,-11.7371442627592,103.109221544728));
#2916=CARTESIAN_POINT('Ctrl Pts',(-35.2258943357846,-16.5192222649059,101.825943421263));
#2917=CARTESIAN_POINT('Ctrl Pts',(-30.7316483770456,-20.106876322824,99.9053254901778));
#2918=CARTESIAN_POINT('Ctrl Pts',(-26.2439947525641,-21.131081085169,97.9875247959549));
#2919=CARTESIAN_POINT('Ctrl Pts',(-24.,-21.131081085169,97.0285526794745));
#2920=CARTESIAN_POINT('',(-39.,-6.13108108516905,103.438809089731));
#2921=CARTESIAN_POINT('',(-36.8850230601779,-6.13108108516905,97.2884911027922));
#2922=CARTESIAN_POINT('Origin',(-29.,-6.13108108516905,103.438809089731));
#2923=CARTESIAN_POINT('Origin',(-31.8850230601779,-6.13108108516905,90.8782346925358));
#2924=CARTESIAN_POINT('Origin',(-24.,-6.13108108516905,97.0285526794745));
#2925=CARTESIAN_POINT('Origin',(-29.,-2.22044604925031E-15,103.438809089731));
#2926=CARTESIAN_POINT('',(-39.,6.13108108516904,103.438809089731));
#2927=CARTESIAN_POINT('',(-36.8850230601779,6.13108108516904,97.2884911027922));
#2928=CARTESIAN_POINT('Origin',(-29.,6.13108108516904,103.438809089731));
#2929=CARTESIAN_POINT('',(-36.8850230601779,-2.22044604925031E-15,97.2884911027922));
#2930=CARTESIAN_POINT('',(-39.,-2.22044604925031E-15,103.438809089731));
#2931=CARTESIAN_POINT('Ctrl Pts',(-31.8850230601779,11.131081085169,90.8782346925358));
#2932=CARTESIAN_POINT('Ctrl Pts',(-32.6330213110326,11.131081085169,91.8372068090162));
#2933=CARTESIAN_POINT('Ctrl Pts',(-34.1289058525265,10.7896794977207,93.7550075032391));
#2934=CARTESIAN_POINT('Ctrl Pts',(-35.6269878387728,9.593794811748,95.675625434324));
#2935=CARTESIAN_POINT('Ctrl Pts',(-36.6279447750755,7.99976881103244,96.9589035577891));
#2936=CARTESIAN_POINT('Ctrl Pts',(-36.8850230601779,6.87907933602376,97.2884911027922));
#2937=CARTESIAN_POINT('Ctrl Pts',(-36.8850230601779,6.13108108516904,97.2884911027922));
#2938=CARTESIAN_POINT('Ctrl Pts',(-31.8850230601779,12.6270775868785,90.8782346925358));
#2939=CARTESIAN_POINT('Ctrl Pts',(-32.7174573451091,12.5143609671363,91.9460521155415));
#2940=CARTESIAN_POINT('Ctrl Pts',(-34.3452283875258,11.9126095495731,94.032732431133));
#2941=CARTESIAN_POINT('Ctrl Pts',(-35.9418269171278,10.3532877968751,96.0797469057925));
#2942=CARTESIAN_POINT('Ctrl Pts',(-37.002106435487,8.38332710554822,97.4390386909942));
#2943=CARTESIAN_POINT('Ctrl Pts',(-37.2730356649382,7.03253985861211,97.7859431601772));
#2944=CARTESIAN_POINT('Ctrl Pts',(-37.2730356649382,6.13108108516904,97.7859431601772));
#2945=CARTESIAN_POINT('Ctrl Pts',(-31.3449243320687,15.6114036912713,91.299511700461));
#2946=CARTESIAN_POINT('Ctrl Pts',(-32.4288259086926,15.2754039936754,92.5198161586251));
#2947=CARTESIAN_POINT('Ctrl Pts',(-34.4649265127852,14.1564464092645,94.8313323679239));
#2948=CARTESIAN_POINT('Ctrl Pts',(-36.3816305174041,11.8715383761393,97.0356183787097));
#2949=CARTESIAN_POINT('Ctrl Pts',(-37.6375784514141,9.15023567737376,98.487108801693));
#2950=CARTESIAN_POINT('Ctrl Pts',(-37.9543962084089,7.33943239422413,98.8545250004304));
#2951=CARTESIAN_POINT('Ctrl Pts',(-37.9543962084089,6.13108108516904,98.8545250004304));
#2952=CARTESIAN_POINT('Ctrl Pts',(-28.7078289133627,19.8206134032972,93.3564461270516));
#2953=CARTESIAN_POINT('Ctrl Pts',(-30.4052841566691,19.3207663950506,94.5887489769415));
#2954=CARTESIAN_POINT('Ctrl Pts',(-33.5443631666046,17.6658494139542,96.906395182105));
#2955=CARTESIAN_POINT('Ctrl Pts',(-36.4315140073155,14.3547334393655,99.1044065277708));
#2956=CARTESIAN_POINT('Ctrl Pts',(-38.3062138372966,10.445887689899,100.549904374712));
#2957=CARTESIAN_POINT('Ctrl Pts',(-38.7744351729952,7.85736572531937,100.915461988442));
#2958=CARTESIAN_POINT('Ctrl Pts',(-38.7744351729952,6.13108108516904,100.915461988442));
#2959=CARTESIAN_POINT('Ctrl Pts',(-25.7693950370886,21.1310810851691,95.6484245505454));
#2960=CARTESIAN_POINT('Ctrl Pts',(-27.8812203485982,20.863004603821,96.7116870814315));
#2961=CARTESIAN_POINT('Ctrl Pts',(-31.9366502673369,19.438946107306,98.7804126167311));
#2962=CARTESIAN_POINT('Ctrl Pts',(-35.8106567182243,15.8161524673689,100.80546093268));
#2963=CARTESIAN_POINT('Ctrl Pts',(-38.3561614542731,11.2836926363446,102.149645685406));
#2964=CARTESIAN_POINT('Ctrl Pts',(-39.,8.19361878105408,102.492485812826));
#2965=CARTESIAN_POINT('Ctrl Pts',(-39.,6.13108108516904,102.492485812826));
#2966=CARTESIAN_POINT('Ctrl Pts',(-24.,21.1310810851691,97.0285526794746));
#2967=CARTESIAN_POINT('Ctrl Pts',(-26.2439947525641,21.1310810851691,97.987524795955));
#2968=CARTESIAN_POINT('Ctrl Pts',(-30.7316483770456,20.106876322824,99.9053254901778));
#2969=CARTESIAN_POINT('Ctrl Pts',(-35.2258943357846,16.5192222649059,101.825943421263));
#2970=CARTESIAN_POINT('Ctrl Pts',(-38.2287651446927,11.7371442627592,103.109221544728));
#2971=CARTESIAN_POINT('Ctrl Pts',(-39.,8.37507583773318,103.438809089731));
#2972=CARTESIAN_POINT('Ctrl Pts',(-39.,6.13108108516904,103.438809089731));
#2973=CARTESIAN_POINT('',(-24.,21.131081085169,97.0285526794746));
#2974=CARTESIAN_POINT('',(-31.8850230601779,11.131081085169,90.8782346925358));
#2975=CARTESIAN_POINT('Origin',(-24.,11.131081085169,97.0285526794746));
#2976=CARTESIAN_POINT('Origin',(-31.8850230601779,6.13108108516904,90.8782346925358));
#2977=CARTESIAN_POINT('Origin',(-24.,6.13108108516904,97.0285526794746));
#2978=CARTESIAN_POINT('Origin',(-2.76248148516054,11.131081085169,69.8009648399368));
#2979=CARTESIAN_POINT('',(-21.2950090906769,21.131081085169,93.5606156162398));
#2980=CARTESIAN_POINT('',(-27.858554052129,11.131081085169,85.7160949386269));
#2981=CARTESIAN_POINT('Ctrl Pts',(-27.858554052129,11.131081085169,85.7160949386269));
#2982=CARTESIAN_POINT('Ctrl Pts',(-27.4029766544322,12.2712872755251,85.1320213518361));
#2983=CARTESIAN_POINT('Ctrl Pts',(-26.8003501746903,13.5549819507482,84.6988030508588));
#2984=CARTESIAN_POINT('Ctrl Pts',(-25.7559012076367,15.3991113158148,84.5365292921231));
#2985=CARTESIAN_POINT('Ctrl Pts',(-25.385513048616,16.001264384887,84.5614699882402));
#2986=CARTESIAN_POINT('Ctrl Pts',(-24.6324655784697,17.1378637578447,84.7936765427331));
#2987=CARTESIAN_POINT('Ctrl Pts',(-24.2498963313008,17.6723445493035,85.0010656437893));
#2988=CARTESIAN_POINT('Ctrl Pts',(-23.5587665003558,18.5814432913854,85.5740577529184));
#2989=CARTESIAN_POINT('Ctrl Pts',(-23.2215519832412,18.9993191070858,85.9448345245262));
#2990=CARTESIAN_POINT('Ctrl Pts',(-22.6238510771119,19.7072567971943,86.8413690284032));
#2991=CARTESIAN_POINT('Ctrl Pts',(-22.3640151932944,19.9984697857767,87.36665092486));
#2992=CARTESIAN_POINT('Ctrl Pts',(-21.8535147342394,20.5581208877206,88.6923364634559));
#2993=CARTESIAN_POINT('Ctrl Pts',(-21.6231216793841,20.7961572618528,89.6432900130303));
#2994=CARTESIAN_POINT('Ctrl Pts',(-21.3455258069014,21.0809884527174,91.6133913309109));
#2995=CARTESIAN_POINT('Ctrl Pts',(-21.2950090906769,21.131081085169,92.6315924810237));
#2996=CARTESIAN_POINT('Ctrl Pts',(-21.2950090906769,21.131081085169,93.5606156162398));
#2997=CARTESIAN_POINT('',(-10.6475045453384,11.131081085169,63.650646852998));
#2998=CARTESIAN_POINT('',(-2.76248148516054,21.131081085169,69.8009648399368));
#2999=CARTESIAN_POINT('Origin',(-21.2950090906769,21.131081085169,77.301293705996));
#3000=CARTESIAN_POINT('',(-24.,21.131081085169,88.650646852998));
#3001=CARTESIAN_POINT('',(-21.2950090906769,21.131081085169,-50.));
#3002=CARTESIAN_POINT('Origin',(-24.,6.13108108516904,88.650646852998));
#3003=CARTESIAN_POINT('',(-39.,6.13108108516904,88.650646852998));
#3004=CARTESIAN_POINT('Origin',(-39.,21.131081085169,100.));
#3005=CARTESIAN_POINT('',(-39.,-6.13108108516905,95.));
#3006=CARTESIAN_POINT('Origin',(-24.,-6.13108108516905,95.));
#3007=CARTESIAN_POINT('',(-24.,-21.131081085169,95.));
#3008=CARTESIAN_POINT('Origin',(-21.2950090906769,-21.131081085169,90.));
#3009=CARTESIAN_POINT('',(-21.2950090906769,-21.131081085169,-50.));
#3010=CARTESIAN_POINT('Origin',(39.,-21.131081085169,100.));
#3011=CARTESIAN_POINT('Origin',(0.,0.,50.));
#3012=CARTESIAN_POINT('Origin',(192.25,0.868918914830954,162.017857066525));
#3013=CARTESIAN_POINT('',(34.5000010317093,5.,120.));
#3014=CARTESIAN_POINT('',(34.5000005140901,11.,120.000001788139));
#3015=CARTESIAN_POINT('',(34.5000005140901,0.868918914830954,120.000001788139));
#3016=CARTESIAN_POINT('',(31.0866241537939,5.,136.000002086163));
#3017=CARTESIAN_POINT('Origin',(192.25,5.,162.017857221713));
#3018=CARTESIAN_POINT('',(31.0866241287408,11.0000001639128,136.000002086163));
#3019=CARTESIAN_POINT('',(31.0866241287408,0.868918914830954,136.000002086163));
#3020=CARTESIAN_POINT('Origin',(192.25,11.,162.017857066525));
#3021=CARTESIAN_POINT('Origin',(34.5000005140901,-5.,120.000001788139));
#3022=CARTESIAN_POINT('',(34.5000005140901,11.,129.500002676113));
#3023=CARTESIAN_POINT('',(34.5000005140901,-11.,120.000001788139));
#3024=CARTESIAN_POINT('',(34.5000005140901,-11.,120.000001788139));
#3025=CARTESIAN_POINT('',(34.5000005140901,-5.,120.000001788139));
#3026=CARTESIAN_POINT('',(34.5000005140901,0.868918914830954,120.000001788139));
#3027=CARTESIAN_POINT('',(34.5000005140901,-5.,120.000001788139));
#3028=CARTESIAN_POINT('Origin',(192.25,2.93445945741548,162.017857221713));
#3029=CARTESIAN_POINT('',(31.086624113334,-5.,136.000002086163));
#3030=CARTESIAN_POINT('Origin',(192.25,-5.,162.017857221713));
#3031=CARTESIAN_POINT('',(31.0866241537939,2.93445945741548,136.000002086163));
#3032=CARTESIAN_POINT('Origin',(29.,-11.,170.));
#3033=CARTESIAN_POINT('',(22.5120661115775,-11.,136.000002086163));
#3034=CARTESIAN_POINT('Origin',(22.5120661115775,-11.,139.000002086163));
#3035=CARTESIAN_POINT('',(31.0866241287408,-10.9999998360872,136.000002086163));
#3036=CARTESIAN_POINT('',(34.,-11.,136.000002086163));
#3037=CARTESIAN_POINT('Origin',(192.25,-11.,162.017857066525));
#3038=CARTESIAN_POINT('',(-29.,-11.,136.));
#3039=CARTESIAN_POINT('',(-29.,-11.,170.));
#3040=CARTESIAN_POINT('',(-22.2360679774998,-11.,136.));
#3041=CARTESIAN_POINT('',(0.,-11.,136.));
#3042=CARTESIAN_POINT('Origin',(-22.2360679774998,-11.,139.));
#3043=CARTESIAN_POINT('Origin',(0.,-21.131081085169,50.));
#3044=CARTESIAN_POINT('',(-30.,-3.67394039744206E-15,88.4615384615385));
#3045=CARTESIAN_POINT('Origin',(0.,0.,50.));
#3046=CARTESIAN_POINT('Origin',(0.,0.,50.));
#3047=CARTESIAN_POINT('Origin',(0.,0.,-50.));
#3048=CARTESIAN_POINT('',(-30.,-3.67394039744206E-15,-50.));
#3049=CARTESIAN_POINT('',(-30.,3.67394039744206E-15,-50.));
#3050=CARTESIAN_POINT('',(-30.,-3.67394039744206E-15,-50.));
#3051=CARTESIAN_POINT('Origin',(0.,0.,-50.));
#3052=CARTESIAN_POINT('Origin',(22.5120661115775,8.19563861220729E-8,139.000002086163));
#3053=CARTESIAN_POINT('',(22.5120661115775,11.,136.000002086163));
#3054=CARTESIAN_POINT('Origin',(22.5120661115775,11.,139.000002086163));
#3055=CARTESIAN_POINT('',(22.5120661115775,8.19563861220729E-8,136.000002086163));
#3056=CARTESIAN_POINT('Origin',(-22.2360679774998,0.,139.));
#3057=CARTESIAN_POINT('',(-22.2360679774998,11.,136.));
#3058=CARTESIAN_POINT('',(-22.2360679774998,0.,136.));
#3059=CARTESIAN_POINT('Origin',(-22.2360679774998,11.,139.));
#3060=CARTESIAN_POINT('Origin',(0.,0.,90.));
#3061=CARTESIAN_POINT('Origin',(25.026,-5.09999983608723,140.));
#3062=CARTESIAN_POINT('',(26.526,-5.09999983608723,136.000002086163));
#3063=CARTESIAN_POINT('',(26.526,-5.09999983608723,140.));
#3064=CARTESIAN_POINT('Origin',(25.026,-5.09999983608723,136.000002086163));
#3065=CARTESIAN_POINT('Origin',(-24.75,5.00000016391277,140.));
#3066=CARTESIAN_POINT('',(-23.25,5.00000016391277,136.));
#3067=CARTESIAN_POINT('',(-23.25,5.00000016391277,140.));
#3068=CARTESIAN_POINT('Origin',(-24.75,5.00000016391277,136.));
#3069=CARTESIAN_POINT('Origin',(25.026,5.00000016391277,140.));
#3070=CARTESIAN_POINT('',(26.526,5.00000016391277,136.000002086163));
#3071=CARTESIAN_POINT('',(26.526,5.00000016391277,140.));
#3072=CARTESIAN_POINT('Origin',(25.026,5.00000016391277,136.000002086163));
#3073=CARTESIAN_POINT('Origin',(-24.75,-5.09999983608723,140.));
#3074=CARTESIAN_POINT('',(-23.25,-5.09999983608723,136.));
#3075=CARTESIAN_POINT('',(-23.25,-5.09999983608723,140.));
#3076=CARTESIAN_POINT('Origin',(-24.75,-5.09999983608723,136.));
#3077=CARTESIAN_POINT('Origin',(-29.,-11.,136.));
#3078=CARTESIAN_POINT('',(-29.,11.,136.));
#3079=CARTESIAN_POINT('',(-29.,-11.,136.));
#3080=CARTESIAN_POINT('',(-29.,11.,136.));
#3081=CARTESIAN_POINT('Origin',(39.,11.0000001639128,136.000002086163));
#3082=CARTESIAN_POINT('',(5.,11.,136.000002086163));
#3083=CARTESIAN_POINT('',(31.0866241287408,0.868918914830954,136.000002086163));
#3084=CARTESIAN_POINT('Origin',(192.25,0.868918914830954,162.017857066525));
#3085=CARTESIAN_POINT('Origin',(-29.,11.,170.));
#3086=CARTESIAN_POINT('',(-29.,11.,170.));
#3087=CARTESIAN_POINT('Origin',(-29.,-11.,170.));
#3088=CARTESIAN_POINT('Origin',(0.,0.,-50.));
#3089=UNCERTAINTY_MEASURE_WITH_UNIT(LENGTH_MEASURE(0.01),#3093,
'DISTANCE_ACCURACY_VALUE',
'Maximum model space distance between geometric entities at asserted c
onnectivities');
#3090=UNCERTAINTY_MEASURE_WITH_UNIT(LENGTH_MEASURE(0.01),#3093,
'DISTANCE_ACCURACY_VALUE',
'Maximum model space distance between geometric entities at asserted c
onnectivities');
#3091=(
GEOMETRIC_REPRESENTATION_CONTEXT(3)
GLOBAL_UNCERTAINTY_ASSIGNED_CONTEXT((#3089))
GLOBAL_UNIT_ASSIGNED_CONTEXT((#3093,#3095,#3096))
REPRESENTATION_CONTEXT('','3D')
);
#3092=(
GEOMETRIC_REPRESENTATION_CONTEXT(3)
GLOBAL_UNCERTAINTY_ASSIGNED_CONTEXT((#3090))
GLOBAL_UNIT_ASSIGNED_CONTEXT((#3093,#3095,#3096))
REPRESENTATION_CONTEXT('','3D')
);
#3093=(
LENGTH_UNIT()
NAMED_UNIT(*)
SI_UNIT(.MILLI.,.METRE.)
);
#3094=(
LENGTH_UNIT()
NAMED_UNIT(*)
SI_UNIT($,.METRE.)
);
#3095=(
NAMED_UNIT(*)
PLANE_ANGLE_UNIT()
SI_UNIT($,.RADIAN.)
);
#3096=(
NAMED_UNIT(*)
SI_UNIT($,.STERADIAN.)
SOLID_ANGLE_UNIT()
);
#3097=SHAPE_DEFINITION_REPRESENTATION(#3098,#3099);
#3098=PRODUCT_DEFINITION_SHAPE('',$,#3101);
#3099=SHAPE_REPRESENTATION('',(#1463),#3091);
#3100=PRODUCT_DEFINITION_CONTEXT('part definition',#3105,'design');
#3101=PRODUCT_DEFINITION('GYRO base handle axis 1 (yaw)',
'GYRO base handle axis 1 (yaw) v12',#3102,#3100);
#3102=PRODUCT_DEFINITION_FORMATION('',$,#3107);
#3103=PRODUCT_RELATED_PRODUCT_CATEGORY(
'GYRO base handle axis 1 (yaw) v12','GYRO base handle axis 1 (yaw) v12',
(#3107));
#3104=APPLICATION_PROTOCOL_DEFINITION('international standard',
'automotive_design',2009,#3105);
#3105=APPLICATION_CONTEXT(
'Core Data for Automotive Mechanical Design Process');
#3106=PRODUCT_CONTEXT('part definition',#3105,'mechanical');
#3107=PRODUCT('GYRO base handle axis 1 (yaw)',
'GYRO base handle axis 1 (yaw) v12',$,(#3106));
#3108=PRESENTATION_STYLE_ASSIGNMENT((#3109));
#3109=SURFACE_STYLE_USAGE(.BOTH.,#3110);
#3110=SURFACE_SIDE_STYLE('',(#3111));
#3111=SURFACE_STYLE_FILL_AREA(#3112);
#3112=FILL_AREA_STYLE('Plastic - Matte (White)',(#3113));
#3113=FILL_AREA_STYLE_COLOUR('Plastic - Matte (White)',#3114);
#3114=COLOUR_RGB('Plastic - Matte (White)',0.964705882352941,0.964705882352941,
0.952941176470588);
ENDSEC;
END-ISO-10303-21;
