ISO-10303-21;
HEADER;
/* Generated by software containing ST-Developer
 * from STEP Tools, Inc. (www.steptools.com) 
 */

FILE_DESCRIPTION(
/* description */ (''),
/* implementation_level */ '2;1');

FILE_NAME(
/* name */ 'GYRA YAW ROLL BRACKET.step',
/* time_stamp */ '2026-05-27T11:50:09+05:30',
/* author */ (''),
/* organization */ (''),
/* preprocessor_version */ 'ST-DEVELOPER v20.1',
/* originating_system */ 'Autodesk Translation Framework v15.8.0.0',
/* authorisation */ '');

FILE_SCHEMA (('AUTOMOTIVE_DESIGN { 1 0 10303 214 3 1 1 }'));
ENDSEC;

DATA;
#10=MECHANICAL_DESIGN_GEOMETRIC_PRESENTATION_REPRESENTATION('',(#14,#15),
#2698);
#11=SHAPE_REPRESENTATION_RELATIONSHIP('SRR','None',#2705,#12);
#12=ADVANCED_BREP_SHAPE_REPRESENTATION('',(#16,#17),#2697);
#13=TOROIDAL_SURFACE('',#1755,11.15,1.);
#14=STYLED_ITEM('',(#2714),#16);
#15=STYLED_ITEM('',(#2714),#17);
#16=MANIFOLD_SOLID_BREP('Body1',#1608);
#17=MANIFOLD_SOLID_BREP('Body5',#1609);
#18=FACE_BOUND('',#246,.T.);
#19=FACE_BOUND('',#261,.T.);
#20=FACE_BOUND('',#262,.T.);
#21=FACE_BOUND('',#263,.T.);
#22=FACE_BOUND('',#264,.T.);
#23=FACE_BOUND('',#265,.T.);
#24=FACE_BOUND('',#289,.T.);
#25=FACE_BOUND('',#292,.T.);
#26=FACE_BOUND('',#296,.T.);
#27=FACE_BOUND('',#297,.T.);
#28=FACE_BOUND('',#299,.T.);
#29=FACE_BOUND('',#304,.T.);
#30=FACE_BOUND('',#305,.T.);
#31=FACE_BOUND('',#306,.T.);
#32=FACE_BOUND('',#307,.T.);
#33=FACE_BOUND('',#308,.T.);
#34=FACE_BOUND('',#318,.T.);
#35=FACE_BOUND('',#319,.T.);
#36=FACE_BOUND('',#320,.T.);
#37=FACE_BOUND('',#321,.T.);
#38=FACE_BOUND('',#322,.T.);
#39=B_SPLINE_CURVE_WITH_KNOTS('',3,(#2387,#2388,#2389,#2390),
 .UNSPECIFIED.,.F.,.F.,(4,4),(2.95730806287179,3.07870442699773),
 .UNSPECIFIED.);
#40=B_SPLINE_CURVE_WITH_KNOTS('',3,(#2455,#2456,#2457,#2458),
 .UNSPECIFIED.,.F.,.F.,(4,4),(0.,0.121396364125942),.UNSPECIFIED.);
#41=CYLINDRICAL_SURFACE('',#1627,1.45000000000001);
#42=CYLINDRICAL_SURFACE('',#1630,1.45);
#43=CYLINDRICAL_SURFACE('',#1636,7.843248002828);
#44=CYLINDRICAL_SURFACE('',#1643,1.45);
#45=CYLINDRICAL_SURFACE('',#1648,1.45000000000001);
#46=CYLINDRICAL_SURFACE('',#1653,9.87793700892441);
#47=CYLINDRICAL_SURFACE('',#1664,5.);
#48=CYLINDRICAL_SURFACE('',#1668,5.);
#49=CYLINDRICAL_SURFACE('',#1671,5.);
#50=CYLINDRICAL_SURFACE('',#1675,5.);
#51=CYLINDRICAL_SURFACE('',#1684,5.);
#52=CYLINDRICAL_SURFACE('',#1689,5.);
#53=CYLINDRICAL_SURFACE('',#1690,5.);
#54=CYLINDRICAL_SURFACE('',#1693,5.);
#55=CYLINDRICAL_SURFACE('',#1708,6.8779370089244);
#56=CYLINDRICAL_SURFACE('',#1709,4.843248002828);
#57=CYLINDRICAL_SURFACE('',#1715,20.);
#58=CYLINDRICAL_SURFACE('',#1716,2.);
#59=CYLINDRICAL_SURFACE('',#1722,2.);
#60=CYLINDRICAL_SURFACE('',#1738,10.);
#61=CYLINDRICAL_SURFACE('',#1739,10.);
#62=CYLINDRICAL_SURFACE('',#1754,15.);
#63=CYLINDRICAL_SURFACE('',#1758,10.15);
#64=CYLINDRICAL_SURFACE('',#1760,1.2645);
#65=CYLINDRICAL_SURFACE('',#1762,1.5);
#66=CYLINDRICAL_SURFACE('',#1764,1.2645);
#67=CYLINDRICAL_SURFACE('',#1766,1.2645);
#68=CYLINDRICAL_SURFACE('',#1768,1.2645);
#69=CIRCLE('',#1625,20.);
#70=CIRCLE('',#1628,1.45000000000001);
#71=CIRCLE('',#1629,1.45000000000001);
#72=CIRCLE('',#1631,1.45);
#73=CIRCLE('',#1632,1.45);
#74=CIRCLE('',#1637,7.843248002828);
#75=CIRCLE('',#1638,7.843248002828);
#76=CIRCLE('',#1639,7.843248002828);
#77=CIRCLE('',#1640,7.843248002828);
#78=CIRCLE('',#1644,1.45);
#79=CIRCLE('',#1645,1.45);
#80=CIRCLE('',#1649,1.45000000000001);
#81=CIRCLE('',#1650,1.45000000000001);
#82=CIRCLE('',#1654,9.87793700892441);
#83=CIRCLE('',#1655,9.87793700892441);
#84=CIRCLE('',#1656,9.87793700892435);
#85=CIRCLE('',#1657,9.87793700892441);
#86=CIRCLE('',#1661,6.8779370089244);
#87=CIRCLE('',#1662,4.843248002828);
#88=CIRCLE('',#1665,5.);
#89=CIRCLE('',#1666,5.);
#90=CIRCLE('',#1669,5.);
#91=CIRCLE('',#1670,5.);
#92=CIRCLE('',#1672,5.);
#93=CIRCLE('',#1673,5.);
#94=CIRCLE('',#1676,5.);
#95=CIRCLE('',#1677,5.);
#96=CIRCLE('',#1679,5.);
#97=CIRCLE('',#1680,5.);
#98=CIRCLE('',#1681,5.);
#99=CIRCLE('',#1682,5.);
#100=CIRCLE('',#1685,5.);
#101=CIRCLE('',#1687,5.);
#102=CIRCLE('',#1691,5.);
#103=CIRCLE('',#1694,5.);
#104=CIRCLE('',#1701,4.843248002828);
#105=CIRCLE('',#1702,6.8779370089244);
#106=CIRCLE('',#1706,6.8779370089244);
#107=CIRCLE('',#1713,20.);
#108=CIRCLE('',#1717,2.);
#109=CIRCLE('',#1718,2.);
#110=CIRCLE('',#1721,2.);
#111=CIRCLE('',#1723,2.);
#112=CIRCLE('',#1732,10.);
#113=CIRCLE('',#1733,10.);
#114=CIRCLE('',#1736,10.);
#115=CIRCLE('',#1737,10.);
#116=CIRCLE('',#1742,15.);
#117=CIRCLE('',#1743,11.15);
#118=CIRCLE('',#1748,15.);
#119=CIRCLE('',#1749,1.2645);
#120=CIRCLE('',#1750,1.2645);
#121=CIRCLE('',#1751,1.2645);
#122=CIRCLE('',#1752,1.5);
#123=CIRCLE('',#1753,1.2645);
#124=CIRCLE('',#1756,1.);
#125=CIRCLE('',#1757,10.15);
#126=CIRCLE('',#1759,10.15);
#127=CIRCLE('',#1761,1.2645);
#128=CIRCLE('',#1763,1.5);
#129=CIRCLE('',#1765,1.2645);
#130=CIRCLE('',#1767,1.2645);
#131=CIRCLE('',#1769,1.2645);
#132=FACE_OUTER_BOUND('',#217,.T.);
#133=FACE_OUTER_BOUND('',#218,.T.);
#134=FACE_OUTER_BOUND('',#219,.T.);
#135=FACE_OUTER_BOUND('',#220,.T.);
#136=FACE_OUTER_BOUND('',#221,.T.);
#137=FACE_OUTER_BOUND('',#222,.T.);
#138=FACE_OUTER_BOUND('',#223,.T.);
#139=FACE_OUTER_BOUND('',#224,.T.);
#140=FACE_OUTER_BOUND('',#225,.T.);
#141=FACE_OUTER_BOUND('',#226,.T.);
#142=FACE_OUTER_BOUND('',#227,.T.);
#143=FACE_OUTER_BOUND('',#228,.T.);
#144=FACE_OUTER_BOUND('',#229,.T.);
#145=FACE_OUTER_BOUND('',#230,.T.);
#146=FACE_OUTER_BOUND('',#231,.T.);
#147=FACE_OUTER_BOUND('',#232,.T.);
#148=FACE_OUTER_BOUND('',#233,.T.);
#149=FACE_OUTER_BOUND('',#234,.T.);
#150=FACE_OUTER_BOUND('',#235,.T.);
#151=FACE_OUTER_BOUND('',#236,.T.);
#152=FACE_OUTER_BOUND('',#237,.T.);
#153=FACE_OUTER_BOUND('',#238,.T.);
#154=FACE_OUTER_BOUND('',#239,.T.);
#155=FACE_OUTER_BOUND('',#240,.T.);
#156=FACE_OUTER_BOUND('',#241,.T.);
#157=FACE_OUTER_BOUND('',#242,.T.);
#158=FACE_OUTER_BOUND('',#243,.T.);
#159=FACE_OUTER_BOUND('',#244,.T.);
#160=FACE_OUTER_BOUND('',#245,.T.);
#161=FACE_OUTER_BOUND('',#247,.T.);
#162=FACE_OUTER_BOUND('',#248,.T.);
#163=FACE_OUTER_BOUND('',#249,.T.);
#164=FACE_OUTER_BOUND('',#250,.T.);
#165=FACE_OUTER_BOUND('',#251,.T.);
#166=FACE_OUTER_BOUND('',#252,.T.);
#167=FACE_OUTER_BOUND('',#253,.T.);
#168=FACE_OUTER_BOUND('',#254,.T.);
#169=FACE_OUTER_BOUND('',#255,.T.);
#170=FACE_OUTER_BOUND('',#256,.T.);
#171=FACE_OUTER_BOUND('',#257,.T.);
#172=FACE_OUTER_BOUND('',#258,.T.);
#173=FACE_OUTER_BOUND('',#259,.T.);
#174=FACE_OUTER_BOUND('',#260,.T.);
#175=FACE_OUTER_BOUND('',#266,.T.);
#176=FACE_OUTER_BOUND('',#267,.T.);
#177=FACE_OUTER_BOUND('',#268,.T.);
#178=FACE_OUTER_BOUND('',#269,.T.);
#179=FACE_OUTER_BOUND('',#270,.T.);
#180=FACE_OUTER_BOUND('',#271,.T.);
#181=FACE_OUTER_BOUND('',#272,.T.);
#182=FACE_OUTER_BOUND('',#273,.T.);
#183=FACE_OUTER_BOUND('',#274,.T.);
#184=FACE_OUTER_BOUND('',#275,.T.);
#185=FACE_OUTER_BOUND('',#276,.T.);
#186=FACE_OUTER_BOUND('',#277,.T.);
#187=FACE_OUTER_BOUND('',#278,.T.);
#188=FACE_OUTER_BOUND('',#279,.T.);
#189=FACE_OUTER_BOUND('',#280,.T.);
#190=FACE_OUTER_BOUND('',#281,.T.);
#191=FACE_OUTER_BOUND('',#282,.T.);
#192=FACE_OUTER_BOUND('',#283,.T.);
#193=FACE_OUTER_BOUND('',#284,.T.);
#194=FACE_OUTER_BOUND('',#285,.T.);
#195=FACE_OUTER_BOUND('',#286,.T.);
#196=FACE_OUTER_BOUND('',#287,.T.);
#197=FACE_OUTER_BOUND('',#288,.T.);
#198=FACE_OUTER_BOUND('',#290,.T.);
#199=FACE_OUTER_BOUND('',#291,.T.);
#200=FACE_OUTER_BOUND('',#293,.T.);
#201=FACE_OUTER_BOUND('',#294,.T.);
#202=FACE_OUTER_BOUND('',#295,.T.);
#203=FACE_OUTER_BOUND('',#298,.T.);
#204=FACE_OUTER_BOUND('',#300,.T.);
#205=FACE_OUTER_BOUND('',#301,.T.);
#206=FACE_OUTER_BOUND('',#302,.T.);
#207=FACE_OUTER_BOUND('',#303,.T.);
#208=FACE_OUTER_BOUND('',#309,.T.);
#209=FACE_OUTER_BOUND('',#310,.T.);
#210=FACE_OUTER_BOUND('',#311,.T.);
#211=FACE_OUTER_BOUND('',#312,.T.);
#212=FACE_OUTER_BOUND('',#313,.T.);
#213=FACE_OUTER_BOUND('',#314,.T.);
#214=FACE_OUTER_BOUND('',#315,.T.);
#215=FACE_OUTER_BOUND('',#316,.T.);
#216=FACE_OUTER_BOUND('',#317,.T.);
#217=EDGE_LOOP('',(#1017,#1018,#1019,#1020));
#218=EDGE_LOOP('',(#1021,#1022,#1023,#1024,#1025,#1026,#1027,#1028));
#219=EDGE_LOOP('',(#1029,#1030,#1031,#1032));
#220=EDGE_LOOP('',(#1033,#1034,#1035,#1036));
#221=EDGE_LOOP('',(#1037,#1038,#1039,#1040));
#222=EDGE_LOOP('',(#1041,#1042,#1043,#1044));
#223=EDGE_LOOP('',(#1045,#1046,#1047,#1048,#1049,#1050));
#224=EDGE_LOOP('',(#1051,#1052,#1053,#1054));
#225=EDGE_LOOP('',(#1055,#1056,#1057,#1058,#1059,#1060,#1061,#1062));
#226=EDGE_LOOP('',(#1063,#1064,#1065,#1066));
#227=EDGE_LOOP('',(#1067,#1068,#1069,#1070));
#228=EDGE_LOOP('',(#1071,#1072,#1073,#1074));
#229=EDGE_LOOP('',(#1075));
#230=EDGE_LOOP('',(#1076));
#231=EDGE_LOOP('',(#1077,#1078,#1079,#1080));
#232=EDGE_LOOP('',(#1081));
#233=EDGE_LOOP('',(#1082));
#234=EDGE_LOOP('',(#1083,#1084,#1085,#1086,#1087,#1088,#1089,#1090));
#235=EDGE_LOOP('',(#1091,#1092,#1093,#1094));
#236=EDGE_LOOP('',(#1095,#1096,#1097,#1098,#1099));
#237=EDGE_LOOP('',(#1100,#1101,#1102,#1103,#1104,#1105,#1106));
#238=EDGE_LOOP('',(#1107,#1108,#1109,#1110));
#239=EDGE_LOOP('',(#1111,#1112,#1113,#1114,#1115));
#240=EDGE_LOOP('',(#1116,#1117,#1118,#1119));
#241=EDGE_LOOP('',(#1120,#1121,#1122,#1123));
#242=EDGE_LOOP('',(#1124,#1125,#1126,#1127));
#243=EDGE_LOOP('',(#1128,#1129,#1130,#1131));
#244=EDGE_LOOP('',(#1132,#1133,#1134,#1135));
#245=EDGE_LOOP('',(#1136,#1137,#1138,#1139,#1140,#1141,#1142,#1143,#1144,
#1145));
#246=EDGE_LOOP('',(#1146,#1147,#1148,#1149,#1150,#1151,#1152,#1153,#1154,
#1155,#1156));
#247=EDGE_LOOP('',(#1157,#1158,#1159,#1160));
#248=EDGE_LOOP('',(#1161,#1162,#1163,#1164));
#249=EDGE_LOOP('',(#1165,#1166,#1167,#1168,#1169,#1170,#1171,#1172,#1173,
#1174,#1175));
#250=EDGE_LOOP('',(#1176,#1177,#1178,#1179));
#251=EDGE_LOOP('',(#1180,#1181,#1182,#1183));
#252=EDGE_LOOP('',(#1184,#1185,#1186,#1187,#1188));
#253=EDGE_LOOP('',(#1189,#1190,#1191,#1192));
#254=EDGE_LOOP('',(#1193,#1194,#1195,#1196));
#255=EDGE_LOOP('',(#1197,#1198,#1199,#1200));
#256=EDGE_LOOP('',(#1201,#1202,#1203,#1204));
#257=EDGE_LOOP('',(#1205,#1206,#1207,#1208));
#258=EDGE_LOOP('',(#1209,#1210,#1211,#1212));
#259=EDGE_LOOP('',(#1213,#1214,#1215,#1216));
#260=EDGE_LOOP('',(#1217,#1218,#1219,#1220,#1221,#1222,#1223,#1224));
#261=EDGE_LOOP('',(#1225));
#262=EDGE_LOOP('',(#1226));
#263=EDGE_LOOP('',(#1227,#1228,#1229,#1230,#1231,#1232,#1233,#1234));
#264=EDGE_LOOP('',(#1235));
#265=EDGE_LOOP('',(#1236));
#266=EDGE_LOOP('',(#1237,#1238,#1239,#1240));
#267=EDGE_LOOP('',(#1241,#1242,#1243,#1244,#1245,#1246));
#268=EDGE_LOOP('',(#1247,#1248,#1249,#1250,#1251,#1252,#1253,#1254,#1255,
#1256));
#269=EDGE_LOOP('',(#1257,#1258,#1259,#1260,#1261,#1262));
#270=EDGE_LOOP('',(#1263,#1264,#1265,#1266,#1267,#1268));
#271=EDGE_LOOP('',(#1269,#1270,#1271,#1272));
#272=EDGE_LOOP('',(#1273,#1274,#1275,#1276));
#273=EDGE_LOOP('',(#1277,#1278,#1279,#1280));
#274=EDGE_LOOP('',(#1281,#1282,#1283,#1284,#1285,#1286,#1287,#1288));
#275=EDGE_LOOP('',(#1289,#1290,#1291,#1292));
#276=EDGE_LOOP('',(#1293,#1294,#1295,#1296,#1297,#1298,#1299,#1300));
#277=EDGE_LOOP('',(#1301,#1302,#1303,#1304));
#278=EDGE_LOOP('',(#1305,#1306,#1307,#1308));
#279=EDGE_LOOP('',(#1309,#1310,#1311,#1312,#1313,#1314,#1315,#1316,#1317,
#1318));
#280=EDGE_LOOP('',(#1319,#1320,#1321,#1322));
#281=EDGE_LOOP('',(#1323,#1324,#1325,#1326));
#282=EDGE_LOOP('',(#1327,#1328,#1329,#1330));
#283=EDGE_LOOP('',(#1331,#1332,#1333,#1334));
#284=EDGE_LOOP('',(#1335,#1336,#1337,#1338));
#285=EDGE_LOOP('',(#1339,#1340,#1341,#1342,#1343,#1344,#1345,#1346,#1347,
#1348));
#286=EDGE_LOOP('',(#1349,#1350,#1351,#1352));
#287=EDGE_LOOP('',(#1353,#1354,#1355,#1356));
#288=EDGE_LOOP('',(#1357,#1358,#1359,#1360,#1361,#1362,#1363,#1364));
#289=EDGE_LOOP('',(#1365,#1366,#1367));
#290=EDGE_LOOP('',(#1368,#1369,#1370,#1371));
#291=EDGE_LOOP('',(#1372,#1373,#1374,#1375,#1376,#1377,#1378,#1379));
#292=EDGE_LOOP('',(#1380,#1381,#1382));
#293=EDGE_LOOP('',(#1383,#1384,#1385,#1386));
#294=EDGE_LOOP('',(#1387,#1388,#1389,#1390));
#295=EDGE_LOOP('',(#1391,#1392,#1393,#1394));
#296=EDGE_LOOP('',(#1395,#1396,#1397,#1398));
#297=EDGE_LOOP('',(#1399,#1400,#1401,#1402));
#298=EDGE_LOOP('',(#1403,#1404,#1405,#1406));
#299=EDGE_LOOP('',(#1407));
#300=EDGE_LOOP('',(#1408,#1409,#1410,#1411));
#301=EDGE_LOOP('',(#1412,#1413,#1414,#1415));
#302=EDGE_LOOP('',(#1416,#1417,#1418,#1419));
#303=EDGE_LOOP('',(#1420,#1421,#1422,#1423));
#304=EDGE_LOOP('',(#1424));
#305=EDGE_LOOP('',(#1425));
#306=EDGE_LOOP('',(#1426));
#307=EDGE_LOOP('',(#1427));
#308=EDGE_LOOP('',(#1428));
#309=EDGE_LOOP('',(#1429,#1430,#1431,#1432));
#310=EDGE_LOOP('',(#1433,#1434,#1435,#1436));
#311=EDGE_LOOP('',(#1437,#1438,#1439,#1440));
#312=EDGE_LOOP('',(#1441,#1442,#1443,#1444));
#313=EDGE_LOOP('',(#1445,#1446,#1447,#1448));
#314=EDGE_LOOP('',(#1449,#1450,#1451,#1452));
#315=EDGE_LOOP('',(#1453,#1454,#1455,#1456));
#316=EDGE_LOOP('',(#1457,#1458,#1459,#1460));
#317=EDGE_LOOP('',(#1461));
#318=EDGE_LOOP('',(#1462));
#319=EDGE_LOOP('',(#1463));
#320=EDGE_LOOP('',(#1464));
#321=EDGE_LOOP('',(#1465));
#322=EDGE_LOOP('',(#1466));
#323=LINE('',#2233,#483);
#324=LINE('',#2235,#484);
#325=LINE('',#2237,#485);
#326=LINE('',#2238,#486);
#327=LINE('',#2241,#487);
#328=LINE('',#2243,#488);
#329=LINE('',#2245,#489);
#330=LINE('',#2247,#490);
#331=LINE('',#2249,#491);
#332=LINE('',#2252,#492);
#333=LINE('',#2255,#493);
#334=LINE('',#2256,#494);
#335=LINE('',#2261,#495);
#336=LINE('',#2267,#496);
#337=LINE('',#2272,#497);
#338=LINE('',#2274,#498);
#339=LINE('',#2276,#499);
#340=LINE('',#2277,#500);
#341=LINE('',#2281,#501);
#342=LINE('',#2283,#502);
#343=LINE('',#2284,#503);
#344=LINE('',#2286,#504);
#345=LINE('',#2287,#505);
#346=LINE('',#2290,#506);
#347=LINE('',#2292,#507);
#348=LINE('',#2293,#508);
#349=LINE('',#2299,#509);
#350=LINE('',#2303,#510);
#351=LINE('',#2307,#511);
#352=LINE('',#2310,#512);
#353=LINE('',#2314,#513);
#354=LINE('',#2316,#514);
#355=LINE('',#2318,#515);
#356=LINE('',#2319,#516);
#357=LINE('',#2323,#517);
#358=LINE('',#2324,#518);
#359=LINE('',#2325,#519);
#360=LINE('',#2330,#520);
#361=LINE('',#2338,#521);
#362=LINE('',#2348,#522);
#363=LINE('',#2352,#523);
#364=LINE('',#2356,#524);
#365=LINE('',#2358,#525);
#366=LINE('',#2360,#526);
#367=LINE('',#2361,#527);
#368=LINE('',#2363,#528);
#369=LINE('',#2364,#529);
#370=LINE('',#2367,#530);
#371=LINE('',#2371,#531);
#372=LINE('',#2374,#532);
#373=LINE('',#2376,#533);
#374=LINE('',#2378,#534);
#375=LINE('',#2379,#535);
#376=LINE('',#2385,#536);
#377=LINE('',#2393,#537);
#378=LINE('',#2395,#538);
#379=LINE('',#2396,#539);
#380=LINE('',#2401,#540);
#381=LINE('',#2408,#541);
#382=LINE('',#2411,#542);
#383=LINE('',#2415,#543);
#384=LINE('',#2416,#544);
#385=LINE('',#2417,#545);
#386=LINE('',#2425,#546);
#387=LINE('',#2427,#547);
#388=LINE('',#2430,#548);
#389=LINE('',#2433,#549);
#390=LINE('',#2436,#550);
#391=LINE('',#2439,#551);
#392=LINE('',#2440,#552);
#393=LINE('',#2446,#553);
#394=LINE('',#2448,#554);
#395=LINE('',#2459,#555);
#396=LINE('',#2460,#556);
#397=LINE('',#2463,#557);
#398=LINE('',#2464,#558);
#399=LINE('',#2468,#559);
#400=LINE('',#2470,#560);
#401=LINE('',#2474,#561);
#402=LINE('',#2476,#562);
#403=LINE('',#2478,#563);
#404=LINE('',#2479,#564);
#405=LINE('',#2482,#565);
#406=LINE('',#2484,#566);
#407=LINE('',#2485,#567);
#408=LINE('',#2488,#568);
#409=LINE('',#2490,#569);
#410=LINE('',#2491,#570);
#411=LINE('',#2493,#571);
#412=LINE('',#2494,#572);
#413=LINE('',#2496,#573);
#414=LINE('',#2502,#574);
#415=LINE('',#2503,#575);
#416=LINE('',#2505,#576);
#417=LINE('',#2508,#577);
#418=LINE('',#2511,#578);
#419=LINE('',#2513,#579);
#420=LINE('',#2516,#580);
#421=LINE('',#2518,#581);
#422=LINE('',#2521,#582);
#423=LINE('',#2524,#583);
#424=LINE('',#2531,#584);
#425=LINE('',#2534,#585);
#426=LINE('',#2537,#586);
#427=LINE('',#2539,#587);
#428=LINE('',#2540,#588);
#429=LINE('',#2543,#589);
#430=LINE('',#2545,#590);
#431=LINE('',#2547,#591);
#432=LINE('',#2549,#592);
#433=LINE('',#2551,#593);
#434=LINE('',#2553,#594);
#435=LINE('',#2555,#595);
#436=LINE('',#2560,#596);
#437=LINE('',#2563,#597);
#438=LINE('',#2565,#598);
#439=LINE('',#2566,#599);
#440=LINE('',#2569,#600);
#441=LINE('',#2570,#601);
#442=LINE('',#2573,#602);
#443=LINE('',#2574,#603);
#444=LINE('',#2577,#604);
#445=LINE('',#2578,#605);
#446=LINE('',#2581,#606);
#447=LINE('',#2582,#607);
#448=LINE('',#2583,#608);
#449=LINE('',#2585,#609);
#450=LINE('',#2589,#610);
#451=LINE('',#2591,#611);
#452=LINE('',#2593,#612);
#453=LINE('',#2594,#613);
#454=LINE('',#2597,#614);
#455=LINE('',#2601,#615);
#456=LINE('',#2603,#616);
#457=LINE('',#2605,#617);
#458=LINE('',#2608,#618);
#459=LINE('',#2611,#619);
#460=LINE('',#2613,#620);
#461=LINE('',#2614,#621);
#462=LINE('',#2617,#622);
#463=LINE('',#2618,#623);
#464=LINE('',#2621,#624);
#465=LINE('',#2625,#625);
#466=LINE('',#2627,#626);
#467=LINE('',#2629,#627);
#468=LINE('',#2633,#628);
#469=LINE('',#2635,#629);
#470=LINE('',#2636,#630);
#471=LINE('',#2638,#631);
#472=LINE('',#2640,#632);
#473=LINE('',#2641,#633);
#474=LINE('',#2648,#634);
#475=LINE('',#2649,#635);
#476=LINE('',#2651,#636);
#477=LINE('',#2672,#637);
#478=LINE('',#2676,#638);
#479=LINE('',#2680,#639);
#480=LINE('',#2684,#640);
#481=LINE('',#2688,#641);
#482=LINE('',#2692,#642);
#483=VECTOR('',#1775,10.);
#484=VECTOR('',#1776,10.);
#485=VECTOR('',#1777,10.);
#486=VECTOR('',#1778,10.);
#487=VECTOR('',#1781,10.);
#488=VECTOR('',#1782,10.);
#489=VECTOR('',#1783,10.);
#490=VECTOR('',#1784,10.);
#491=VECTOR('',#1785,10.);
#492=VECTOR('',#1788,10.);
#493=VECTOR('',#1791,10.);
#494=VECTOR('',#1792,10.);
#495=VECTOR('',#1797,1.45000000000001);
#496=VECTOR('',#1804,1.45);
#497=VECTOR('',#1809,10.);
#498=VECTOR('',#1810,10.);
#499=VECTOR('',#1811,10.);
#500=VECTOR('',#1812,10.);
#501=VECTOR('',#1815,10.);
#502=VECTOR('',#1816,10.);
#503=VECTOR('',#1817,10.);
#504=VECTOR('',#1818,10.);
#505=VECTOR('',#1819,10.);
#506=VECTOR('',#1822,10.);
#507=VECTOR('',#1823,10.);
#508=VECTOR('',#1824,10.);
#509=VECTOR('',#1829,10.);
#510=VECTOR('',#1832,10.);
#511=VECTOR('',#1835,10.);
#512=VECTOR('',#1838,10.);
#513=VECTOR('',#1841,10.);
#514=VECTOR('',#1842,10.);
#515=VECTOR('',#1843,10.);
#516=VECTOR('',#1844,10.);
#517=VECTOR('',#1847,10.);
#518=VECTOR('',#1848,10.);
#519=VECTOR('',#1849,10.);
#520=VECTOR('',#1854,1.45);
#521=VECTOR('',#1865,1.45000000000001);
#522=VECTOR('',#1878,10.);
#523=VECTOR('',#1883,10.);
#524=VECTOR('',#1886,10.);
#525=VECTOR('',#1887,10.);
#526=VECTOR('',#1888,10.);
#527=VECTOR('',#1889,10.);
#528=VECTOR('',#1892,10.);
#529=VECTOR('',#1893,10.);
#530=VECTOR('',#1896,10.);
#531=VECTOR('',#1901,10.);
#532=VECTOR('',#1904,10.);
#533=VECTOR('',#1905,10.);
#534=VECTOR('',#1906,10.);
#535=VECTOR('',#1907,10.);
#536=VECTOR('',#1912,10.);
#537=VECTOR('',#1917,10.);
#538=VECTOR('',#1918,10.);
#539=VECTOR('',#1919,10.);
#540=VECTOR('',#1924,10.);
#541=VECTOR('',#1931,10.);
#542=VECTOR('',#1934,10.);
#543=VECTOR('',#1937,10.);
#544=VECTOR('',#1938,10.);
#545=VECTOR('',#1939,10.);
#546=VECTOR('',#1950,10.);
#547=VECTOR('',#1951,10.);
#548=VECTOR('',#1954,10.);
#549=VECTOR('',#1957,10.);
#550=VECTOR('',#1960,10.);
#551=VECTOR('',#1963,10.);
#552=VECTOR('',#1964,10.);
#553=VECTOR('',#1973,10.);
#554=VECTOR('',#1976,10.);
#555=VECTOR('',#1983,10.);
#556=VECTOR('',#1984,10.);
#557=VECTOR('',#1987,10.);
#558=VECTOR('',#1988,10.);
#559=VECTOR('',#1993,10.);
#560=VECTOR('',#1996,10.);
#561=VECTOR('',#1999,10.);
#562=VECTOR('',#2000,10.);
#563=VECTOR('',#2001,10.);
#564=VECTOR('',#2002,10.);
#565=VECTOR('',#2005,10.);
#566=VECTOR('',#2006,10.);
#567=VECTOR('',#2007,10.);
#568=VECTOR('',#2010,10.);
#569=VECTOR('',#2011,10.);
#570=VECTOR('',#2012,10.);
#571=VECTOR('',#2015,10.);
#572=VECTOR('',#2016,10.);
#573=VECTOR('',#2019,10.);
#574=VECTOR('',#2026,10.);
#575=VECTOR('',#2027,10.);
#576=VECTOR('',#2030,10.);
#577=VECTOR('',#2033,10.);
#578=VECTOR('',#2038,10.);
#579=VECTOR('',#2041,10.);
#580=VECTOR('',#2046,10.);
#581=VECTOR('',#2049,10.);
#582=VECTOR('',#2052,10.);
#583=VECTOR('',#2057,10.);
#584=VECTOR('',#2064,10.);
#585=VECTOR('',#2067,10.);
#586=VECTOR('',#2070,10.);
#587=VECTOR('',#2071,10.);
#588=VECTOR('',#2072,10.);
#589=VECTOR('',#2075,10.);
#590=VECTOR('',#2076,10.);
#591=VECTOR('',#2077,10.);
#592=VECTOR('',#2078,10.);
#593=VECTOR('',#2079,10.);
#594=VECTOR('',#2080,10.);
#595=VECTOR('',#2081,10.);
#596=VECTOR('',#2088,10.);
#597=VECTOR('',#2091,10.);
#598=VECTOR('',#2092,10.);
#599=VECTOR('',#2093,10.);
#600=VECTOR('',#2096,10.);
#601=VECTOR('',#2097,10.);
#602=VECTOR('',#2100,10.);
#603=VECTOR('',#2101,10.);
#604=VECTOR('',#2104,10.);
#605=VECTOR('',#2105,10.);
#606=VECTOR('',#2108,10.);
#607=VECTOR('',#2109,10.);
#608=VECTOR('',#2110,10.);
#609=VECTOR('',#2113,10.);
#610=VECTOR('',#2116,10.);
#611=VECTOR('',#2117,10.);
#612=VECTOR('',#2118,10.);
#613=VECTOR('',#2119,10.);
#614=VECTOR('',#2122,10.);
#615=VECTOR('',#2125,10.);
#616=VECTOR('',#2126,10.);
#617=VECTOR('',#2127,10.);
#618=VECTOR('',#2130,10.);
#619=VECTOR('',#2131,10.);
#620=VECTOR('',#2132,10.);
#621=VECTOR('',#2133,10.);
#622=VECTOR('',#2136,10.);
#623=VECTOR('',#2137,10.);
#624=VECTOR('',#2140,10.);
#625=VECTOR('',#2143,10.);
#626=VECTOR('',#2144,10.);
#627=VECTOR('',#2145,10.);
#628=VECTOR('',#2148,10.);
#629=VECTOR('',#2149,10.);
#630=VECTOR('',#2150,10.);
#631=VECTOR('',#2153,10.);
#632=VECTOR('',#2156,10.);
#633=VECTOR('',#2157,10.);
#634=VECTOR('',#2168,10.);
#635=VECTOR('',#2169,10.);
#636=VECTOR('',#2172,10.);
#637=VECTOR('',#2199,10.15);
#638=VECTOR('',#2204,1.2645);
#639=VECTOR('',#2209,1.5);
#640=VECTOR('',#2214,1.2645);
#641=VECTOR('',#2219,1.2645);
#642=VECTOR('',#2224,1.2645);
#643=VERTEX_POINT('',#2231);
#644=VERTEX_POINT('',#2232);
#645=VERTEX_POINT('',#2234);
#646=VERTEX_POINT('',#2236);
#647=VERTEX_POINT('',#2240);
#648=VERTEX_POINT('',#2242);
#649=VERTEX_POINT('',#2244);
#650=VERTEX_POINT('',#2246);
#651=VERTEX_POINT('',#2248);
#652=VERTEX_POINT('',#2250);
#653=VERTEX_POINT('',#2254);
#654=VERTEX_POINT('',#2258);
#655=VERTEX_POINT('',#2260);
#656=VERTEX_POINT('',#2264);
#657=VERTEX_POINT('',#2266);
#658=VERTEX_POINT('',#2270);
#659=VERTEX_POINT('',#2271);
#660=VERTEX_POINT('',#2273);
#661=VERTEX_POINT('',#2275);
#662=VERTEX_POINT('',#2279);
#663=VERTEX_POINT('',#2280);
#664=VERTEX_POINT('',#2282);
#665=VERTEX_POINT('',#2285);
#666=VERTEX_POINT('',#2289);
#667=VERTEX_POINT('',#2291);
#668=VERTEX_POINT('',#2295);
#669=VERTEX_POINT('',#2296);
#670=VERTEX_POINT('',#2298);
#671=VERTEX_POINT('',#2300);
#672=VERTEX_POINT('',#2302);
#673=VERTEX_POINT('',#2304);
#674=VERTEX_POINT('',#2306);
#675=VERTEX_POINT('',#2308);
#676=VERTEX_POINT('',#2312);
#677=VERTEX_POINT('',#2313);
#678=VERTEX_POINT('',#2315);
#679=VERTEX_POINT('',#2317);
#680=VERTEX_POINT('',#2321);
#681=VERTEX_POINT('',#2322);
#682=VERTEX_POINT('',#2327);
#683=VERTEX_POINT('',#2329);
#684=VERTEX_POINT('',#2335);
#685=VERTEX_POINT('',#2337);
#686=VERTEX_POINT('',#2343);
#687=VERTEX_POINT('',#2345);
#688=VERTEX_POINT('',#2347);
#689=VERTEX_POINT('',#2350);
#690=VERTEX_POINT('',#2354);
#691=VERTEX_POINT('',#2355);
#692=VERTEX_POINT('',#2357);
#693=VERTEX_POINT('',#2359);
#694=VERTEX_POINT('',#2366);
#695=VERTEX_POINT('',#2368);
#696=VERTEX_POINT('',#2373);
#697=VERTEX_POINT('',#2375);
#698=VERTEX_POINT('',#2377);
#699=VERTEX_POINT('',#2381);
#700=VERTEX_POINT('',#2382);
#701=VERTEX_POINT('',#2384);
#702=VERTEX_POINT('',#2392);
#703=VERTEX_POINT('',#2394);
#704=VERTEX_POINT('',#2398);
#705=VERTEX_POINT('',#2400);
#706=VERTEX_POINT('',#2404);
#707=VERTEX_POINT('',#2405);
#708=VERTEX_POINT('',#2407);
#709=VERTEX_POINT('',#2409);
#710=VERTEX_POINT('',#2413);
#711=VERTEX_POINT('',#2414);
#712=VERTEX_POINT('',#2422);
#713=VERTEX_POINT('',#2423);
#714=VERTEX_POINT('',#2426);
#715=VERTEX_POINT('',#2428);
#716=VERTEX_POINT('',#2431);
#717=VERTEX_POINT('',#2434);
#718=VERTEX_POINT('',#2438);
#719=VERTEX_POINT('',#2444);
#720=VERTEX_POINT('',#2451);
#721=VERTEX_POINT('',#2452);
#722=VERTEX_POINT('',#2454);
#723=VERTEX_POINT('',#2462);
#724=VERTEX_POINT('',#2466);
#725=VERTEX_POINT('',#2472);
#726=VERTEX_POINT('',#2473);
#727=VERTEX_POINT('',#2475);
#728=VERTEX_POINT('',#2477);
#729=VERTEX_POINT('',#2481);
#730=VERTEX_POINT('',#2483);
#731=VERTEX_POINT('',#2487);
#732=VERTEX_POINT('',#2489);
#733=VERTEX_POINT('',#2497);
#734=VERTEX_POINT('',#2501);
#735=VERTEX_POINT('',#2507);
#736=VERTEX_POINT('',#2520);
#737=VERTEX_POINT('',#2527);
#738=VERTEX_POINT('',#2528);
#739=VERTEX_POINT('',#2530);
#740=VERTEX_POINT('',#2532);
#741=VERTEX_POINT('',#2536);
#742=VERTEX_POINT('',#2538);
#743=VERTEX_POINT('',#2542);
#744=VERTEX_POINT('',#2544);
#745=VERTEX_POINT('',#2546);
#746=VERTEX_POINT('',#2548);
#747=VERTEX_POINT('',#2550);
#748=VERTEX_POINT('',#2552);
#749=VERTEX_POINT('',#2554);
#750=VERTEX_POINT('',#2558);
#751=VERTEX_POINT('',#2562);
#752=VERTEX_POINT('',#2564);
#753=VERTEX_POINT('',#2568);
#754=VERTEX_POINT('',#2572);
#755=VERTEX_POINT('',#2576);
#756=VERTEX_POINT('',#2580);
#757=VERTEX_POINT('',#2587);
#758=VERTEX_POINT('',#2588);
#759=VERTEX_POINT('',#2590);
#760=VERTEX_POINT('',#2592);
#761=VERTEX_POINT('',#2596);
#762=VERTEX_POINT('',#2598);
#763=VERTEX_POINT('',#2600);
#764=VERTEX_POINT('',#2602);
#765=VERTEX_POINT('',#2604);
#766=VERTEX_POINT('',#2606);
#767=VERTEX_POINT('',#2609);
#768=VERTEX_POINT('',#2610);
#769=VERTEX_POINT('',#2612);
#770=VERTEX_POINT('',#2616);
#771=VERTEX_POINT('',#2620);
#772=VERTEX_POINT('',#2622);
#773=VERTEX_POINT('',#2624);
#774=VERTEX_POINT('',#2626);
#775=VERTEX_POINT('',#2628);
#776=VERTEX_POINT('',#2631);
#777=VERTEX_POINT('',#2632);
#778=VERTEX_POINT('',#2634);
#779=VERTEX_POINT('',#2645);
#780=VERTEX_POINT('',#2655);
#781=VERTEX_POINT('',#2657);
#782=VERTEX_POINT('',#2659);
#783=VERTEX_POINT('',#2661);
#784=VERTEX_POINT('',#2663);
#785=VERTEX_POINT('',#2667);
#786=VERTEX_POINT('',#2671);
#787=VERTEX_POINT('',#2675);
#788=VERTEX_POINT('',#2679);
#789=VERTEX_POINT('',#2683);
#790=VERTEX_POINT('',#2687);
#791=VERTEX_POINT('',#2691);
#792=EDGE_CURVE('',#643,#644,#323,.T.);
#793=EDGE_CURVE('',#645,#643,#324,.T.);
#794=EDGE_CURVE('',#646,#645,#325,.T.);
#795=EDGE_CURVE('',#644,#646,#326,.T.);
#796=EDGE_CURVE('',#643,#647,#327,.T.);
#797=EDGE_CURVE('',#647,#648,#328,.T.);
#798=EDGE_CURVE('',#648,#649,#329,.T.);
#799=EDGE_CURVE('',#649,#650,#330,.T.);
#800=EDGE_CURVE('',#650,#651,#331,.T.);
#801=EDGE_CURVE('',#651,#652,#69,.F.);
#802=EDGE_CURVE('',#652,#645,#332,.T.);
#803=EDGE_CURVE('',#653,#644,#333,.T.);
#804=EDGE_CURVE('',#647,#653,#334,.T.);
#805=EDGE_CURVE('',#654,#654,#70,.T.);
#806=EDGE_CURVE('',#654,#655,#335,.T.);
#807=EDGE_CURVE('',#655,#655,#71,.T.);
#808=EDGE_CURVE('',#656,#656,#72,.T.);
#809=EDGE_CURVE('',#656,#657,#336,.T.);
#810=EDGE_CURVE('',#657,#657,#73,.T.);
#811=EDGE_CURVE('',#658,#659,#337,.T.);
#812=EDGE_CURVE('',#660,#659,#338,.T.);
#813=EDGE_CURVE('',#661,#660,#339,.T.);
#814=EDGE_CURVE('',#658,#661,#340,.T.);
#815=EDGE_CURVE('',#662,#663,#341,.T.);
#816=EDGE_CURVE('',#663,#664,#342,.T.);
#817=EDGE_CURVE('',#664,#658,#343,.T.);
#818=EDGE_CURVE('',#665,#661,#344,.T.);
#819=EDGE_CURVE('',#665,#662,#345,.T.);
#820=EDGE_CURVE('',#666,#649,#346,.T.);
#821=EDGE_CURVE('',#666,#667,#347,.T.);
#822=EDGE_CURVE('',#667,#650,#348,.T.);
#823=EDGE_CURVE('',#668,#669,#74,.T.);
#824=EDGE_CURVE('',#669,#670,#349,.T.);
#825=EDGE_CURVE('',#670,#671,#75,.T.);
#826=EDGE_CURVE('',#671,#672,#350,.T.);
#827=EDGE_CURVE('',#673,#672,#76,.T.);
#828=EDGE_CURVE('',#674,#673,#351,.T.);
#829=EDGE_CURVE('',#675,#674,#77,.T.);
#830=EDGE_CURVE('',#675,#668,#352,.T.);
#831=EDGE_CURVE('',#676,#677,#353,.T.);
#832=EDGE_CURVE('',#678,#676,#354,.T.);
#833=EDGE_CURVE('',#679,#678,#355,.T.);
#834=EDGE_CURVE('',#677,#679,#356,.T.);
#835=EDGE_CURVE('',#680,#681,#357,.T.);
#836=EDGE_CURVE('',#674,#680,#358,.T.);
#837=EDGE_CURVE('',#681,#673,#359,.T.);
#838=EDGE_CURVE('',#682,#682,#78,.T.);
#839=EDGE_CURVE('',#682,#683,#360,.T.);
#840=EDGE_CURVE('',#683,#683,#79,.T.);
#841=EDGE_CURVE('',#684,#684,#80,.T.);
#842=EDGE_CURVE('',#684,#685,#361,.T.);
#843=EDGE_CURVE('',#685,#685,#81,.T.);
#844=EDGE_CURVE('',#686,#668,#82,.T.);
#845=EDGE_CURVE('',#687,#675,#83,.T.);
#846=EDGE_CURVE('',#687,#688,#362,.T.);
#847=EDGE_CURVE('',#672,#688,#84,.T.);
#848=EDGE_CURVE('',#671,#689,#85,.T.);
#849=EDGE_CURVE('',#689,#686,#363,.T.);
#850=EDGE_CURVE('',#690,#691,#364,.T.);
#851=EDGE_CURVE('',#690,#692,#365,.T.);
#852=EDGE_CURVE('',#693,#692,#366,.T.);
#853=EDGE_CURVE('',#693,#691,#367,.T.);
#854=EDGE_CURVE('',#670,#693,#368,.T.);
#855=EDGE_CURVE('',#692,#689,#369,.T.);
#856=EDGE_CURVE('',#686,#694,#370,.T.);
#857=EDGE_CURVE('',#695,#694,#86,.T.);
#858=EDGE_CURVE('',#663,#695,#87,.T.);
#859=EDGE_CURVE('',#662,#669,#371,.T.);
#860=EDGE_CURVE('',#667,#696,#372,.T.);
#861=EDGE_CURVE('',#696,#697,#373,.F.);
#862=EDGE_CURVE('',#698,#697,#374,.T.);
#863=EDGE_CURVE('',#698,#667,#375,.T.);
#864=EDGE_CURVE('',#699,#700,#88,.T.);
#865=EDGE_CURVE('',#700,#701,#376,.T.);
#866=EDGE_CURVE('',#701,#698,#89,.T.);
#867=EDGE_CURVE('',#699,#697,#39,.T.);
#868=EDGE_CURVE('',#700,#702,#377,.T.);
#869=EDGE_CURVE('',#703,#702,#378,.T.);
#870=EDGE_CURVE('',#703,#701,#379,.T.);
#871=EDGE_CURVE('',#702,#704,#90,.T.);
#872=EDGE_CURVE('',#704,#705,#380,.T.);
#873=EDGE_CURVE('',#705,#703,#91,.T.);
#874=EDGE_CURVE('',#706,#707,#92,.T.);
#875=EDGE_CURVE('',#707,#708,#381,.T.);
#876=EDGE_CURVE('',#708,#709,#93,.F.);
#877=EDGE_CURVE('',#709,#706,#382,.T.);
#878=EDGE_CURVE('',#710,#711,#383,.T.);
#879=EDGE_CURVE('',#708,#710,#384,.T.);
#880=EDGE_CURVE('',#711,#707,#385,.T.);
#881=EDGE_CURVE('',#711,#679,#94,.T.);
#882=EDGE_CURVE('',#678,#710,#95,.F.);
#883=EDGE_CURVE('',#712,#713,#96,.T.);
#884=EDGE_CURVE('',#650,#712,#386,.T.);
#885=EDGE_CURVE('',#714,#705,#387,.T.);
#886=EDGE_CURVE('',#715,#714,#97,.T.);
#887=EDGE_CURVE('',#713,#715,#388,.T.);
#888=EDGE_CURVE('',#716,#676,#98,.F.);
#889=EDGE_CURVE('',#716,#687,#389,.T.);
#890=EDGE_CURVE('',#717,#680,#99,.F.);
#891=EDGE_CURVE('',#717,#709,#390,.T.);
#892=EDGE_CURVE('',#718,#716,#391,.T.);
#893=EDGE_CURVE('',#688,#718,#392,.T.);
#894=EDGE_CURVE('',#677,#718,#100,.T.);
#895=EDGE_CURVE('',#681,#719,#101,.T.);
#896=EDGE_CURVE('',#706,#719,#393,.T.);
#897=EDGE_CURVE('',#719,#717,#394,.T.);
#898=EDGE_CURVE('',#720,#721,#102,.T.);
#899=EDGE_CURVE('',#721,#722,#40,.F.);
#900=EDGE_CURVE('',#722,#712,#395,.T.);
#901=EDGE_CURVE('',#713,#720,#396,.T.);
#902=EDGE_CURVE('',#723,#720,#397,.T.);
#903=EDGE_CURVE('',#723,#715,#398,.T.);
#904=EDGE_CURVE('',#724,#723,#103,.T.);
#905=EDGE_CURVE('',#714,#724,#399,.T.);
#906=EDGE_CURVE('',#704,#724,#400,.T.);
#907=EDGE_CURVE('',#725,#726,#401,.T.);
#908=EDGE_CURVE('',#726,#727,#402,.T.);
#909=EDGE_CURVE('',#728,#727,#403,.T.);
#910=EDGE_CURVE('',#725,#728,#404,.T.);
#911=EDGE_CURVE('',#729,#725,#405,.T.);
#912=EDGE_CURVE('',#730,#728,#406,.T.);
#913=EDGE_CURVE('',#730,#729,#407,.T.);
#914=EDGE_CURVE('',#731,#729,#408,.T.);
#915=EDGE_CURVE('',#732,#730,#409,.T.);
#916=EDGE_CURVE('',#731,#732,#410,.T.);
#917=EDGE_CURVE('',#659,#731,#411,.T.);
#918=EDGE_CURVE('',#660,#732,#412,.T.);
#919=EDGE_CURVE('',#721,#699,#413,.T.);
#920=EDGE_CURVE('',#733,#664,#104,.T.);
#921=EDGE_CURVE('',#726,#733,#105,.T.);
#922=EDGE_CURVE('',#648,#734,#414,.T.);
#923=EDGE_CURVE('',#666,#734,#415,.T.);
#924=EDGE_CURVE('',#691,#665,#416,.T.);
#925=EDGE_CURVE('',#735,#690,#417,.T.);
#926=EDGE_CURVE('',#727,#735,#106,.T.);
#927=EDGE_CURVE('',#694,#735,#418,.T.);
#928=EDGE_CURVE('',#695,#733,#419,.T.);
#929=EDGE_CURVE('',#651,#722,#420,.T.);
#930=EDGE_CURVE('',#734,#653,#421,.T.);
#931=EDGE_CURVE('',#646,#736,#422,.T.);
#932=EDGE_CURVE('',#696,#736,#107,.T.);
#933=EDGE_CURVE('',#736,#652,#423,.T.);
#934=EDGE_CURVE('',#737,#738,#108,.T.);
#935=EDGE_CURVE('',#738,#739,#424,.T.);
#936=EDGE_CURVE('',#739,#740,#109,.T.);
#937=EDGE_CURVE('',#740,#737,#425,.T.);
#938=EDGE_CURVE('',#738,#741,#426,.T.);
#939=EDGE_CURVE('',#742,#741,#427,.T.);
#940=EDGE_CURVE('',#742,#739,#428,.T.);
#941=EDGE_CURVE('',#743,#737,#429,.T.);
#942=EDGE_CURVE('',#744,#743,#430,.T.);
#943=EDGE_CURVE('',#744,#745,#431,.T.);
#944=EDGE_CURVE('',#745,#746,#432,.T.);
#945=EDGE_CURVE('',#747,#746,#433,.T.);
#946=EDGE_CURVE('',#748,#747,#434,.T.);
#947=EDGE_CURVE('',#748,#749,#435,.T.);
#948=EDGE_CURVE('',#741,#749,#110,.T.);
#949=EDGE_CURVE('',#750,#742,#111,.T.);
#950=EDGE_CURVE('',#749,#750,#436,.T.);
#951=EDGE_CURVE('',#746,#751,#437,.T.);
#952=EDGE_CURVE('',#752,#745,#438,.T.);
#953=EDGE_CURVE('',#752,#751,#439,.T.);
#954=EDGE_CURVE('',#753,#744,#440,.T.);
#955=EDGE_CURVE('',#753,#752,#441,.T.);
#956=EDGE_CURVE('',#754,#751,#442,.T.);
#957=EDGE_CURVE('',#747,#754,#443,.T.);
#958=EDGE_CURVE('',#755,#740,#444,.T.);
#959=EDGE_CURVE('',#743,#755,#445,.T.);
#960=EDGE_CURVE('',#756,#750,#446,.T.);
#961=EDGE_CURVE('',#754,#756,#447,.T.);
#962=EDGE_CURVE('',#755,#753,#448,.T.);
#963=EDGE_CURVE('',#756,#748,#449,.T.);
#964=EDGE_CURVE('',#757,#758,#450,.T.);
#965=EDGE_CURVE('',#758,#759,#451,.T.);
#966=EDGE_CURVE('',#759,#760,#452,.T.);
#967=EDGE_CURVE('',#760,#757,#453,.T.);
#968=EDGE_CURVE('',#760,#761,#454,.T.);
#969=EDGE_CURVE('',#762,#761,#112,.T.);
#970=EDGE_CURVE('',#762,#763,#455,.T.);
#971=EDGE_CURVE('',#764,#763,#456,.T.);
#972=EDGE_CURVE('',#764,#765,#457,.T.);
#973=EDGE_CURVE('',#766,#765,#113,.T.);
#974=EDGE_CURVE('',#766,#757,#458,.T.);
#975=EDGE_CURVE('',#767,#768,#459,.T.);
#976=EDGE_CURVE('',#768,#769,#460,.T.);
#977=EDGE_CURVE('',#767,#769,#461,.T.);
#978=EDGE_CURVE('',#770,#759,#462,.T.);
#979=EDGE_CURVE('',#761,#770,#463,.T.);
#980=EDGE_CURVE('',#758,#771,#464,.T.);
#981=EDGE_CURVE('',#772,#771,#114,.T.);
#982=EDGE_CURVE('',#773,#772,#465,.T.);
#983=EDGE_CURVE('',#773,#774,#466,.T.);
#984=EDGE_CURVE('',#774,#775,#467,.T.);
#985=EDGE_CURVE('',#770,#775,#115,.T.);
#986=EDGE_CURVE('',#776,#777,#468,.T.);
#987=EDGE_CURVE('',#777,#778,#469,.T.);
#988=EDGE_CURVE('',#778,#776,#470,.T.);
#989=EDGE_CURVE('',#775,#762,#471,.T.);
#990=EDGE_CURVE('',#765,#772,#472,.T.);
#991=EDGE_CURVE('',#771,#766,#473,.T.);
#992=EDGE_CURVE('',#764,#773,#116,.T.);
#993=EDGE_CURVE('',#779,#779,#117,.T.);
#994=EDGE_CURVE('',#777,#769,#474,.T.);
#995=EDGE_CURVE('',#776,#767,#475,.T.);
#996=EDGE_CURVE('',#768,#778,#476,.T.);
#997=EDGE_CURVE('',#763,#774,#118,.T.);
#998=EDGE_CURVE('',#780,#780,#119,.T.);
#999=EDGE_CURVE('',#781,#781,#120,.T.);
#1000=EDGE_CURVE('',#782,#782,#121,.T.);
#1001=EDGE_CURVE('',#783,#783,#122,.T.);
#1002=EDGE_CURVE('',#784,#784,#123,.T.);
#1003=EDGE_CURVE('',#779,#785,#124,.T.);
#1004=EDGE_CURVE('',#785,#785,#125,.T.);
#1005=EDGE_CURVE('',#785,#786,#477,.T.);
#1006=EDGE_CURVE('',#786,#786,#126,.T.);
#1007=EDGE_CURVE('',#784,#787,#478,.T.);
#1008=EDGE_CURVE('',#787,#787,#127,.T.);
#1009=EDGE_CURVE('',#783,#788,#479,.T.);
#1010=EDGE_CURVE('',#788,#788,#128,.T.);
#1011=EDGE_CURVE('',#782,#789,#480,.T.);
#1012=EDGE_CURVE('',#789,#789,#129,.T.);
#1013=EDGE_CURVE('',#781,#790,#481,.T.);
#1014=EDGE_CURVE('',#790,#790,#130,.T.);
#1015=EDGE_CURVE('',#780,#791,#482,.T.);
#1016=EDGE_CURVE('',#791,#791,#131,.T.);
#1017=ORIENTED_EDGE('',*,*,#792,.F.);
#1018=ORIENTED_EDGE('',*,*,#793,.F.);
#1019=ORIENTED_EDGE('',*,*,#794,.F.);
#1020=ORIENTED_EDGE('',*,*,#795,.F.);
#1021=ORIENTED_EDGE('',*,*,#793,.T.);
#1022=ORIENTED_EDGE('',*,*,#796,.T.);
#1023=ORIENTED_EDGE('',*,*,#797,.T.);
#1024=ORIENTED_EDGE('',*,*,#798,.T.);
#1025=ORIENTED_EDGE('',*,*,#799,.T.);
#1026=ORIENTED_EDGE('',*,*,#800,.T.);
#1027=ORIENTED_EDGE('',*,*,#801,.T.);
#1028=ORIENTED_EDGE('',*,*,#802,.T.);
#1029=ORIENTED_EDGE('',*,*,#792,.T.);
#1030=ORIENTED_EDGE('',*,*,#803,.F.);
#1031=ORIENTED_EDGE('',*,*,#804,.F.);
#1032=ORIENTED_EDGE('',*,*,#796,.F.);
#1033=ORIENTED_EDGE('',*,*,#805,.T.);
#1034=ORIENTED_EDGE('',*,*,#806,.T.);
#1035=ORIENTED_EDGE('',*,*,#807,.T.);
#1036=ORIENTED_EDGE('',*,*,#806,.F.);
#1037=ORIENTED_EDGE('',*,*,#808,.T.);
#1038=ORIENTED_EDGE('',*,*,#809,.T.);
#1039=ORIENTED_EDGE('',*,*,#810,.T.);
#1040=ORIENTED_EDGE('',*,*,#809,.F.);
#1041=ORIENTED_EDGE('',*,*,#811,.T.);
#1042=ORIENTED_EDGE('',*,*,#812,.F.);
#1043=ORIENTED_EDGE('',*,*,#813,.F.);
#1044=ORIENTED_EDGE('',*,*,#814,.F.);
#1045=ORIENTED_EDGE('',*,*,#815,.T.);
#1046=ORIENTED_EDGE('',*,*,#816,.T.);
#1047=ORIENTED_EDGE('',*,*,#817,.T.);
#1048=ORIENTED_EDGE('',*,*,#814,.T.);
#1049=ORIENTED_EDGE('',*,*,#818,.F.);
#1050=ORIENTED_EDGE('',*,*,#819,.T.);
#1051=ORIENTED_EDGE('',*,*,#799,.F.);
#1052=ORIENTED_EDGE('',*,*,#820,.F.);
#1053=ORIENTED_EDGE('',*,*,#821,.T.);
#1054=ORIENTED_EDGE('',*,*,#822,.T.);
#1055=ORIENTED_EDGE('',*,*,#823,.T.);
#1056=ORIENTED_EDGE('',*,*,#824,.T.);
#1057=ORIENTED_EDGE('',*,*,#825,.T.);
#1058=ORIENTED_EDGE('',*,*,#826,.T.);
#1059=ORIENTED_EDGE('',*,*,#827,.F.);
#1060=ORIENTED_EDGE('',*,*,#828,.F.);
#1061=ORIENTED_EDGE('',*,*,#829,.F.);
#1062=ORIENTED_EDGE('',*,*,#830,.T.);
#1063=ORIENTED_EDGE('',*,*,#831,.F.);
#1064=ORIENTED_EDGE('',*,*,#832,.F.);
#1065=ORIENTED_EDGE('',*,*,#833,.F.);
#1066=ORIENTED_EDGE('',*,*,#834,.F.);
#1067=ORIENTED_EDGE('',*,*,#835,.F.);
#1068=ORIENTED_EDGE('',*,*,#836,.F.);
#1069=ORIENTED_EDGE('',*,*,#828,.T.);
#1070=ORIENTED_EDGE('',*,*,#837,.F.);
#1071=ORIENTED_EDGE('',*,*,#838,.T.);
#1072=ORIENTED_EDGE('',*,*,#839,.T.);
#1073=ORIENTED_EDGE('',*,*,#840,.T.);
#1074=ORIENTED_EDGE('',*,*,#839,.F.);
#1075=ORIENTED_EDGE('',*,*,#838,.F.);
#1076=ORIENTED_EDGE('',*,*,#805,.F.);
#1077=ORIENTED_EDGE('',*,*,#841,.T.);
#1078=ORIENTED_EDGE('',*,*,#842,.T.);
#1079=ORIENTED_EDGE('',*,*,#843,.T.);
#1080=ORIENTED_EDGE('',*,*,#842,.F.);
#1081=ORIENTED_EDGE('',*,*,#841,.F.);
#1082=ORIENTED_EDGE('',*,*,#808,.F.);
#1083=ORIENTED_EDGE('',*,*,#844,.T.);
#1084=ORIENTED_EDGE('',*,*,#830,.F.);
#1085=ORIENTED_EDGE('',*,*,#845,.F.);
#1086=ORIENTED_EDGE('',*,*,#846,.T.);
#1087=ORIENTED_EDGE('',*,*,#847,.F.);
#1088=ORIENTED_EDGE('',*,*,#826,.F.);
#1089=ORIENTED_EDGE('',*,*,#848,.T.);
#1090=ORIENTED_EDGE('',*,*,#849,.T.);
#1091=ORIENTED_EDGE('',*,*,#850,.F.);
#1092=ORIENTED_EDGE('',*,*,#851,.T.);
#1093=ORIENTED_EDGE('',*,*,#852,.F.);
#1094=ORIENTED_EDGE('',*,*,#853,.T.);
#1095=ORIENTED_EDGE('',*,*,#825,.F.);
#1096=ORIENTED_EDGE('',*,*,#854,.T.);
#1097=ORIENTED_EDGE('',*,*,#852,.T.);
#1098=ORIENTED_EDGE('',*,*,#855,.T.);
#1099=ORIENTED_EDGE('',*,*,#848,.F.);
#1100=ORIENTED_EDGE('',*,*,#823,.F.);
#1101=ORIENTED_EDGE('',*,*,#844,.F.);
#1102=ORIENTED_EDGE('',*,*,#856,.T.);
#1103=ORIENTED_EDGE('',*,*,#857,.F.);
#1104=ORIENTED_EDGE('',*,*,#858,.F.);
#1105=ORIENTED_EDGE('',*,*,#815,.F.);
#1106=ORIENTED_EDGE('',*,*,#859,.T.);
#1107=ORIENTED_EDGE('',*,*,#860,.T.);
#1108=ORIENTED_EDGE('',*,*,#861,.T.);
#1109=ORIENTED_EDGE('',*,*,#862,.F.);
#1110=ORIENTED_EDGE('',*,*,#863,.T.);
#1111=ORIENTED_EDGE('',*,*,#864,.T.);
#1112=ORIENTED_EDGE('',*,*,#865,.T.);
#1113=ORIENTED_EDGE('',*,*,#866,.T.);
#1114=ORIENTED_EDGE('',*,*,#862,.T.);
#1115=ORIENTED_EDGE('',*,*,#867,.F.);
#1116=ORIENTED_EDGE('',*,*,#868,.T.);
#1117=ORIENTED_EDGE('',*,*,#869,.F.);
#1118=ORIENTED_EDGE('',*,*,#870,.T.);
#1119=ORIENTED_EDGE('',*,*,#865,.F.);
#1120=ORIENTED_EDGE('',*,*,#871,.T.);
#1121=ORIENTED_EDGE('',*,*,#872,.T.);
#1122=ORIENTED_EDGE('',*,*,#873,.T.);
#1123=ORIENTED_EDGE('',*,*,#869,.T.);
#1124=ORIENTED_EDGE('',*,*,#874,.T.);
#1125=ORIENTED_EDGE('',*,*,#875,.T.);
#1126=ORIENTED_EDGE('',*,*,#876,.T.);
#1127=ORIENTED_EDGE('',*,*,#877,.T.);
#1128=ORIENTED_EDGE('',*,*,#878,.F.);
#1129=ORIENTED_EDGE('',*,*,#879,.F.);
#1130=ORIENTED_EDGE('',*,*,#875,.F.);
#1131=ORIENTED_EDGE('',*,*,#880,.F.);
#1132=ORIENTED_EDGE('',*,*,#881,.T.);
#1133=ORIENTED_EDGE('',*,*,#833,.T.);
#1134=ORIENTED_EDGE('',*,*,#882,.T.);
#1135=ORIENTED_EDGE('',*,*,#878,.T.);
#1136=ORIENTED_EDGE('',*,*,#883,.F.);
#1137=ORIENTED_EDGE('',*,*,#884,.F.);
#1138=ORIENTED_EDGE('',*,*,#822,.F.);
#1139=ORIENTED_EDGE('',*,*,#863,.F.);
#1140=ORIENTED_EDGE('',*,*,#866,.F.);
#1141=ORIENTED_EDGE('',*,*,#870,.F.);
#1142=ORIENTED_EDGE('',*,*,#873,.F.);
#1143=ORIENTED_EDGE('',*,*,#885,.F.);
#1144=ORIENTED_EDGE('',*,*,#886,.F.);
#1145=ORIENTED_EDGE('',*,*,#887,.F.);
#1146=ORIENTED_EDGE('',*,*,#879,.T.);
#1147=ORIENTED_EDGE('',*,*,#882,.F.);
#1148=ORIENTED_EDGE('',*,*,#832,.T.);
#1149=ORIENTED_EDGE('',*,*,#888,.F.);
#1150=ORIENTED_EDGE('',*,*,#889,.T.);
#1151=ORIENTED_EDGE('',*,*,#845,.T.);
#1152=ORIENTED_EDGE('',*,*,#829,.T.);
#1153=ORIENTED_EDGE('',*,*,#836,.T.);
#1154=ORIENTED_EDGE('',*,*,#890,.F.);
#1155=ORIENTED_EDGE('',*,*,#891,.T.);
#1156=ORIENTED_EDGE('',*,*,#876,.F.);
#1157=ORIENTED_EDGE('',*,*,#892,.F.);
#1158=ORIENTED_EDGE('',*,*,#893,.F.);
#1159=ORIENTED_EDGE('',*,*,#846,.F.);
#1160=ORIENTED_EDGE('',*,*,#889,.F.);
#1161=ORIENTED_EDGE('',*,*,#894,.T.);
#1162=ORIENTED_EDGE('',*,*,#892,.T.);
#1163=ORIENTED_EDGE('',*,*,#888,.T.);
#1164=ORIENTED_EDGE('',*,*,#831,.T.);
#1165=ORIENTED_EDGE('',*,*,#895,.F.);
#1166=ORIENTED_EDGE('',*,*,#837,.T.);
#1167=ORIENTED_EDGE('',*,*,#827,.T.);
#1168=ORIENTED_EDGE('',*,*,#847,.T.);
#1169=ORIENTED_EDGE('',*,*,#893,.T.);
#1170=ORIENTED_EDGE('',*,*,#894,.F.);
#1171=ORIENTED_EDGE('',*,*,#834,.T.);
#1172=ORIENTED_EDGE('',*,*,#881,.F.);
#1173=ORIENTED_EDGE('',*,*,#880,.T.);
#1174=ORIENTED_EDGE('',*,*,#874,.F.);
#1175=ORIENTED_EDGE('',*,*,#896,.T.);
#1176=ORIENTED_EDGE('',*,*,#897,.F.);
#1177=ORIENTED_EDGE('',*,*,#896,.F.);
#1178=ORIENTED_EDGE('',*,*,#877,.F.);
#1179=ORIENTED_EDGE('',*,*,#891,.F.);
#1180=ORIENTED_EDGE('',*,*,#895,.T.);
#1181=ORIENTED_EDGE('',*,*,#897,.T.);
#1182=ORIENTED_EDGE('',*,*,#890,.T.);
#1183=ORIENTED_EDGE('',*,*,#835,.T.);
#1184=ORIENTED_EDGE('',*,*,#898,.T.);
#1185=ORIENTED_EDGE('',*,*,#899,.T.);
#1186=ORIENTED_EDGE('',*,*,#900,.T.);
#1187=ORIENTED_EDGE('',*,*,#883,.T.);
#1188=ORIENTED_EDGE('',*,*,#901,.T.);
#1189=ORIENTED_EDGE('',*,*,#902,.T.);
#1190=ORIENTED_EDGE('',*,*,#901,.F.);
#1191=ORIENTED_EDGE('',*,*,#887,.T.);
#1192=ORIENTED_EDGE('',*,*,#903,.F.);
#1193=ORIENTED_EDGE('',*,*,#904,.T.);
#1194=ORIENTED_EDGE('',*,*,#903,.T.);
#1195=ORIENTED_EDGE('',*,*,#886,.T.);
#1196=ORIENTED_EDGE('',*,*,#905,.T.);
#1197=ORIENTED_EDGE('',*,*,#906,.T.);
#1198=ORIENTED_EDGE('',*,*,#905,.F.);
#1199=ORIENTED_EDGE('',*,*,#885,.T.);
#1200=ORIENTED_EDGE('',*,*,#872,.F.);
#1201=ORIENTED_EDGE('',*,*,#907,.T.);
#1202=ORIENTED_EDGE('',*,*,#908,.T.);
#1203=ORIENTED_EDGE('',*,*,#909,.F.);
#1204=ORIENTED_EDGE('',*,*,#910,.F.);
#1205=ORIENTED_EDGE('',*,*,#911,.T.);
#1206=ORIENTED_EDGE('',*,*,#910,.T.);
#1207=ORIENTED_EDGE('',*,*,#912,.F.);
#1208=ORIENTED_EDGE('',*,*,#913,.T.);
#1209=ORIENTED_EDGE('',*,*,#914,.T.);
#1210=ORIENTED_EDGE('',*,*,#913,.F.);
#1211=ORIENTED_EDGE('',*,*,#915,.F.);
#1212=ORIENTED_EDGE('',*,*,#916,.F.);
#1213=ORIENTED_EDGE('',*,*,#917,.T.);
#1214=ORIENTED_EDGE('',*,*,#916,.T.);
#1215=ORIENTED_EDGE('',*,*,#918,.F.);
#1216=ORIENTED_EDGE('',*,*,#812,.T.);
#1217=ORIENTED_EDGE('',*,*,#919,.F.);
#1218=ORIENTED_EDGE('',*,*,#898,.F.);
#1219=ORIENTED_EDGE('',*,*,#902,.F.);
#1220=ORIENTED_EDGE('',*,*,#904,.F.);
#1221=ORIENTED_EDGE('',*,*,#906,.F.);
#1222=ORIENTED_EDGE('',*,*,#871,.F.);
#1223=ORIENTED_EDGE('',*,*,#868,.F.);
#1224=ORIENTED_EDGE('',*,*,#864,.F.);
#1225=ORIENTED_EDGE('',*,*,#840,.F.);
#1226=ORIENTED_EDGE('',*,*,#807,.F.);
#1227=ORIENTED_EDGE('',*,*,#907,.F.);
#1228=ORIENTED_EDGE('',*,*,#911,.F.);
#1229=ORIENTED_EDGE('',*,*,#914,.F.);
#1230=ORIENTED_EDGE('',*,*,#917,.F.);
#1231=ORIENTED_EDGE('',*,*,#811,.F.);
#1232=ORIENTED_EDGE('',*,*,#817,.F.);
#1233=ORIENTED_EDGE('',*,*,#920,.F.);
#1234=ORIENTED_EDGE('',*,*,#921,.F.);
#1235=ORIENTED_EDGE('',*,*,#810,.F.);
#1236=ORIENTED_EDGE('',*,*,#843,.F.);
#1237=ORIENTED_EDGE('',*,*,#922,.T.);
#1238=ORIENTED_EDGE('',*,*,#923,.F.);
#1239=ORIENTED_EDGE('',*,*,#820,.T.);
#1240=ORIENTED_EDGE('',*,*,#798,.F.);
#1241=ORIENTED_EDGE('',*,*,#824,.F.);
#1242=ORIENTED_EDGE('',*,*,#859,.F.);
#1243=ORIENTED_EDGE('',*,*,#819,.F.);
#1244=ORIENTED_EDGE('',*,*,#924,.F.);
#1245=ORIENTED_EDGE('',*,*,#853,.F.);
#1246=ORIENTED_EDGE('',*,*,#854,.F.);
#1247=ORIENTED_EDGE('',*,*,#925,.T.);
#1248=ORIENTED_EDGE('',*,*,#850,.T.);
#1249=ORIENTED_EDGE('',*,*,#924,.T.);
#1250=ORIENTED_EDGE('',*,*,#818,.T.);
#1251=ORIENTED_EDGE('',*,*,#813,.T.);
#1252=ORIENTED_EDGE('',*,*,#918,.T.);
#1253=ORIENTED_EDGE('',*,*,#915,.T.);
#1254=ORIENTED_EDGE('',*,*,#912,.T.);
#1255=ORIENTED_EDGE('',*,*,#909,.T.);
#1256=ORIENTED_EDGE('',*,*,#926,.T.);
#1257=ORIENTED_EDGE('',*,*,#849,.F.);
#1258=ORIENTED_EDGE('',*,*,#855,.F.);
#1259=ORIENTED_EDGE('',*,*,#851,.F.);
#1260=ORIENTED_EDGE('',*,*,#925,.F.);
#1261=ORIENTED_EDGE('',*,*,#927,.F.);
#1262=ORIENTED_EDGE('',*,*,#856,.F.);
#1263=ORIENTED_EDGE('',*,*,#857,.T.);
#1264=ORIENTED_EDGE('',*,*,#927,.T.);
#1265=ORIENTED_EDGE('',*,*,#926,.F.);
#1266=ORIENTED_EDGE('',*,*,#908,.F.);
#1267=ORIENTED_EDGE('',*,*,#921,.T.);
#1268=ORIENTED_EDGE('',*,*,#928,.F.);
#1269=ORIENTED_EDGE('',*,*,#858,.T.);
#1270=ORIENTED_EDGE('',*,*,#928,.T.);
#1271=ORIENTED_EDGE('',*,*,#920,.T.);
#1272=ORIENTED_EDGE('',*,*,#816,.F.);
#1273=ORIENTED_EDGE('',*,*,#800,.F.);
#1274=ORIENTED_EDGE('',*,*,#884,.T.);
#1275=ORIENTED_EDGE('',*,*,#900,.F.);
#1276=ORIENTED_EDGE('',*,*,#929,.F.);
#1277=ORIENTED_EDGE('',*,*,#797,.F.);
#1278=ORIENTED_EDGE('',*,*,#804,.T.);
#1279=ORIENTED_EDGE('',*,*,#930,.F.);
#1280=ORIENTED_EDGE('',*,*,#922,.F.);
#1281=ORIENTED_EDGE('',*,*,#795,.T.);
#1282=ORIENTED_EDGE('',*,*,#931,.T.);
#1283=ORIENTED_EDGE('',*,*,#932,.F.);
#1284=ORIENTED_EDGE('',*,*,#860,.F.);
#1285=ORIENTED_EDGE('',*,*,#821,.F.);
#1286=ORIENTED_EDGE('',*,*,#923,.T.);
#1287=ORIENTED_EDGE('',*,*,#930,.T.);
#1288=ORIENTED_EDGE('',*,*,#803,.T.);
#1289=ORIENTED_EDGE('',*,*,#794,.T.);
#1290=ORIENTED_EDGE('',*,*,#802,.F.);
#1291=ORIENTED_EDGE('',*,*,#933,.F.);
#1292=ORIENTED_EDGE('',*,*,#931,.F.);
#1293=ORIENTED_EDGE('',*,*,#801,.F.);
#1294=ORIENTED_EDGE('',*,*,#929,.T.);
#1295=ORIENTED_EDGE('',*,*,#899,.F.);
#1296=ORIENTED_EDGE('',*,*,#919,.T.);
#1297=ORIENTED_EDGE('',*,*,#867,.T.);
#1298=ORIENTED_EDGE('',*,*,#861,.F.);
#1299=ORIENTED_EDGE('',*,*,#932,.T.);
#1300=ORIENTED_EDGE('',*,*,#933,.T.);
#1301=ORIENTED_EDGE('',*,*,#934,.T.);
#1302=ORIENTED_EDGE('',*,*,#935,.T.);
#1303=ORIENTED_EDGE('',*,*,#936,.T.);
#1304=ORIENTED_EDGE('',*,*,#937,.T.);
#1305=ORIENTED_EDGE('',*,*,#935,.F.);
#1306=ORIENTED_EDGE('',*,*,#938,.T.);
#1307=ORIENTED_EDGE('',*,*,#939,.F.);
#1308=ORIENTED_EDGE('',*,*,#940,.T.);
#1309=ORIENTED_EDGE('',*,*,#934,.F.);
#1310=ORIENTED_EDGE('',*,*,#941,.F.);
#1311=ORIENTED_EDGE('',*,*,#942,.F.);
#1312=ORIENTED_EDGE('',*,*,#943,.T.);
#1313=ORIENTED_EDGE('',*,*,#944,.T.);
#1314=ORIENTED_EDGE('',*,*,#945,.F.);
#1315=ORIENTED_EDGE('',*,*,#946,.F.);
#1316=ORIENTED_EDGE('',*,*,#947,.T.);
#1317=ORIENTED_EDGE('',*,*,#948,.F.);
#1318=ORIENTED_EDGE('',*,*,#938,.F.);
#1319=ORIENTED_EDGE('',*,*,#949,.T.);
#1320=ORIENTED_EDGE('',*,*,#939,.T.);
#1321=ORIENTED_EDGE('',*,*,#948,.T.);
#1322=ORIENTED_EDGE('',*,*,#950,.T.);
#1323=ORIENTED_EDGE('',*,*,#951,.F.);
#1324=ORIENTED_EDGE('',*,*,#944,.F.);
#1325=ORIENTED_EDGE('',*,*,#952,.F.);
#1326=ORIENTED_EDGE('',*,*,#953,.T.);
#1327=ORIENTED_EDGE('',*,*,#952,.T.);
#1328=ORIENTED_EDGE('',*,*,#943,.F.);
#1329=ORIENTED_EDGE('',*,*,#954,.F.);
#1330=ORIENTED_EDGE('',*,*,#955,.T.);
#1331=ORIENTED_EDGE('',*,*,#951,.T.);
#1332=ORIENTED_EDGE('',*,*,#956,.F.);
#1333=ORIENTED_EDGE('',*,*,#957,.F.);
#1334=ORIENTED_EDGE('',*,*,#945,.T.);
#1335=ORIENTED_EDGE('',*,*,#937,.F.);
#1336=ORIENTED_EDGE('',*,*,#958,.F.);
#1337=ORIENTED_EDGE('',*,*,#959,.F.);
#1338=ORIENTED_EDGE('',*,*,#941,.T.);
#1339=ORIENTED_EDGE('',*,*,#936,.F.);
#1340=ORIENTED_EDGE('',*,*,#940,.F.);
#1341=ORIENTED_EDGE('',*,*,#949,.F.);
#1342=ORIENTED_EDGE('',*,*,#960,.F.);
#1343=ORIENTED_EDGE('',*,*,#961,.F.);
#1344=ORIENTED_EDGE('',*,*,#956,.T.);
#1345=ORIENTED_EDGE('',*,*,#953,.F.);
#1346=ORIENTED_EDGE('',*,*,#955,.F.);
#1347=ORIENTED_EDGE('',*,*,#962,.F.);
#1348=ORIENTED_EDGE('',*,*,#958,.T.);
#1349=ORIENTED_EDGE('',*,*,#950,.F.);
#1350=ORIENTED_EDGE('',*,*,#947,.F.);
#1351=ORIENTED_EDGE('',*,*,#963,.F.);
#1352=ORIENTED_EDGE('',*,*,#960,.T.);
#1353=ORIENTED_EDGE('',*,*,#964,.T.);
#1354=ORIENTED_EDGE('',*,*,#965,.T.);
#1355=ORIENTED_EDGE('',*,*,#966,.T.);
#1356=ORIENTED_EDGE('',*,*,#967,.T.);
#1357=ORIENTED_EDGE('',*,*,#968,.T.);
#1358=ORIENTED_EDGE('',*,*,#969,.F.);
#1359=ORIENTED_EDGE('',*,*,#970,.T.);
#1360=ORIENTED_EDGE('',*,*,#971,.F.);
#1361=ORIENTED_EDGE('',*,*,#972,.T.);
#1362=ORIENTED_EDGE('',*,*,#973,.F.);
#1363=ORIENTED_EDGE('',*,*,#974,.T.);
#1364=ORIENTED_EDGE('',*,*,#967,.F.);
#1365=ORIENTED_EDGE('',*,*,#975,.T.);
#1366=ORIENTED_EDGE('',*,*,#976,.T.);
#1367=ORIENTED_EDGE('',*,*,#977,.F.);
#1368=ORIENTED_EDGE('',*,*,#978,.F.);
#1369=ORIENTED_EDGE('',*,*,#979,.F.);
#1370=ORIENTED_EDGE('',*,*,#968,.F.);
#1371=ORIENTED_EDGE('',*,*,#966,.F.);
#1372=ORIENTED_EDGE('',*,*,#980,.T.);
#1373=ORIENTED_EDGE('',*,*,#981,.F.);
#1374=ORIENTED_EDGE('',*,*,#982,.F.);
#1375=ORIENTED_EDGE('',*,*,#983,.T.);
#1376=ORIENTED_EDGE('',*,*,#984,.T.);
#1377=ORIENTED_EDGE('',*,*,#985,.F.);
#1378=ORIENTED_EDGE('',*,*,#978,.T.);
#1379=ORIENTED_EDGE('',*,*,#965,.F.);
#1380=ORIENTED_EDGE('',*,*,#986,.T.);
#1381=ORIENTED_EDGE('',*,*,#987,.T.);
#1382=ORIENTED_EDGE('',*,*,#988,.T.);
#1383=ORIENTED_EDGE('',*,*,#969,.T.);
#1384=ORIENTED_EDGE('',*,*,#979,.T.);
#1385=ORIENTED_EDGE('',*,*,#985,.T.);
#1386=ORIENTED_EDGE('',*,*,#989,.T.);
#1387=ORIENTED_EDGE('',*,*,#973,.T.);
#1388=ORIENTED_EDGE('',*,*,#990,.T.);
#1389=ORIENTED_EDGE('',*,*,#981,.T.);
#1390=ORIENTED_EDGE('',*,*,#991,.T.);
#1391=ORIENTED_EDGE('',*,*,#974,.F.);
#1392=ORIENTED_EDGE('',*,*,#991,.F.);
#1393=ORIENTED_EDGE('',*,*,#980,.F.);
#1394=ORIENTED_EDGE('',*,*,#964,.F.);
#1395=ORIENTED_EDGE('',*,*,#954,.T.);
#1396=ORIENTED_EDGE('',*,*,#942,.T.);
#1397=ORIENTED_EDGE('',*,*,#959,.T.);
#1398=ORIENTED_EDGE('',*,*,#962,.T.);
#1399=ORIENTED_EDGE('',*,*,#961,.T.);
#1400=ORIENTED_EDGE('',*,*,#963,.T.);
#1401=ORIENTED_EDGE('',*,*,#946,.T.);
#1402=ORIENTED_EDGE('',*,*,#957,.T.);
#1403=ORIENTED_EDGE('',*,*,#990,.F.);
#1404=ORIENTED_EDGE('',*,*,#972,.F.);
#1405=ORIENTED_EDGE('',*,*,#992,.T.);
#1406=ORIENTED_EDGE('',*,*,#982,.T.);
#1407=ORIENTED_EDGE('',*,*,#993,.F.);
#1408=ORIENTED_EDGE('',*,*,#994,.F.);
#1409=ORIENTED_EDGE('',*,*,#986,.F.);
#1410=ORIENTED_EDGE('',*,*,#995,.T.);
#1411=ORIENTED_EDGE('',*,*,#977,.T.);
#1412=ORIENTED_EDGE('',*,*,#994,.T.);
#1413=ORIENTED_EDGE('',*,*,#976,.F.);
#1414=ORIENTED_EDGE('',*,*,#996,.T.);
#1415=ORIENTED_EDGE('',*,*,#987,.F.);
#1416=ORIENTED_EDGE('',*,*,#996,.F.);
#1417=ORIENTED_EDGE('',*,*,#975,.F.);
#1418=ORIENTED_EDGE('',*,*,#995,.F.);
#1419=ORIENTED_EDGE('',*,*,#988,.F.);
#1420=ORIENTED_EDGE('',*,*,#989,.F.);
#1421=ORIENTED_EDGE('',*,*,#984,.F.);
#1422=ORIENTED_EDGE('',*,*,#997,.F.);
#1423=ORIENTED_EDGE('',*,*,#970,.F.);
#1424=ORIENTED_EDGE('',*,*,#998,.F.);
#1425=ORIENTED_EDGE('',*,*,#999,.F.);
#1426=ORIENTED_EDGE('',*,*,#1000,.F.);
#1427=ORIENTED_EDGE('',*,*,#1001,.F.);
#1428=ORIENTED_EDGE('',*,*,#1002,.F.);
#1429=ORIENTED_EDGE('',*,*,#997,.T.);
#1430=ORIENTED_EDGE('',*,*,#983,.F.);
#1431=ORIENTED_EDGE('',*,*,#992,.F.);
#1432=ORIENTED_EDGE('',*,*,#971,.T.);
#1433=ORIENTED_EDGE('',*,*,#993,.T.);
#1434=ORIENTED_EDGE('',*,*,#1003,.T.);
#1435=ORIENTED_EDGE('',*,*,#1004,.T.);
#1436=ORIENTED_EDGE('',*,*,#1003,.F.);
#1437=ORIENTED_EDGE('',*,*,#1004,.F.);
#1438=ORIENTED_EDGE('',*,*,#1005,.T.);
#1439=ORIENTED_EDGE('',*,*,#1006,.F.);
#1440=ORIENTED_EDGE('',*,*,#1005,.F.);
#1441=ORIENTED_EDGE('',*,*,#1002,.T.);
#1442=ORIENTED_EDGE('',*,*,#1007,.T.);
#1443=ORIENTED_EDGE('',*,*,#1008,.T.);
#1444=ORIENTED_EDGE('',*,*,#1007,.F.);
#1445=ORIENTED_EDGE('',*,*,#1001,.T.);
#1446=ORIENTED_EDGE('',*,*,#1009,.T.);
#1447=ORIENTED_EDGE('',*,*,#1010,.T.);
#1448=ORIENTED_EDGE('',*,*,#1009,.F.);
#1449=ORIENTED_EDGE('',*,*,#1000,.T.);
#1450=ORIENTED_EDGE('',*,*,#1011,.T.);
#1451=ORIENTED_EDGE('',*,*,#1012,.T.);
#1452=ORIENTED_EDGE('',*,*,#1011,.F.);
#1453=ORIENTED_EDGE('',*,*,#999,.T.);
#1454=ORIENTED_EDGE('',*,*,#1013,.T.);
#1455=ORIENTED_EDGE('',*,*,#1014,.T.);
#1456=ORIENTED_EDGE('',*,*,#1013,.F.);
#1457=ORIENTED_EDGE('',*,*,#998,.T.);
#1458=ORIENTED_EDGE('',*,*,#1015,.T.);
#1459=ORIENTED_EDGE('',*,*,#1016,.T.);
#1460=ORIENTED_EDGE('',*,*,#1015,.F.);
#1461=ORIENTED_EDGE('',*,*,#1006,.T.);
#1462=ORIENTED_EDGE('',*,*,#1016,.F.);
#1463=ORIENTED_EDGE('',*,*,#1014,.F.);
#1464=ORIENTED_EDGE('',*,*,#1012,.F.);
#1465=ORIENTED_EDGE('',*,*,#1010,.F.);
#1466=ORIENTED_EDGE('',*,*,#1008,.F.);
#1467=PLANE('',#1623);
#1468=PLANE('',#1624);
#1469=PLANE('',#1626);
#1470=PLANE('',#1633);
#1471=PLANE('',#1634);
#1472=PLANE('',#1635);
#1473=PLANE('',#1641);
#1474=PLANE('',#1642);
#1475=PLANE('',#1646);
#1476=PLANE('',#1647);
#1477=PLANE('',#1651);
#1478=PLANE('',#1652);
#1479=PLANE('',#1658);
#1480=PLANE('',#1659);
#1481=PLANE('',#1660);
#1482=PLANE('',#1663);
#1483=PLANE('',#1667);
#1484=PLANE('',#1674);
#1485=PLANE('',#1678);
#1486=PLANE('',#1683);
#1487=PLANE('',#1686);
#1488=PLANE('',#1688);
#1489=PLANE('',#1692);
#1490=PLANE('',#1695);
#1491=PLANE('',#1696);
#1492=PLANE('',#1697);
#1493=PLANE('',#1698);
#1494=PLANE('',#1699);
#1495=PLANE('',#1700);
#1496=PLANE('',#1703);
#1497=PLANE('',#1704);
#1498=PLANE('',#1705);
#1499=PLANE('',#1707);
#1500=PLANE('',#1710);
#1501=PLANE('',#1711);
#1502=PLANE('',#1712);
#1503=PLANE('',#1714);
#1504=PLANE('',#1719);
#1505=PLANE('',#1720);
#1506=PLANE('',#1724);
#1507=PLANE('',#1725);
#1508=PLANE('',#1726);
#1509=PLANE('',#1727);
#1510=PLANE('',#1728);
#1511=PLANE('',#1729);
#1512=PLANE('',#1730);
#1513=PLANE('',#1731);
#1514=PLANE('',#1734);
#1515=PLANE('',#1735);
#1516=PLANE('',#1740);
#1517=PLANE('',#1741);
#1518=PLANE('',#1744);
#1519=PLANE('',#1745);
#1520=PLANE('',#1746);
#1521=PLANE('',#1747);
#1522=PLANE('',#1770);
#1523=ADVANCED_FACE('',(#132),#1467,.F.);
#1524=ADVANCED_FACE('',(#133),#1468,.T.);
#1525=ADVANCED_FACE('',(#134),#1469,.F.);
#1526=ADVANCED_FACE('',(#135),#41,.F.);
#1527=ADVANCED_FACE('',(#136),#42,.F.);
#1528=ADVANCED_FACE('',(#137),#1470,.F.);
#1529=ADVANCED_FACE('',(#138),#1471,.F.);
#1530=ADVANCED_FACE('',(#139),#1472,.F.);
#1531=ADVANCED_FACE('',(#140),#43,.T.);
#1532=ADVANCED_FACE('',(#141),#1473,.T.);
#1533=ADVANCED_FACE('',(#142),#1474,.T.);
#1534=ADVANCED_FACE('',(#143),#44,.F.);
#1535=ADVANCED_FACE('',(#144),#1475,.T.);
#1536=ADVANCED_FACE('',(#145),#1476,.T.);
#1537=ADVANCED_FACE('',(#146),#45,.F.);
#1538=ADVANCED_FACE('',(#147),#1477,.T.);
#1539=ADVANCED_FACE('',(#148),#1478,.T.);
#1540=ADVANCED_FACE('',(#149),#46,.T.);
#1541=ADVANCED_FACE('',(#150),#1479,.F.);
#1542=ADVANCED_FACE('',(#151),#1480,.F.);
#1543=ADVANCED_FACE('',(#152),#1481,.F.);
#1544=ADVANCED_FACE('',(#153),#1482,.T.);
#1545=ADVANCED_FACE('',(#154),#47,.T.);
#1546=ADVANCED_FACE('',(#155),#1483,.T.);
#1547=ADVANCED_FACE('',(#156),#48,.T.);
#1548=ADVANCED_FACE('',(#157),#49,.T.);
#1549=ADVANCED_FACE('',(#158),#1484,.T.);
#1550=ADVANCED_FACE('',(#159),#50,.T.);
#1551=ADVANCED_FACE('',(#160,#18),#1485,.F.);
#1552=ADVANCED_FACE('',(#161),#1486,.T.);
#1553=ADVANCED_FACE('',(#162),#51,.T.);
#1554=ADVANCED_FACE('',(#163),#1487,.T.);
#1555=ADVANCED_FACE('',(#164),#1488,.T.);
#1556=ADVANCED_FACE('',(#165),#52,.T.);
#1557=ADVANCED_FACE('',(#166),#53,.T.);
#1558=ADVANCED_FACE('',(#167),#1489,.T.);
#1559=ADVANCED_FACE('',(#168),#54,.T.);
#1560=ADVANCED_FACE('',(#169),#1490,.T.);
#1561=ADVANCED_FACE('',(#170),#1491,.F.);
#1562=ADVANCED_FACE('',(#171),#1492,.F.);
#1563=ADVANCED_FACE('',(#172),#1493,.F.);
#1564=ADVANCED_FACE('',(#173),#1494,.F.);
#1565=ADVANCED_FACE('',(#174,#19,#20,#21,#22,#23),#1495,.T.);
#1566=ADVANCED_FACE('',(#175),#1496,.F.);
#1567=ADVANCED_FACE('',(#176),#1497,.F.);
#1568=ADVANCED_FACE('',(#177),#1498,.F.);
#1569=ADVANCED_FACE('',(#178),#1499,.F.);
#1570=ADVANCED_FACE('',(#179),#55,.F.);
#1571=ADVANCED_FACE('',(#180),#56,.F.);
#1572=ADVANCED_FACE('',(#181),#1500,.T.);
#1573=ADVANCED_FACE('',(#182),#1501,.T.);
#1574=ADVANCED_FACE('',(#183),#1502,.T.);
#1575=ADVANCED_FACE('',(#184),#1503,.T.);
#1576=ADVANCED_FACE('',(#185),#57,.F.);
#1577=ADVANCED_FACE('',(#186),#58,.T.);
#1578=ADVANCED_FACE('',(#187),#1504,.T.);
#1579=ADVANCED_FACE('',(#188),#1505,.T.);
#1580=ADVANCED_FACE('',(#189),#59,.T.);
#1581=ADVANCED_FACE('',(#190),#1506,.T.);
#1582=ADVANCED_FACE('',(#191),#1507,.T.);
#1583=ADVANCED_FACE('',(#192),#1508,.T.);
#1584=ADVANCED_FACE('',(#193),#1509,.T.);
#1585=ADVANCED_FACE('',(#194),#1510,.T.);
#1586=ADVANCED_FACE('',(#195),#1511,.T.);
#1587=ADVANCED_FACE('',(#196),#1512,.T.);
#1588=ADVANCED_FACE('',(#197,#24),#1513,.T.);
#1589=ADVANCED_FACE('',(#198),#1514,.T.);
#1590=ADVANCED_FACE('',(#199,#25),#1515,.T.);
#1591=ADVANCED_FACE('',(#200),#60,.F.);
#1592=ADVANCED_FACE('',(#201),#61,.T.);
#1593=ADVANCED_FACE('',(#202,#26,#27),#1516,.F.);
#1594=ADVANCED_FACE('',(#203,#28),#1517,.F.);
#1595=ADVANCED_FACE('',(#204),#1518,.T.);
#1596=ADVANCED_FACE('',(#205),#1519,.F.);
#1597=ADVANCED_FACE('',(#206),#1520,.F.);
#1598=ADVANCED_FACE('',(#207,#29,#30,#31,#32,#33),#1521,.T.);
#1599=ADVANCED_FACE('',(#208),#62,.T.);
#1600=ADVANCED_FACE('',(#209),#13,.T.);
#1601=ADVANCED_FACE('',(#210),#63,.F.);
#1602=ADVANCED_FACE('',(#211),#64,.F.);
#1603=ADVANCED_FACE('',(#212),#65,.F.);
#1604=ADVANCED_FACE('',(#213),#66,.F.);
#1605=ADVANCED_FACE('',(#214),#67,.F.);
#1606=ADVANCED_FACE('',(#215),#68,.F.);
#1607=ADVANCED_FACE('',(#216,#34,#35,#36,#37,#38),#1522,.F.);
#1608=CLOSED_SHELL('',(#1523,#1524,#1525,#1526,#1527,#1528,#1529,#1530,
#1531,#1532,#1533,#1534,#1535,#1536,#1537,#1538,#1539,#1540,#1541,#1542,
#1543,#1544,#1545,#1546,#1547,#1548,#1549,#1550,#1551,#1552,#1553,#1554,
#1555,#1556,#1557,#1558,#1559,#1560,#1561,#1562,#1563,#1564,#1565,#1566,
#1567,#1568,#1569,#1570,#1571,#1572,#1573,#1574,#1575,#1576));
#1609=CLOSED_SHELL('',(#1577,#1578,#1579,#1580,#1581,#1582,#1583,#1584,
#1585,#1586,#1587,#1588,#1589,#1590,#1591,#1592,#1593,#1594,#1595,#1596,
#1597,#1598,#1599,#1600,#1601,#1602,#1603,#1604,#1605,#1606,#1607));
#1610=DERIVED_UNIT_ELEMENT(#1612,1.);
#1611=DERIVED_UNIT_ELEMENT(#2700,-3.);
#1612=(
MASS_UNIT()
NAMED_UNIT(*)
SI_UNIT(.KILO.,.GRAM.)
);
#1613=DERIVED_UNIT((#1610,#1611));
#1614=MEASURE_REPRESENTATION_ITEM('density measure',
POSITIVE_RATIO_MEASURE(952.),#1613);
#1615=PROPERTY_DEFINITION_REPRESENTATION(#1620,#1617);
#1616=PROPERTY_DEFINITION_REPRESENTATION(#1621,#1618);
#1617=REPRESENTATION('material name',(#1619),#2697);
#1618=REPRESENTATION('density',(#1614),#2697);
#1619=DESCRIPTIVE_REPRESENTATION_ITEM('Plastic, Opaque White',
'Plastic, Opaque White');
#1620=PROPERTY_DEFINITION('material property','material name',#2707);
#1621=PROPERTY_DEFINITION('material property','density of part',#2707);
#1622=AXIS2_PLACEMENT_3D('',#2229,#1771,#1772);
#1623=AXIS2_PLACEMENT_3D('',#2230,#1773,#1774);
#1624=AXIS2_PLACEMENT_3D('',#2239,#1779,#1780);
#1625=AXIS2_PLACEMENT_3D('',#2251,#1786,#1787);
#1626=AXIS2_PLACEMENT_3D('',#2253,#1789,#1790);
#1627=AXIS2_PLACEMENT_3D('',#2257,#1793,#1794);
#1628=AXIS2_PLACEMENT_3D('',#2259,#1795,#1796);
#1629=AXIS2_PLACEMENT_3D('',#2262,#1798,#1799);
#1630=AXIS2_PLACEMENT_3D('',#2263,#1800,#1801);
#1631=AXIS2_PLACEMENT_3D('',#2265,#1802,#1803);
#1632=AXIS2_PLACEMENT_3D('',#2268,#1805,#1806);
#1633=AXIS2_PLACEMENT_3D('',#2269,#1807,#1808);
#1634=AXIS2_PLACEMENT_3D('',#2278,#1813,#1814);
#1635=AXIS2_PLACEMENT_3D('',#2288,#1820,#1821);
#1636=AXIS2_PLACEMENT_3D('',#2294,#1825,#1826);
#1637=AXIS2_PLACEMENT_3D('',#2297,#1827,#1828);
#1638=AXIS2_PLACEMENT_3D('',#2301,#1830,#1831);
#1639=AXIS2_PLACEMENT_3D('',#2305,#1833,#1834);
#1640=AXIS2_PLACEMENT_3D('',#2309,#1836,#1837);
#1641=AXIS2_PLACEMENT_3D('',#2311,#1839,#1840);
#1642=AXIS2_PLACEMENT_3D('',#2320,#1845,#1846);
#1643=AXIS2_PLACEMENT_3D('',#2326,#1850,#1851);
#1644=AXIS2_PLACEMENT_3D('',#2328,#1852,#1853);
#1645=AXIS2_PLACEMENT_3D('',#2331,#1855,#1856);
#1646=AXIS2_PLACEMENT_3D('',#2332,#1857,#1858);
#1647=AXIS2_PLACEMENT_3D('',#2333,#1859,#1860);
#1648=AXIS2_PLACEMENT_3D('',#2334,#1861,#1862);
#1649=AXIS2_PLACEMENT_3D('',#2336,#1863,#1864);
#1650=AXIS2_PLACEMENT_3D('',#2339,#1866,#1867);
#1651=AXIS2_PLACEMENT_3D('',#2340,#1868,#1869);
#1652=AXIS2_PLACEMENT_3D('',#2341,#1870,#1871);
#1653=AXIS2_PLACEMENT_3D('',#2342,#1872,#1873);
#1654=AXIS2_PLACEMENT_3D('',#2344,#1874,#1875);
#1655=AXIS2_PLACEMENT_3D('',#2346,#1876,#1877);
#1656=AXIS2_PLACEMENT_3D('',#2349,#1879,#1880);
#1657=AXIS2_PLACEMENT_3D('',#2351,#1881,#1882);
#1658=AXIS2_PLACEMENT_3D('',#2353,#1884,#1885);
#1659=AXIS2_PLACEMENT_3D('',#2362,#1890,#1891);
#1660=AXIS2_PLACEMENT_3D('',#2365,#1894,#1895);
#1661=AXIS2_PLACEMENT_3D('',#2369,#1897,#1898);
#1662=AXIS2_PLACEMENT_3D('',#2370,#1899,#1900);
#1663=AXIS2_PLACEMENT_3D('',#2372,#1902,#1903);
#1664=AXIS2_PLACEMENT_3D('',#2380,#1908,#1909);
#1665=AXIS2_PLACEMENT_3D('',#2383,#1910,#1911);
#1666=AXIS2_PLACEMENT_3D('',#2386,#1913,#1914);
#1667=AXIS2_PLACEMENT_3D('',#2391,#1915,#1916);
#1668=AXIS2_PLACEMENT_3D('',#2397,#1920,#1921);
#1669=AXIS2_PLACEMENT_3D('',#2399,#1922,#1923);
#1670=AXIS2_PLACEMENT_3D('',#2402,#1925,#1926);
#1671=AXIS2_PLACEMENT_3D('',#2403,#1927,#1928);
#1672=AXIS2_PLACEMENT_3D('',#2406,#1929,#1930);
#1673=AXIS2_PLACEMENT_3D('',#2410,#1932,#1933);
#1674=AXIS2_PLACEMENT_3D('',#2412,#1935,#1936);
#1675=AXIS2_PLACEMENT_3D('',#2418,#1940,#1941);
#1676=AXIS2_PLACEMENT_3D('',#2419,#1942,#1943);
#1677=AXIS2_PLACEMENT_3D('',#2420,#1944,#1945);
#1678=AXIS2_PLACEMENT_3D('',#2421,#1946,#1947);
#1679=AXIS2_PLACEMENT_3D('',#2424,#1948,#1949);
#1680=AXIS2_PLACEMENT_3D('',#2429,#1952,#1953);
#1681=AXIS2_PLACEMENT_3D('',#2432,#1955,#1956);
#1682=AXIS2_PLACEMENT_3D('',#2435,#1958,#1959);
#1683=AXIS2_PLACEMENT_3D('',#2437,#1961,#1962);
#1684=AXIS2_PLACEMENT_3D('',#2441,#1965,#1966);
#1685=AXIS2_PLACEMENT_3D('',#2442,#1967,#1968);
#1686=AXIS2_PLACEMENT_3D('',#2443,#1969,#1970);
#1687=AXIS2_PLACEMENT_3D('',#2445,#1971,#1972);
#1688=AXIS2_PLACEMENT_3D('',#2447,#1974,#1975);
#1689=AXIS2_PLACEMENT_3D('',#2449,#1977,#1978);
#1690=AXIS2_PLACEMENT_3D('',#2450,#1979,#1980);
#1691=AXIS2_PLACEMENT_3D('',#2453,#1981,#1982);
#1692=AXIS2_PLACEMENT_3D('',#2461,#1985,#1986);
#1693=AXIS2_PLACEMENT_3D('',#2465,#1989,#1990);
#1694=AXIS2_PLACEMENT_3D('',#2467,#1991,#1992);
#1695=AXIS2_PLACEMENT_3D('',#2469,#1994,#1995);
#1696=AXIS2_PLACEMENT_3D('',#2471,#1997,#1998);
#1697=AXIS2_PLACEMENT_3D('',#2480,#2003,#2004);
#1698=AXIS2_PLACEMENT_3D('',#2486,#2008,#2009);
#1699=AXIS2_PLACEMENT_3D('',#2492,#2013,#2014);
#1700=AXIS2_PLACEMENT_3D('',#2495,#2017,#2018);
#1701=AXIS2_PLACEMENT_3D('',#2498,#2020,#2021);
#1702=AXIS2_PLACEMENT_3D('',#2499,#2022,#2023);
#1703=AXIS2_PLACEMENT_3D('',#2500,#2024,#2025);
#1704=AXIS2_PLACEMENT_3D('',#2504,#2028,#2029);
#1705=AXIS2_PLACEMENT_3D('',#2506,#2031,#2032);
#1706=AXIS2_PLACEMENT_3D('',#2509,#2034,#2035);
#1707=AXIS2_PLACEMENT_3D('',#2510,#2036,#2037);
#1708=AXIS2_PLACEMENT_3D('',#2512,#2039,#2040);
#1709=AXIS2_PLACEMENT_3D('',#2514,#2042,#2043);
#1710=AXIS2_PLACEMENT_3D('',#2515,#2044,#2045);
#1711=AXIS2_PLACEMENT_3D('',#2517,#2047,#2048);
#1712=AXIS2_PLACEMENT_3D('',#2519,#2050,#2051);
#1713=AXIS2_PLACEMENT_3D('',#2522,#2053,#2054);
#1714=AXIS2_PLACEMENT_3D('',#2523,#2055,#2056);
#1715=AXIS2_PLACEMENT_3D('',#2525,#2058,#2059);
#1716=AXIS2_PLACEMENT_3D('',#2526,#2060,#2061);
#1717=AXIS2_PLACEMENT_3D('',#2529,#2062,#2063);
#1718=AXIS2_PLACEMENT_3D('',#2533,#2065,#2066);
#1719=AXIS2_PLACEMENT_3D('',#2535,#2068,#2069);
#1720=AXIS2_PLACEMENT_3D('',#2541,#2073,#2074);
#1721=AXIS2_PLACEMENT_3D('',#2556,#2082,#2083);
#1722=AXIS2_PLACEMENT_3D('',#2557,#2084,#2085);
#1723=AXIS2_PLACEMENT_3D('',#2559,#2086,#2087);
#1724=AXIS2_PLACEMENT_3D('',#2561,#2089,#2090);
#1725=AXIS2_PLACEMENT_3D('',#2567,#2094,#2095);
#1726=AXIS2_PLACEMENT_3D('',#2571,#2098,#2099);
#1727=AXIS2_PLACEMENT_3D('',#2575,#2102,#2103);
#1728=AXIS2_PLACEMENT_3D('',#2579,#2106,#2107);
#1729=AXIS2_PLACEMENT_3D('',#2584,#2111,#2112);
#1730=AXIS2_PLACEMENT_3D('',#2586,#2114,#2115);
#1731=AXIS2_PLACEMENT_3D('',#2595,#2120,#2121);
#1732=AXIS2_PLACEMENT_3D('',#2599,#2123,#2124);
#1733=AXIS2_PLACEMENT_3D('',#2607,#2128,#2129);
#1734=AXIS2_PLACEMENT_3D('',#2615,#2134,#2135);
#1735=AXIS2_PLACEMENT_3D('',#2619,#2138,#2139);
#1736=AXIS2_PLACEMENT_3D('',#2623,#2141,#2142);
#1737=AXIS2_PLACEMENT_3D('',#2630,#2146,#2147);
#1738=AXIS2_PLACEMENT_3D('',#2637,#2151,#2152);
#1739=AXIS2_PLACEMENT_3D('',#2639,#2154,#2155);
#1740=AXIS2_PLACEMENT_3D('',#2642,#2158,#2159);
#1741=AXIS2_PLACEMENT_3D('',#2643,#2160,#2161);
#1742=AXIS2_PLACEMENT_3D('',#2644,#2162,#2163);
#1743=AXIS2_PLACEMENT_3D('',#2646,#2164,#2165);
#1744=AXIS2_PLACEMENT_3D('',#2647,#2166,#2167);
#1745=AXIS2_PLACEMENT_3D('',#2650,#2170,#2171);
#1746=AXIS2_PLACEMENT_3D('',#2652,#2173,#2174);
#1747=AXIS2_PLACEMENT_3D('',#2653,#2175,#2176);
#1748=AXIS2_PLACEMENT_3D('',#2654,#2177,#2178);
#1749=AXIS2_PLACEMENT_3D('',#2656,#2179,#2180);
#1750=AXIS2_PLACEMENT_3D('',#2658,#2181,#2182);
#1751=AXIS2_PLACEMENT_3D('',#2660,#2183,#2184);
#1752=AXIS2_PLACEMENT_3D('',#2662,#2185,#2186);
#1753=AXIS2_PLACEMENT_3D('',#2664,#2187,#2188);
#1754=AXIS2_PLACEMENT_3D('',#2665,#2189,#2190);
#1755=AXIS2_PLACEMENT_3D('',#2666,#2191,#2192);
#1756=AXIS2_PLACEMENT_3D('',#2668,#2193,#2194);
#1757=AXIS2_PLACEMENT_3D('',#2669,#2195,#2196);
#1758=AXIS2_PLACEMENT_3D('',#2670,#2197,#2198);
#1759=AXIS2_PLACEMENT_3D('',#2673,#2200,#2201);
#1760=AXIS2_PLACEMENT_3D('',#2674,#2202,#2203);
#1761=AXIS2_PLACEMENT_3D('',#2677,#2205,#2206);
#1762=AXIS2_PLACEMENT_3D('',#2678,#2207,#2208);
#1763=AXIS2_PLACEMENT_3D('',#2681,#2210,#2211);
#1764=AXIS2_PLACEMENT_3D('',#2682,#2212,#2213);
#1765=AXIS2_PLACEMENT_3D('',#2685,#2215,#2216);
#1766=AXIS2_PLACEMENT_3D('',#2686,#2217,#2218);
#1767=AXIS2_PLACEMENT_3D('',#2689,#2220,#2221);
#1768=AXIS2_PLACEMENT_3D('',#2690,#2222,#2223);
#1769=AXIS2_PLACEMENT_3D('',#2693,#2225,#2226);
#1770=AXIS2_PLACEMENT_3D('',#2694,#2227,#2228);
#1771=DIRECTION('axis',(0.,0.,1.));
#1772=DIRECTION('refdir',(1.,0.,0.));
#1773=DIRECTION('center_axis',(0.531398579518084,0.,0.847121921382137));
#1774=DIRECTION('ref_axis',(0.847121921382137,0.,-0.531398579518084));
#1775=DIRECTION('',(0.,1.,0.));
#1776=DIRECTION('',(0.847121921382137,0.,-0.531398579518084));
#1777=DIRECTION('',(0.,-1.,0.));
#1778=DIRECTION('',(-0.847121921382137,0.,0.531398579518084));
#1779=DIRECTION('center_axis',(0.,-1.,0.));
#1780=DIRECTION('ref_axis',(1.,0.,0.));
#1781=DIRECTION('',(0.531398579518082,0.,0.847121921382138));
#1782=DIRECTION('',(0.427692684557309,0.,0.903924204552662));
#1783=DIRECTION('',(0.999176449429285,0.,0.0405761371484292));
#1784=DIRECTION('',(-1.,0.,0.));
#1785=DIRECTION('',(-1.,0.,0.));
#1786=DIRECTION('center_axis',(0.,-1.,0.));
#1787=DIRECTION('ref_axis',(0.961020790977527,0.,-0.276476109833977));
#1788=DIRECTION('',(-0.531398579518075,0.,-0.847121921382142));
#1789=DIRECTION('center_axis',(-0.847121921382138,0.,0.531398579518082));
#1790=DIRECTION('ref_axis',(0.531398579518082,0.,0.847121921382138));
#1791=DIRECTION('',(-0.531398579518082,0.,-0.847121921382138));
#1792=DIRECTION('',(0.,1.,0.));
#1793=DIRECTION('center_axis',(1.,0.,0.));
#1794=DIRECTION('ref_axis',(0.,-1.,0.));
#1795=DIRECTION('center_axis',(1.,0.,0.));
#1796=DIRECTION('ref_axis',(0.,-1.,0.));
#1797=DIRECTION('',(-1.,0.,0.));
#1798=DIRECTION('center_axis',(-1.,0.,0.));
#1799=DIRECTION('ref_axis',(0.,-1.,0.));
#1800=DIRECTION('center_axis',(1.,0.,0.));
#1801=DIRECTION('ref_axis',(0.,-1.,0.));
#1802=DIRECTION('center_axis',(1.,0.,0.));
#1803=DIRECTION('ref_axis',(0.,-1.,0.));
#1804=DIRECTION('',(-1.,0.,0.));
#1805=DIRECTION('center_axis',(-1.,0.,0.));
#1806=DIRECTION('ref_axis',(0.,-1.,0.));
#1807=DIRECTION('center_axis',(0.,0.,1.));
#1808=DIRECTION('ref_axis',(1.,0.,0.));
#1809=DIRECTION('',(0.,1.,0.));
#1810=DIRECTION('',(-1.,0.,0.));
#1811=DIRECTION('',(0.,1.,0.));
#1812=DIRECTION('',(1.,0.,0.));
#1813=DIRECTION('center_axis',(0.,-1.,0.));
#1814=DIRECTION('ref_axis',(0.,0.,-1.));
#1815=DIRECTION('',(0.,0.,-1.));
#1816=DIRECTION('',(-1.,0.,0.));
#1817=DIRECTION('',(0.,0.,1.));
#1818=DIRECTION('',(0.,1.53955772957007E-15,1.));
#1819=DIRECTION('',(-1.,0.,0.));
#1820=DIRECTION('center_axis',(0.,0.,-1.));
#1821=DIRECTION('ref_axis',(0.,-1.,0.));
#1822=DIRECTION('',(0.,-1.,0.));
#1823=DIRECTION('',(-1.,0.,0.));
#1824=DIRECTION('',(0.,-1.,0.));
#1825=DIRECTION('center_axis',(1.,0.,0.));
#1826=DIRECTION('ref_axis',(0.,-0.616685311346852,0.787209773039586));
#1827=DIRECTION('center_axis',(-1.,0.,0.));
#1828=DIRECTION('ref_axis',(0.,-0.616685311346852,0.787209773039586));
#1829=DIRECTION('',(1.,0.,0.));
#1830=DIRECTION('center_axis',(1.,0.,0.));
#1831=DIRECTION('ref_axis',(0.,-0.616685311346852,0.787209773039586));
#1832=DIRECTION('',(1.,0.,0.));
#1833=DIRECTION('center_axis',(1.,0.,0.));
#1834=DIRECTION('ref_axis',(0.,-0.616685311346852,0.787209773039586));
#1835=DIRECTION('',(1.,0.,0.));
#1836=DIRECTION('center_axis',(-1.,0.,0.));
#1837=DIRECTION('ref_axis',(0.,-0.616685311346852,0.787209773039586));
#1838=DIRECTION('',(1.,0.,0.));
#1839=DIRECTION('center_axis',(0.,0.,-1.));
#1840=DIRECTION('ref_axis',(0.,1.,0.));
#1841=DIRECTION('',(1.,0.,0.));
#1842=DIRECTION('',(0.,-1.,0.));
#1843=DIRECTION('',(-1.,0.,0.));
#1844=DIRECTION('',(0.,1.,0.));
#1845=DIRECTION('center_axis',(0.,-1.,1.88274673878281E-15));
#1846=DIRECTION('ref_axis',(0.,-1.88274673878281E-15,-1.));
#1847=DIRECTION('',(1.,0.,0.));
#1848=DIRECTION('',(0.,1.88274673878281E-15,1.));
#1849=DIRECTION('',(0.,-1.88274673878281E-15,-1.));
#1850=DIRECTION('center_axis',(1.,0.,0.));
#1851=DIRECTION('ref_axis',(0.,-1.,0.));
#1852=DIRECTION('center_axis',(1.,0.,0.));
#1853=DIRECTION('ref_axis',(0.,-1.,0.));
#1854=DIRECTION('',(-1.,0.,0.));
#1855=DIRECTION('center_axis',(-1.,0.,0.));
#1856=DIRECTION('ref_axis',(0.,-1.,0.));
#1857=DIRECTION('center_axis',(-1.,0.,0.));
#1858=DIRECTION('ref_axis',(0.,-1.,0.));
#1859=DIRECTION('center_axis',(-1.,0.,0.));
#1860=DIRECTION('ref_axis',(0.,-1.,0.));
#1861=DIRECTION('center_axis',(1.,0.,0.));
#1862=DIRECTION('ref_axis',(0.,-1.,0.));
#1863=DIRECTION('center_axis',(1.,0.,0.));
#1864=DIRECTION('ref_axis',(0.,-1.,0.));
#1865=DIRECTION('',(-1.,0.,0.));
#1866=DIRECTION('center_axis',(-1.,0.,0.));
#1867=DIRECTION('ref_axis',(0.,-1.,0.));
#1868=DIRECTION('center_axis',(-1.,0.,0.));
#1869=DIRECTION('ref_axis',(0.,-1.,0.));
#1870=DIRECTION('center_axis',(-1.,0.,0.));
#1871=DIRECTION('ref_axis',(0.,-1.,0.));
#1872=DIRECTION('center_axis',(1.,0.,0.));
#1873=DIRECTION('ref_axis',(0.,-0.999112849069706,-0.0421131193788092));
#1874=DIRECTION('center_axis',(-1.,0.,0.));
#1875=DIRECTION('ref_axis',(0.,-0.999112849069706,-0.0421131193788092));
#1876=DIRECTION('center_axis',(-1.,0.,0.));
#1877=DIRECTION('ref_axis',(0.,-0.999112849069706,-0.0421131193788092));
#1878=DIRECTION('',(1.,0.,0.));
#1879=DIRECTION('center_axis',(1.,0.,0.));
#1880=DIRECTION('ref_axis',(0.,-0.999112849069707,-0.0421131193788059));
#1881=DIRECTION('center_axis',(1.,0.,0.));
#1882=DIRECTION('ref_axis',(0.,-0.999112849069706,-0.0421131193788092));
#1883=DIRECTION('',(-1.,0.,0.));
#1884=DIRECTION('center_axis',(0.,1.,-1.77635683940025E-15));
#1885=DIRECTION('ref_axis',(0.,1.77635683940025E-15,1.));
#1886=DIRECTION('',(0.,0.,1.));
#1887=DIRECTION('',(1.,0.,0.));
#1888=DIRECTION('',(0.,0.,-1.));
#1889=DIRECTION('',(-1.,0.,0.));
#1890=DIRECTION('center_axis',(1.,0.,0.));
#1891=DIRECTION('ref_axis',(0.,-1.88274673878281E-15,-1.));
#1892=DIRECTION('',(0.,1.,-1.77635683940025E-15));
#1893=DIRECTION('',(0.,-1.,1.77635683940025E-15));
#1894=DIRECTION('center_axis',(-1.,0.,0.));
#1895=DIRECTION('ref_axis',(0.,1.88274673878281E-15,1.));
#1896=DIRECTION('',(0.,1.,0.));
#1897=DIRECTION('center_axis',(1.,0.,0.));
#1898=DIRECTION('ref_axis',(0.,-0.56410246044486,-0.825704798411669));
#1899=DIRECTION('center_axis',(1.,0.,0.));
#1900=DIRECTION('ref_axis',(0.,-0.998671931268089,-0.0515206142943416));
#1901=DIRECTION('',(0.,-1.,1.77635683940025E-15));
#1902=DIRECTION('center_axis',(0.,0.,-1.));
#1903=DIRECTION('ref_axis',(0.,1.,0.));
#1904=DIRECTION('',(-1.,0.,0.));
#1905=DIRECTION('',(0.,-1.,0.));
#1906=DIRECTION('',(-1.,0.,0.));
#1907=DIRECTION('',(0.,-1.,0.));
#1908=DIRECTION('center_axis',(-1.,0.,0.));
#1909=DIRECTION('ref_axis',(0.,0.707106781186547,-0.707106781186547));
#1910=DIRECTION('center_axis',(1.,0.,0.));
#1911=DIRECTION('ref_axis',(0.,0.707106781186547,-0.707106781186547));
#1912=DIRECTION('',(1.,0.,0.));
#1913=DIRECTION('center_axis',(-1.,0.,0.));
#1914=DIRECTION('ref_axis',(0.,0.707106781186547,-0.707106781186547));
#1915=DIRECTION('center_axis',(0.,1.,0.));
#1916=DIRECTION('ref_axis',(0.,0.,1.));
#1917=DIRECTION('',(0.,0.,1.));
#1918=DIRECTION('',(-1.,0.,0.));
#1919=DIRECTION('',(0.,0.,-1.));
#1920=DIRECTION('center_axis',(-1.,0.,0.));
#1921=DIRECTION('ref_axis',(0.,0.707106781186547,0.707106781186547));
#1922=DIRECTION('center_axis',(1.,0.,0.));
#1923=DIRECTION('ref_axis',(0.,0.707106781186547,0.707106781186547));
#1924=DIRECTION('',(1.,0.,0.));
#1925=DIRECTION('center_axis',(-1.,0.,0.));
#1926=DIRECTION('ref_axis',(0.,0.707106781186547,0.707106781186547));
#1927=DIRECTION('center_axis',(1.,0.,0.));
#1928=DIRECTION('ref_axis',(0.,0.707106781186547,0.707106781186547));
#1929=DIRECTION('center_axis',(-1.,0.,0.));
#1930=DIRECTION('ref_axis',(0.,0.707106781186547,0.707106781186547));
#1931=DIRECTION('',(-1.,0.,0.));
#1932=DIRECTION('center_axis',(-1.,0.,0.));
#1933=DIRECTION('ref_axis',(0.,0.707106781186547,0.707106781186547));
#1934=DIRECTION('',(1.,0.,0.));
#1935=DIRECTION('center_axis',(0.,1.,-1.64477485129653E-16));
#1936=DIRECTION('ref_axis',(0.,1.64477485129653E-16,1.));
#1937=DIRECTION('',(1.,0.,0.));
#1938=DIRECTION('',(0.,-1.64477485129653E-16,-1.));
#1939=DIRECTION('',(0.,3.28954970259306E-16,1.));
#1940=DIRECTION('center_axis',(1.,0.,0.));
#1941=DIRECTION('ref_axis',(0.,0.707106781186548,-0.707106781186547));
#1942=DIRECTION('center_axis',(-1.,0.,0.));
#1943=DIRECTION('ref_axis',(0.,0.707106781186548,-0.707106781186547));
#1944=DIRECTION('center_axis',(-1.,0.,0.));
#1945=DIRECTION('ref_axis',(0.,0.707106781186548,-0.707106781186547));
#1946=DIRECTION('center_axis',(-1.,0.,0.));
#1947=DIRECTION('ref_axis',(0.,-1.,0.));
#1948=DIRECTION('center_axis',(-1.,0.,0.));
#1949=DIRECTION('ref_axis',(0.,-0.707106781186547,-0.707106781186547));
#1950=DIRECTION('',(0.,-1.,0.));
#1951=DIRECTION('',(0.,1.,0.));
#1952=DIRECTION('center_axis',(-1.,0.,0.));
#1953=DIRECTION('ref_axis',(0.,-0.707106781186547,0.707106781186547));
#1954=DIRECTION('',(0.,0.,1.));
#1955=DIRECTION('center_axis',(-1.,0.,0.));
#1956=DIRECTION('ref_axis',(0.,-0.707106781186547,-0.707106781186547));
#1957=DIRECTION('',(0.,0.,1.));
#1958=DIRECTION('center_axis',(-1.,0.,0.));
#1959=DIRECTION('ref_axis',(0.,-0.707106781186545,0.70710678118655));
#1960=DIRECTION('',(0.,1.,0.));
#1961=DIRECTION('center_axis',(0.,-1.,0.));
#1962=DIRECTION('ref_axis',(0.,0.,-1.));
#1963=DIRECTION('',(-1.,0.,0.));
#1964=DIRECTION('',(0.,0.,-1.));
#1965=DIRECTION('center_axis',(1.,0.,0.));
#1966=DIRECTION('ref_axis',(0.,-0.707106781186547,-0.707106781186547));
#1967=DIRECTION('center_axis',(-1.,0.,0.));
#1968=DIRECTION('ref_axis',(0.,-0.707106781186547,-0.707106781186547));
#1969=DIRECTION('center_axis',(1.,0.,0.));
#1970=DIRECTION('ref_axis',(0.,1.,0.));
#1971=DIRECTION('center_axis',(-1.,0.,0.));
#1972=DIRECTION('ref_axis',(0.,-0.707106781186545,0.70710678118655));
#1973=DIRECTION('',(0.,-1.,0.));
#1974=DIRECTION('center_axis',(0.,0.,1.));
#1975=DIRECTION('ref_axis',(0.,-1.,0.));
#1976=DIRECTION('',(-1.,0.,0.));
#1977=DIRECTION('center_axis',(1.,0.,0.));
#1978=DIRECTION('ref_axis',(0.,-0.707106781186545,0.70710678118655));
#1979=DIRECTION('center_axis',(-1.,0.,0.));
#1980=DIRECTION('ref_axis',(0.,-0.707106781186547,-0.707106781186547));
#1981=DIRECTION('center_axis',(1.,0.,0.));
#1982=DIRECTION('ref_axis',(0.,-0.707106781186547,-0.707106781186547));
#1983=DIRECTION('',(1.,0.,0.));
#1984=DIRECTION('',(-1.,0.,0.));
#1985=DIRECTION('center_axis',(0.,-1.,0.));
#1986=DIRECTION('ref_axis',(0.,0.,-1.));
#1987=DIRECTION('',(0.,0.,-1.));
#1988=DIRECTION('',(1.,0.,0.));
#1989=DIRECTION('center_axis',(-1.,0.,0.));
#1990=DIRECTION('ref_axis',(0.,-0.707106781186547,0.707106781186547));
#1991=DIRECTION('center_axis',(1.,0.,0.));
#1992=DIRECTION('ref_axis',(0.,-0.707106781186547,0.707106781186547));
#1993=DIRECTION('',(-1.,0.,0.));
#1994=DIRECTION('center_axis',(0.,0.,1.));
#1995=DIRECTION('ref_axis',(0.,-1.,0.));
#1996=DIRECTION('',(0.,-1.,0.));
#1997=DIRECTION('center_axis',(0.,0.,-1.));
#1998=DIRECTION('ref_axis',(0.,1.,0.));
#1999=DIRECTION('',(0.,-1.,0.));
#2000=DIRECTION('',(1.,0.,0.));
#2001=DIRECTION('',(0.,-1.,0.));
#2002=DIRECTION('',(1.,0.,0.));
#2003=DIRECTION('center_axis',(0.,-1.,0.));
#2004=DIRECTION('ref_axis',(0.,0.,-1.));
#2005=DIRECTION('',(0.,0.,1.));
#2006=DIRECTION('',(0.,0.,1.));
#2007=DIRECTION('',(-1.,0.,0.));
#2008=DIRECTION('center_axis',(0.,0.,-1.));
#2009=DIRECTION('ref_axis',(-1.,0.,0.));
#2010=DIRECTION('',(0.,-1.,0.));
#2011=DIRECTION('',(0.,-1.,0.));
#2012=DIRECTION('',(1.,0.,0.));
#2013=DIRECTION('center_axis',(0.,1.,0.));
#2014=DIRECTION('ref_axis',(0.,0.,1.));
#2015=DIRECTION('',(0.,0.,-1.));
#2016=DIRECTION('',(0.,0.,-1.));
#2017=DIRECTION('center_axis',(-1.,0.,0.));
#2018=DIRECTION('ref_axis',(0.,-1.,0.));
#2019=DIRECTION('',(0.,1.,0.));
#2020=DIRECTION('center_axis',(-1.,0.,0.));
#2021=DIRECTION('ref_axis',(0.,-0.998671931268089,-0.0515206142943416));
#2022=DIRECTION('center_axis',(-1.,0.,0.));
#2023=DIRECTION('ref_axis',(0.,-0.56410246044486,-0.825704798411669));
#2024=DIRECTION('center_axis',(-0.0405761371484292,0.,0.999176449429285));
#2025=DIRECTION('ref_axis',(0.,1.,0.));
#2026=DIRECTION('',(0.,1.,0.));
#2027=DIRECTION('',(-0.999176449429285,0.,-0.0405761371484292));
#2028=DIRECTION('center_axis',(0.,0.,1.));
#2029=DIRECTION('ref_axis',(1.,0.,0.));
#2030=DIRECTION('',(0.,-1.,0.));
#2031=DIRECTION('center_axis',(1.,0.,0.));
#2032=DIRECTION('ref_axis',(0.,1.,0.));
#2033=DIRECTION('',(0.,1.,0.));
#2034=DIRECTION('center_axis',(-1.,0.,0.));
#2035=DIRECTION('ref_axis',(0.,-0.99918003871985,-0.0404876552025455));
#2036=DIRECTION('center_axis',(0.,0.,-1.));
#2037=DIRECTION('ref_axis',(-1.,0.,0.));
#2038=DIRECTION('',(1.,0.,0.));
#2039=DIRECTION('center_axis',(1.,0.,0.));
#2040=DIRECTION('ref_axis',(0.,-0.56410246044486,-0.825704798411669));
#2041=DIRECTION('',(-1.,0.,0.));
#2042=DIRECTION('center_axis',(1.,0.,0.));
#2043=DIRECTION('ref_axis',(0.,-0.998671931268089,-0.0515206142943416));
#2044=DIRECTION('center_axis',(0.,0.,-1.));
#2045=DIRECTION('ref_axis',(0.,1.,0.));
#2046=DIRECTION('',(0.,-1.,0.));
#2047=DIRECTION('center_axis',(0.903924204552662,0.,-0.427692684557309));
#2048=DIRECTION('ref_axis',(-0.427692684557309,0.,-0.903924204552662));
#2049=DIRECTION('',(-0.427692684557309,0.,-0.903924204552662));
#2050=DIRECTION('center_axis',(0.,1.,0.));
#2051=DIRECTION('ref_axis',(-1.,0.,0.));
#2052=DIRECTION('',(0.531398579518076,0.,0.847121921382141));
#2053=DIRECTION('center_axis',(0.,1.,0.));
#2054=DIRECTION('ref_axis',(0.961020790977527,0.,-0.276476109833977));
#2055=DIRECTION('center_axis',(-0.847121921382142,0.,0.531398579518075));
#2056=DIRECTION('ref_axis',(0.531398579518075,0.,0.847121921382142));
#2057=DIRECTION('',(0.,-1.,0.));
#2058=DIRECTION('center_axis',(0.,-1.,0.));
#2059=DIRECTION('ref_axis',(0.961020790977527,0.,-0.276476109833977));
#2060=DIRECTION('center_axis',(0.531398579518086,0.,0.847121921382135));
#2061=DIRECTION('ref_axis',(0.599005655101085,0.707106781186548,-0.375755539090137));
#2062=DIRECTION('center_axis',(-0.531398579518082,0.,-0.847121921382138));
#2063=DIRECTION('ref_axis',(0.599005655101085,0.707106781186548,-0.375755539090137));
#2064=DIRECTION('',(-0.531398579518086,0.,-0.847121921382135));
#2065=DIRECTION('center_axis',(0.531398579518082,0.,0.847121921382138));
#2066=DIRECTION('ref_axis',(0.599005655101085,0.707106781186548,-0.375755539090137));
#2067=DIRECTION('',(0.531398579518086,0.,0.847121921382135));
#2068=DIRECTION('center_axis',(0.847121921382135,0.,-0.531398579518086));
#2069=DIRECTION('ref_axis',(-0.531398579518086,0.,-0.847121921382135));
#2070=DIRECTION('',(0.,-1.,0.));
#2071=DIRECTION('',(0.531398579518086,0.,0.847121921382135));
#2072=DIRECTION('',(0.,1.,0.));
#2073=DIRECTION('center_axis',(0.531398579518082,0.,0.847121921382138));
#2074=DIRECTION('ref_axis',(0.,-1.,0.));
#2075=DIRECTION('',(0.847121921382138,0.,-0.531398579518082));
#2076=DIRECTION('',(0.,1.,0.));
#2077=DIRECTION('',(0.847121921382138,0.,-0.531398579518082));
#2078=DIRECTION('',(0.,-1.,0.));
#2079=DIRECTION('',(0.847121921382138,0.,-0.531398579518082));
#2080=DIRECTION('',(0.,1.,0.));
#2081=DIRECTION('',(0.847121921382135,0.,-0.531398579518086));
#2082=DIRECTION('center_axis',(-0.531398579518082,0.,-0.847121921382138));
#2083=DIRECTION('ref_axis',(0.599005655101085,-0.707106781186548,-0.375755539090137));
#2084=DIRECTION('center_axis',(-0.531398579518086,0.,-0.847121921382135));
#2085=DIRECTION('ref_axis',(0.599005655101085,-0.707106781186548,-0.375755539090137));
#2086=DIRECTION('center_axis',(0.531398579518082,0.,0.847121921382138));
#2087=DIRECTION('ref_axis',(0.599005655101085,-0.707106781186548,-0.375755539090137));
#2088=DIRECTION('',(-0.531398579518086,0.,-0.847121921382135));
#2089=DIRECTION('center_axis',(-0.847121921382137,0.,0.531398579518082));
#2090=DIRECTION('ref_axis',(-0.531398579518082,0.,-0.847121921382137));
#2091=DIRECTION('',(-0.531398579518082,0.,-0.847121921382137));
#2092=DIRECTION('',(0.531398579518082,0.,0.847121921382137));
#2093=DIRECTION('',(0.,-1.,0.));
#2094=DIRECTION('center_axis',(0.,-1.,0.));
#2095=DIRECTION('ref_axis',(-0.531398579518082,0.,-0.847121921382138));
#2096=DIRECTION('',(0.531398579518082,0.,0.847121921382138));
#2097=DIRECTION('',(0.847121921382138,0.,-0.531398579518082));
#2098=DIRECTION('center_axis',(0.,1.,0.));
#2099=DIRECTION('ref_axis',(0.531398579518082,0.,0.847121921382138));
#2100=DIRECTION('',(0.847121921382138,0.,-0.531398579518082));
#2101=DIRECTION('',(-0.531398579518082,0.,-0.847121921382138));
#2102=DIRECTION('center_axis',(0.,1.,0.));
#2103=DIRECTION('ref_axis',(0.531398579518082,0.,0.847121921382138));
#2104=DIRECTION('',(0.847121921382138,0.,-0.531398579518082));
#2105=DIRECTION('',(-0.531398579518082,0.,-0.847121921382138));
#2106=DIRECTION('center_axis',(-0.531398579518082,0.,-0.847121921382138));
#2107=DIRECTION('ref_axis',(0.,1.,0.));
#2108=DIRECTION('',(0.847121921382138,0.,-0.531398579518082));
#2109=DIRECTION('',(0.,-1.,0.));
#2110=DIRECTION('',(0.,-1.,0.));
#2111=DIRECTION('center_axis',(0.,-1.,0.));
#2112=DIRECTION('ref_axis',(-0.531398579518082,0.,-0.847121921382138));
#2113=DIRECTION('',(0.531398579518082,0.,0.847121921382138));
#2114=DIRECTION('center_axis',(0.531398579518083,0.,0.847121921382137));
#2115=DIRECTION('ref_axis',(0.847121921382137,0.,-0.531398579518083));
#2116=DIRECTION('',(0.,1.,0.));
#2117=DIRECTION('',(-0.847121921382137,0.,0.531398579518083));
#2118=DIRECTION('',(0.,-1.,0.));
#2119=DIRECTION('',(0.847121921382137,0.,-0.531398579518083));
#2120=DIRECTION('center_axis',(0.,-1.,0.));
#2121=DIRECTION('ref_axis',(1.,0.,0.));
#2122=DIRECTION('',(-0.531398579518075,0.,-0.847121921382142));
#2123=DIRECTION('center_axis',(0.,-1.,0.));
#2124=DIRECTION('ref_axis',(0.484046186061787,0.,-0.87504245026115));
#2125=DIRECTION('',(-1.,0.,0.));
#2126=DIRECTION('',(0.,0.,1.));
#2127=DIRECTION('',(1.,0.,0.));
#2128=DIRECTION('center_axis',(0.,1.,0.));
#2129=DIRECTION('ref_axis',(0.484046186061784,0.,-0.875042450261152));
#2130=DIRECTION('',(0.531398579518082,0.,0.847121921382138));
#2131=DIRECTION('',(-0.525570773037068,0.,-0.85074988247382));
#2132=DIRECTION('',(0.,0.,1.));
#2133=DIRECTION('',(-0.531398579518078,0.,-0.84712192138214));
#2134=DIRECTION('center_axis',(-0.847121921382142,0.,0.531398579518075));
#2135=DIRECTION('ref_axis',(0.531398579518075,0.,0.847121921382142));
#2136=DIRECTION('',(0.531398579518076,0.,0.847121921382141));
#2137=DIRECTION('',(0.,1.,0.));
#2138=DIRECTION('center_axis',(0.,1.,0.));
#2139=DIRECTION('ref_axis',(-1.,0.,0.));
#2140=DIRECTION('',(-0.531398579518082,0.,-0.847121921382138));
#2141=DIRECTION('center_axis',(0.,-1.,0.));
#2142=DIRECTION('ref_axis',(0.484046186061784,0.,-0.875042450261152));
#2143=DIRECTION('',(1.,0.,0.));
#2144=DIRECTION('',(0.,0.,1.));
#2145=DIRECTION('',(1.,0.,0.));
#2146=DIRECTION('center_axis',(0.,1.,0.));
#2147=DIRECTION('ref_axis',(0.484046186061787,0.,-0.87504245026115));
#2148=DIRECTION('',(-0.531398579518078,0.,-0.84712192138214));
#2149=DIRECTION('',(0.,0.,-1.));
#2150=DIRECTION('',(0.525570773037068,0.,0.85074988247382));
#2151=DIRECTION('center_axis',(0.,1.,0.));
#2152=DIRECTION('ref_axis',(0.484046186061787,0.,-0.87504245026115));
#2153=DIRECTION('',(0.,-1.,0.));
#2154=DIRECTION('center_axis',(0.,-1.,0.));
#2155=DIRECTION('ref_axis',(0.484046186061784,0.,-0.875042450261152));
#2156=DIRECTION('',(0.,1.,0.));
#2157=DIRECTION('',(0.,-1.,0.));
#2158=DIRECTION('center_axis',(-0.847121921382138,0.,0.531398579518082));
#2159=DIRECTION('ref_axis',(0.531398579518082,0.,0.847121921382138));
#2160=DIRECTION('center_axis',(0.,0.,1.));
#2161=DIRECTION('ref_axis',(1.,0.,0.));
#2162=DIRECTION('center_axis',(0.,0.,-1.));
#2163=DIRECTION('ref_axis',(1.,0.,0.));
#2164=DIRECTION('center_axis',(0.,0.,-1.));
#2165=DIRECTION('ref_axis',(1.,0.,0.));
#2166=DIRECTION('center_axis',(0.84712192138214,0.,-0.531398579518078));
#2167=DIRECTION('ref_axis',(0.,-1.,0.));
#2168=DIRECTION('',(0.,-1.,0.));
#2169=DIRECTION('',(0.,-1.,0.));
#2170=DIRECTION('center_axis',(-1.,0.,0.));
#2171=DIRECTION('ref_axis',(0.,0.,1.));
#2172=DIRECTION('',(0.,1.,0.));
#2173=DIRECTION('center_axis',(0.85074988247382,0.,-0.525570773037068));
#2174=DIRECTION('ref_axis',(0.,1.,0.));
#2175=DIRECTION('center_axis',(0.,0.,1.));
#2176=DIRECTION('ref_axis',(1.,0.,0.));
#2177=DIRECTION('center_axis',(0.,0.,-1.));
#2178=DIRECTION('ref_axis',(1.,0.,0.));
#2179=DIRECTION('center_axis',(0.,0.,1.));
#2180=DIRECTION('ref_axis',(1.,0.,0.));
#2181=DIRECTION('center_axis',(0.,0.,1.));
#2182=DIRECTION('ref_axis',(1.,0.,0.));
#2183=DIRECTION('center_axis',(0.,0.,1.));
#2184=DIRECTION('ref_axis',(1.,0.,0.));
#2185=DIRECTION('center_axis',(0.,0.,1.));
#2186=DIRECTION('ref_axis',(1.,0.,0.));
#2187=DIRECTION('center_axis',(0.,0.,1.));
#2188=DIRECTION('ref_axis',(1.,0.,0.));
#2189=DIRECTION('center_axis',(0.,0.,1.));
#2190=DIRECTION('ref_axis',(-1.,1.22464679914735E-16,0.));
#2191=DIRECTION('center_axis',(0.,0.,1.));
#2192=DIRECTION('ref_axis',(1.,0.,0.));
#2193=DIRECTION('center_axis',(1.22464679914735E-16,-1.,0.));
#2194=DIRECTION('ref_axis',(-1.,-1.22464679914735E-16,0.));
#2195=DIRECTION('center_axis',(0.,0.,1.));
#2196=DIRECTION('ref_axis',(1.,0.,0.));
#2197=DIRECTION('center_axis',(0.,0.,-1.));
#2198=DIRECTION('ref_axis',(1.,0.,0.));
#2199=DIRECTION('',(0.,0.,1.));
#2200=DIRECTION('center_axis',(0.,0.,-1.));
#2201=DIRECTION('ref_axis',(1.,0.,0.));
#2202=DIRECTION('center_axis',(0.,0.,1.));
#2203=DIRECTION('ref_axis',(1.,0.,0.));
#2204=DIRECTION('',(0.,0.,-1.));
#2205=DIRECTION('center_axis',(0.,0.,-1.));
#2206=DIRECTION('ref_axis',(1.,0.,0.));
#2207=DIRECTION('center_axis',(0.,0.,1.));
#2208=DIRECTION('ref_axis',(1.,0.,0.));
#2209=DIRECTION('',(0.,0.,-1.));
#2210=DIRECTION('center_axis',(0.,0.,-1.));
#2211=DIRECTION('ref_axis',(1.,0.,0.));
#2212=DIRECTION('center_axis',(0.,0.,1.));
#2213=DIRECTION('ref_axis',(1.,0.,0.));
#2214=DIRECTION('',(0.,0.,-1.));
#2215=DIRECTION('center_axis',(0.,0.,-1.));
#2216=DIRECTION('ref_axis',(1.,0.,0.));
#2217=DIRECTION('center_axis',(0.,0.,1.));
#2218=DIRECTION('ref_axis',(1.,0.,0.));
#2219=DIRECTION('',(0.,0.,-1.));
#2220=DIRECTION('center_axis',(0.,0.,-1.));
#2221=DIRECTION('ref_axis',(1.,0.,0.));
#2222=DIRECTION('center_axis',(0.,0.,1.));
#2223=DIRECTION('ref_axis',(1.,0.,0.));
#2224=DIRECTION('',(0.,0.,-1.));
#2225=DIRECTION('center_axis',(0.,0.,-1.));
#2226=DIRECTION('ref_axis',(1.,0.,0.));
#2227=DIRECTION('center_axis',(0.,0.,1.));
#2228=DIRECTION('ref_axis',(1.,0.,0.));
#2229=CARTESIAN_POINT('',(0.,0.,0.));
#2230=CARTESIAN_POINT('Origin',(63.7867935444456,2.23517417907715E-7,58.5719840423467));
#2231=CARTESIAN_POINT('',(83.5319237552775,-15.0000002235174,46.1858872107166));
#2232=CARTESIAN_POINT('',(83.5319237552775,15.0000002235174,46.1858872107167));
#2233=CARTESIAN_POINT('',(83.5319237552774,7.50000022351742,46.1858872107167));
#2234=CARTESIAN_POINT('',(76.4599072505558,-15.0000002235174,50.6221548011079));
#2235=CARTESIAN_POINT('',(57.6074733080157,-15.0000002235174,62.4482643192975));
#2236=CARTESIAN_POINT('',(76.4599072505561,15.0000002235174,50.6221548011077));
#2237=CARTESIAN_POINT('',(76.4599072505559,7.50000022351742,50.6221548011079));
#2238=CARTESIAN_POINT('',(71.959784301739,15.0000002235174,53.4450766052755));
#2239=CARTESIAN_POINT('Origin',(2.66732235893792,-15.0000002235174,-11.4068799757697));
#2240=CARTESIAN_POINT('',(93.4995556200806,-14.9999997764826,62.075653917657));
#2241=CARTESIAN_POINT('',(63.2693101224128,-15.0000002235174,13.8845133371492));
#2242=CARTESIAN_POINT('',(96.4882970207492,-15.0000002235174,68.3923289293171));
#2243=CARTESIAN_POINT('',(93.4995556200806,-15.0000002235174,62.075653917657));
#2244=CARTESIAN_POINT('',(96.5578954839481,-14.9999997764826,68.3951552937592));
#2245=CARTESIAN_POINT('',(44.5779673852155,-15.0000002235174,66.2842721832692));
#2246=CARTESIAN_POINT('',(96.4896343180465,-15.0000002235174,68.3951552937592));
#2247=CARTESIAN_POINT('',(96.5578954839481,-14.9999997764826,68.3951552937592));
#2248=CARTESIAN_POINT('',(84.0970229370407,-15.0000002235174,68.3951552937592));
#2249=CARTESIAN_POINT('',(96.5578954839481,-14.9999997764826,68.3951552937592));
#2250=CARTESIAN_POINT('',(81.0400727456891,-15.0000002235174,57.9235642215179));
#2251=CARTESIAN_POINT('Origin',(64.0976343180466,-15.0000002235174,68.5515358118792));
#2252=CARTESIAN_POINT('',(44.8024960717873,-15.0000002235174,0.155917183266414));
#2253=CARTESIAN_POINT('Origin',(49.7374689092629,15.0000002235174,-7.68708991914313));
#2254=CARTESIAN_POINT('',(93.4995556200806,15.0000002235174,62.0756539176571));
#2255=CARTESIAN_POINT('',(68.9169991286895,15.0000002235174,22.8877010511711));
#2256=CARTESIAN_POINT('',(93.4995556200806,1.11022302462516E-15,62.075653917657));
#2257=CARTESIAN_POINT('Origin',(91.0976343180465,-24.3749997764826,88.3951552937592));
#2258=CARTESIAN_POINT('',(91.0976343180465,-22.9249997764826,88.3951552937592));
#2259=CARTESIAN_POINT('Origin',(91.0976343180465,-24.3749997764826,88.3951552937592));
#2260=CARTESIAN_POINT('',(84.0976343180466,-22.9249997764826,88.3951552937592));
#2261=CARTESIAN_POINT('',(91.0976343180465,-22.9249997764826,88.3951552937592));
#2262=CARTESIAN_POINT('Origin',(84.0976343180466,-24.3749997764826,88.3951552937592));
#2263=CARTESIAN_POINT('Origin',(91.0976343180465,-24.3749997764826,78.3951552937592));
#2264=CARTESIAN_POINT('',(91.0976343180465,-22.9249997764826,78.3951552937592));
#2265=CARTESIAN_POINT('Origin',(91.0976343180465,-24.3749997764826,78.3951552937592));
#2266=CARTESIAN_POINT('',(84.0976343180466,-22.9249997764826,78.3951552937592));
#2267=CARTESIAN_POINT('',(91.0976343180465,-22.9249997764826,78.3951552937592));
#2268=CARTESIAN_POINT('Origin',(84.0976343180466,-24.3749997764826,78.3951552937592));
#2269=CARTESIAN_POINT('Origin',(91.0976343180465,-19.9999997764826,93.8951552937592));
#2270=CARTESIAN_POINT('',(84.0976343180466,-20.7499997764826,93.8951552937592));
#2271=CARTESIAN_POINT('',(84.0976343180466,20.7500002235174,93.8951552937592));
#2272=CARTESIAN_POINT('',(84.0976343180466,-9.99999977648258,93.8951552937592));
#2273=CARTESIAN_POINT('',(118.989634318047,20.7500002235174,93.8951552937592));
#2274=CARTESIAN_POINT('',(91.0976343180465,20.7500002235174,93.8951552937592));
#2275=CARTESIAN_POINT('',(118.989634318047,-20.7499997764826,93.8951552937592));
#2276=CARTESIAN_POINT('',(118.989634318047,-20.7499997764826,93.8951552937592));
#2277=CARTESIAN_POINT('',(96.4896343180466,-20.7499997764826,93.8951552937592));
#2278=CARTESIAN_POINT('Origin',(91.0976343180465,-20.7499997764826,73.8951552937592));
#2279=CARTESIAN_POINT('',(115.167324139627,-20.7499997764826,88.5931214323901));
#2280=CARTESIAN_POINT('',(115.167324139627,-20.7499997764826,88.1261061529507));
#2281=CARTESIAN_POINT('',(115.167324139627,-20.7499997764826,80.7441383630746));
#2282=CARTESIAN_POINT('',(84.0976343180466,-20.7499997764826,88.1261061529507));
#2283=CARTESIAN_POINT('',(91.0976343180465,-20.7499997764826,88.1261061529507));
#2284=CARTESIAN_POINT('',(84.0976343180466,-20.7499997764826,78.6451552937592));
#2285=CARTESIAN_POINT('',(118.989634318047,-20.7499997764826,88.5931214323901));
#2286=CARTESIAN_POINT('',(118.989634318047,-20.7499997764826,88.1261061529507));
#2287=CARTESIAN_POINT('',(103.132479228837,-20.7499997764826,88.5931214323901));
#2288=CARTESIAN_POINT('Origin',(106.097634318047,30.0000002235174,68.3951552937592));
#2289=CARTESIAN_POINT('',(96.5578954839481,15.0000002235174,68.3951552937592));
#2290=CARTESIAN_POINT('',(96.5578954839481,15.0000002235174,68.3951552937592));
#2291=CARTESIAN_POINT('',(96.4896343180465,15.0000002235174,68.3951552937592));
#2292=CARTESIAN_POINT('',(96.5578954839481,15.0000002235174,68.3951552937592));
#2293=CARTESIAN_POINT('',(96.4896343180465,2.23517417907715E-7,68.3951552937592));
#2294=CARTESIAN_POINT('Origin',(96.4896343180466,-18.913183939888,83.6446824060448));
#2295=CARTESIAN_POINT('',(115.167324139627,-26.7468761975203,83.2576360954078));
#2296=CARTESIAN_POINT('',(115.167324139627,-24.9983700862938,88.5931214323901));
#2297=CARTESIAN_POINT('Origin',(115.167324139627,-18.913183939888,83.6446824060448));
#2298=CARTESIAN_POINT('',(119.167324199231,-24.9983700862938,88.5931214323901));
#2299=CARTESIAN_POINT('',(96.4896343180466,-24.9983700862938,88.5931214323901));
#2300=CARTESIAN_POINT('',(119.167324199231,-26.7468761975203,83.2576360954078));
#2301=CARTESIAN_POINT('Origin',(119.167324199231,-18.913183939888,83.6446824060448));
#2302=CARTESIAN_POINT('',(120.989634318047,-26.7468761975203,83.2576360954078));
#2303=CARTESIAN_POINT('',(96.4896343180466,-26.7468761975203,83.2576360954078));
#2304=CARTESIAN_POINT('',(120.989634318047,-23.7499997764826,89.8189638862442));
#2305=CARTESIAN_POINT('Origin',(120.989634318047,-18.913183939888,83.6446824060448));
#2306=CARTESIAN_POINT('',(96.4896343180466,-23.7499997764826,89.8189638862442));
#2307=CARTESIAN_POINT('',(96.4896343180466,-23.7499997764826,89.8189638862442));
#2308=CARTESIAN_POINT('',(96.4896343180466,-26.7468761975203,83.2576360954078));
#2309=CARTESIAN_POINT('Origin',(96.4896343180465,-18.913183939888,83.6446824060448));
#2310=CARTESIAN_POINT('',(96.4896343180466,-26.7468761975203,83.2576360954078));
#2311=CARTESIAN_POINT('Origin',(96.4896343180466,-23.7499997764826,69.8951552937592));
#2312=CARTESIAN_POINT('',(96.4896343180465,-18.7499997764826,69.8951552937593));
#2313=CARTESIAN_POINT('',(120.989634318047,-18.7499997764826,69.8951552937592));
#2314=CARTESIAN_POINT('',(96.4896343180466,-18.7499997764826,69.8951552937592));
#2315=CARTESIAN_POINT('',(96.4896343180465,18.7500002235174,69.8951552937593));
#2316=CARTESIAN_POINT('',(96.4896343180465,-11.8749997764826,69.8951552937593));
#2317=CARTESIAN_POINT('',(120.989634318047,18.7500002235174,69.8951552937592));
#2318=CARTESIAN_POINT('',(96.4896343180466,18.7500002235174,69.8951552937592));
#2319=CARTESIAN_POINT('',(120.989634318047,-23.7499997764826,69.8951552937592));
#2320=CARTESIAN_POINT('Origin',(96.4896343180466,-23.7499997764826,96.8951552937592));
#2321=CARTESIAN_POINT('',(96.4896343180465,-23.7499997764826,91.8951552937592));
#2322=CARTESIAN_POINT('',(120.989634318047,-23.7499997764826,91.8951552937592));
#2323=CARTESIAN_POINT('',(96.4896343180466,-23.7499997764826,91.8951552937592));
#2324=CARTESIAN_POINT('',(96.4896343180465,-23.7499997764826,90.1451552937593));
#2325=CARTESIAN_POINT('',(120.989634318047,-23.7499997764826,96.8951552937592));
#2326=CARTESIAN_POINT('Origin',(91.0976343180465,24.3750002235174,78.3951552937592));
#2327=CARTESIAN_POINT('',(91.0976343180465,25.8250002235174,78.3951552937592));
#2328=CARTESIAN_POINT('Origin',(91.0976343180465,24.3750002235174,78.3951552937592));
#2329=CARTESIAN_POINT('',(84.0976343180466,25.8250002235174,78.3951552937592));
#2330=CARTESIAN_POINT('',(91.0976343180465,25.8250002235174,78.3951552937592));
#2331=CARTESIAN_POINT('Origin',(84.0976343180466,24.3750002235174,78.3951552937592));
#2332=CARTESIAN_POINT('Origin',(91.0976343180465,24.3750002235174,78.3951552937592));
#2333=CARTESIAN_POINT('Origin',(91.0976343180465,-24.3749997764826,88.3951552937592));
#2334=CARTESIAN_POINT('Origin',(91.0976343180465,24.3750002235174,88.3951552937592));
#2335=CARTESIAN_POINT('',(91.0976343180465,25.8250002235174,88.3951552937592));
#2336=CARTESIAN_POINT('Origin',(91.0976343180465,24.3750002235174,88.3951552937592));
#2337=CARTESIAN_POINT('',(84.0976343180466,25.8250002235174,88.3951552937592));
#2338=CARTESIAN_POINT('',(91.0976343180465,25.8250002235174,88.3951552937592));
#2339=CARTESIAN_POINT('Origin',(84.0976343180466,24.3750002235174,88.3951552937592));
#2340=CARTESIAN_POINT('Origin',(91.0976343180465,24.3750002235174,88.3951552937592));
#2341=CARTESIAN_POINT('Origin',(91.0976343180465,-24.3749997764826,78.3951552937592));
#2342=CARTESIAN_POINT('Origin',(96.4896343180466,-16.8777024096027,83.673626835881));
#2343=CARTESIAN_POINT('',(115.167324139627,-25.6294227420315,79.0931213206314));
#2344=CARTESIAN_POINT('Origin',(115.167324139627,-16.8777024096027,83.673626835881));
#2345=CARTESIAN_POINT('',(96.4896343180466,-23.7499997764826,76.5781939066331));
#2346=CARTESIAN_POINT('Origin',(96.4896343180465,-16.8777024096027,83.673626835881));
#2347=CARTESIAN_POINT('',(120.989634318047,-23.7499997764826,76.5781939066331));
#2348=CARTESIAN_POINT('',(96.4896343180466,-23.7499997764826,76.5781939066331));
#2349=CARTESIAN_POINT('Origin',(120.989634318047,-16.8777024096028,83.673626835881));
#2350=CARTESIAN_POINT('',(119.167324199231,-25.6294227420315,79.0931213206314));
#2351=CARTESIAN_POINT('Origin',(119.167324199231,-16.8777024096027,83.673626835881));
#2352=CARTESIAN_POINT('',(96.4896343180466,-25.6294227420315,79.0931213206314));
#2353=CARTESIAN_POINT('Origin',(117.167324169429,-16.7499997764826,83.8431213765107));
#2354=CARTESIAN_POINT('',(118.989634318047,-16.7499997764826,79.0931213206314));
#2355=CARTESIAN_POINT('',(118.989634318047,-16.7499997764826,88.5931214323901));
#2356=CARTESIAN_POINT('',(118.989634318047,-16.7499997764826,81.7441383071953));
#2357=CARTESIAN_POINT('',(119.167324199231,-16.7499997764826,79.0931213206314));
#2358=CARTESIAN_POINT('',(115.167324139627,-16.7499997764826,79.0931213206314));
#2359=CARTESIAN_POINT('',(119.167324199231,-16.7499997764826,88.5931214323901));
#2360=CARTESIAN_POINT('',(119.167324199231,-16.7499997764826,80.0931213206313));
#2361=CARTESIAN_POINT('',(119.167324199231,-16.7499997764826,88.5931214323901));
#2362=CARTESIAN_POINT('Origin',(119.167324199231,-26.7499997764826,87.5931214323901));
#2363=CARTESIAN_POINT('',(119.167324199231,-26.7499997764826,88.5931214323901));
#2364=CARTESIAN_POINT('',(119.167324199231,-26.7499997764826,79.0931213206314));
#2365=CARTESIAN_POINT('Origin',(115.167324139627,-26.7499997764826,80.0931213206314));
#2366=CARTESIAN_POINT('',(115.167324139627,-22.0084905287419,79.0931213206314));
#2367=CARTESIAN_POINT('',(115.167324139627,-22.7501804005363,79.0931213206314));
#2368=CARTESIAN_POINT('',(115.167324139627,-23.7499997764925,83.3951552937589));
#2369=CARTESIAN_POINT('Origin',(115.167324139627,-16.8777024096027,83.673626835881));
#2370=CARTESIAN_POINT('Origin',(115.167324139627,-18.913183939888,83.6446824060448));
#2371=CARTESIAN_POINT('',(115.167324139627,-26.7499997764826,88.5931214323901));
#2372=CARTESIAN_POINT('Origin',(91.0976343180465,-29.9999997764826,68.3951552937592));
#2373=CARTESIAN_POINT('',(84.0970229370407,15.0000002235174,68.3951552937592));
#2374=CARTESIAN_POINT('',(66.8824783384922,15.0000002235174,68.3951552937592));
#2375=CARTESIAN_POINT('',(84.0970229370407,25.0000002235174,68.3951552937592));
#2376=CARTESIAN_POINT('',(84.0970229370407,7.50000022351742,68.3951552937592));
#2377=CARTESIAN_POINT('',(96.4896343180466,25.0000002235174,68.3951552937592));
#2378=CARTESIAN_POINT('',(91.0976343180465,25.0000002235174,68.3951552937592));
#2379=CARTESIAN_POINT('',(96.4896343180466,-14.9999997764826,68.3951552937592));
#2380=CARTESIAN_POINT('Origin',(91.0976343180465,25.0000002235174,73.3951552937592));
#2381=CARTESIAN_POINT('',(84.0976343180466,26.2407057948568,68.5515358118792));
#2382=CARTESIAN_POINT('',(84.0976343180466,30.0000002235174,73.3951552937592));
#2383=CARTESIAN_POINT('Origin',(84.0976343180466,25.0000002235174,73.3951552937592));
#2384=CARTESIAN_POINT('',(96.4896343180466,30.0000002235174,73.3951552937592));
#2385=CARTESIAN_POINT('',(91.0976343180465,30.0000002235174,73.3951552937592));
#2386=CARTESIAN_POINT('Origin',(96.4896343180465,25.0000002235174,73.3951552937592));
#2387=CARTESIAN_POINT('Ctrl Pts',(84.0976343180466,26.2407057948544,68.5515358118786));
#2388=CARTESIAN_POINT('Ctrl Pts',(84.0976343180466,25.8270901038029,68.4455870902254));
#2389=CARTESIAN_POINT('Ctrl Pts',(84.0970229370407,25.4046547706039,68.3951552937592));
#2390=CARTESIAN_POINT('Ctrl Pts',(84.0970229370407,25.0000002235174,68.3951552937592));
#2391=CARTESIAN_POINT('Origin',(91.0976343180465,30.0000002235174,68.3951552937592));
#2392=CARTESIAN_POINT('',(84.0976343180466,30.0000002235174,93.3951552937592));
#2393=CARTESIAN_POINT('',(84.0976343180466,30.0000002235174,75.8951552937592));
#2394=CARTESIAN_POINT('',(96.4896343180466,30.0000002235174,93.3951552937592));
#2395=CARTESIAN_POINT('',(91.0976343180465,30.0000002235174,93.3951552937592));
#2396=CARTESIAN_POINT('',(96.4896343180466,30.0000002235174,75.8951552937592));
#2397=CARTESIAN_POINT('Origin',(91.0976343180465,25.0000002235174,93.3951552937592));
#2398=CARTESIAN_POINT('',(84.0976343180466,25.0000002235174,98.3951552937592));
#2399=CARTESIAN_POINT('Origin',(84.0976343180466,25.0000002235174,93.3951552937592));
#2400=CARTESIAN_POINT('',(96.4896343180466,25.0000002235174,98.3951552937592));
#2401=CARTESIAN_POINT('',(91.0976343180465,25.0000002235174,98.3951552937592));
#2402=CARTESIAN_POINT('Origin',(96.4896343180465,25.0000002235174,93.3951552937592));
#2403=CARTESIAN_POINT('Origin',(96.4896343180466,18.7500002235174,91.8951552937592));
#2404=CARTESIAN_POINT('',(120.989634318047,18.7500002235174,96.8951552937592));
#2405=CARTESIAN_POINT('',(120.989634318047,23.7500002235174,91.8951552937592));
#2406=CARTESIAN_POINT('Origin',(120.989634318047,18.7500002235174,91.8951552937592));
#2407=CARTESIAN_POINT('',(96.4896343180465,23.7500002235174,91.8951552937592));
#2408=CARTESIAN_POINT('',(96.4896343180466,23.7500002235174,91.8951552937592));
#2409=CARTESIAN_POINT('',(96.4896343180465,18.7500002235174,96.8951552937592));
#2410=CARTESIAN_POINT('Origin',(96.4896343180465,18.7500002235174,91.8951552937592));
#2411=CARTESIAN_POINT('',(96.4896343180466,18.7500002235174,96.8951552937592));
#2412=CARTESIAN_POINT('Origin',(96.4896343180466,23.7500002235174,89.7035417045722));
#2413=CARTESIAN_POINT('',(96.4896343180465,23.7500002235174,74.8951552937592));
#2414=CARTESIAN_POINT('',(120.989634318047,23.7500002235174,74.8951552937592));
#2415=CARTESIAN_POINT('',(96.4896343180466,23.7500002235174,74.8951552937592));
#2416=CARTESIAN_POINT('',(96.4896343180465,23.7500002235174,76.6451552937593));
#2417=CARTESIAN_POINT('',(120.989634318047,23.7500002235174,69.8951552937592));
#2418=CARTESIAN_POINT('Origin',(96.4896343180466,18.7500002235174,74.8951552937592));
#2419=CARTESIAN_POINT('Origin',(120.989634318047,18.7500002235174,74.8951552937592));
#2420=CARTESIAN_POINT('Origin',(96.4896343180465,18.7500002235174,74.8951552937592));
#2421=CARTESIAN_POINT('Origin',(96.4896343180465,2.23517417907715E-7,83.3951552937592));
#2422=CARTESIAN_POINT('',(96.4896343180466,-24.9999997764826,68.3951552937592));
#2423=CARTESIAN_POINT('',(96.4896343180466,-29.9999997764826,73.3951552937592));
#2424=CARTESIAN_POINT('Origin',(96.4896343180465,-24.9999997764826,73.3951552937592));
#2425=CARTESIAN_POINT('',(96.4896343180466,-14.9999997764826,68.3951552937592));
#2426=CARTESIAN_POINT('',(96.4896343180466,-24.9999997764826,98.3951552937592));
#2427=CARTESIAN_POINT('',(96.4896343180466,15.0000002235174,98.3951552937592));
#2428=CARTESIAN_POINT('',(96.4896343180466,-29.9999997764826,93.3951552937592));
#2429=CARTESIAN_POINT('Origin',(96.4896343180465,-24.9999997764826,93.3951552937592));
#2430=CARTESIAN_POINT('',(96.4896343180466,-29.9999997764826,90.8951552937592));
#2431=CARTESIAN_POINT('',(96.4896343180465,-23.7499997764826,74.8951552937592));
#2432=CARTESIAN_POINT('Origin',(96.4896343180465,-18.7499997764826,74.8951552937592));
#2433=CARTESIAN_POINT('',(96.4896343180465,-23.7499997764826,79.9866746001962));
#2434=CARTESIAN_POINT('',(96.4896343180465,-18.7499997764826,96.8951552937592));
#2435=CARTESIAN_POINT('Origin',(96.4896343180465,-18.7499997764826,91.8951552937592));
#2436=CARTESIAN_POINT('',(96.4896343180465,11.8750002235174,96.8951552937592));
#2437=CARTESIAN_POINT('Origin',(96.4896343180466,-23.7499997764826,76.5781939066331));
#2438=CARTESIAN_POINT('',(120.989634318047,-23.7499997764826,74.8951552937592));
#2439=CARTESIAN_POINT('',(96.4896343180466,-23.7499997764826,74.8951552937592));
#2440=CARTESIAN_POINT('',(120.989634318047,-23.7499997764826,76.5781939066331));
#2441=CARTESIAN_POINT('Origin',(96.4896343180466,-18.7499997764826,74.8951552937592));
#2442=CARTESIAN_POINT('Origin',(120.989634318047,-18.7499997764826,74.8951552937592));
#2443=CARTESIAN_POINT('Origin',(120.989634318047,-1.5032158595993,83.3951552937592));
#2444=CARTESIAN_POINT('',(120.989634318047,-18.7499997764826,96.8951552937592));
#2445=CARTESIAN_POINT('Origin',(120.989634318047,-18.7499997764826,91.8951552937592));
#2446=CARTESIAN_POINT('',(120.989634318047,23.7500002235174,96.8951552937592));
#2447=CARTESIAN_POINT('Origin',(96.4896343180466,23.7500002235174,96.8951552937592));
#2448=CARTESIAN_POINT('',(96.4896343180466,-18.7499997764826,96.8951552937592));
#2449=CARTESIAN_POINT('Origin',(96.4896343180466,-18.7499997764826,91.8951552937592));
#2450=CARTESIAN_POINT('Origin',(91.0976343180465,-24.9999997764826,73.3951552937592));
#2451=CARTESIAN_POINT('',(84.0976343180466,-29.9999997764826,73.3951552937592));
#2452=CARTESIAN_POINT('',(84.0976343180466,-26.2407053478219,68.5515358118792));
#2453=CARTESIAN_POINT('Origin',(84.0976343180466,-24.9999997764826,73.3951552937592));
#2454=CARTESIAN_POINT('',(84.0970229370407,-24.9999997764826,68.3951552937592));
#2455=CARTESIAN_POINT('Ctrl Pts',(84.0970229370407,-24.9999997764826,68.3951552937592));
#2456=CARTESIAN_POINT('Ctrl Pts',(84.0970229370407,-25.4046543235691,68.3951552937592));
#2457=CARTESIAN_POINT('Ctrl Pts',(84.0976343180466,-25.8270896567681,68.4455870902254));
#2458=CARTESIAN_POINT('Ctrl Pts',(84.0976343180466,-26.2407053478196,68.5515358118786));
#2459=CARTESIAN_POINT('',(91.0976343180465,-24.9999997764826,68.3951552937592));
#2460=CARTESIAN_POINT('',(91.0976343180465,-29.9999997764826,73.3951552937592));
#2461=CARTESIAN_POINT('Origin',(91.0976343180465,-29.9999997764826,98.3951552937592));
#2462=CARTESIAN_POINT('',(84.0976343180466,-29.9999997764826,93.3951552937592));
#2463=CARTESIAN_POINT('',(84.0976343180466,-29.9999997764826,90.8951552937592));
#2464=CARTESIAN_POINT('',(91.0976343180465,-29.9999997764826,93.3951552937592));
#2465=CARTESIAN_POINT('Origin',(91.0976343180465,-24.9999997764826,93.3951552937592));
#2466=CARTESIAN_POINT('',(84.0976343180466,-24.9999997764826,98.3951552937592));
#2467=CARTESIAN_POINT('Origin',(84.0976343180466,-24.9999997764826,93.3951552937592));
#2468=CARTESIAN_POINT('',(91.0976343180465,-24.9999997764826,98.3951552937592));
#2469=CARTESIAN_POINT('Origin',(91.0976343180465,30.0000002235174,98.3951552937592));
#2470=CARTESIAN_POINT('',(84.0976343180466,15.0000002235174,98.3951552937592));
#2471=CARTESIAN_POINT('Origin',(91.0976343180465,-20.7575635991218,77.9944812444389));
#2472=CARTESIAN_POINT('',(84.0976343180466,-20.7499997764826,77.9944812444389));
#2473=CARTESIAN_POINT('',(84.0976343180466,-20.7575635991218,77.9944812444389));
#2474=CARTESIAN_POINT('',(84.0976343180466,-10.3787816878022,77.9944812444389));
#2475=CARTESIAN_POINT('',(118.989634318047,-20.7575635991218,77.9944812444389));
#2476=CARTESIAN_POINT('',(96.4896343180466,-20.7575635991218,77.9944812444389));
#2477=CARTESIAN_POINT('',(118.989634318047,-20.7499997764826,77.9944812444389));
#2478=CARTESIAN_POINT('',(118.989634318047,-20.7499997764826,77.9944812444389));
#2479=CARTESIAN_POINT('',(91.0976343180465,-20.7499997764826,77.9944812444389));
#2480=CARTESIAN_POINT('Origin',(91.0976343180465,-20.7499997764826,73.8951552937592));
#2481=CARTESIAN_POINT('',(84.0976343180466,-20.7499997764826,72.8951552937593));
#2482=CARTESIAN_POINT('',(84.0976343180466,-20.7499997764826,78.6451552937592));
#2483=CARTESIAN_POINT('',(118.989634318047,-20.7499997764826,72.8951552937593));
#2484=CARTESIAN_POINT('',(118.989634318047,-20.7499997764826,72.8951552937593));
#2485=CARTESIAN_POINT('',(91.0976343180465,-20.7499997764826,72.8951552937593));
#2486=CARTESIAN_POINT('Origin',(91.0976343180465,20.0000002235174,72.8951552937593));
#2487=CARTESIAN_POINT('',(84.0976343180466,20.7500002235174,72.8951552937593));
#2488=CARTESIAN_POINT('',(84.0976343180466,10.0000002235174,72.8951552937593));
#2489=CARTESIAN_POINT('',(118.989634318047,20.7500002235174,72.8951552937593));
#2490=CARTESIAN_POINT('',(118.989634318047,20.7500002235174,72.8951552937593));
#2491=CARTESIAN_POINT('',(91.0976343180465,20.7500002235174,72.8951552937593));
#2492=CARTESIAN_POINT('Origin',(91.0976343180465,20.7500002235174,92.8951552937592));
#2493=CARTESIAN_POINT('',(84.0976343180466,20.7500002235174,88.1451552937592));
#2494=CARTESIAN_POINT('',(118.989634318047,20.7500002235174,93.8951552937592));
#2495=CARTESIAN_POINT('Origin',(84.0976343180466,2.23517417907715E-7,83.3951552937592));
#2496=CARTESIAN_POINT('',(84.0976343180466,7.50000022351742,68.5515358118792));
#2497=CARTESIAN_POINT('',(84.0976343180466,-23.7499997764925,83.3951552937589));
#2498=CARTESIAN_POINT('Origin',(84.0976343180466,-18.913183939888,83.6446824060448));
#2499=CARTESIAN_POINT('Origin',(84.0976343180466,-16.8777024096027,83.673626835881));
#2500=CARTESIAN_POINT('Origin',(96.5578954839481,-14.9999997764826,68.3951552937592));
#2501=CARTESIAN_POINT('',(96.4882970207492,14.9999997764826,68.3923289293171));
#2502=CARTESIAN_POINT('',(96.4882970207492,-15.,68.3923289293171));
#2503=CARTESIAN_POINT('',(64.5450389270977,15.0000002235174,67.0951265962197));
#2504=CARTESIAN_POINT('Origin',(115.167324139627,-26.7499997764826,88.5931214323901));
#2505=CARTESIAN_POINT('',(118.989634318047,-14.1266078180409,88.5931214323901));
#2506=CARTESIAN_POINT('Origin',(118.989634318047,-1.5032158595993,83.3951552937592));
#2507=CARTESIAN_POINT('',(118.989634318047,-22.0084905287419,79.0931213206314));
#2508=CARTESIAN_POINT('',(118.989634318047,-14.126607818041,79.0931213206314));
#2509=CARTESIAN_POINT('Origin',(118.989634318047,-16.8777024096027,83.673626835881));
#2510=CARTESIAN_POINT('Origin',(119.167324199231,-26.7499997764826,79.0931213206314));
#2511=CARTESIAN_POINT('',(91.0976343180465,-22.0084905287419,79.0931213206314));
#2512=CARTESIAN_POINT('Origin',(91.0976343180465,-16.8777024096027,83.673626835881));
#2513=CARTESIAN_POINT('',(91.0976343180465,-23.7499997764925,83.3951552937589));
#2514=CARTESIAN_POINT('Origin',(91.0976343180465,-18.913183939888,83.6446824060448));
#2515=CARTESIAN_POINT('Origin',(91.0976343180465,-29.9999997764826,68.3951552937592));
#2516=CARTESIAN_POINT('',(84.0970229370407,7.50000022351742,68.3951552937592));
#2517=CARTESIAN_POINT('Origin',(96.4882970207492,-15.0000002235174,68.3923289293171));
#2518=CARTESIAN_POINT('',(93.4995556200806,14.9999997764826,62.075653917657));
#2519=CARTESIAN_POINT('Origin',(42.6673223589379,15.0000002235174,-11.4068799757697));
#2520=CARTESIAN_POINT('',(81.0400727456895,15.0000002235174,57.9235642215177));
#2521=CARTESIAN_POINT('',(82.4033904752823,15.0000002235174,60.0968789029275));
#2522=CARTESIAN_POINT('Origin',(64.0976343180466,15.0000002235174,68.5515358118792));
#2523=CARTESIAN_POINT('Origin',(90.4433053247915,15.0000002235174,72.9136013737363));
#2524=CARTESIAN_POINT('',(81.0400727456894,7.50000022351742,57.9235642215177));
#2525=CARTESIAN_POINT('Origin',(64.0976343180466,7.50000022351742,68.5515358118792));
#2526=CARTESIAN_POINT('Origin',(72.2769032334517,6.5247844385011,18.8347139674133));
#2527=CARTESIAN_POINT('',(75.4652947105602,8.5247844385011,23.9174454957061));
#2528=CARTESIAN_POINT('',(77.1595385533244,6.5247844385011,22.8546483366699));
#2529=CARTESIAN_POINT('Origin',(75.4652947105602,6.5247844385011,23.9174454957061));
#2530=CARTESIAN_POINT('',(72.9083499171797,6.5247844385011,16.0776729656128));
#2531=CARTESIAN_POINT('',(73.9711470762159,6.5247844385011,17.7719168083771));
#2532=CARTESIAN_POINT('',(71.2141060744155,8.5247844385011,17.140470124649));
#2533=CARTESIAN_POINT('Origin',(71.2141060744155,6.5247844385011,17.140470124649));
#2534=CARTESIAN_POINT('',(72.2769032334517,8.5247844385011,18.8347139674133));
#2535=CARTESIAN_POINT('Origin',(75.0339442352521,7.0247844385011,19.4661606511414));
#2536=CARTESIAN_POINT('',(77.1595385533244,-6.4752155614989,22.8546483366699));
#2537=CARTESIAN_POINT('',(77.1595385533244,5.5247844385011,22.8546483366699));
#2538=CARTESIAN_POINT('',(72.9083499171797,-6.4752155614989,16.0776729656128));
#2539=CARTESIAN_POINT('',(76.0967413942883,-6.4752155614989,21.1604044939056));
#2540=CARTESIAN_POINT('',(72.9083499171797,5.5247844385011,16.0776729656128));
#2541=CARTESIAN_POINT('Origin',(71.2296851036495,8.5247844385011,26.5744383932965));
#2542=CARTESIAN_POINT('',(71.2296851036495,8.5247844385011,26.5744383932965));
#2543=CARTESIAN_POINT('',(71.2296851036495,8.5247844385011,26.5744383932965));
#2544=CARTESIAN_POINT('',(71.2296851036495,5.5247844385011,26.5744383932965));
#2545=CARTESIAN_POINT('',(71.2296851036495,11.7623923310093,26.5744383932965));
#2546=CARTESIAN_POINT('',(75.4451292448471,5.5247844385011,23.9300952685012));
#2547=CARTESIAN_POINT('',(71.2296851036495,5.5247844385011,26.5744383932965));
#2548=CARTESIAN_POINT('',(75.4451292448471,-5.4752155614989,23.9300952685012));
#2549=CARTESIAN_POINT('',(75.4451292448471,5.5247844385011,23.9300952685012));
#2550=CARTESIAN_POINT('',(71.2296851036495,-5.4752155614989,26.5744383932965));
#2551=CARTESIAN_POINT('',(71.2296851036495,-5.4752155614989,26.5744383932965));
#2552=CARTESIAN_POINT('',(71.2296851036495,-8.4752155614989,26.5744383932965));
#2553=CARTESIAN_POINT('',(71.2296851036495,4.76239233100926,26.5744383932965));
#2554=CARTESIAN_POINT('',(75.4652947105602,-8.4752155614989,23.9174454957061));
#2555=CARTESIAN_POINT('',(76.3124166319423,-8.4752155614989,23.386046916188));
#2556=CARTESIAN_POINT('Origin',(75.4652947105602,-6.4752155614989,23.9174454957061));
#2557=CARTESIAN_POINT('Origin',(74.402497551524,-6.4752155614989,22.2232016529418));
#2558=CARTESIAN_POINT('',(71.2141060744155,-8.4752155614989,17.140470124649));
#2559=CARTESIAN_POINT('Origin',(71.2141060744155,-6.4752155614989,17.140470124649));
#2560=CARTESIAN_POINT('',(74.402497551524,-8.4752155614989,22.2232016529418));
#2561=CARTESIAN_POINT('Origin',(75.4451292448471,5.5247844385011,23.9300952685012));
#2562=CARTESIAN_POINT('',(71.1939406087024,-5.4752155614989,17.1531198974441));
#2563=CARTESIAN_POINT('',(73.3195349267748,-5.4752155614989,20.5416075829726));
#2564=CARTESIAN_POINT('',(71.1939406087024,5.5247844385011,17.1531198974441));
#2565=CARTESIAN_POINT('',(75.4451292448471,5.5247844385011,23.9300952685012));
#2566=CARTESIAN_POINT('',(71.1939406087024,5.5247844385011,17.1531198974441));
#2567=CARTESIAN_POINT('Origin',(71.2296851036495,5.5247844385011,26.5744383932965));
#2568=CARTESIAN_POINT('',(66.9784964675048,5.5247844385011,19.7974630222394));
#2569=CARTESIAN_POINT('',(62.6499158269872,5.5247844385011,12.8971142249615));
#2570=CARTESIAN_POINT('',(66.9784964675048,5.5247844385011,19.7974630222394));
#2571=CARTESIAN_POINT('Origin',(66.9784964675048,-5.4752155614989,19.7974630222394));
#2572=CARTESIAN_POINT('',(66.9784964675048,-5.4752155614989,19.7974630222394));
#2573=CARTESIAN_POINT('',(66.9784964675048,-5.4752155614989,19.7974630222394));
#2574=CARTESIAN_POINT('',(60.5243215089149,-5.4752155614989,9.50862653943299));
#2575=CARTESIAN_POINT('Origin',(66.9784964675048,8.5247844385011,19.7974630222394));
#2576=CARTESIAN_POINT('',(66.9784964675048,8.5247844385011,19.7974630222394));
#2577=CARTESIAN_POINT('',(66.9784964675048,8.5247844385011,19.7974630222394));
#2578=CARTESIAN_POINT('',(60.5243215089149,8.5247844385011,9.508626539433));
#2579=CARTESIAN_POINT('Origin',(66.9784964675048,5.5247844385011,19.7974630222394));
#2580=CARTESIAN_POINT('',(66.9784964675048,-8.4752155614989,19.7974630222394));
#2581=CARTESIAN_POINT('',(66.9784964675048,-8.4752155614989,19.7974630222394));
#2582=CARTESIAN_POINT('',(66.9784964675048,3.26239233100926,19.7974630222394));
#2583=CARTESIAN_POINT('',(66.9784964675048,10.2623923310093,19.7974630222394));
#2584=CARTESIAN_POINT('Origin',(71.2296851036495,-8.4752155614989,26.5744383932965));
#2585=CARTESIAN_POINT('',(62.6499158269872,-8.4752155614989,12.8971142249615));
#2586=CARTESIAN_POINT('Origin',(63.7867935444456,2.23517417907715E-7,58.5719840423467));
#2587=CARTESIAN_POINT('',(83.5319237552775,-15.0000002235174,46.1858872107166));
#2588=CARTESIAN_POINT('',(83.5319237552775,15.0000002235174,46.1858872107167));
#2589=CARTESIAN_POINT('',(83.5319237552774,7.50000022351742,46.1858872107167));
#2590=CARTESIAN_POINT('',(76.4599072505561,15.0000002235174,50.6221548011077));
#2591=CARTESIAN_POINT('',(71.959784301739,15.0000002235174,53.4450766052755));
#2592=CARTESIAN_POINT('',(76.4599072505558,-15.0000002235174,50.6221548011079));
#2593=CARTESIAN_POINT('',(76.4599072505562,7.50000022351742,50.6221548011077));
#2594=CARTESIAN_POINT('',(57.6074733080157,-15.0000002235174,62.4482643192975));
#2595=CARTESIAN_POINT('Origin',(7.,-15.0000002235174,-4.5));
#2596=CARTESIAN_POINT('',(51.40801348103,-15.0000002235174,10.6860142048194));
#2597=CARTESIAN_POINT('',(49.1351737128494,-15.0000002235174,7.06279715903613));
#2598=CARTESIAN_POINT('',(42.9367942672089,-15.0000002235174,6.));
#2599=CARTESIAN_POINT('Origin',(42.9367942672089,-15.0000002235174,16.));
#2600=CARTESIAN_POINT('',(7.,-15.0000002235174,6.));
#2601=CARTESIAN_POINT('',(7.,-15.0000002235174,6.));
#2602=CARTESIAN_POINT('',(7.,-15.0000002235174,-4.5));
#2603=CARTESIAN_POINT('',(7.,-15.0000002235174,0.));
#2604=CARTESIAN_POINT('',(46.2050386020555,-15.0000002235174,-4.5));
#2605=CARTESIAN_POINT('',(0.,-15.0000002235174,-4.5));
#2606=CARTESIAN_POINT('',(54.676257815877,-15.0000002235174,0.186014204819105));
#2607=CARTESIAN_POINT('Origin',(46.2050386020555,-15.0000002235174,5.5));
#2608=CARTESIAN_POINT('',(67.6019877634749,-15.0000002235174,20.7913933129189));
#2609=CARTESIAN_POINT('',(57.9650624597283,-15.0000002235174,7.40749347852888));
#2610=CARTESIAN_POINT('',(55.3999987617135,-15.0000002235174,3.25538352193117));
#2611=CARTESIAN_POINT('',(47.2960231077319,-15.0000002235174,-9.86265250460659));
#2612=CARTESIAN_POINT('',(55.3999987617135,-15.0000002235174,3.31843157267942));
#2613=CARTESIAN_POINT('',(55.3999987617135,-15.0000002235174,22.9505088173822));
#2614=CARTESIAN_POINT('',(57.9650624597283,-15.0000002235174,7.40749347852888));
#2615=CARTESIAN_POINT('Origin',(94.7759829658536,15.0000002235174,79.820481349506));
#2616=CARTESIAN_POINT('',(51.4080134810303,15.0000002235174,10.6860142048192));
#2617=CARTESIAN_POINT('',(86.7360681163444,15.0000002235174,67.0037588786973));
#2618=CARTESIAN_POINT('',(51.4080134810303,7.50000011175871,10.6860142048192));
#2619=CARTESIAN_POINT('Origin',(47.,15.0000002235174,-4.5));
#2620=CARTESIAN_POINT('',(54.676257815877,15.0000002235174,0.186014204819114));
#2621=CARTESIAN_POINT('',(73.2496767697515,15.0000002235174,29.7945810269408));
#2622=CARTESIAN_POINT('',(46.2050386020555,15.0000002235174,-4.5));
#2623=CARTESIAN_POINT('Origin',(46.2050386020555,15.0000002235174,5.5));
#2624=CARTESIAN_POINT('',(7.,15.0000002235174,-4.5));
#2625=CARTESIAN_POINT('',(40.,15.0000002235174,-4.5));
#2626=CARTESIAN_POINT('',(7.,15.0000002235174,6.));
#2627=CARTESIAN_POINT('',(7.,15.0000002235174,0.));
#2628=CARTESIAN_POINT('',(42.9367942672089,15.0000002235174,6.));
#2629=CARTESIAN_POINT('',(27.,15.0000002235174,6.));
#2630=CARTESIAN_POINT('Origin',(42.9367942672089,15.0000002235174,16.));
#2631=CARTESIAN_POINT('',(57.9650624597283,15.0000002235174,7.40749347852888));
#2632=CARTESIAN_POINT('',(55.3999987617135,15.0000002235174,3.31843157267942));
#2633=CARTESIAN_POINT('',(57.9650624597283,15.0000002235174,7.40749347852888));
#2634=CARTESIAN_POINT('',(55.3999987617135,15.0000002235174,3.25538352193117));
#2635=CARTESIAN_POINT('',(55.3999987617135,15.0000002235174,22.9505088173822));
#2636=CARTESIAN_POINT('',(52.8205158571475,15.0000002235174,-0.920067036747383));
#2637=CARTESIAN_POINT('Origin',(42.9367942672089,7.50000011175871,16.));
#2638=CARTESIAN_POINT('',(42.9367942672089,7.50000011175871,6.));
#2639=CARTESIAN_POINT('Origin',(46.2050386020555,7.50000011175871,5.5));
#2640=CARTESIAN_POINT('',(46.2050386020555,7.50000011175871,-4.5));
#2641=CARTESIAN_POINT('',(54.6762578158768,7.50000011175871,0.186014204819178));
#2642=CARTESIAN_POINT('Origin',(54.070146550325,15.0000002235174,-0.780209943373413));
#2643=CARTESIAN_POINT('Origin',(7.,0.,-4.5));
#2644=CARTESIAN_POINT('Origin',(7.,0.,-4.5));
#2645=CARTESIAN_POINT('',(-4.15,1.3654811810493E-15,-4.5));
#2646=CARTESIAN_POINT('Origin',(7.,0.,-4.5));
#2647=CARTESIAN_POINT('Origin',(57.9650624597283,15.0000002235174,7.40749347852888));
#2648=CARTESIAN_POINT('',(55.3999987617135,7.50000022351742,3.31843157267942));
#2649=CARTESIAN_POINT('',(57.9650624597283,-15.0000002235174,7.40749347852888));
#2650=CARTESIAN_POINT('Origin',(55.3999987617135,2.23517417907715E-7,50.4010176347645));
#2651=CARTESIAN_POINT('',(55.3999987617135,-7.5,3.25538352193118));
#2652=CARTESIAN_POINT('Origin',(57.9625510266311,-15.0000002235174,7.40342818129038));
#2653=CARTESIAN_POINT('Origin',(7.,0.,6.));
#2654=CARTESIAN_POINT('Origin',(7.,0.,6.));
#2655=CARTESIAN_POINT('',(-1.2645,0.,6.));
#2656=CARTESIAN_POINT('Origin',(4.44089209850063E-15,0.,6.));
#2657=CARTESIAN_POINT('',(5.73550000000001,-7.,6.));
#2658=CARTESIAN_POINT('Origin',(7.,-7.,6.));
#2659=CARTESIAN_POINT('',(12.7355,0.,6.));
#2660=CARTESIAN_POINT('Origin',(14.,0.,6.));
#2661=CARTESIAN_POINT('',(5.50000000000001,0.,6.));
#2662=CARTESIAN_POINT('Origin',(7.,0.,6.));
#2663=CARTESIAN_POINT('',(5.73550000000001,7.,6.));
#2664=CARTESIAN_POINT('Origin',(7.,7.,6.));
#2665=CARTESIAN_POINT('Origin',(7.,0.,0.));
#2666=CARTESIAN_POINT('Origin',(7.,0.,-3.5));
#2667=CARTESIAN_POINT('',(-3.15,-1.24301650113456E-15,-3.5));
#2668=CARTESIAN_POINT('Origin',(-4.15,-1.3654811810493E-15,-3.5));
#2669=CARTESIAN_POINT('Origin',(7.,0.,-3.5));
#2670=CARTESIAN_POINT('Origin',(7.,0.,0.));
#2671=CARTESIAN_POINT('',(-3.15,-1.24301650113456E-15,0.));
#2672=CARTESIAN_POINT('',(-3.15,1.24301650113456E-15,0.));
#2673=CARTESIAN_POINT('Origin',(7.,0.,0.));
#2674=CARTESIAN_POINT('Origin',(7.,7.,0.));
#2675=CARTESIAN_POINT('',(5.7355,7.,0.));
#2676=CARTESIAN_POINT('',(5.7355,7.,0.));
#2677=CARTESIAN_POINT('Origin',(7.,7.,0.));
#2678=CARTESIAN_POINT('Origin',(7.,0.,0.));
#2679=CARTESIAN_POINT('',(5.5,-1.83697019872103E-16,0.));
#2680=CARTESIAN_POINT('',(5.5,-1.83697019872103E-16,0.));
#2681=CARTESIAN_POINT('Origin',(7.,0.,0.));
#2682=CARTESIAN_POINT('Origin',(14.,0.,0.));
#2683=CARTESIAN_POINT('',(12.7355,-1.54856587752183E-16,0.));
#2684=CARTESIAN_POINT('',(12.7355,-1.54856587752183E-16,0.));
#2685=CARTESIAN_POINT('Origin',(14.,0.,0.));
#2686=CARTESIAN_POINT('Origin',(7.,-7.,0.));
#2687=CARTESIAN_POINT('',(5.7355,-7.,0.));
#2688=CARTESIAN_POINT('',(5.7355,-7.,0.));
#2689=CARTESIAN_POINT('Origin',(7.,-7.,0.));
#2690=CARTESIAN_POINT('Origin',(4.44089209850063E-15,0.,0.));
#2691=CARTESIAN_POINT('',(-1.2645,-1.54856587752183E-16,0.));
#2692=CARTESIAN_POINT('',(-1.2645,-1.54856587752183E-16,0.));
#2693=CARTESIAN_POINT('Origin',(4.44089209850063E-15,0.,0.));
#2694=CARTESIAN_POINT('Origin',(7.,0.,0.));
#2695=UNCERTAINTY_MEASURE_WITH_UNIT(LENGTH_MEASURE(0.01),#2699,
'DISTANCE_ACCURACY_VALUE',
'Maximum model space distance between geometric entities at asserted c
onnectivities');
#2696=UNCERTAINTY_MEASURE_WITH_UNIT(LENGTH_MEASURE(0.01),#2699,
'DISTANCE_ACCURACY_VALUE',
'Maximum model space distance between geometric entities at asserted c
onnectivities');
#2697=(
GEOMETRIC_REPRESENTATION_CONTEXT(3)
GLOBAL_UNCERTAINTY_ASSIGNED_CONTEXT((#2695))
GLOBAL_UNIT_ASSIGNED_CONTEXT((#2699,#2701,#2702))
REPRESENTATION_CONTEXT('','3D')
);
#2698=(
GEOMETRIC_REPRESENTATION_CONTEXT(3)
GLOBAL_UNCERTAINTY_ASSIGNED_CONTEXT((#2696))
GLOBAL_UNIT_ASSIGNED_CONTEXT((#2699,#2701,#2702))
REPRESENTATION_CONTEXT('','3D')
);
#2699=(
LENGTH_UNIT()
NAMED_UNIT(*)
SI_UNIT(.MILLI.,.METRE.)
);
#2700=(
LENGTH_UNIT()
NAMED_UNIT(*)
SI_UNIT($,.METRE.)
);
#2701=(
NAMED_UNIT(*)
PLANE_ANGLE_UNIT()
SI_UNIT($,.RADIAN.)
);
#2702=(
NAMED_UNIT(*)
SI_UNIT($,.STERADIAN.)
SOLID_ANGLE_UNIT()
);
#2703=SHAPE_DEFINITION_REPRESENTATION(#2704,#2705);
#2704=PRODUCT_DEFINITION_SHAPE('',$,#2707);
#2705=SHAPE_REPRESENTATION('',(#1622),#2697);
#2706=PRODUCT_DEFINITION_CONTEXT('part definition',#2711,'design');
#2707=PRODUCT_DEFINITION('GYRA PITCH BRACKET','GYRA PITCH BRACKET v2',#2708,
#2706);
#2708=PRODUCT_DEFINITION_FORMATION('',$,#2713);
#2709=PRODUCT_RELATED_PRODUCT_CATEGORY('GYRA PITCH BRACKET v2',
'GYRA PITCH BRACKET v2',(#2713));
#2710=APPLICATION_PROTOCOL_DEFINITION('international standard',
'automotive_design',2009,#2711);
#2711=APPLICATION_CONTEXT(
'Core Data for Automotive Mechanical Design Process');
#2712=PRODUCT_CONTEXT('part definition',#2711,'mechanical');
#2713=PRODUCT('GYRA PITCH BRACKET','GYRA PITCH BRACKET v2',$,(#2712));
#2714=PRESENTATION_STYLE_ASSIGNMENT((#2715));
#2715=SURFACE_STYLE_USAGE(.BOTH.,#2716);
#2716=SURFACE_SIDE_STYLE('',(#2717));
#2717=SURFACE_STYLE_FILL_AREA(#2718);
#2718=FILL_AREA_STYLE('Plastic - Matte (White)',(#2719));
#2719=FILL_AREA_STYLE_COLOUR('Plastic - Matte (White)',#2720);
#2720=COLOUR_RGB('Plastic - Matte (White)',0.964705882352941,0.964705882352941,
0.952941176470588);
ENDSEC;
END-ISO-10303-21;
