ISO-10303-21;
HEADER;
/* Generated by software containing ST-Developer
 * from STEP Tools, Inc. (www.steptools.com) 
 */

FILE_DESCRIPTION(
/* description */ (''),
/* implementation_level */ '2;1');

FILE_NAME(
/* name */ 'GYRA YAW BRACKET.step',
/* time_stamp */ '2026-05-27T11:50:46+05:30',
/* author */ (''),
/* organization */ (''),
/* preprocessor_version */ 'ST-DEVELOPER v20.1',
/* originating_system */ 'Autodesk Translation Framework v15.8.0.0',
/* authorisation */ '');

FILE_SCHEMA (('AUTOMOTIVE_DESIGN { 1 0 10303 214 3 1 1 }'));
ENDSEC;

DATA;
#10=MECHANICAL_DESIGN_GEOMETRIC_PRESENTATION_REPRESENTATION('',(#13),#3762);
#11=SHAPE_REPRESENTATION_RELATIONSHIP('SRR','None',#3769,#12);
#12=ADVANCED_BREP_SHAPE_REPRESENTATION('',(#14),#3761);
#13=STYLED_ITEM('',(#3778),#14);
#14=MANIFOLD_SOLID_BREP('HEAD',#2214);
#15=(
BOUNDED_CURVE()
B_SPLINE_CURVE(2,(#3695,#3696,#3697),.UNSPECIFIED.,.F.,.F.)
B_SPLINE_CURVE_WITH_KNOTS((3,3),(0.,0.4000123849198),.UNSPECIFIED.)
CURVE()
GEOMETRIC_REPRESENTATION_ITEM()
RATIONAL_B_SPLINE_CURVE((1.,0.999994368217257,1.))
REPRESENTATION_ITEM('')
);
#16=(
BOUNDED_CURVE()
B_SPLINE_CURVE(2,(#3701,#3702,#3703),.UNSPECIFIED.,.F.,.F.)
B_SPLINE_CURVE_WITH_KNOTS((3,3),(0.,0.4000031019403),.UNSPECIFIED.)
CURVE()
GEOMETRIC_REPRESENTATION_ITEM()
RATIONAL_B_SPLINE_CURVE((1.,0.999996532646454,1.))
REPRESENTATION_ITEM('')
);
#17=(
BOUNDED_CURVE()
B_SPLINE_CURVE(2,(#3720,#3721,#3722),.UNSPECIFIED.,.F.,.F.)
B_SPLINE_CURVE_WITH_KNOTS((3,3),(0.,0.400009985812389),.UNSPECIFIED.)
CURVE()
GEOMETRIC_REPRESENTATION_ITEM()
RATIONAL_B_SPLINE_CURVE((1.,0.999993447008987,1.))
REPRESENTATION_ITEM('')
);
#18=(
BOUNDED_CURVE()
B_SPLINE_CURVE(2,(#3725,#3726,#3727),.UNSPECIFIED.,.F.,.F.)
B_SPLINE_CURVE_WITH_KNOTS((3,3),(0.,0.400008854006619),.UNSPECIFIED.)
CURVE()
GEOMETRIC_REPRESENTATION_ITEM()
RATIONAL_B_SPLINE_CURVE((1.,0.999993788123899,1.))
REPRESENTATION_ITEM('')
);
#19=B_SPLINE_CURVE_WITH_KNOTS('',3,(#3666,#3667,#3668,#3669,#3670,#3671,
#3672,#3673,#3674,#3675),.UNSPECIFIED.,.F.,.F.,(4,2,2,2,4),(0.173231112511713,
0.215805386843895,0.258379661176077,0.296945903032025,0.335512144887973),
 .UNSPECIFIED.);
#20=B_SPLINE_CURVE_WITH_KNOTS('',3,(#3677,#3678,#3679,#3680,#3681,#3682,
#3683,#3684,#3685,#3686),.UNSPECIFIED.,.F.,.F.,(4,2,2,2,4),(0.335369610505555,
0.373935852361504,0.412502094217452,0.455076368549633,0.497650642881815),
 .UNSPECIFIED.);
#21=(
BOUNDED_SURFACE()
B_SPLINE_SURFACE(1,2,((#3164,#3165,#3166),(#3167,#3168,#3169)),
 .UNSPECIFIED.,.F.,.F.,.F.)
B_SPLINE_SURFACE_WITH_KNOTS((2,2),(3,3),(-0.12725,0.0727500000000001),(1.23611746887446,
1.90547516853105),.UNSPECIFIED.)
GEOMETRIC_REPRESENTATION_ITEM()
RATIONAL_B_SPLINE_SURFACE(((1.,0.944515845204158,1.),(1.,0.944515845204158,
1.)))
REPRESENTATION_ITEM('')
SURFACE()
);
#22=(
BOUNDED_SURFACE()
B_SPLINE_SURFACE(1,2,((#3175,#3176,#3177,#3178,#3179),(#3180,#3181,#3182,
#3183,#3184)),.UNSPECIFIED.,.F.,.F.,.F.)
B_SPLINE_SURFACE_WITH_KNOTS((2,2),(3,2,3),(-0.12725,0.0727500000000001),
(2.02060144859799,3.14159265638905,4.26258386418011),.UNSPECIFIED.)
GEOMETRIC_REPRESENTATION_ITEM()
RATIONAL_B_SPLINE_SURFACE(((1.,0.84699174902249,1.,0.84699174902249,1.),
(1.,0.84699174902249,1.,0.84699174902249,1.)))
REPRESENTATION_ITEM('')
SURFACE()
);
#23=(
BOUNDED_SURFACE()
B_SPLINE_SURFACE(1,2,((#3256,#3257,#3258),(#3259,#3260,#3261)),
 .UNSPECIFIED.,.F.,.F.,.F.)
B_SPLINE_SURFACE_WITH_KNOTS((2,2),(3,3),(-0.12725,0.07275),(-1.90547517081136,
-1.23611747501296),.UNSPECIFIED.)
GEOMETRIC_REPRESENTATION_ITEM()
RATIONAL_B_SPLINE_SURFACE(((1.,0.944515845837798,1.),(1.,0.944515845837798,
1.)))
REPRESENTATION_ITEM('')
SURFACE()
);
#24=(
BOUNDED_SURFACE()
B_SPLINE_SURFACE(1,2,((#3267,#3268,#3269,#3270,#3271),(#3272,#3273,#3274,
#3275,#3276)),.UNSPECIFIED.,.F.,.F.,.F.)
B_SPLINE_SURFACE_WITH_KNOTS((2,2),(3,2,3),(-0.12725,0.0727500000000001),
(-1.12099121315681,-1.06132886923405E-8,1.12099119193023),.UNSPECIFIED.)
GEOMETRIC_REPRESENTATION_ITEM()
RATIONAL_B_SPLINE_SURFACE(((1.,0.846991750417301,1.,0.846991750417301,1.),
(1.,0.846991750417301,1.,0.846991750417301,1.)))
REPRESENTATION_ITEM('')
SURFACE()
);
#25=FACE_BOUND('',#270,.T.);
#26=FACE_BOUND('',#271,.T.);
#27=FACE_BOUND('',#272,.T.);
#28=FACE_BOUND('',#273,.T.);
#29=FACE_BOUND('',#274,.T.);
#30=FACE_BOUND('',#275,.T.);
#31=FACE_BOUND('',#276,.T.);
#32=FACE_BOUND('',#286,.T.);
#33=FACE_BOUND('',#287,.T.);
#34=FACE_BOUND('',#288,.T.);
#35=FACE_BOUND('',#289,.T.);
#36=FACE_BOUND('',#290,.T.);
#37=FACE_BOUND('',#291,.T.);
#38=FACE_BOUND('',#292,.T.);
#39=FACE_BOUND('',#293,.T.);
#40=FACE_BOUND('',#294,.T.);
#41=FACE_BOUND('',#299,.T.);
#42=FACE_BOUND('',#306,.T.);
#43=FACE_BOUND('',#311,.T.);
#44=FACE_BOUND('',#312,.T.);
#45=FACE_BOUND('',#313,.T.);
#46=FACE_BOUND('',#314,.T.);
#47=FACE_BOUND('',#315,.T.);
#48=FACE_BOUND('',#331,.T.);
#49=FACE_BOUND('',#332,.T.);
#50=FACE_BOUND('',#373,.T.);
#51=FACE_BOUND('',#379,.T.);
#52=FACE_BOUND('',#381,.T.);
#53=ELLIPSE('',#2248,20.,6.03000000000001);
#54=ELLIPSE('',#2251,20.,6.03000000000001);
#55=ELLIPSE('',#2253,20.,6.03000000000001);
#56=ELLIPSE('',#2255,20.,6.03000000000001);
#57=ELLIPSE('',#2262,20.,6.03000000000001);
#58=ELLIPSE('',#2263,20.,6.03000000000001);
#59=ELLIPSE('',#2284,20.,6.03000000000001);
#60=ELLIPSE('',#2285,20.,6.03000000000001);
#61=ELLIPSE('',#2308,31.1126983722081,22.);
#62=ELLIPSE('',#2309,31.1126983722081,22.);
#63=ELLIPSE('',#2312,31.1126983722081,22.);
#64=ELLIPSE('',#2313,31.1126983722081,22.);
#65=ELLIPSE('',#2370,1.00772279516469,1.);
#66=ELLIPSE('',#2376,1.4142135623731,1.);
#67=ELLIPSE('',#2377,1.41421356237282,1.);
#68=ELLIPSE('',#2379,1.4142135623731,1.);
#69=ELLIPSE('',#2381,1.41421356237309,1.);
#70=ELLIPSE('',#2408,6.54871527887774,6.54852254653654);
#71=ELLIPSE('',#2409,6.54871527887774,6.54852254653654);
#72=ELLIPSE('',#2410,6.54871527887774,6.54852254653654);
#73=ELLIPSE('',#2417,5.76160910501803,5.76143953765029);
#74=ELLIPSE('',#2418,5.76160910501803,5.76143953765029);
#75=PLANE('',#2231);
#76=PLANE('',#2232);
#77=PLANE('',#2236);
#78=PLANE('',#2237);
#79=PLANE('',#2238);
#80=PLANE('',#2239);
#81=PLANE('',#2240);
#82=PLANE('',#2241);
#83=PLANE('',#2245);
#84=PLANE('',#2264);
#85=PLANE('',#2265);
#86=PLANE('',#2266);
#87=PLANE('',#2267);
#88=PLANE('',#2268);
#89=PLANE('',#2269);
#90=PLANE('',#2270);
#91=PLANE('',#2286);
#92=PLANE('',#2301);
#93=PLANE('',#2305);
#94=PLANE('',#2306);
#95=PLANE('',#2314);
#96=PLANE('',#2324);
#97=PLANE('',#2325);
#98=PLANE('',#2326);
#99=PLANE('',#2327);
#100=PLANE('',#2328);
#101=PLANE('',#2329);
#102=PLANE('',#2330);
#103=PLANE('',#2333);
#104=PLANE('',#2334);
#105=PLANE('',#2335);
#106=PLANE('',#2338);
#107=PLANE('',#2339);
#108=PLANE('',#2340);
#109=PLANE('',#2342);
#110=PLANE('',#2344);
#111=PLANE('',#2345);
#112=PLANE('',#2349);
#113=PLANE('',#2354);
#114=PLANE('',#2357);
#115=PLANE('',#2360);
#116=PLANE('',#2363);
#117=PLANE('',#2364);
#118=PLANE('',#2365);
#119=PLANE('',#2366);
#120=PLANE('',#2369);
#121=PLANE('',#2371);
#122=PLANE('',#2373);
#123=PLANE('',#2374);
#124=PLANE('',#2384);
#125=PLANE('',#2389);
#126=PLANE('',#2390);
#127=PLANE('',#2395);
#128=PLANE('',#2396);
#129=PLANE('',#2398);
#130=PLANE('',#2400);
#131=PLANE('',#2401);
#132=PLANE('',#2402);
#133=PLANE('',#2413);
#134=PLANE('',#2414);
#135=PLANE('',#2419);
#136=PLANE('',#2420);
#137=PLANE('',#2421);
#138=PLANE('',#2422);
#139=PLANE('',#2423);
#140=PLANE('',#2424);
#141=PLANE('',#2429);
#142=PLANE('',#2430);
#143=PLANE('',#2431);
#144=PLANE('',#2432);
#145=PLANE('',#2433);
#146=PLANE('',#2434);
#147=FACE_OUTER_BOUND('',#258,.T.);
#148=FACE_OUTER_BOUND('',#259,.T.);
#149=FACE_OUTER_BOUND('',#260,.T.);
#150=FACE_OUTER_BOUND('',#261,.T.);
#151=FACE_OUTER_BOUND('',#262,.T.);
#152=FACE_OUTER_BOUND('',#263,.T.);
#153=FACE_OUTER_BOUND('',#264,.T.);
#154=FACE_OUTER_BOUND('',#265,.T.);
#155=FACE_OUTER_BOUND('',#266,.T.);
#156=FACE_OUTER_BOUND('',#267,.T.);
#157=FACE_OUTER_BOUND('',#268,.T.);
#158=FACE_OUTER_BOUND('',#269,.T.);
#159=FACE_OUTER_BOUND('',#277,.T.);
#160=FACE_OUTER_BOUND('',#278,.T.);
#161=FACE_OUTER_BOUND('',#279,.T.);
#162=FACE_OUTER_BOUND('',#280,.T.);
#163=FACE_OUTER_BOUND('',#281,.T.);
#164=FACE_OUTER_BOUND('',#282,.T.);
#165=FACE_OUTER_BOUND('',#283,.T.);
#166=FACE_OUTER_BOUND('',#284,.T.);
#167=FACE_OUTER_BOUND('',#285,.T.);
#168=FACE_OUTER_BOUND('',#295,.T.);
#169=FACE_OUTER_BOUND('',#296,.T.);
#170=FACE_OUTER_BOUND('',#297,.T.);
#171=FACE_OUTER_BOUND('',#298,.T.);
#172=FACE_OUTER_BOUND('',#300,.T.);
#173=FACE_OUTER_BOUND('',#301,.T.);
#174=FACE_OUTER_BOUND('',#302,.T.);
#175=FACE_OUTER_BOUND('',#303,.T.);
#176=FACE_OUTER_BOUND('',#304,.T.);
#177=FACE_OUTER_BOUND('',#305,.T.);
#178=FACE_OUTER_BOUND('',#307,.T.);
#179=FACE_OUTER_BOUND('',#308,.T.);
#180=FACE_OUTER_BOUND('',#309,.T.);
#181=FACE_OUTER_BOUND('',#310,.T.);
#182=FACE_OUTER_BOUND('',#316,.T.);
#183=FACE_OUTER_BOUND('',#317,.T.);
#184=FACE_OUTER_BOUND('',#318,.T.);
#185=FACE_OUTER_BOUND('',#319,.T.);
#186=FACE_OUTER_BOUND('',#320,.T.);
#187=FACE_OUTER_BOUND('',#321,.T.);
#188=FACE_OUTER_BOUND('',#322,.T.);
#189=FACE_OUTER_BOUND('',#323,.T.);
#190=FACE_OUTER_BOUND('',#324,.T.);
#191=FACE_OUTER_BOUND('',#325,.T.);
#192=FACE_OUTER_BOUND('',#326,.T.);
#193=FACE_OUTER_BOUND('',#327,.T.);
#194=FACE_OUTER_BOUND('',#328,.T.);
#195=FACE_OUTER_BOUND('',#329,.T.);
#196=FACE_OUTER_BOUND('',#330,.T.);
#197=FACE_OUTER_BOUND('',#333,.T.);
#198=FACE_OUTER_BOUND('',#334,.T.);
#199=FACE_OUTER_BOUND('',#335,.T.);
#200=FACE_OUTER_BOUND('',#336,.T.);
#201=FACE_OUTER_BOUND('',#337,.T.);
#202=FACE_OUTER_BOUND('',#338,.T.);
#203=FACE_OUTER_BOUND('',#339,.T.);
#204=FACE_OUTER_BOUND('',#340,.T.);
#205=FACE_OUTER_BOUND('',#341,.T.);
#206=FACE_OUTER_BOUND('',#342,.T.);
#207=FACE_OUTER_BOUND('',#343,.T.);
#208=FACE_OUTER_BOUND('',#344,.T.);
#209=FACE_OUTER_BOUND('',#345,.T.);
#210=FACE_OUTER_BOUND('',#346,.T.);
#211=FACE_OUTER_BOUND('',#347,.T.);
#212=FACE_OUTER_BOUND('',#348,.T.);
#213=FACE_OUTER_BOUND('',#349,.T.);
#214=FACE_OUTER_BOUND('',#350,.T.);
#215=FACE_OUTER_BOUND('',#351,.T.);
#216=FACE_OUTER_BOUND('',#352,.T.);
#217=FACE_OUTER_BOUND('',#353,.T.);
#218=FACE_OUTER_BOUND('',#354,.T.);
#219=FACE_OUTER_BOUND('',#355,.T.);
#220=FACE_OUTER_BOUND('',#356,.T.);
#221=FACE_OUTER_BOUND('',#357,.T.);
#222=FACE_OUTER_BOUND('',#358,.T.);
#223=FACE_OUTER_BOUND('',#359,.T.);
#224=FACE_OUTER_BOUND('',#360,.T.);
#225=FACE_OUTER_BOUND('',#361,.T.);
#226=FACE_OUTER_BOUND('',#362,.T.);
#227=FACE_OUTER_BOUND('',#363,.T.);
#228=FACE_OUTER_BOUND('',#364,.T.);
#229=FACE_OUTER_BOUND('',#365,.T.);
#230=FACE_OUTER_BOUND('',#366,.T.);
#231=FACE_OUTER_BOUND('',#367,.T.);
#232=FACE_OUTER_BOUND('',#368,.T.);
#233=FACE_OUTER_BOUND('',#369,.T.);
#234=FACE_OUTER_BOUND('',#370,.T.);
#235=FACE_OUTER_BOUND('',#371,.T.);
#236=FACE_OUTER_BOUND('',#372,.T.);
#237=FACE_OUTER_BOUND('',#374,.T.);
#238=FACE_OUTER_BOUND('',#375,.T.);
#239=FACE_OUTER_BOUND('',#376,.T.);
#240=FACE_OUTER_BOUND('',#377,.T.);
#241=FACE_OUTER_BOUND('',#378,.T.);
#242=FACE_OUTER_BOUND('',#380,.T.);
#243=FACE_OUTER_BOUND('',#382,.T.);
#244=FACE_OUTER_BOUND('',#383,.T.);
#245=FACE_OUTER_BOUND('',#384,.T.);
#246=FACE_OUTER_BOUND('',#385,.T.);
#247=FACE_OUTER_BOUND('',#386,.T.);
#248=FACE_OUTER_BOUND('',#387,.T.);
#249=FACE_OUTER_BOUND('',#388,.T.);
#250=FACE_OUTER_BOUND('',#389,.T.);
#251=FACE_OUTER_BOUND('',#390,.T.);
#252=FACE_OUTER_BOUND('',#391,.T.);
#253=FACE_OUTER_BOUND('',#392,.T.);
#254=FACE_OUTER_BOUND('',#393,.T.);
#255=FACE_OUTER_BOUND('',#394,.T.);
#256=FACE_OUTER_BOUND('',#395,.T.);
#257=FACE_OUTER_BOUND('',#396,.T.);
#258=EDGE_LOOP('',(#1430,#1431,#1432,#1433));
#259=EDGE_LOOP('',(#1434,#1435,#1436,#1437));
#260=EDGE_LOOP('',(#1438,#1439,#1440,#1441,#1442,#1443,#1444,#1445,#1446,
#1447));
#261=EDGE_LOOP('',(#1448,#1449,#1450,#1451));
#262=EDGE_LOOP('',(#1452,#1453,#1454,#1455));
#263=EDGE_LOOP('',(#1456,#1457,#1458,#1459));
#264=EDGE_LOOP('',(#1460,#1461,#1462,#1463));
#265=EDGE_LOOP('',(#1464,#1465,#1466,#1467));
#266=EDGE_LOOP('',(#1468,#1469,#1470,#1471));
#267=EDGE_LOOP('',(#1472,#1473,#1474,#1475,#1476,#1477,#1478,#1479,#1480,
#1481));
#268=EDGE_LOOP('',(#1482,#1483,#1484,#1485));
#269=EDGE_LOOP('',(#1486,#1487,#1488,#1489,#1490,#1491,#1492,#1493,#1494,
#1495));
#270=EDGE_LOOP('',(#1496));
#271=EDGE_LOOP('',(#1497));
#272=EDGE_LOOP('',(#1498));
#273=EDGE_LOOP('',(#1499));
#274=EDGE_LOOP('',(#1500));
#275=EDGE_LOOP('',(#1501));
#276=EDGE_LOOP('',(#1502));
#277=EDGE_LOOP('',(#1503,#1504,#1505,#1506));
#278=EDGE_LOOP('',(#1507,#1508,#1509,#1510));
#279=EDGE_LOOP('',(#1511,#1512,#1513,#1514));
#280=EDGE_LOOP('',(#1515,#1516,#1517,#1518));
#281=EDGE_LOOP('',(#1519,#1520,#1521,#1522));
#282=EDGE_LOOP('',(#1523,#1524,#1525,#1526));
#283=EDGE_LOOP('',(#1527,#1528,#1529,#1530));
#284=EDGE_LOOP('',(#1531,#1532,#1533,#1534));
#285=EDGE_LOOP('',(#1535,#1536,#1537,#1538,#1539,#1540,#1541,#1542));
#286=EDGE_LOOP('',(#1543));
#287=EDGE_LOOP('',(#1544));
#288=EDGE_LOOP('',(#1545));
#289=EDGE_LOOP('',(#1546));
#290=EDGE_LOOP('',(#1547));
#291=EDGE_LOOP('',(#1548));
#292=EDGE_LOOP('',(#1549));
#293=EDGE_LOOP('',(#1550));
#294=EDGE_LOOP('',(#1551));
#295=EDGE_LOOP('',(#1552,#1553,#1554,#1555,#1556,#1557,#1558,#1559));
#296=EDGE_LOOP('',(#1560,#1561,#1562,#1563));
#297=EDGE_LOOP('',(#1564,#1565,#1566,#1567));
#298=EDGE_LOOP('',(#1568,#1569,#1570,#1571));
#299=EDGE_LOOP('',(#1572,#1573,#1574,#1575,#1576,#1577,#1578,#1579,#1580,
#1581));
#300=EDGE_LOOP('',(#1582,#1583,#1584,#1585));
#301=EDGE_LOOP('',(#1586,#1587,#1588,#1589));
#302=EDGE_LOOP('',(#1590,#1591,#1592,#1593));
#303=EDGE_LOOP('',(#1594,#1595,#1596,#1597));
#304=EDGE_LOOP('',(#1598,#1599,#1600,#1601,#1602,#1603,#1604,#1605));
#305=EDGE_LOOP('',(#1606,#1607,#1608,#1609));
#306=EDGE_LOOP('',(#1610,#1611,#1612,#1613,#1614,#1615,#1616,#1617,#1618,
#1619));
#307=EDGE_LOOP('',(#1620,#1621,#1622,#1623));
#308=EDGE_LOOP('',(#1624,#1625,#1626,#1627,#1628,#1629,#1630,#1631));
#309=EDGE_LOOP('',(#1632,#1633,#1634,#1635,#1636,#1637,#1638,#1639,#1640,
#1641,#1642,#1643,#1644,#1645,#1646,#1647));
#310=EDGE_LOOP('',(#1648,#1649,#1650,#1651,#1652,#1653,#1654,#1655,#1656,
#1657,#1658,#1659));
#311=EDGE_LOOP('',(#1660,#1661,#1662,#1663,#1664,#1665,#1666,#1667));
#312=EDGE_LOOP('',(#1668));
#313=EDGE_LOOP('',(#1669));
#314=EDGE_LOOP('',(#1670));
#315=EDGE_LOOP('',(#1671));
#316=EDGE_LOOP('',(#1672,#1673,#1674,#1675));
#317=EDGE_LOOP('',(#1676,#1677,#1678,#1679));
#318=EDGE_LOOP('',(#1680,#1681,#1682,#1683));
#319=EDGE_LOOP('',(#1684,#1685,#1686,#1687));
#320=EDGE_LOOP('',(#1688,#1689,#1690,#1691));
#321=EDGE_LOOP('',(#1692,#1693,#1694,#1695));
#322=EDGE_LOOP('',(#1696,#1697,#1698,#1699,#1700,#1701,#1702,#1703,#1704,
#1705,#1706,#1707,#1708,#1709,#1710,#1711,#1712));
#323=EDGE_LOOP('',(#1713,#1714,#1715,#1716));
#324=EDGE_LOOP('',(#1717,#1718,#1719,#1720));
#325=EDGE_LOOP('',(#1721,#1722,#1723,#1724,#1725,#1726,#1727,#1728,#1729,
#1730,#1731,#1732,#1733,#1734,#1735,#1736,#1737));
#326=EDGE_LOOP('',(#1738,#1739,#1740,#1741));
#327=EDGE_LOOP('',(#1742,#1743,#1744,#1745));
#328=EDGE_LOOP('',(#1746,#1747,#1748,#1749));
#329=EDGE_LOOP('',(#1750,#1751,#1752,#1753));
#330=EDGE_LOOP('',(#1754,#1755,#1756,#1757));
#331=EDGE_LOOP('',(#1758,#1759,#1760,#1761));
#332=EDGE_LOOP('',(#1762,#1763,#1764,#1765));
#333=EDGE_LOOP('',(#1766,#1767,#1768,#1769));
#334=EDGE_LOOP('',(#1770,#1771,#1772,#1773));
#335=EDGE_LOOP('',(#1774,#1775,#1776,#1777,#1778,#1779,#1780,#1781));
#336=EDGE_LOOP('',(#1782,#1783,#1784,#1785));
#337=EDGE_LOOP('',(#1786,#1787,#1788,#1789,#1790,#1791,#1792,#1793,#1794,
#1795));
#338=EDGE_LOOP('',(#1796,#1797,#1798,#1799));
#339=EDGE_LOOP('',(#1800,#1801,#1802,#1803));
#340=EDGE_LOOP('',(#1804,#1805,#1806,#1807));
#341=EDGE_LOOP('',(#1808,#1809,#1810,#1811));
#342=EDGE_LOOP('',(#1812,#1813,#1814,#1815));
#343=EDGE_LOOP('',(#1816,#1817,#1818,#1819));
#344=EDGE_LOOP('',(#1820,#1821,#1822,#1823));
#345=EDGE_LOOP('',(#1824,#1825,#1826,#1827));
#346=EDGE_LOOP('',(#1828,#1829,#1830,#1831));
#347=EDGE_LOOP('',(#1832,#1833,#1834,#1835));
#348=EDGE_LOOP('',(#1836,#1837,#1838,#1839));
#349=EDGE_LOOP('',(#1840,#1841,#1842,#1843));
#350=EDGE_LOOP('',(#1844,#1845,#1846,#1847,#1848,#1849));
#351=EDGE_LOOP('',(#1850,#1851,#1852,#1853));
#352=EDGE_LOOP('',(#1854,#1855,#1856,#1857));
#353=EDGE_LOOP('',(#1858,#1859,#1860,#1861,#1862,#1863));
#354=EDGE_LOOP('',(#1864,#1865,#1866,#1867));
#355=EDGE_LOOP('',(#1868,#1869,#1870,#1871));
#356=EDGE_LOOP('',(#1872,#1873,#1874,#1875));
#357=EDGE_LOOP('',(#1876,#1877,#1878,#1879));
#358=EDGE_LOOP('',(#1880,#1881,#1882,#1883));
#359=EDGE_LOOP('',(#1884,#1885,#1886,#1887));
#360=EDGE_LOOP('',(#1888,#1889,#1890,#1891));
#361=EDGE_LOOP('',(#1892,#1893,#1894,#1895));
#362=EDGE_LOOP('',(#1896,#1897,#1898,#1899));
#363=EDGE_LOOP('',(#1900,#1901,#1902,#1903));
#364=EDGE_LOOP('',(#1904));
#365=EDGE_LOOP('',(#1905));
#366=EDGE_LOOP('',(#1906));
#367=EDGE_LOOP('',(#1907));
#368=EDGE_LOOP('',(#1908,#1909,#1910,#1911));
#369=EDGE_LOOP('',(#1912,#1913,#1914,#1915,#1916,#1917,#1918,#1919));
#370=EDGE_LOOP('',(#1920,#1921,#1922,#1923,#1924,#1925));
#371=EDGE_LOOP('',(#1926,#1927,#1928,#1929));
#372=EDGE_LOOP('',(#1930,#1931,#1932,#1933,#1934,#1935,#1936,#1937,#1938,
#1939,#1940,#1941));
#373=EDGE_LOOP('',(#1942,#1943,#1944,#1945));
#374=EDGE_LOOP('',(#1946,#1947,#1948,#1949));
#375=EDGE_LOOP('',(#1950,#1951,#1952,#1953));
#376=EDGE_LOOP('',(#1954,#1955,#1956,#1957));
#377=EDGE_LOOP('',(#1958,#1959));
#378=EDGE_LOOP('',(#1960,#1961,#1962,#1963));
#379=EDGE_LOOP('',(#1964,#1965,#1966,#1967));
#380=EDGE_LOOP('',(#1968,#1969,#1970,#1971,#1972,#1973,#1974,#1975));
#381=EDGE_LOOP('',(#1976,#1977,#1978,#1979,#1980,#1981,#1982,#1983,#1984,
#1985));
#382=EDGE_LOOP('',(#1986,#1987,#1988,#1989));
#383=EDGE_LOOP('',(#1990,#1991,#1992,#1993));
#384=EDGE_LOOP('',(#1994,#1995,#1996,#1997));
#385=EDGE_LOOP('',(#1998,#1999,#2000,#2001));
#386=EDGE_LOOP('',(#2002,#2003,#2004,#2005));
#387=EDGE_LOOP('',(#2006,#2007,#2008,#2009,#2010,#2011,#2012,#2013));
#388=EDGE_LOOP('',(#2014,#2015,#2016,#2017,#2018,#2019,#2020,#2021));
#389=EDGE_LOOP('',(#2022,#2023,#2024,#2025,#2026,#2027,#2028,#2029));
#390=EDGE_LOOP('',(#2030,#2031,#2032,#2033,#2034,#2035,#2036,#2037));
#391=EDGE_LOOP('',(#2038,#2039,#2040));
#392=EDGE_LOOP('',(#2041,#2042,#2043));
#393=EDGE_LOOP('',(#2044,#2045,#2046,#2047,#2048,#2049,#2050,#2051,#2052,
#2053,#2054,#2055));
#394=EDGE_LOOP('',(#2056,#2057,#2058,#2059));
#395=EDGE_LOOP('',(#2060,#2061,#2062,#2063));
#396=EDGE_LOOP('',(#2064,#2065,#2066,#2067));
#397=LINE('',#3070,#610);
#398=LINE('',#3073,#611);
#399=LINE('',#3076,#612);
#400=LINE('',#3078,#613);
#401=LINE('',#3079,#614);
#402=LINE('',#3082,#615);
#403=LINE('',#3086,#616);
#404=LINE('',#3088,#617);
#405=LINE('',#3090,#618);
#406=LINE('',#3092,#619);
#407=LINE('',#3094,#620);
#408=LINE('',#3095,#621);
#409=LINE('',#3098,#622);
#410=LINE('',#3101,#623);
#411=LINE('',#3104,#624);
#412=LINE('',#3105,#625);
#413=LINE('',#3107,#626);
#414=LINE('',#3110,#627);
#415=LINE('',#3112,#628);
#416=LINE('',#3113,#629);
#417=LINE('',#3116,#630);
#418=LINE('',#3117,#631);
#419=LINE('',#3120,#632);
#420=LINE('',#3121,#633);
#421=LINE('',#3123,#634);
#422=LINE('',#3124,#635);
#423=LINE('',#3129,#636);
#424=LINE('',#3171,#637);
#425=LINE('',#3174,#638);
#426=LINE('',#3186,#639);
#427=LINE('',#3189,#640);
#428=LINE('',#3193,#641);
#429=LINE('',#3195,#642);
#430=LINE('',#3197,#643);
#431=LINE('',#3198,#644);
#432=LINE('',#3201,#645);
#433=LINE('',#3203,#646);
#434=LINE('',#3204,#647);
#435=LINE('',#3208,#648);
#436=LINE('',#3210,#649);
#437=LINE('',#3212,#650);
#438=LINE('',#3213,#651);
#439=LINE('',#3216,#652);
#440=LINE('',#3218,#653);
#441=LINE('',#3219,#654);
#442=LINE('',#3222,#655);
#443=LINE('',#3224,#656);
#444=LINE('',#3225,#657);
#445=LINE('',#3228,#658);
#446=LINE('',#3230,#659);
#447=LINE('',#3231,#660);
#448=LINE('',#3254,#661);
#449=LINE('',#3263,#662);
#450=LINE('',#3266,#663);
#451=LINE('',#3278,#664);
#452=LINE('',#3281,#665);
#453=LINE('',#3285,#666);
#454=LINE('',#3287,#667);
#455=LINE('',#3290,#668);
#456=LINE('',#3300,#669);
#457=LINE('',#3302,#670);
#458=LINE('',#3304,#671);
#459=LINE('',#3306,#672);
#460=LINE('',#3310,#673);
#461=LINE('',#3315,#674);
#462=LINE('',#3324,#675);
#463=LINE('',#3326,#676);
#464=LINE('',#3328,#677);
#465=LINE('',#3329,#678);
#466=LINE('',#3332,#679);
#467=LINE('',#3333,#680);
#468=LINE('',#3335,#681);
#469=LINE('',#3336,#682);
#470=LINE('',#3339,#683);
#471=LINE('',#3341,#684);
#472=LINE('',#3345,#685);
#473=LINE('',#3349,#686);
#474=LINE('',#3352,#687);
#475=LINE('',#3354,#688);
#476=LINE('',#3358,#689);
#477=LINE('',#3362,#690);
#478=LINE('',#3367,#691);
#479=LINE('',#3369,#692);
#480=LINE('',#3371,#693);
#481=LINE('',#3373,#694);
#482=LINE('',#3377,#695);
#483=LINE('',#3381,#696);
#484=LINE('',#3385,#697);
#485=LINE('',#3388,#698);
#486=LINE('',#3391,#699);
#487=LINE('',#3393,#700);
#488=LINE('',#3395,#701);
#489=LINE('',#3397,#702);
#490=LINE('',#3399,#703);
#491=LINE('',#3401,#704);
#492=LINE('',#3404,#705);
#493=LINE('',#3416,#706);
#494=LINE('',#3417,#707);
#495=LINE('',#3418,#708);
#496=LINE('',#3422,#709);
#497=LINE('',#3423,#710);
#498=LINE('',#3424,#711);
#499=LINE('',#3427,#712);
#500=LINE('',#3428,#713);
#501=LINE('',#3431,#714);
#502=LINE('',#3432,#715);
#503=LINE('',#3435,#716);
#504=LINE('',#3436,#717);
#505=LINE('',#3439,#718);
#506=LINE('',#3440,#719);
#507=LINE('',#3443,#720);
#508=LINE('',#3447,#721);
#509=LINE('',#3448,#722);
#510=LINE('',#3450,#723);
#511=LINE('',#3452,#724);
#512=LINE('',#3456,#725);
#513=LINE('',#3458,#726);
#514=LINE('',#3459,#727);
#515=LINE('',#3461,#728);
#516=LINE('',#3462,#729);
#517=LINE('',#3465,#730);
#518=LINE('',#3466,#731);
#519=LINE('',#3469,#732);
#520=LINE('',#3470,#733);
#521=LINE('',#3473,#734);
#522=LINE('',#3474,#735);
#523=LINE('',#3476,#736);
#524=LINE('',#3478,#737);
#525=LINE('',#3480,#738);
#526=LINE('',#3483,#739);
#527=LINE('',#3485,#740);
#528=LINE('',#3488,#741);
#529=LINE('',#3490,#742);
#530=LINE('',#3491,#743);
#531=LINE('',#3494,#744);
#532=LINE('',#3496,#745);
#533=LINE('',#3498,#746);
#534=LINE('',#3500,#747);
#535=LINE('',#3504,#748);
#536=LINE('',#3506,#749);
#537=LINE('',#3507,#750);
#538=LINE('',#3513,#751);
#539=LINE('',#3516,#752);
#540=LINE('',#3519,#753);
#541=LINE('',#3523,#754);
#542=LINE('',#3527,#755);
#543=LINE('',#3531,#756);
#544=LINE('',#3534,#757);
#545=LINE('',#3537,#758);
#546=LINE('',#3538,#759);
#547=LINE('',#3541,#760);
#548=LINE('',#3544,#761);
#549=LINE('',#3547,#762);
#550=LINE('',#3548,#763);
#551=LINE('',#3552,#764);
#552=LINE('',#3555,#765);
#553=LINE('',#3556,#766);
#554=LINE('',#3560,#767);
#555=LINE('',#3562,#768);
#556=LINE('',#3566,#769);
#557=LINE('',#3568,#770);
#558=LINE('',#3570,#771);
#559=LINE('',#3571,#772);
#560=LINE('',#3575,#773);
#561=LINE('',#3577,#774);
#562=LINE('',#3579,#775);
#563=LINE('',#3580,#776);
#564=LINE('',#3583,#777);
#565=LINE('',#3585,#778);
#566=LINE('',#3586,#779);
#567=LINE('',#3590,#780);
#568=LINE('',#3593,#781);
#569=LINE('',#3599,#782);
#570=LINE('',#3601,#783);
#571=LINE('',#3603,#784);
#572=LINE('',#3604,#785);
#573=LINE('',#3606,#786);
#574=LINE('',#3607,#787);
#575=LINE('',#3617,#788);
#576=LINE('',#3620,#789);
#577=LINE('',#3623,#790);
#578=LINE('',#3624,#791);
#579=LINE('',#3630,#792);
#580=LINE('',#3633,#793);
#581=LINE('',#3635,#794);
#582=LINE('',#3636,#795);
#583=LINE('',#3640,#796);
#584=LINE('',#3644,#797);
#585=LINE('',#3656,#798);
#586=LINE('',#3657,#799);
#587=LINE('',#3658,#800);
#588=LINE('',#3664,#801);
#589=LINE('',#3691,#802);
#590=LINE('',#3692,#803);
#591=LINE('',#3706,#804);
#592=LINE('',#3708,#805);
#593=LINE('',#3710,#806);
#594=LINE('',#3715,#807);
#595=LINE('',#3729,#808);
#596=LINE('',#3732,#809);
#597=LINE('',#3733,#810);
#598=LINE('',#3735,#811);
#599=LINE('',#3737,#812);
#600=LINE('',#3740,#813);
#601=LINE('',#3742,#814);
#602=LINE('',#3744,#815);
#603=LINE('',#3746,#816);
#604=LINE('',#3748,#817);
#605=LINE('',#3750,#818);
#606=LINE('',#3752,#819);
#607=LINE('',#3753,#820);
#608=LINE('',#3755,#821);
#609=LINE('',#3757,#822);
#610=VECTOR('',#2441,10.);
#611=VECTOR('',#2444,10.);
#612=VECTOR('',#2447,10.);
#613=VECTOR('',#2448,10.);
#614=VECTOR('',#2449,10.);
#615=VECTOR('',#2452,10.);
#616=VECTOR('',#2455,10.);
#617=VECTOR('',#2456,10.);
#618=VECTOR('',#2457,10.);
#619=VECTOR('',#2458,10.);
#620=VECTOR('',#2459,10.);
#621=VECTOR('',#2460,10.);
#622=VECTOR('',#2463,10.);
#623=VECTOR('',#2466,10.);
#624=VECTOR('',#2469,10.);
#625=VECTOR('',#2470,10.);
#626=VECTOR('',#2473,10.);
#627=VECTOR('',#2476,10.);
#628=VECTOR('',#2477,10.);
#629=VECTOR('',#2478,10.);
#630=VECTOR('',#2481,10.);
#631=VECTOR('',#2482,10.);
#632=VECTOR('',#2485,10.);
#633=VECTOR('',#2486,10.);
#634=VECTOR('',#2489,10.);
#635=VECTOR('',#2490,10.);
#636=VECTOR('',#2495,1.5);
#637=VECTOR('',#2532,10.);
#638=VECTOR('',#2535,10.);
#639=VECTOR('',#2536,10.);
#640=VECTOR('',#2539,10.);
#641=VECTOR('',#2542,10.);
#642=VECTOR('',#2543,10.);
#643=VECTOR('',#2544,10.);
#644=VECTOR('',#2545,10.);
#645=VECTOR('',#2548,10.);
#646=VECTOR('',#2549,10.);
#647=VECTOR('',#2550,10.);
#648=VECTOR('',#2553,10.);
#649=VECTOR('',#2554,10.);
#650=VECTOR('',#2555,10.);
#651=VECTOR('',#2556,10.);
#652=VECTOR('',#2559,10.);
#653=VECTOR('',#2560,10.);
#654=VECTOR('',#2561,10.);
#655=VECTOR('',#2564,10.);
#656=VECTOR('',#2565,10.);
#657=VECTOR('',#2566,10.);
#658=VECTOR('',#2569,10.);
#659=VECTOR('',#2570,10.);
#660=VECTOR('',#2571,10.);
#661=VECTOR('',#2598,1.4);
#662=VECTOR('',#2601,10.);
#663=VECTOR('',#2604,10.);
#664=VECTOR('',#2605,10.);
#665=VECTOR('',#2608,10.);
#666=VECTOR('',#2611,10.);
#667=VECTOR('',#2612,10.);
#668=VECTOR('',#2615,10.);
#669=VECTOR('',#2630,1.4);
#670=VECTOR('',#2633,1.4);
#671=VECTOR('',#2636,1.4);
#672=VECTOR('',#2639,1.4);
#673=VECTOR('',#2644,1.4);
#674=VECTOR('',#2649,10.);
#675=VECTOR('',#2658,10.);
#676=VECTOR('',#2659,10.);
#677=VECTOR('',#2660,10.);
#678=VECTOR('',#2661,10.);
#679=VECTOR('',#2664,10.);
#680=VECTOR('',#2665,10.);
#681=VECTOR('',#2666,10.);
#682=VECTOR('',#2667,10.);
#683=VECTOR('',#2670,10.);
#684=VECTOR('',#2671,10.);
#685=VECTOR('',#2674,10.);
#686=VECTOR('',#2677,10.);
#687=VECTOR('',#2680,10.);
#688=VECTOR('',#2681,10.);
#689=VECTOR('',#2684,10.);
#690=VECTOR('',#2687,10.);
#691=VECTOR('',#2692,10.);
#692=VECTOR('',#2693,10.);
#693=VECTOR('',#2694,10.);
#694=VECTOR('',#2695,10.);
#695=VECTOR('',#2698,10.);
#696=VECTOR('',#2701,10.);
#697=VECTOR('',#2704,10.);
#698=VECTOR('',#2707,10.);
#699=VECTOR('',#2708,10.);
#700=VECTOR('',#2709,10.);
#701=VECTOR('',#2710,10.);
#702=VECTOR('',#2711,10.);
#703=VECTOR('',#2712,10.);
#704=VECTOR('',#2713,10.);
#705=VECTOR('',#2716,10.);
#706=VECTOR('',#2727,10.);
#707=VECTOR('',#2728,10.);
#708=VECTOR('',#2729,10.);
#709=VECTOR('',#2732,10.);
#710=VECTOR('',#2733,10.);
#711=VECTOR('',#2734,10.);
#712=VECTOR('',#2737,10.);
#713=VECTOR('',#2738,10.);
#714=VECTOR('',#2741,10.);
#715=VECTOR('',#2742,10.);
#716=VECTOR('',#2745,10.);
#717=VECTOR('',#2746,10.);
#718=VECTOR('',#2749,10.);
#719=VECTOR('',#2750,10.);
#720=VECTOR('',#2753,10.);
#721=VECTOR('',#2756,10.);
#722=VECTOR('',#2757,10.);
#723=VECTOR('',#2758,10.);
#724=VECTOR('',#2759,10.);
#725=VECTOR('',#2762,10.);
#726=VECTOR('',#2763,10.);
#727=VECTOR('',#2764,10.);
#728=VECTOR('',#2765,10.);
#729=VECTOR('',#2766,10.);
#730=VECTOR('',#2769,10.);
#731=VECTOR('',#2770,10.);
#732=VECTOR('',#2773,10.);
#733=VECTOR('',#2774,10.);
#734=VECTOR('',#2777,10.);
#735=VECTOR('',#2778,10.);
#736=VECTOR('',#2779,10.);
#737=VECTOR('',#2780,10.);
#738=VECTOR('',#2781,10.);
#739=VECTOR('',#2784,10.);
#740=VECTOR('',#2785,10.);
#741=VECTOR('',#2788,10.);
#742=VECTOR('',#2791,10.);
#743=VECTOR('',#2792,10.);
#744=VECTOR('',#2797,10.);
#745=VECTOR('',#2800,10.);
#746=VECTOR('',#2803,10.);
#747=VECTOR('',#2806,10.);
#748=VECTOR('',#2811,10.);
#749=VECTOR('',#2812,10.);
#750=VECTOR('',#2813,10.);
#751=VECTOR('',#2818,10.);
#752=VECTOR('',#2821,10.);
#753=VECTOR('',#2824,10.);
#754=VECTOR('',#2827,10.);
#755=VECTOR('',#2830,10.);
#756=VECTOR('',#2833,10.);
#757=VECTOR('',#2836,10.);
#758=VECTOR('',#2839,10.);
#759=VECTOR('',#2840,10.);
#760=VECTOR('',#2843,10.);
#761=VECTOR('',#2846,10.);
#762=VECTOR('',#2849,10.);
#763=VECTOR('',#2850,10.);
#764=VECTOR('',#2855,10.);
#765=VECTOR('',#2858,10.);
#766=VECTOR('',#2859,10.);
#767=VECTOR('',#2864,10.);
#768=VECTOR('',#2867,10.);
#769=VECTOR('',#2870,10.);
#770=VECTOR('',#2871,10.);
#771=VECTOR('',#2872,10.);
#772=VECTOR('',#2873,10.);
#773=VECTOR('',#2876,10.);
#774=VECTOR('',#2877,10.);
#775=VECTOR('',#2878,10.);
#776=VECTOR('',#2879,10.);
#777=VECTOR('',#2882,10.);
#778=VECTOR('',#2883,10.);
#779=VECTOR('',#2884,10.);
#780=VECTOR('',#2889,5.);
#781=VECTOR('',#2894,10.);
#782=VECTOR('',#2901,10.);
#783=VECTOR('',#2902,10.);
#784=VECTOR('',#2903,10.);
#785=VECTOR('',#2904,10.);
#786=VECTOR('',#2907,10.);
#787=VECTOR('',#2908,10.);
#788=VECTOR('',#2925,10.);
#789=VECTOR('',#2928,10.);
#790=VECTOR('',#2931,10.);
#791=VECTOR('',#2932,10.);
#792=VECTOR('',#2943,10.);
#793=VECTOR('',#2946,10.);
#794=VECTOR('',#2947,10.);
#795=VECTOR('',#2948,10.);
#796=VECTOR('',#2953,1.45);
#797=VECTOR('',#2958,1.45);
#798=VECTOR('',#2973,10.);
#799=VECTOR('',#2974,10.);
#800=VECTOR('',#2975,10.);
#801=VECTOR('',#2982,10.);
#802=VECTOR('',#2991,10.);
#803=VECTOR('',#2992,10.);
#804=VECTOR('',#2999,1.45);
#805=VECTOR('',#3002,1.45);
#806=VECTOR('',#3005,10.);
#807=VECTOR('',#3012,10.);
#808=VECTOR('',#3019,10.);
#809=VECTOR('',#3024,10.);
#810=VECTOR('',#3025,10.);
#811=VECTOR('',#3028,10.);
#812=VECTOR('',#3031,10.);
#813=VECTOR('',#3036,1.515);
#814=VECTOR('',#3039,1.515);
#815=VECTOR('',#3042,1.515);
#816=VECTOR('',#3045,1.515);
#817=VECTOR('',#3048,10.);
#818=VECTOR('',#3051,10.);
#819=VECTOR('',#3054,10.);
#820=VECTOR('',#3055,10.);
#821=VECTOR('',#3058,10.);
#822=VECTOR('',#3061,10.);
#823=CIRCLE('',#2229,2.);
#824=CIRCLE('',#2230,2.);
#825=CIRCLE('',#2233,2.);
#826=CIRCLE('',#2235,2.);
#827=CIRCLE('',#2243,1.5);
#828=CIRCLE('',#2244,1.5);
#829=CIRCLE('',#2246,1.515);
#830=CIRCLE('',#2247,1.515);
#831=CIRCLE('',#2249,1.515);
#832=CIRCLE('',#2250,1.515);
#833=CIRCLE('',#2252,1.515);
#834=CIRCLE('',#2254,1.515);
#835=CIRCLE('',#2256,1.4);
#836=CIRCLE('',#2257,1.4);
#837=CIRCLE('',#2258,1.4);
#838=CIRCLE('',#2259,1.4);
#839=CIRCLE('',#2260,1.4);
#840=CIRCLE('',#2261,1.4);
#841=CIRCLE('',#2271,1.4);
#842=CIRCLE('',#2272,1.4);
#843=CIRCLE('',#2273,1.4);
#844=CIRCLE('',#2274,1.515);
#845=CIRCLE('',#2275,1.4);
#846=CIRCLE('',#2276,1.515);
#847=CIRCLE('',#2277,1.4);
#848=CIRCLE('',#2278,1.515);
#849=CIRCLE('',#2279,1.515);
#850=CIRCLE('',#2280,1.4);
#851=CIRCLE('',#2282,1.4);
#852=CIRCLE('',#2283,1.4);
#853=CIRCLE('',#2287,22.);
#854=CIRCLE('',#2288,1.515);
#855=CIRCLE('',#2289,1.515);
#856=CIRCLE('',#2290,1.515);
#857=CIRCLE('',#2291,1.515);
#858=CIRCLE('',#2292,1.515);
#859=CIRCLE('',#2293,1.515);
#860=CIRCLE('',#2299,1.4);
#861=CIRCLE('',#2300,1.4);
#862=CIRCLE('',#2302,22.);
#863=CIRCLE('',#2303,22.);
#864=CIRCLE('',#2304,22.);
#865=CIRCLE('',#2310,22.);
#866=CIRCLE('',#2311,22.);
#867=CIRCLE('',#2315,5.);
#868=CIRCLE('',#2316,5.);
#869=CIRCLE('',#2317,5.);
#870=CIRCLE('',#2318,5.);
#871=CIRCLE('',#2319,6.54852254653654);
#872=CIRCLE('',#2320,1.45);
#873=CIRCLE('',#2321,1.45);
#874=CIRCLE('',#2322,1.45);
#875=CIRCLE('',#2323,1.45);
#876=CIRCLE('',#2331,6.5);
#877=CIRCLE('',#2332,3.5);
#878=CIRCLE('',#2336,3.5);
#879=CIRCLE('',#2337,6.5);
#880=CIRCLE('',#2347,5.);
#881=CIRCLE('',#2348,5.);
#882=CIRCLE('',#2350,5.);
#883=CIRCLE('',#2351,5.);
#884=CIRCLE('',#2352,5.);
#885=CIRCLE('',#2353,5.76143953765029);
#886=CIRCLE('',#2356,5.);
#887=CIRCLE('',#2359,5.);
#888=CIRCLE('',#2362,5.);
#889=CIRCLE('',#2368,5.);
#890=CIRCLE('',#2372,1.);
#891=CIRCLE('',#2383,5.);
#892=CIRCLE('',#2386,5.);
#893=CIRCLE('',#2388,5.);
#894=CIRCLE('',#2392,1.45);
#895=CIRCLE('',#2394,1.45);
#896=CIRCLE('',#2397,1.45);
#897=CIRCLE('',#2399,1.45);
#898=CIRCLE('',#2403,6.54852254653654);
#899=CIRCLE('',#2404,6.54852254653654);
#900=CIRCLE('',#2416,5.76143953765029);
#901=VERTEX_POINT('',#3066);
#902=VERTEX_POINT('',#3067);
#903=VERTEX_POINT('',#3069);
#904=VERTEX_POINT('',#3071);
#905=VERTEX_POINT('',#3075);
#906=VERTEX_POINT('',#3077);
#907=VERTEX_POINT('',#3081);
#908=VERTEX_POINT('',#3083);
#909=VERTEX_POINT('',#3085);
#910=VERTEX_POINT('',#3087);
#911=VERTEX_POINT('',#3089);
#912=VERTEX_POINT('',#3091);
#913=VERTEX_POINT('',#3093);
#914=VERTEX_POINT('',#3097);
#915=VERTEX_POINT('',#3099);
#916=VERTEX_POINT('',#3103);
#917=VERTEX_POINT('',#3109);
#918=VERTEX_POINT('',#3111);
#919=VERTEX_POINT('',#3115);
#920=VERTEX_POINT('',#3119);
#921=VERTEX_POINT('',#3126);
#922=VERTEX_POINT('',#3128);
#923=VERTEX_POINT('',#3132);
#924=VERTEX_POINT('',#3133);
#925=VERTEX_POINT('',#3135);
#926=VERTEX_POINT('',#3137);
#927=VERTEX_POINT('',#3139);
#928=VERTEX_POINT('',#3141);
#929=VERTEX_POINT('',#3143);
#930=VERTEX_POINT('',#3145);
#931=VERTEX_POINT('',#3147);
#932=VERTEX_POINT('',#3149);
#933=VERTEX_POINT('',#3152);
#934=VERTEX_POINT('',#3154);
#935=VERTEX_POINT('',#3156);
#936=VERTEX_POINT('',#3158);
#937=VERTEX_POINT('',#3160);
#938=VERTEX_POINT('',#3162);
#939=VERTEX_POINT('',#3170);
#940=VERTEX_POINT('',#3172);
#941=VERTEX_POINT('',#3185);
#942=VERTEX_POINT('',#3187);
#943=VERTEX_POINT('',#3191);
#944=VERTEX_POINT('',#3192);
#945=VERTEX_POINT('',#3194);
#946=VERTEX_POINT('',#3196);
#947=VERTEX_POINT('',#3200);
#948=VERTEX_POINT('',#3202);
#949=VERTEX_POINT('',#3206);
#950=VERTEX_POINT('',#3207);
#951=VERTEX_POINT('',#3209);
#952=VERTEX_POINT('',#3211);
#953=VERTEX_POINT('',#3215);
#954=VERTEX_POINT('',#3217);
#955=VERTEX_POINT('',#3221);
#956=VERTEX_POINT('',#3223);
#957=VERTEX_POINT('',#3227);
#958=VERTEX_POINT('',#3229);
#959=VERTEX_POINT('',#3235);
#960=VERTEX_POINT('',#3237);
#961=VERTEX_POINT('',#3239);
#962=VERTEX_POINT('',#3241);
#963=VERTEX_POINT('',#3243);
#964=VERTEX_POINT('',#3245);
#965=VERTEX_POINT('',#3247);
#966=VERTEX_POINT('',#3249);
#967=VERTEX_POINT('',#3252);
#968=VERTEX_POINT('',#3262);
#969=VERTEX_POINT('',#3264);
#970=VERTEX_POINT('',#3277);
#971=VERTEX_POINT('',#3279);
#972=VERTEX_POINT('',#3283);
#973=VERTEX_POINT('',#3284);
#974=VERTEX_POINT('',#3286);
#975=VERTEX_POINT('',#3288);
#976=VERTEX_POINT('',#3291);
#977=VERTEX_POINT('',#3296);
#978=VERTEX_POINT('',#3308);
#979=VERTEX_POINT('',#3313);
#980=VERTEX_POINT('',#3314);
#981=VERTEX_POINT('',#3316);
#982=VERTEX_POINT('',#3318);
#983=VERTEX_POINT('',#3322);
#984=VERTEX_POINT('',#3323);
#985=VERTEX_POINT('',#3325);
#986=VERTEX_POINT('',#3327);
#987=VERTEX_POINT('',#3331);
#988=VERTEX_POINT('',#3334);
#989=VERTEX_POINT('',#3338);
#990=VERTEX_POINT('',#3340);
#991=VERTEX_POINT('',#3342);
#992=VERTEX_POINT('',#3344);
#993=VERTEX_POINT('',#3346);
#994=VERTEX_POINT('',#3348);
#995=VERTEX_POINT('',#3350);
#996=VERTEX_POINT('',#3353);
#997=VERTEX_POINT('',#3355);
#998=VERTEX_POINT('',#3357);
#999=VERTEX_POINT('',#3359);
#1000=VERTEX_POINT('',#3361);
#1001=VERTEX_POINT('',#3365);
#1002=VERTEX_POINT('',#3366);
#1003=VERTEX_POINT('',#3368);
#1004=VERTEX_POINT('',#3370);
#1005=VERTEX_POINT('',#3372);
#1006=VERTEX_POINT('',#3374);
#1007=VERTEX_POINT('',#3376);
#1008=VERTEX_POINT('',#3378);
#1009=VERTEX_POINT('',#3380);
#1010=VERTEX_POINT('',#3382);
#1011=VERTEX_POINT('',#3384);
#1012=VERTEX_POINT('',#3386);
#1013=VERTEX_POINT('',#3389);
#1014=VERTEX_POINT('',#3390);
#1015=VERTEX_POINT('',#3392);
#1016=VERTEX_POINT('',#3394);
#1017=VERTEX_POINT('',#3396);
#1018=VERTEX_POINT('',#3398);
#1019=VERTEX_POINT('',#3400);
#1020=VERTEX_POINT('',#3402);
#1021=VERTEX_POINT('',#3405);
#1022=VERTEX_POINT('',#3407);
#1023=VERTEX_POINT('',#3409);
#1024=VERTEX_POINT('',#3411);
#1025=VERTEX_POINT('',#3414);
#1026=VERTEX_POINT('',#3415);
#1027=VERTEX_POINT('',#3420);
#1028=VERTEX_POINT('',#3421);
#1029=VERTEX_POINT('',#3426);
#1030=VERTEX_POINT('',#3430);
#1031=VERTEX_POINT('',#3434);
#1032=VERTEX_POINT('',#3438);
#1033=VERTEX_POINT('',#3442);
#1034=VERTEX_POINT('',#3444);
#1035=VERTEX_POINT('',#3446);
#1036=VERTEX_POINT('',#3449);
#1037=VERTEX_POINT('',#3451);
#1038=VERTEX_POINT('',#3453);
#1039=VERTEX_POINT('',#3455);
#1040=VERTEX_POINT('',#3457);
#1041=VERTEX_POINT('',#3460);
#1042=VERTEX_POINT('',#3464);
#1043=VERTEX_POINT('',#3468);
#1044=VERTEX_POINT('',#3472);
#1045=VERTEX_POINT('',#3475);
#1046=VERTEX_POINT('',#3477);
#1047=VERTEX_POINT('',#3479);
#1048=VERTEX_POINT('',#3482);
#1049=VERTEX_POINT('',#3484);
#1050=VERTEX_POINT('',#3486);
#1051=VERTEX_POINT('',#3503);
#1052=VERTEX_POINT('',#3505);
#1053=VERTEX_POINT('',#3509);
#1054=VERTEX_POINT('',#3510);
#1055=VERTEX_POINT('',#3512);
#1056=VERTEX_POINT('',#3514);
#1057=VERTEX_POINT('',#3518);
#1058=VERTEX_POINT('',#3520);
#1059=VERTEX_POINT('',#3522);
#1060=VERTEX_POINT('',#3524);
#1061=VERTEX_POINT('',#3526);
#1062=VERTEX_POINT('',#3528);
#1063=VERTEX_POINT('',#3530);
#1064=VERTEX_POINT('',#3532);
#1065=VERTEX_POINT('',#3536);
#1066=VERTEX_POINT('',#3540);
#1067=VERTEX_POINT('',#3542);
#1068=VERTEX_POINT('',#3546);
#1069=VERTEX_POINT('',#3550);
#1070=VERTEX_POINT('',#3554);
#1071=VERTEX_POINT('',#3558);
#1072=VERTEX_POINT('',#3564);
#1073=VERTEX_POINT('',#3565);
#1074=VERTEX_POINT('',#3567);
#1075=VERTEX_POINT('',#3569);
#1076=VERTEX_POINT('',#3573);
#1077=VERTEX_POINT('',#3574);
#1078=VERTEX_POINT('',#3576);
#1079=VERTEX_POINT('',#3578);
#1080=VERTEX_POINT('',#3582);
#1081=VERTEX_POINT('',#3584);
#1082=VERTEX_POINT('',#3588);
#1083=VERTEX_POINT('',#3597);
#1084=VERTEX_POINT('',#3598);
#1085=VERTEX_POINT('',#3600);
#1086=VERTEX_POINT('',#3602);
#1087=VERTEX_POINT('',#3616);
#1088=VERTEX_POINT('',#3618);
#1089=VERTEX_POINT('',#3622);
#1090=VERTEX_POINT('',#3632);
#1091=VERTEX_POINT('',#3634);
#1092=VERTEX_POINT('',#3638);
#1093=VERTEX_POINT('',#3642);
#1094=VERTEX_POINT('',#3647);
#1095=VERTEX_POINT('',#3650);
#1096=VERTEX_POINT('',#3654);
#1097=VERTEX_POINT('',#3655);
#1098=VERTEX_POINT('',#3660);
#1099=VERTEX_POINT('',#3662);
#1100=VERTEX_POINT('',#3688);
#1101=VERTEX_POINT('',#3689);
#1102=VERTEX_POINT('',#3693);
#1103=VERTEX_POINT('',#3694);
#1104=VERTEX_POINT('',#3698);
#1105=VERTEX_POINT('',#3700);
#1106=VERTEX_POINT('',#3713);
#1107=VERTEX_POINT('',#3716);
#1108=VERTEX_POINT('',#3717);
#1109=VERTEX_POINT('',#3719);
#1110=VERTEX_POINT('',#3723);
#1111=EDGE_CURVE('',#901,#902,#823,.T.);
#1112=EDGE_CURVE('',#902,#903,#397,.T.);
#1113=EDGE_CURVE('',#903,#904,#824,.T.);
#1114=EDGE_CURVE('',#904,#901,#398,.T.);
#1115=EDGE_CURVE('',#905,#904,#399,.T.);
#1116=EDGE_CURVE('',#906,#905,#400,.T.);
#1117=EDGE_CURVE('',#906,#901,#401,.T.);
#1118=EDGE_CURVE('',#907,#903,#402,.T.);
#1119=EDGE_CURVE('',#908,#907,#825,.T.);
#1120=EDGE_CURVE('',#909,#908,#403,.T.);
#1121=EDGE_CURVE('',#910,#909,#404,.T.);
#1122=EDGE_CURVE('',#910,#911,#405,.T.);
#1123=EDGE_CURVE('',#912,#911,#406,.T.);
#1124=EDGE_CURVE('',#913,#912,#407,.T.);
#1125=EDGE_CURVE('',#905,#913,#408,.T.);
#1126=EDGE_CURVE('',#907,#914,#409,.T.);
#1127=EDGE_CURVE('',#914,#915,#826,.T.);
#1128=EDGE_CURVE('',#915,#908,#410,.T.);
#1129=EDGE_CURVE('',#916,#915,#411,.T.);
#1130=EDGE_CURVE('',#909,#916,#412,.T.);
#1131=EDGE_CURVE('',#902,#914,#413,.T.);
#1132=EDGE_CURVE('',#917,#911,#414,.T.);
#1133=EDGE_CURVE('',#918,#917,#415,.T.);
#1134=EDGE_CURVE('',#912,#918,#416,.T.);
#1135=EDGE_CURVE('',#919,#918,#417,.T.);
#1136=EDGE_CURVE('',#913,#919,#418,.T.);
#1137=EDGE_CURVE('',#920,#910,#419,.T.);
#1138=EDGE_CURVE('',#920,#917,#420,.T.);
#1139=EDGE_CURVE('',#919,#906,#421,.T.);
#1140=EDGE_CURVE('',#916,#920,#422,.T.);
#1141=EDGE_CURVE('',#921,#921,#827,.T.);
#1142=EDGE_CURVE('',#921,#922,#423,.T.);
#1143=EDGE_CURVE('',#922,#922,#828,.T.);
#1144=EDGE_CURVE('',#923,#924,#829,.T.);
#1145=EDGE_CURVE('',#924,#925,#830,.T.);
#1146=EDGE_CURVE('',#926,#925,#53,.T.);
#1147=EDGE_CURVE('',#926,#927,#831,.T.);
#1148=EDGE_CURVE('',#927,#928,#832,.T.);
#1149=EDGE_CURVE('',#929,#928,#54,.T.);
#1150=EDGE_CURVE('',#929,#930,#833,.T.);
#1151=EDGE_CURVE('',#931,#930,#55,.T.);
#1152=EDGE_CURVE('',#931,#932,#834,.T.);
#1153=EDGE_CURVE('',#923,#932,#56,.T.);
#1154=EDGE_CURVE('',#933,#933,#835,.T.);
#1155=EDGE_CURVE('',#934,#934,#836,.T.);
#1156=EDGE_CURVE('',#935,#935,#837,.T.);
#1157=EDGE_CURVE('',#936,#936,#838,.T.);
#1158=EDGE_CURVE('',#937,#937,#839,.T.);
#1159=EDGE_CURVE('',#938,#938,#840,.T.);
#1160=EDGE_CURVE('',#930,#939,#424,.T.);
#1161=EDGE_CURVE('',#940,#939,#57,.T.);
#1162=EDGE_CURVE('',#940,#931,#425,.T.);
#1163=EDGE_CURVE('',#928,#941,#426,.T.);
#1164=EDGE_CURVE('',#942,#941,#58,.T.);
#1165=EDGE_CURVE('',#942,#929,#427,.T.);
#1166=EDGE_CURVE('',#943,#944,#428,.T.);
#1167=EDGE_CURVE('',#943,#945,#429,.T.);
#1168=EDGE_CURVE('',#945,#946,#430,.T.);
#1169=EDGE_CURVE('',#944,#946,#431,.T.);
#1170=EDGE_CURVE('',#947,#943,#432,.T.);
#1171=EDGE_CURVE('',#948,#947,#433,.T.);
#1172=EDGE_CURVE('',#948,#945,#434,.T.);
#1173=EDGE_CURVE('',#949,#950,#435,.T.);
#1174=EDGE_CURVE('',#949,#951,#436,.T.);
#1175=EDGE_CURVE('',#951,#952,#437,.T.);
#1176=EDGE_CURVE('',#950,#952,#438,.T.);
#1177=EDGE_CURVE('',#953,#949,#439,.T.);
#1178=EDGE_CURVE('',#953,#954,#440,.T.);
#1179=EDGE_CURVE('',#954,#951,#441,.T.);
#1180=EDGE_CURVE('',#955,#953,#442,.T.);
#1181=EDGE_CURVE('',#956,#955,#443,.T.);
#1182=EDGE_CURVE('',#956,#954,#444,.T.);
#1183=EDGE_CURVE('',#944,#957,#445,.T.);
#1184=EDGE_CURVE('',#946,#958,#446,.T.);
#1185=EDGE_CURVE('',#957,#958,#447,.T.);
#1186=EDGE_CURVE('',#952,#948,#841,.T.);
#1187=EDGE_CURVE('',#958,#956,#842,.T.);
#1188=EDGE_CURVE('',#959,#959,#843,.T.);
#1189=EDGE_CURVE('',#960,#960,#844,.T.);
#1190=EDGE_CURVE('',#961,#961,#845,.T.);
#1191=EDGE_CURVE('',#962,#962,#846,.T.);
#1192=EDGE_CURVE('',#963,#963,#847,.T.);
#1193=EDGE_CURVE('',#964,#964,#848,.T.);
#1194=EDGE_CURVE('',#965,#965,#849,.T.);
#1195=EDGE_CURVE('',#966,#966,#850,.T.);
#1196=EDGE_CURVE('',#967,#955,#851,.T.);
#1197=EDGE_CURVE('',#967,#937,#448,.T.);
#1198=EDGE_CURVE('',#957,#967,#852,.T.);
#1199=EDGE_CURVE('',#925,#968,#449,.T.);
#1200=EDGE_CURVE('',#969,#968,#59,.T.);
#1201=EDGE_CURVE('',#969,#926,#450,.T.);
#1202=EDGE_CURVE('',#932,#970,#451,.T.);
#1203=EDGE_CURVE('',#971,#970,#60,.T.);
#1204=EDGE_CURVE('',#971,#923,#452,.T.);
#1205=EDGE_CURVE('',#972,#973,#453,.T.);
#1206=EDGE_CURVE('',#972,#974,#454,.T.);
#1207=EDGE_CURVE('',#974,#975,#853,.T.);
#1208=EDGE_CURVE('',#975,#973,#455,.T.);
#1209=EDGE_CURVE('',#939,#976,#854,.T.);
#1210=EDGE_CURVE('',#976,#942,#855,.T.);
#1211=EDGE_CURVE('',#941,#969,#856,.T.);
#1212=EDGE_CURVE('',#968,#971,#857,.T.);
#1213=EDGE_CURVE('',#970,#977,#858,.T.);
#1214=EDGE_CURVE('',#977,#940,#859,.T.);
#1215=EDGE_CURVE('',#966,#934,#456,.T.);
#1216=EDGE_CURVE('',#961,#936,#457,.T.);
#1217=EDGE_CURVE('',#959,#935,#458,.T.);
#1218=EDGE_CURVE('',#963,#938,#459,.T.);
#1219=EDGE_CURVE('',#978,#947,#860,.T.);
#1220=EDGE_CURVE('',#978,#933,#460,.T.);
#1221=EDGE_CURVE('',#950,#978,#861,.T.);
#1222=EDGE_CURVE('',#979,#980,#461,.T.);
#1223=EDGE_CURVE('',#981,#979,#862,.T.);
#1224=EDGE_CURVE('',#981,#982,#863,.T.);
#1225=EDGE_CURVE('',#980,#982,#864,.T.);
#1226=EDGE_CURVE('',#983,#984,#462,.T.);
#1227=EDGE_CURVE('',#984,#985,#463,.T.);
#1228=EDGE_CURVE('',#986,#985,#464,.T.);
#1229=EDGE_CURVE('',#983,#986,#465,.T.);
#1230=EDGE_CURVE('',#985,#987,#466,.T.);
#1231=EDGE_CURVE('',#987,#981,#467,.T.);
#1232=EDGE_CURVE('',#982,#988,#468,.T.);
#1233=EDGE_CURVE('',#988,#986,#469,.T.);
#1234=EDGE_CURVE('',#989,#982,#470,.T.);
#1235=EDGE_CURVE('',#981,#990,#471,.T.);
#1236=EDGE_CURVE('',#990,#991,#61,.T.);
#1237=EDGE_CURVE('',#991,#992,#472,.T.);
#1238=EDGE_CURVE('',#992,#993,#62,.T.);
#1239=EDGE_CURVE('',#993,#994,#473,.T.);
#1240=EDGE_CURVE('',#994,#995,#865,.T.);
#1241=EDGE_CURVE('',#995,#975,#474,.T.);
#1242=EDGE_CURVE('',#974,#996,#475,.T.);
#1243=EDGE_CURVE('',#996,#997,#866,.T.);
#1244=EDGE_CURVE('',#997,#998,#476,.T.);
#1245=EDGE_CURVE('',#998,#999,#63,.T.);
#1246=EDGE_CURVE('',#999,#1000,#477,.T.);
#1247=EDGE_CURVE('',#1000,#989,#64,.T.);
#1248=EDGE_CURVE('',#1001,#1002,#478,.T.);
#1249=EDGE_CURVE('',#1003,#1001,#479,.T.);
#1250=EDGE_CURVE('',#1004,#1003,#480,.T.);
#1251=EDGE_CURVE('',#1004,#1005,#481,.T.);
#1252=EDGE_CURVE('',#1005,#1006,#867,.T.);
#1253=EDGE_CURVE('',#1006,#1007,#482,.T.);
#1254=EDGE_CURVE('',#1007,#1008,#868,.T.);
#1255=EDGE_CURVE('',#1008,#1009,#483,.T.);
#1256=EDGE_CURVE('',#1009,#1010,#869,.T.);
#1257=EDGE_CURVE('',#1010,#1011,#484,.T.);
#1258=EDGE_CURVE('',#1011,#1012,#870,.T.);
#1259=EDGE_CURVE('',#1012,#1002,#485,.T.);
#1260=EDGE_CURVE('',#1013,#1014,#486,.T.);
#1261=EDGE_CURVE('',#1014,#1015,#487,.T.);
#1262=EDGE_CURVE('',#1015,#1016,#488,.T.);
#1263=EDGE_CURVE('',#1016,#1017,#489,.T.);
#1264=EDGE_CURVE('',#1017,#1018,#490,.T.);
#1265=EDGE_CURVE('',#1018,#1019,#491,.T.);
#1266=EDGE_CURVE('',#1019,#1020,#871,.T.);
#1267=EDGE_CURVE('',#1020,#1013,#492,.T.);
#1268=EDGE_CURVE('',#1021,#1021,#872,.T.);
#1269=EDGE_CURVE('',#1022,#1022,#873,.T.);
#1270=EDGE_CURVE('',#1023,#1023,#874,.T.);
#1271=EDGE_CURVE('',#1024,#1024,#875,.T.);
#1272=EDGE_CURVE('',#1025,#1026,#493,.T.);
#1273=EDGE_CURVE('',#1025,#1013,#494,.T.);
#1274=EDGE_CURVE('',#1026,#1020,#495,.T.);
#1275=EDGE_CURVE('',#1027,#1028,#496,.T.);
#1276=EDGE_CURVE('',#1027,#1019,#497,.T.);
#1277=EDGE_CURVE('',#1028,#1018,#498,.T.);
#1278=EDGE_CURVE('',#1028,#1029,#499,.T.);
#1279=EDGE_CURVE('',#1029,#1017,#500,.T.);
#1280=EDGE_CURVE('',#1029,#1030,#501,.T.);
#1281=EDGE_CURVE('',#1030,#1016,#502,.T.);
#1282=EDGE_CURVE('',#1030,#1031,#503,.T.);
#1283=EDGE_CURVE('',#1031,#1015,#504,.T.);
#1284=EDGE_CURVE('',#1032,#1025,#505,.T.);
#1285=EDGE_CURVE('',#1032,#1014,#506,.T.);
#1286=EDGE_CURVE('',#972,#1033,#507,.T.);
#1287=EDGE_CURVE('',#1033,#1034,#876,.T.);
#1288=EDGE_CURVE('',#1034,#1035,#508,.T.);
#1289=EDGE_CURVE('',#1004,#1035,#509,.T.);
#1290=EDGE_CURVE('',#1003,#1036,#510,.T.);
#1291=EDGE_CURVE('',#1036,#1037,#511,.T.);
#1292=EDGE_CURVE('',#1038,#1037,#877,.T.);
#1293=EDGE_CURVE('',#1038,#1039,#512,.T.);
#1294=EDGE_CURVE('',#1039,#1040,#513,.T.);
#1295=EDGE_CURVE('',#1040,#983,#514,.T.);
#1296=EDGE_CURVE('',#1041,#988,#515,.T.);
#1297=EDGE_CURVE('',#1041,#996,#516,.T.);
#1298=EDGE_CURVE('',#1042,#1001,#517,.T.);
#1299=EDGE_CURVE('',#1036,#1042,#518,.T.);
#1300=EDGE_CURVE('',#1043,#1042,#519,.T.);
#1301=EDGE_CURVE('',#1037,#1043,#520,.T.);
#1302=EDGE_CURVE('',#1044,#995,#521,.T.);
#1303=EDGE_CURVE('',#987,#1044,#522,.T.);
#1304=EDGE_CURVE('',#984,#1045,#523,.T.);
#1305=EDGE_CURVE('',#1045,#1046,#524,.T.);
#1306=EDGE_CURVE('',#1046,#1047,#525,.T.);
#1307=EDGE_CURVE('',#1047,#1043,#878,.T.);
#1308=EDGE_CURVE('',#1002,#1048,#526,.T.);
#1309=EDGE_CURVE('',#1048,#1049,#527,.T.);
#1310=EDGE_CURVE('',#1049,#1050,#879,.T.);
#1311=EDGE_CURVE('',#1050,#973,#528,.T.);
#1312=EDGE_CURVE('',#1039,#1046,#529,.T.);
#1313=EDGE_CURVE('',#1040,#1045,#530,.T.);
#1314=EDGE_CURVE('',#1033,#1050,#531,.T.);
#1315=EDGE_CURVE('',#1034,#1049,#532,.T.);
#1316=EDGE_CURVE('',#1035,#1048,#533,.T.);
#1317=EDGE_CURVE('',#1038,#1047,#534,.T.);
#1318=EDGE_CURVE('',#1051,#1012,#535,.T.);
#1319=EDGE_CURVE('',#1052,#1051,#536,.T.);
#1320=EDGE_CURVE('',#1005,#1052,#537,.T.);
#1321=EDGE_CURVE('',#1053,#1054,#880,.T.);
#1322=EDGE_CURVE('',#1054,#1055,#538,.T.);
#1323=EDGE_CURVE('',#1055,#1056,#881,.F.);
#1324=EDGE_CURVE('',#1056,#1053,#539,.T.);
#1325=EDGE_CURVE('',#1053,#1057,#540,.T.);
#1326=EDGE_CURVE('',#1058,#1057,#882,.T.);
#1327=EDGE_CURVE('',#1058,#1059,#541,.T.);
#1328=EDGE_CURVE('',#1060,#1059,#883,.T.);
#1329=EDGE_CURVE('',#1060,#1061,#542,.T.);
#1330=EDGE_CURVE('',#1062,#1061,#884,.T.);
#1331=EDGE_CURVE('',#1062,#1063,#543,.T.);
#1332=EDGE_CURVE('',#1063,#1064,#885,.T.);
#1333=EDGE_CURVE('',#1064,#1054,#544,.T.);
#1334=EDGE_CURVE('',#1065,#1056,#545,.T.);
#1335=EDGE_CURVE('',#1057,#1065,#546,.T.);
#1336=EDGE_CURVE('',#1061,#1066,#547,.T.);
#1337=EDGE_CURVE('',#1066,#1067,#886,.F.);
#1338=EDGE_CURVE('',#1067,#1062,#548,.T.);
#1339=EDGE_CURVE('',#1068,#1067,#549,.T.);
#1340=EDGE_CURVE('',#1068,#1063,#550,.T.);
#1341=EDGE_CURVE('',#1065,#1069,#887,.F.);
#1342=EDGE_CURVE('',#1069,#1058,#551,.T.);
#1343=EDGE_CURVE('',#1070,#1069,#552,.T.);
#1344=EDGE_CURVE('',#1059,#1070,#553,.T.);
#1345=EDGE_CURVE('',#1070,#1071,#888,.F.);
#1346=EDGE_CURVE('',#1071,#1060,#554,.T.);
#1347=EDGE_CURVE('',#1066,#1071,#555,.T.);
#1348=EDGE_CURVE('',#1072,#1073,#556,.T.);
#1349=EDGE_CURVE('',#1073,#1074,#557,.T.);
#1350=EDGE_CURVE('',#1075,#1074,#558,.F.);
#1351=EDGE_CURVE('',#1072,#1075,#559,.T.);
#1352=EDGE_CURVE('',#1076,#1077,#560,.T.);
#1353=EDGE_CURVE('',#1078,#1076,#561,.T.);
#1354=EDGE_CURVE('',#1079,#1078,#562,.T.);
#1355=EDGE_CURVE('',#1079,#1077,#563,.T.);
#1356=EDGE_CURVE('',#1080,#1006,#564,.T.);
#1357=EDGE_CURVE('',#1081,#1080,#565,.T.);
#1358=EDGE_CURVE('',#1007,#1081,#566,.T.);
#1359=EDGE_CURVE('',#1081,#1082,#889,.T.);
#1360=EDGE_CURVE('',#1082,#1008,#567,.T.);
#1361=EDGE_CURVE('',#1073,#1025,#65,.F.);
#1362=EDGE_CURVE('',#1032,#1072,#568,.T.);
#1363=EDGE_CURVE('',#1075,#1031,#890,.T.);
#1364=EDGE_CURVE('',#1083,#1084,#569,.T.);
#1365=EDGE_CURVE('',#1085,#1083,#570,.T.);
#1366=EDGE_CURVE('',#1086,#1085,#571,.T.);
#1367=EDGE_CURVE('',#1086,#1084,#572,.T.);
#1368=EDGE_CURVE('',#1084,#1076,#573,.T.);
#1369=EDGE_CURVE('',#1078,#1086,#574,.T.);
#1370=EDGE_CURVE('',#1083,#1074,#66,.F.);
#1371=EDGE_CURVE('',#1030,#1084,#67,.T.);
#1372=EDGE_CURVE('',#1029,#1076,#68,.T.);
#1373=EDGE_CURVE('',#1028,#1077,#69,.F.);
#1374=EDGE_CURVE('',#1009,#1087,#575,.T.);
#1375=EDGE_CURVE('',#1088,#1087,#891,.T.);
#1376=EDGE_CURVE('',#1088,#1010,#576,.T.);
#1377=EDGE_CURVE('',#1089,#1088,#577,.T.);
#1378=EDGE_CURVE('',#1011,#1089,#578,.T.);
#1379=EDGE_CURVE('',#1051,#1089,#892,.T.);
#1380=EDGE_CURVE('',#1080,#1052,#893,.T.);
#1381=EDGE_CURVE('',#1087,#1082,#579,.T.);
#1382=EDGE_CURVE('',#1077,#1090,#580,.T.);
#1383=EDGE_CURVE('',#1091,#1079,#581,.T.);
#1384=EDGE_CURVE('',#1090,#1091,#582,.T.);
#1385=EDGE_CURVE('',#1092,#1092,#894,.T.);
#1386=EDGE_CURVE('',#1092,#1023,#583,.T.);
#1387=EDGE_CURVE('',#1093,#1093,#895,.T.);
#1388=EDGE_CURVE('',#1093,#1024,#584,.T.);
#1389=EDGE_CURVE('',#1094,#1094,#896,.T.);
#1390=EDGE_CURVE('',#1095,#1095,#897,.T.);
#1391=EDGE_CURVE('',#1096,#1097,#585,.T.);
#1392=EDGE_CURVE('',#1085,#1097,#586,.T.);
#1393=EDGE_CURVE('',#1096,#1083,#587,.T.);
#1394=EDGE_CURVE('',#1091,#1098,#898,.T.);
#1395=EDGE_CURVE('',#1097,#1099,#899,.T.);
#1396=EDGE_CURVE('',#1099,#1098,#588,.T.);
#1397=EDGE_CURVE('',#1026,#1096,#19,.T.);
#1398=EDGE_CURVE('',#1090,#1027,#20,.T.);
#1399=EDGE_CURVE('',#1100,#1101,#70,.T.);
#1400=EDGE_CURVE('',#1099,#1101,#589,.T.);
#1401=EDGE_CURVE('',#1098,#1100,#590,.T.);
#1402=EDGE_CURVE('',#1102,#1103,#15,.T.);
#1403=EDGE_CURVE('',#1103,#1104,#71,.T.);
#1404=EDGE_CURVE('',#1104,#1105,#16,.T.);
#1405=EDGE_CURVE('',#1105,#1102,#72,.T.);
#1406=EDGE_CURVE('',#1094,#1021,#591,.T.);
#1407=EDGE_CURVE('',#1095,#1022,#592,.T.);
#1408=EDGE_CURVE('',#1101,#1100,#593,.T.);
#1409=EDGE_CURVE('',#1106,#1068,#900,.T.);
#1410=EDGE_CURVE('',#1064,#1106,#594,.T.);
#1411=EDGE_CURVE('',#1107,#1108,#73,.T.);
#1412=EDGE_CURVE('',#1108,#1109,#17,.T.);
#1413=EDGE_CURVE('',#1109,#1110,#74,.T.);
#1414=EDGE_CURVE('',#1110,#1107,#18,.T.);
#1415=EDGE_CURVE('',#1055,#1106,#595,.T.);
#1416=EDGE_CURVE('',#1109,#1102,#596,.T.);
#1417=EDGE_CURVE('',#1110,#1105,#597,.T.);
#1418=EDGE_CURVE('',#1108,#1103,#598,.T.);
#1419=EDGE_CURVE('',#1107,#1104,#599,.T.);
#1420=EDGE_CURVE('',#962,#976,#600,.T.);
#1421=EDGE_CURVE('',#964,#924,#601,.T.);
#1422=EDGE_CURVE('',#960,#927,#602,.T.);
#1423=EDGE_CURVE('',#965,#977,#603,.T.);
#1424=EDGE_CURVE('',#1044,#994,#604,.T.);
#1425=EDGE_CURVE('',#997,#1041,#605,.T.);
#1426=EDGE_CURVE('',#989,#990,#606,.T.);
#1427=EDGE_CURVE('',#998,#993,#607,.T.);
#1428=EDGE_CURVE('',#999,#992,#608,.T.);
#1429=EDGE_CURVE('',#1000,#991,#609,.T.);
#1430=ORIENTED_EDGE('',*,*,#1111,.T.);
#1431=ORIENTED_EDGE('',*,*,#1112,.T.);
#1432=ORIENTED_EDGE('',*,*,#1113,.T.);
#1433=ORIENTED_EDGE('',*,*,#1114,.T.);
#1434=ORIENTED_EDGE('',*,*,#1114,.F.);
#1435=ORIENTED_EDGE('',*,*,#1115,.F.);
#1436=ORIENTED_EDGE('',*,*,#1116,.F.);
#1437=ORIENTED_EDGE('',*,*,#1117,.T.);
#1438=ORIENTED_EDGE('',*,*,#1113,.F.);
#1439=ORIENTED_EDGE('',*,*,#1118,.F.);
#1440=ORIENTED_EDGE('',*,*,#1119,.F.);
#1441=ORIENTED_EDGE('',*,*,#1120,.F.);
#1442=ORIENTED_EDGE('',*,*,#1121,.F.);
#1443=ORIENTED_EDGE('',*,*,#1122,.T.);
#1444=ORIENTED_EDGE('',*,*,#1123,.F.);
#1445=ORIENTED_EDGE('',*,*,#1124,.F.);
#1446=ORIENTED_EDGE('',*,*,#1125,.F.);
#1447=ORIENTED_EDGE('',*,*,#1115,.T.);
#1448=ORIENTED_EDGE('',*,*,#1119,.T.);
#1449=ORIENTED_EDGE('',*,*,#1126,.T.);
#1450=ORIENTED_EDGE('',*,*,#1127,.T.);
#1451=ORIENTED_EDGE('',*,*,#1128,.T.);
#1452=ORIENTED_EDGE('',*,*,#1128,.F.);
#1453=ORIENTED_EDGE('',*,*,#1129,.F.);
#1454=ORIENTED_EDGE('',*,*,#1130,.F.);
#1455=ORIENTED_EDGE('',*,*,#1120,.T.);
#1456=ORIENTED_EDGE('',*,*,#1112,.F.);
#1457=ORIENTED_EDGE('',*,*,#1131,.T.);
#1458=ORIENTED_EDGE('',*,*,#1126,.F.);
#1459=ORIENTED_EDGE('',*,*,#1118,.T.);
#1460=ORIENTED_EDGE('',*,*,#1132,.F.);
#1461=ORIENTED_EDGE('',*,*,#1133,.F.);
#1462=ORIENTED_EDGE('',*,*,#1134,.F.);
#1463=ORIENTED_EDGE('',*,*,#1123,.T.);
#1464=ORIENTED_EDGE('',*,*,#1134,.T.);
#1465=ORIENTED_EDGE('',*,*,#1135,.F.);
#1466=ORIENTED_EDGE('',*,*,#1136,.F.);
#1467=ORIENTED_EDGE('',*,*,#1124,.T.);
#1468=ORIENTED_EDGE('',*,*,#1132,.T.);
#1469=ORIENTED_EDGE('',*,*,#1122,.F.);
#1470=ORIENTED_EDGE('',*,*,#1137,.F.);
#1471=ORIENTED_EDGE('',*,*,#1138,.T.);
#1472=ORIENTED_EDGE('',*,*,#1111,.F.);
#1473=ORIENTED_EDGE('',*,*,#1117,.F.);
#1474=ORIENTED_EDGE('',*,*,#1139,.F.);
#1475=ORIENTED_EDGE('',*,*,#1135,.T.);
#1476=ORIENTED_EDGE('',*,*,#1133,.T.);
#1477=ORIENTED_EDGE('',*,*,#1138,.F.);
#1478=ORIENTED_EDGE('',*,*,#1140,.F.);
#1479=ORIENTED_EDGE('',*,*,#1129,.T.);
#1480=ORIENTED_EDGE('',*,*,#1127,.F.);
#1481=ORIENTED_EDGE('',*,*,#1131,.F.);
#1482=ORIENTED_EDGE('',*,*,#1141,.F.);
#1483=ORIENTED_EDGE('',*,*,#1142,.T.);
#1484=ORIENTED_EDGE('',*,*,#1143,.F.);
#1485=ORIENTED_EDGE('',*,*,#1142,.F.);
#1486=ORIENTED_EDGE('',*,*,#1144,.T.);
#1487=ORIENTED_EDGE('',*,*,#1145,.T.);
#1488=ORIENTED_EDGE('',*,*,#1146,.F.);
#1489=ORIENTED_EDGE('',*,*,#1147,.T.);
#1490=ORIENTED_EDGE('',*,*,#1148,.T.);
#1491=ORIENTED_EDGE('',*,*,#1149,.F.);
#1492=ORIENTED_EDGE('',*,*,#1150,.T.);
#1493=ORIENTED_EDGE('',*,*,#1151,.F.);
#1494=ORIENTED_EDGE('',*,*,#1152,.T.);
#1495=ORIENTED_EDGE('',*,*,#1153,.F.);
#1496=ORIENTED_EDGE('',*,*,#1141,.T.);
#1497=ORIENTED_EDGE('',*,*,#1154,.T.);
#1498=ORIENTED_EDGE('',*,*,#1155,.T.);
#1499=ORIENTED_EDGE('',*,*,#1156,.T.);
#1500=ORIENTED_EDGE('',*,*,#1157,.T.);
#1501=ORIENTED_EDGE('',*,*,#1158,.T.);
#1502=ORIENTED_EDGE('',*,*,#1159,.T.);
#1503=ORIENTED_EDGE('',*,*,#1151,.T.);
#1504=ORIENTED_EDGE('',*,*,#1160,.T.);
#1505=ORIENTED_EDGE('',*,*,#1161,.F.);
#1506=ORIENTED_EDGE('',*,*,#1162,.T.);
#1507=ORIENTED_EDGE('',*,*,#1149,.T.);
#1508=ORIENTED_EDGE('',*,*,#1163,.T.);
#1509=ORIENTED_EDGE('',*,*,#1164,.F.);
#1510=ORIENTED_EDGE('',*,*,#1165,.T.);
#1511=ORIENTED_EDGE('',*,*,#1166,.F.);
#1512=ORIENTED_EDGE('',*,*,#1167,.T.);
#1513=ORIENTED_EDGE('',*,*,#1168,.T.);
#1514=ORIENTED_EDGE('',*,*,#1169,.F.);
#1515=ORIENTED_EDGE('',*,*,#1170,.F.);
#1516=ORIENTED_EDGE('',*,*,#1171,.F.);
#1517=ORIENTED_EDGE('',*,*,#1172,.T.);
#1518=ORIENTED_EDGE('',*,*,#1167,.F.);
#1519=ORIENTED_EDGE('',*,*,#1173,.F.);
#1520=ORIENTED_EDGE('',*,*,#1174,.T.);
#1521=ORIENTED_EDGE('',*,*,#1175,.T.);
#1522=ORIENTED_EDGE('',*,*,#1176,.F.);
#1523=ORIENTED_EDGE('',*,*,#1177,.F.);
#1524=ORIENTED_EDGE('',*,*,#1178,.T.);
#1525=ORIENTED_EDGE('',*,*,#1179,.T.);
#1526=ORIENTED_EDGE('',*,*,#1174,.F.);
#1527=ORIENTED_EDGE('',*,*,#1180,.F.);
#1528=ORIENTED_EDGE('',*,*,#1181,.F.);
#1529=ORIENTED_EDGE('',*,*,#1182,.T.);
#1530=ORIENTED_EDGE('',*,*,#1178,.F.);
#1531=ORIENTED_EDGE('',*,*,#1183,.F.);
#1532=ORIENTED_EDGE('',*,*,#1169,.T.);
#1533=ORIENTED_EDGE('',*,*,#1184,.T.);
#1534=ORIENTED_EDGE('',*,*,#1185,.F.);
#1535=ORIENTED_EDGE('',*,*,#1184,.F.);
#1536=ORIENTED_EDGE('',*,*,#1168,.F.);
#1537=ORIENTED_EDGE('',*,*,#1172,.F.);
#1538=ORIENTED_EDGE('',*,*,#1186,.F.);
#1539=ORIENTED_EDGE('',*,*,#1175,.F.);
#1540=ORIENTED_EDGE('',*,*,#1179,.F.);
#1541=ORIENTED_EDGE('',*,*,#1182,.F.);
#1542=ORIENTED_EDGE('',*,*,#1187,.F.);
#1543=ORIENTED_EDGE('',*,*,#1143,.T.);
#1544=ORIENTED_EDGE('',*,*,#1188,.F.);
#1545=ORIENTED_EDGE('',*,*,#1189,.F.);
#1546=ORIENTED_EDGE('',*,*,#1190,.F.);
#1547=ORIENTED_EDGE('',*,*,#1191,.F.);
#1548=ORIENTED_EDGE('',*,*,#1192,.F.);
#1549=ORIENTED_EDGE('',*,*,#1193,.F.);
#1550=ORIENTED_EDGE('',*,*,#1194,.F.);
#1551=ORIENTED_EDGE('',*,*,#1195,.F.);
#1552=ORIENTED_EDGE('',*,*,#1185,.T.);
#1553=ORIENTED_EDGE('',*,*,#1187,.T.);
#1554=ORIENTED_EDGE('',*,*,#1181,.T.);
#1555=ORIENTED_EDGE('',*,*,#1196,.F.);
#1556=ORIENTED_EDGE('',*,*,#1197,.T.);
#1557=ORIENTED_EDGE('',*,*,#1158,.F.);
#1558=ORIENTED_EDGE('',*,*,#1197,.F.);
#1559=ORIENTED_EDGE('',*,*,#1198,.F.);
#1560=ORIENTED_EDGE('',*,*,#1146,.T.);
#1561=ORIENTED_EDGE('',*,*,#1199,.T.);
#1562=ORIENTED_EDGE('',*,*,#1200,.F.);
#1563=ORIENTED_EDGE('',*,*,#1201,.T.);
#1564=ORIENTED_EDGE('',*,*,#1153,.T.);
#1565=ORIENTED_EDGE('',*,*,#1202,.T.);
#1566=ORIENTED_EDGE('',*,*,#1203,.F.);
#1567=ORIENTED_EDGE('',*,*,#1204,.T.);
#1568=ORIENTED_EDGE('',*,*,#1205,.F.);
#1569=ORIENTED_EDGE('',*,*,#1206,.T.);
#1570=ORIENTED_EDGE('',*,*,#1207,.T.);
#1571=ORIENTED_EDGE('',*,*,#1208,.T.);
#1572=ORIENTED_EDGE('',*,*,#1209,.T.);
#1573=ORIENTED_EDGE('',*,*,#1210,.T.);
#1574=ORIENTED_EDGE('',*,*,#1164,.T.);
#1575=ORIENTED_EDGE('',*,*,#1211,.T.);
#1576=ORIENTED_EDGE('',*,*,#1200,.T.);
#1577=ORIENTED_EDGE('',*,*,#1212,.T.);
#1578=ORIENTED_EDGE('',*,*,#1203,.T.);
#1579=ORIENTED_EDGE('',*,*,#1213,.T.);
#1580=ORIENTED_EDGE('',*,*,#1214,.T.);
#1581=ORIENTED_EDGE('',*,*,#1161,.T.);
#1582=ORIENTED_EDGE('',*,*,#1195,.T.);
#1583=ORIENTED_EDGE('',*,*,#1215,.T.);
#1584=ORIENTED_EDGE('',*,*,#1155,.F.);
#1585=ORIENTED_EDGE('',*,*,#1215,.F.);
#1586=ORIENTED_EDGE('',*,*,#1190,.T.);
#1587=ORIENTED_EDGE('',*,*,#1216,.T.);
#1588=ORIENTED_EDGE('',*,*,#1157,.F.);
#1589=ORIENTED_EDGE('',*,*,#1216,.F.);
#1590=ORIENTED_EDGE('',*,*,#1188,.T.);
#1591=ORIENTED_EDGE('',*,*,#1217,.T.);
#1592=ORIENTED_EDGE('',*,*,#1156,.F.);
#1593=ORIENTED_EDGE('',*,*,#1217,.F.);
#1594=ORIENTED_EDGE('',*,*,#1192,.T.);
#1595=ORIENTED_EDGE('',*,*,#1218,.T.);
#1596=ORIENTED_EDGE('',*,*,#1159,.F.);
#1597=ORIENTED_EDGE('',*,*,#1218,.F.);
#1598=ORIENTED_EDGE('',*,*,#1171,.T.);
#1599=ORIENTED_EDGE('',*,*,#1219,.F.);
#1600=ORIENTED_EDGE('',*,*,#1220,.T.);
#1601=ORIENTED_EDGE('',*,*,#1154,.F.);
#1602=ORIENTED_EDGE('',*,*,#1220,.F.);
#1603=ORIENTED_EDGE('',*,*,#1221,.F.);
#1604=ORIENTED_EDGE('',*,*,#1176,.T.);
#1605=ORIENTED_EDGE('',*,*,#1186,.T.);
#1606=ORIENTED_EDGE('',*,*,#1222,.F.);
#1607=ORIENTED_EDGE('',*,*,#1223,.F.);
#1608=ORIENTED_EDGE('',*,*,#1224,.T.);
#1609=ORIENTED_EDGE('',*,*,#1225,.F.);
#1610=ORIENTED_EDGE('',*,*,#1170,.T.);
#1611=ORIENTED_EDGE('',*,*,#1166,.T.);
#1612=ORIENTED_EDGE('',*,*,#1183,.T.);
#1613=ORIENTED_EDGE('',*,*,#1198,.T.);
#1614=ORIENTED_EDGE('',*,*,#1196,.T.);
#1615=ORIENTED_EDGE('',*,*,#1180,.T.);
#1616=ORIENTED_EDGE('',*,*,#1177,.T.);
#1617=ORIENTED_EDGE('',*,*,#1173,.T.);
#1618=ORIENTED_EDGE('',*,*,#1221,.T.);
#1619=ORIENTED_EDGE('',*,*,#1219,.T.);
#1620=ORIENTED_EDGE('',*,*,#1226,.T.);
#1621=ORIENTED_EDGE('',*,*,#1227,.T.);
#1622=ORIENTED_EDGE('',*,*,#1228,.F.);
#1623=ORIENTED_EDGE('',*,*,#1229,.F.);
#1624=ORIENTED_EDGE('',*,*,#1228,.T.);
#1625=ORIENTED_EDGE('',*,*,#1230,.T.);
#1626=ORIENTED_EDGE('',*,*,#1231,.T.);
#1627=ORIENTED_EDGE('',*,*,#1223,.T.);
#1628=ORIENTED_EDGE('',*,*,#1222,.T.);
#1629=ORIENTED_EDGE('',*,*,#1225,.T.);
#1630=ORIENTED_EDGE('',*,*,#1232,.T.);
#1631=ORIENTED_EDGE('',*,*,#1233,.T.);
#1632=ORIENTED_EDGE('',*,*,#1234,.T.);
#1633=ORIENTED_EDGE('',*,*,#1224,.F.);
#1634=ORIENTED_EDGE('',*,*,#1235,.T.);
#1635=ORIENTED_EDGE('',*,*,#1236,.T.);
#1636=ORIENTED_EDGE('',*,*,#1237,.T.);
#1637=ORIENTED_EDGE('',*,*,#1238,.T.);
#1638=ORIENTED_EDGE('',*,*,#1239,.T.);
#1639=ORIENTED_EDGE('',*,*,#1240,.T.);
#1640=ORIENTED_EDGE('',*,*,#1241,.T.);
#1641=ORIENTED_EDGE('',*,*,#1207,.F.);
#1642=ORIENTED_EDGE('',*,*,#1242,.T.);
#1643=ORIENTED_EDGE('',*,*,#1243,.T.);
#1644=ORIENTED_EDGE('',*,*,#1244,.T.);
#1645=ORIENTED_EDGE('',*,*,#1245,.T.);
#1646=ORIENTED_EDGE('',*,*,#1246,.T.);
#1647=ORIENTED_EDGE('',*,*,#1247,.T.);
#1648=ORIENTED_EDGE('',*,*,#1248,.F.);
#1649=ORIENTED_EDGE('',*,*,#1249,.F.);
#1650=ORIENTED_EDGE('',*,*,#1250,.F.);
#1651=ORIENTED_EDGE('',*,*,#1251,.T.);
#1652=ORIENTED_EDGE('',*,*,#1252,.T.);
#1653=ORIENTED_EDGE('',*,*,#1253,.T.);
#1654=ORIENTED_EDGE('',*,*,#1254,.T.);
#1655=ORIENTED_EDGE('',*,*,#1255,.T.);
#1656=ORIENTED_EDGE('',*,*,#1256,.T.);
#1657=ORIENTED_EDGE('',*,*,#1257,.T.);
#1658=ORIENTED_EDGE('',*,*,#1258,.T.);
#1659=ORIENTED_EDGE('',*,*,#1259,.T.);
#1660=ORIENTED_EDGE('',*,*,#1260,.T.);
#1661=ORIENTED_EDGE('',*,*,#1261,.T.);
#1662=ORIENTED_EDGE('',*,*,#1262,.T.);
#1663=ORIENTED_EDGE('',*,*,#1263,.T.);
#1664=ORIENTED_EDGE('',*,*,#1264,.T.);
#1665=ORIENTED_EDGE('',*,*,#1265,.T.);
#1666=ORIENTED_EDGE('',*,*,#1266,.T.);
#1667=ORIENTED_EDGE('',*,*,#1267,.T.);
#1668=ORIENTED_EDGE('',*,*,#1268,.T.);
#1669=ORIENTED_EDGE('',*,*,#1269,.T.);
#1670=ORIENTED_EDGE('',*,*,#1270,.T.);
#1671=ORIENTED_EDGE('',*,*,#1271,.T.);
#1672=ORIENTED_EDGE('',*,*,#1272,.F.);
#1673=ORIENTED_EDGE('',*,*,#1273,.T.);
#1674=ORIENTED_EDGE('',*,*,#1267,.F.);
#1675=ORIENTED_EDGE('',*,*,#1274,.F.);
#1676=ORIENTED_EDGE('',*,*,#1275,.F.);
#1677=ORIENTED_EDGE('',*,*,#1276,.T.);
#1678=ORIENTED_EDGE('',*,*,#1265,.F.);
#1679=ORIENTED_EDGE('',*,*,#1277,.F.);
#1680=ORIENTED_EDGE('',*,*,#1278,.F.);
#1681=ORIENTED_EDGE('',*,*,#1277,.T.);
#1682=ORIENTED_EDGE('',*,*,#1264,.F.);
#1683=ORIENTED_EDGE('',*,*,#1279,.F.);
#1684=ORIENTED_EDGE('',*,*,#1280,.F.);
#1685=ORIENTED_EDGE('',*,*,#1279,.T.);
#1686=ORIENTED_EDGE('',*,*,#1263,.F.);
#1687=ORIENTED_EDGE('',*,*,#1281,.F.);
#1688=ORIENTED_EDGE('',*,*,#1282,.F.);
#1689=ORIENTED_EDGE('',*,*,#1281,.T.);
#1690=ORIENTED_EDGE('',*,*,#1262,.F.);
#1691=ORIENTED_EDGE('',*,*,#1283,.F.);
#1692=ORIENTED_EDGE('',*,*,#1284,.F.);
#1693=ORIENTED_EDGE('',*,*,#1285,.T.);
#1694=ORIENTED_EDGE('',*,*,#1260,.F.);
#1695=ORIENTED_EDGE('',*,*,#1273,.F.);
#1696=ORIENTED_EDGE('',*,*,#1286,.T.);
#1697=ORIENTED_EDGE('',*,*,#1287,.T.);
#1698=ORIENTED_EDGE('',*,*,#1288,.T.);
#1699=ORIENTED_EDGE('',*,*,#1289,.F.);
#1700=ORIENTED_EDGE('',*,*,#1250,.T.);
#1701=ORIENTED_EDGE('',*,*,#1290,.T.);
#1702=ORIENTED_EDGE('',*,*,#1291,.T.);
#1703=ORIENTED_EDGE('',*,*,#1292,.F.);
#1704=ORIENTED_EDGE('',*,*,#1293,.T.);
#1705=ORIENTED_EDGE('',*,*,#1294,.T.);
#1706=ORIENTED_EDGE('',*,*,#1295,.T.);
#1707=ORIENTED_EDGE('',*,*,#1229,.T.);
#1708=ORIENTED_EDGE('',*,*,#1233,.F.);
#1709=ORIENTED_EDGE('',*,*,#1296,.F.);
#1710=ORIENTED_EDGE('',*,*,#1297,.T.);
#1711=ORIENTED_EDGE('',*,*,#1242,.F.);
#1712=ORIENTED_EDGE('',*,*,#1206,.F.);
#1713=ORIENTED_EDGE('',*,*,#1249,.T.);
#1714=ORIENTED_EDGE('',*,*,#1298,.F.);
#1715=ORIENTED_EDGE('',*,*,#1299,.F.);
#1716=ORIENTED_EDGE('',*,*,#1290,.F.);
#1717=ORIENTED_EDGE('',*,*,#1299,.T.);
#1718=ORIENTED_EDGE('',*,*,#1300,.F.);
#1719=ORIENTED_EDGE('',*,*,#1301,.F.);
#1720=ORIENTED_EDGE('',*,*,#1291,.F.);
#1721=ORIENTED_EDGE('',*,*,#1208,.F.);
#1722=ORIENTED_EDGE('',*,*,#1241,.F.);
#1723=ORIENTED_EDGE('',*,*,#1302,.F.);
#1724=ORIENTED_EDGE('',*,*,#1303,.F.);
#1725=ORIENTED_EDGE('',*,*,#1230,.F.);
#1726=ORIENTED_EDGE('',*,*,#1227,.F.);
#1727=ORIENTED_EDGE('',*,*,#1304,.T.);
#1728=ORIENTED_EDGE('',*,*,#1305,.T.);
#1729=ORIENTED_EDGE('',*,*,#1306,.T.);
#1730=ORIENTED_EDGE('',*,*,#1307,.T.);
#1731=ORIENTED_EDGE('',*,*,#1300,.T.);
#1732=ORIENTED_EDGE('',*,*,#1298,.T.);
#1733=ORIENTED_EDGE('',*,*,#1248,.T.);
#1734=ORIENTED_EDGE('',*,*,#1308,.T.);
#1735=ORIENTED_EDGE('',*,*,#1309,.T.);
#1736=ORIENTED_EDGE('',*,*,#1310,.T.);
#1737=ORIENTED_EDGE('',*,*,#1311,.T.);
#1738=ORIENTED_EDGE('',*,*,#1294,.F.);
#1739=ORIENTED_EDGE('',*,*,#1312,.T.);
#1740=ORIENTED_EDGE('',*,*,#1305,.F.);
#1741=ORIENTED_EDGE('',*,*,#1313,.F.);
#1742=ORIENTED_EDGE('',*,*,#1295,.F.);
#1743=ORIENTED_EDGE('',*,*,#1313,.T.);
#1744=ORIENTED_EDGE('',*,*,#1304,.F.);
#1745=ORIENTED_EDGE('',*,*,#1226,.F.);
#1746=ORIENTED_EDGE('',*,*,#1286,.F.);
#1747=ORIENTED_EDGE('',*,*,#1205,.T.);
#1748=ORIENTED_EDGE('',*,*,#1311,.F.);
#1749=ORIENTED_EDGE('',*,*,#1314,.F.);
#1750=ORIENTED_EDGE('',*,*,#1287,.F.);
#1751=ORIENTED_EDGE('',*,*,#1314,.T.);
#1752=ORIENTED_EDGE('',*,*,#1310,.F.);
#1753=ORIENTED_EDGE('',*,*,#1315,.F.);
#1754=ORIENTED_EDGE('',*,*,#1316,.F.);
#1755=ORIENTED_EDGE('',*,*,#1288,.F.);
#1756=ORIENTED_EDGE('',*,*,#1315,.T.);
#1757=ORIENTED_EDGE('',*,*,#1309,.F.);
#1758=ORIENTED_EDGE('',*,*,#1137,.T.);
#1759=ORIENTED_EDGE('',*,*,#1121,.T.);
#1760=ORIENTED_EDGE('',*,*,#1130,.T.);
#1761=ORIENTED_EDGE('',*,*,#1140,.T.);
#1762=ORIENTED_EDGE('',*,*,#1139,.T.);
#1763=ORIENTED_EDGE('',*,*,#1116,.T.);
#1764=ORIENTED_EDGE('',*,*,#1125,.T.);
#1765=ORIENTED_EDGE('',*,*,#1136,.T.);
#1766=ORIENTED_EDGE('',*,*,#1292,.T.);
#1767=ORIENTED_EDGE('',*,*,#1301,.T.);
#1768=ORIENTED_EDGE('',*,*,#1307,.F.);
#1769=ORIENTED_EDGE('',*,*,#1317,.F.);
#1770=ORIENTED_EDGE('',*,*,#1293,.F.);
#1771=ORIENTED_EDGE('',*,*,#1317,.T.);
#1772=ORIENTED_EDGE('',*,*,#1306,.F.);
#1773=ORIENTED_EDGE('',*,*,#1312,.F.);
#1774=ORIENTED_EDGE('',*,*,#1289,.T.);
#1775=ORIENTED_EDGE('',*,*,#1316,.T.);
#1776=ORIENTED_EDGE('',*,*,#1308,.F.);
#1777=ORIENTED_EDGE('',*,*,#1259,.F.);
#1778=ORIENTED_EDGE('',*,*,#1318,.F.);
#1779=ORIENTED_EDGE('',*,*,#1319,.F.);
#1780=ORIENTED_EDGE('',*,*,#1320,.F.);
#1781=ORIENTED_EDGE('',*,*,#1251,.F.);
#1782=ORIENTED_EDGE('',*,*,#1321,.T.);
#1783=ORIENTED_EDGE('',*,*,#1322,.T.);
#1784=ORIENTED_EDGE('',*,*,#1323,.T.);
#1785=ORIENTED_EDGE('',*,*,#1324,.T.);
#1786=ORIENTED_EDGE('',*,*,#1321,.F.);
#1787=ORIENTED_EDGE('',*,*,#1325,.T.);
#1788=ORIENTED_EDGE('',*,*,#1326,.F.);
#1789=ORIENTED_EDGE('',*,*,#1327,.T.);
#1790=ORIENTED_EDGE('',*,*,#1328,.F.);
#1791=ORIENTED_EDGE('',*,*,#1329,.T.);
#1792=ORIENTED_EDGE('',*,*,#1330,.F.);
#1793=ORIENTED_EDGE('',*,*,#1331,.T.);
#1794=ORIENTED_EDGE('',*,*,#1332,.T.);
#1795=ORIENTED_EDGE('',*,*,#1333,.T.);
#1796=ORIENTED_EDGE('',*,*,#1324,.F.);
#1797=ORIENTED_EDGE('',*,*,#1334,.F.);
#1798=ORIENTED_EDGE('',*,*,#1335,.F.);
#1799=ORIENTED_EDGE('',*,*,#1325,.F.);
#1800=ORIENTED_EDGE('',*,*,#1330,.T.);
#1801=ORIENTED_EDGE('',*,*,#1336,.T.);
#1802=ORIENTED_EDGE('',*,*,#1337,.T.);
#1803=ORIENTED_EDGE('',*,*,#1338,.T.);
#1804=ORIENTED_EDGE('',*,*,#1338,.F.);
#1805=ORIENTED_EDGE('',*,*,#1339,.F.);
#1806=ORIENTED_EDGE('',*,*,#1340,.T.);
#1807=ORIENTED_EDGE('',*,*,#1331,.F.);
#1808=ORIENTED_EDGE('',*,*,#1326,.T.);
#1809=ORIENTED_EDGE('',*,*,#1335,.T.);
#1810=ORIENTED_EDGE('',*,*,#1341,.T.);
#1811=ORIENTED_EDGE('',*,*,#1342,.T.);
#1812=ORIENTED_EDGE('',*,*,#1342,.F.);
#1813=ORIENTED_EDGE('',*,*,#1343,.F.);
#1814=ORIENTED_EDGE('',*,*,#1344,.F.);
#1815=ORIENTED_EDGE('',*,*,#1327,.F.);
#1816=ORIENTED_EDGE('',*,*,#1328,.T.);
#1817=ORIENTED_EDGE('',*,*,#1344,.T.);
#1818=ORIENTED_EDGE('',*,*,#1345,.T.);
#1819=ORIENTED_EDGE('',*,*,#1346,.T.);
#1820=ORIENTED_EDGE('',*,*,#1336,.F.);
#1821=ORIENTED_EDGE('',*,*,#1329,.F.);
#1822=ORIENTED_EDGE('',*,*,#1346,.F.);
#1823=ORIENTED_EDGE('',*,*,#1347,.F.);
#1824=ORIENTED_EDGE('',*,*,#1348,.T.);
#1825=ORIENTED_EDGE('',*,*,#1349,.T.);
#1826=ORIENTED_EDGE('',*,*,#1350,.F.);
#1827=ORIENTED_EDGE('',*,*,#1351,.F.);
#1828=ORIENTED_EDGE('',*,*,#1352,.F.);
#1829=ORIENTED_EDGE('',*,*,#1353,.F.);
#1830=ORIENTED_EDGE('',*,*,#1354,.F.);
#1831=ORIENTED_EDGE('',*,*,#1355,.T.);
#1832=ORIENTED_EDGE('',*,*,#1356,.F.);
#1833=ORIENTED_EDGE('',*,*,#1357,.F.);
#1834=ORIENTED_EDGE('',*,*,#1358,.F.);
#1835=ORIENTED_EDGE('',*,*,#1253,.F.);
#1836=ORIENTED_EDGE('',*,*,#1358,.T.);
#1837=ORIENTED_EDGE('',*,*,#1359,.T.);
#1838=ORIENTED_EDGE('',*,*,#1360,.T.);
#1839=ORIENTED_EDGE('',*,*,#1254,.F.);
#1840=ORIENTED_EDGE('',*,*,#1284,.T.);
#1841=ORIENTED_EDGE('',*,*,#1361,.F.);
#1842=ORIENTED_EDGE('',*,*,#1348,.F.);
#1843=ORIENTED_EDGE('',*,*,#1362,.F.);
#1844=ORIENTED_EDGE('',*,*,#1362,.T.);
#1845=ORIENTED_EDGE('',*,*,#1351,.T.);
#1846=ORIENTED_EDGE('',*,*,#1363,.T.);
#1847=ORIENTED_EDGE('',*,*,#1283,.T.);
#1848=ORIENTED_EDGE('',*,*,#1261,.F.);
#1849=ORIENTED_EDGE('',*,*,#1285,.F.);
#1850=ORIENTED_EDGE('',*,*,#1364,.F.);
#1851=ORIENTED_EDGE('',*,*,#1365,.F.);
#1852=ORIENTED_EDGE('',*,*,#1366,.F.);
#1853=ORIENTED_EDGE('',*,*,#1367,.T.);
#1854=ORIENTED_EDGE('',*,*,#1368,.F.);
#1855=ORIENTED_EDGE('',*,*,#1367,.F.);
#1856=ORIENTED_EDGE('',*,*,#1369,.F.);
#1857=ORIENTED_EDGE('',*,*,#1353,.T.);
#1858=ORIENTED_EDGE('',*,*,#1282,.T.);
#1859=ORIENTED_EDGE('',*,*,#1363,.F.);
#1860=ORIENTED_EDGE('',*,*,#1350,.T.);
#1861=ORIENTED_EDGE('',*,*,#1370,.F.);
#1862=ORIENTED_EDGE('',*,*,#1364,.T.);
#1863=ORIENTED_EDGE('',*,*,#1371,.F.);
#1864=ORIENTED_EDGE('',*,*,#1368,.T.);
#1865=ORIENTED_EDGE('',*,*,#1372,.F.);
#1866=ORIENTED_EDGE('',*,*,#1280,.T.);
#1867=ORIENTED_EDGE('',*,*,#1371,.T.);
#1868=ORIENTED_EDGE('',*,*,#1352,.T.);
#1869=ORIENTED_EDGE('',*,*,#1373,.F.);
#1870=ORIENTED_EDGE('',*,*,#1278,.T.);
#1871=ORIENTED_EDGE('',*,*,#1372,.T.);
#1872=ORIENTED_EDGE('',*,*,#1374,.T.);
#1873=ORIENTED_EDGE('',*,*,#1375,.F.);
#1874=ORIENTED_EDGE('',*,*,#1376,.T.);
#1875=ORIENTED_EDGE('',*,*,#1256,.F.);
#1876=ORIENTED_EDGE('',*,*,#1376,.F.);
#1877=ORIENTED_EDGE('',*,*,#1377,.F.);
#1878=ORIENTED_EDGE('',*,*,#1378,.F.);
#1879=ORIENTED_EDGE('',*,*,#1257,.F.);
#1880=ORIENTED_EDGE('',*,*,#1378,.T.);
#1881=ORIENTED_EDGE('',*,*,#1379,.F.);
#1882=ORIENTED_EDGE('',*,*,#1318,.T.);
#1883=ORIENTED_EDGE('',*,*,#1258,.F.);
#1884=ORIENTED_EDGE('',*,*,#1320,.T.);
#1885=ORIENTED_EDGE('',*,*,#1380,.F.);
#1886=ORIENTED_EDGE('',*,*,#1356,.T.);
#1887=ORIENTED_EDGE('',*,*,#1252,.F.);
#1888=ORIENTED_EDGE('',*,*,#1381,.F.);
#1889=ORIENTED_EDGE('',*,*,#1374,.F.);
#1890=ORIENTED_EDGE('',*,*,#1255,.F.);
#1891=ORIENTED_EDGE('',*,*,#1360,.F.);
#1892=ORIENTED_EDGE('',*,*,#1382,.F.);
#1893=ORIENTED_EDGE('',*,*,#1355,.F.);
#1894=ORIENTED_EDGE('',*,*,#1383,.F.);
#1895=ORIENTED_EDGE('',*,*,#1384,.F.);
#1896=ORIENTED_EDGE('',*,*,#1385,.T.);
#1897=ORIENTED_EDGE('',*,*,#1386,.T.);
#1898=ORIENTED_EDGE('',*,*,#1270,.F.);
#1899=ORIENTED_EDGE('',*,*,#1386,.F.);
#1900=ORIENTED_EDGE('',*,*,#1387,.T.);
#1901=ORIENTED_EDGE('',*,*,#1388,.T.);
#1902=ORIENTED_EDGE('',*,*,#1271,.F.);
#1903=ORIENTED_EDGE('',*,*,#1388,.F.);
#1904=ORIENTED_EDGE('',*,*,#1387,.F.);
#1905=ORIENTED_EDGE('',*,*,#1389,.F.);
#1906=ORIENTED_EDGE('',*,*,#1390,.F.);
#1907=ORIENTED_EDGE('',*,*,#1385,.F.);
#1908=ORIENTED_EDGE('',*,*,#1391,.T.);
#1909=ORIENTED_EDGE('',*,*,#1392,.F.);
#1910=ORIENTED_EDGE('',*,*,#1365,.T.);
#1911=ORIENTED_EDGE('',*,*,#1393,.F.);
#1912=ORIENTED_EDGE('',*,*,#1394,.F.);
#1913=ORIENTED_EDGE('',*,*,#1383,.T.);
#1914=ORIENTED_EDGE('',*,*,#1354,.T.);
#1915=ORIENTED_EDGE('',*,*,#1369,.T.);
#1916=ORIENTED_EDGE('',*,*,#1366,.T.);
#1917=ORIENTED_EDGE('',*,*,#1392,.T.);
#1918=ORIENTED_EDGE('',*,*,#1395,.T.);
#1919=ORIENTED_EDGE('',*,*,#1396,.T.);
#1920=ORIENTED_EDGE('',*,*,#1393,.T.);
#1921=ORIENTED_EDGE('',*,*,#1370,.T.);
#1922=ORIENTED_EDGE('',*,*,#1349,.F.);
#1923=ORIENTED_EDGE('',*,*,#1361,.T.);
#1924=ORIENTED_EDGE('',*,*,#1272,.T.);
#1925=ORIENTED_EDGE('',*,*,#1397,.T.);
#1926=ORIENTED_EDGE('',*,*,#1275,.T.);
#1927=ORIENTED_EDGE('',*,*,#1373,.T.);
#1928=ORIENTED_EDGE('',*,*,#1382,.T.);
#1929=ORIENTED_EDGE('',*,*,#1398,.T.);
#1930=ORIENTED_EDGE('',*,*,#1399,.T.);
#1931=ORIENTED_EDGE('',*,*,#1400,.F.);
#1932=ORIENTED_EDGE('',*,*,#1395,.F.);
#1933=ORIENTED_EDGE('',*,*,#1391,.F.);
#1934=ORIENTED_EDGE('',*,*,#1397,.F.);
#1935=ORIENTED_EDGE('',*,*,#1274,.T.);
#1936=ORIENTED_EDGE('',*,*,#1266,.F.);
#1937=ORIENTED_EDGE('',*,*,#1276,.F.);
#1938=ORIENTED_EDGE('',*,*,#1398,.F.);
#1939=ORIENTED_EDGE('',*,*,#1384,.T.);
#1940=ORIENTED_EDGE('',*,*,#1394,.T.);
#1941=ORIENTED_EDGE('',*,*,#1401,.T.);
#1942=ORIENTED_EDGE('',*,*,#1402,.T.);
#1943=ORIENTED_EDGE('',*,*,#1403,.T.);
#1944=ORIENTED_EDGE('',*,*,#1404,.T.);
#1945=ORIENTED_EDGE('',*,*,#1405,.T.);
#1946=ORIENTED_EDGE('',*,*,#1389,.T.);
#1947=ORIENTED_EDGE('',*,*,#1406,.T.);
#1948=ORIENTED_EDGE('',*,*,#1268,.F.);
#1949=ORIENTED_EDGE('',*,*,#1406,.F.);
#1950=ORIENTED_EDGE('',*,*,#1390,.T.);
#1951=ORIENTED_EDGE('',*,*,#1407,.T.);
#1952=ORIENTED_EDGE('',*,*,#1269,.F.);
#1953=ORIENTED_EDGE('',*,*,#1407,.F.);
#1954=ORIENTED_EDGE('',*,*,#1408,.T.);
#1955=ORIENTED_EDGE('',*,*,#1401,.F.);
#1956=ORIENTED_EDGE('',*,*,#1396,.F.);
#1957=ORIENTED_EDGE('',*,*,#1400,.T.);
#1958=ORIENTED_EDGE('',*,*,#1399,.F.);
#1959=ORIENTED_EDGE('',*,*,#1408,.F.);
#1960=ORIENTED_EDGE('',*,*,#1332,.F.);
#1961=ORIENTED_EDGE('',*,*,#1340,.F.);
#1962=ORIENTED_EDGE('',*,*,#1409,.F.);
#1963=ORIENTED_EDGE('',*,*,#1410,.F.);
#1964=ORIENTED_EDGE('',*,*,#1411,.T.);
#1965=ORIENTED_EDGE('',*,*,#1412,.T.);
#1966=ORIENTED_EDGE('',*,*,#1413,.T.);
#1967=ORIENTED_EDGE('',*,*,#1414,.T.);
#1968=ORIENTED_EDGE('',*,*,#1381,.T.);
#1969=ORIENTED_EDGE('',*,*,#1359,.F.);
#1970=ORIENTED_EDGE('',*,*,#1357,.T.);
#1971=ORIENTED_EDGE('',*,*,#1380,.T.);
#1972=ORIENTED_EDGE('',*,*,#1319,.T.);
#1973=ORIENTED_EDGE('',*,*,#1379,.T.);
#1974=ORIENTED_EDGE('',*,*,#1377,.T.);
#1975=ORIENTED_EDGE('',*,*,#1375,.T.);
#1976=ORIENTED_EDGE('',*,*,#1415,.T.);
#1977=ORIENTED_EDGE('',*,*,#1409,.T.);
#1978=ORIENTED_EDGE('',*,*,#1339,.T.);
#1979=ORIENTED_EDGE('',*,*,#1337,.F.);
#1980=ORIENTED_EDGE('',*,*,#1347,.T.);
#1981=ORIENTED_EDGE('',*,*,#1345,.F.);
#1982=ORIENTED_EDGE('',*,*,#1343,.T.);
#1983=ORIENTED_EDGE('',*,*,#1341,.F.);
#1984=ORIENTED_EDGE('',*,*,#1334,.T.);
#1985=ORIENTED_EDGE('',*,*,#1323,.F.);
#1986=ORIENTED_EDGE('',*,*,#1322,.F.);
#1987=ORIENTED_EDGE('',*,*,#1333,.F.);
#1988=ORIENTED_EDGE('',*,*,#1410,.T.);
#1989=ORIENTED_EDGE('',*,*,#1415,.F.);
#1990=ORIENTED_EDGE('',*,*,#1413,.F.);
#1991=ORIENTED_EDGE('',*,*,#1416,.T.);
#1992=ORIENTED_EDGE('',*,*,#1405,.F.);
#1993=ORIENTED_EDGE('',*,*,#1417,.F.);
#1994=ORIENTED_EDGE('',*,*,#1412,.F.);
#1995=ORIENTED_EDGE('',*,*,#1418,.T.);
#1996=ORIENTED_EDGE('',*,*,#1402,.F.);
#1997=ORIENTED_EDGE('',*,*,#1416,.F.);
#1998=ORIENTED_EDGE('',*,*,#1411,.F.);
#1999=ORIENTED_EDGE('',*,*,#1419,.T.);
#2000=ORIENTED_EDGE('',*,*,#1403,.F.);
#2001=ORIENTED_EDGE('',*,*,#1418,.F.);
#2002=ORIENTED_EDGE('',*,*,#1404,.F.);
#2003=ORIENTED_EDGE('',*,*,#1419,.F.);
#2004=ORIENTED_EDGE('',*,*,#1414,.F.);
#2005=ORIENTED_EDGE('',*,*,#1417,.T.);
#2006=ORIENTED_EDGE('',*,*,#1191,.T.);
#2007=ORIENTED_EDGE('',*,*,#1420,.T.);
#2008=ORIENTED_EDGE('',*,*,#1209,.F.);
#2009=ORIENTED_EDGE('',*,*,#1160,.F.);
#2010=ORIENTED_EDGE('',*,*,#1150,.F.);
#2011=ORIENTED_EDGE('',*,*,#1165,.F.);
#2012=ORIENTED_EDGE('',*,*,#1210,.F.);
#2013=ORIENTED_EDGE('',*,*,#1420,.F.);
#2014=ORIENTED_EDGE('',*,*,#1193,.T.);
#2015=ORIENTED_EDGE('',*,*,#1421,.T.);
#2016=ORIENTED_EDGE('',*,*,#1144,.F.);
#2017=ORIENTED_EDGE('',*,*,#1204,.F.);
#2018=ORIENTED_EDGE('',*,*,#1212,.F.);
#2019=ORIENTED_EDGE('',*,*,#1199,.F.);
#2020=ORIENTED_EDGE('',*,*,#1145,.F.);
#2021=ORIENTED_EDGE('',*,*,#1421,.F.);
#2022=ORIENTED_EDGE('',*,*,#1189,.T.);
#2023=ORIENTED_EDGE('',*,*,#1422,.T.);
#2024=ORIENTED_EDGE('',*,*,#1147,.F.);
#2025=ORIENTED_EDGE('',*,*,#1201,.F.);
#2026=ORIENTED_EDGE('',*,*,#1211,.F.);
#2027=ORIENTED_EDGE('',*,*,#1163,.F.);
#2028=ORIENTED_EDGE('',*,*,#1148,.F.);
#2029=ORIENTED_EDGE('',*,*,#1422,.F.);
#2030=ORIENTED_EDGE('',*,*,#1194,.T.);
#2031=ORIENTED_EDGE('',*,*,#1423,.T.);
#2032=ORIENTED_EDGE('',*,*,#1213,.F.);
#2033=ORIENTED_EDGE('',*,*,#1202,.F.);
#2034=ORIENTED_EDGE('',*,*,#1152,.F.);
#2035=ORIENTED_EDGE('',*,*,#1162,.F.);
#2036=ORIENTED_EDGE('',*,*,#1214,.F.);
#2037=ORIENTED_EDGE('',*,*,#1423,.F.);
#2038=ORIENTED_EDGE('',*,*,#1424,.F.);
#2039=ORIENTED_EDGE('',*,*,#1302,.T.);
#2040=ORIENTED_EDGE('',*,*,#1240,.F.);
#2041=ORIENTED_EDGE('',*,*,#1243,.F.);
#2042=ORIENTED_EDGE('',*,*,#1297,.F.);
#2043=ORIENTED_EDGE('',*,*,#1425,.F.);
#2044=ORIENTED_EDGE('',*,*,#1234,.F.);
#2045=ORIENTED_EDGE('',*,*,#1426,.T.);
#2046=ORIENTED_EDGE('',*,*,#1235,.F.);
#2047=ORIENTED_EDGE('',*,*,#1231,.F.);
#2048=ORIENTED_EDGE('',*,*,#1303,.T.);
#2049=ORIENTED_EDGE('',*,*,#1424,.T.);
#2050=ORIENTED_EDGE('',*,*,#1239,.F.);
#2051=ORIENTED_EDGE('',*,*,#1427,.F.);
#2052=ORIENTED_EDGE('',*,*,#1244,.F.);
#2053=ORIENTED_EDGE('',*,*,#1425,.T.);
#2054=ORIENTED_EDGE('',*,*,#1296,.T.);
#2055=ORIENTED_EDGE('',*,*,#1232,.F.);
#2056=ORIENTED_EDGE('',*,*,#1238,.F.);
#2057=ORIENTED_EDGE('',*,*,#1428,.F.);
#2058=ORIENTED_EDGE('',*,*,#1245,.F.);
#2059=ORIENTED_EDGE('',*,*,#1427,.T.);
#2060=ORIENTED_EDGE('',*,*,#1236,.F.);
#2061=ORIENTED_EDGE('',*,*,#1426,.F.);
#2062=ORIENTED_EDGE('',*,*,#1247,.F.);
#2063=ORIENTED_EDGE('',*,*,#1429,.T.);
#2064=ORIENTED_EDGE('',*,*,#1237,.F.);
#2065=ORIENTED_EDGE('',*,*,#1429,.F.);
#2066=ORIENTED_EDGE('',*,*,#1246,.F.);
#2067=ORIENTED_EDGE('',*,*,#1428,.T.);
#2068=CYLINDRICAL_SURFACE('',#2228,2.);
#2069=CYLINDRICAL_SURFACE('',#2234,2.);
#2070=CYLINDRICAL_SURFACE('',#2242,1.5);
#2071=CYLINDRICAL_SURFACE('',#2281,1.4);
#2072=CYLINDRICAL_SURFACE('',#2294,1.4);
#2073=CYLINDRICAL_SURFACE('',#2295,1.4);
#2074=CYLINDRICAL_SURFACE('',#2296,1.4);
#2075=CYLINDRICAL_SURFACE('',#2297,1.4);
#2076=CYLINDRICAL_SURFACE('',#2298,1.4);
#2077=CYLINDRICAL_SURFACE('',#2307,22.);
#2078=CYLINDRICAL_SURFACE('',#2341,6.5);
#2079=CYLINDRICAL_SURFACE('',#2343,3.5);
#2080=CYLINDRICAL_SURFACE('',#2346,5.);
#2081=CYLINDRICAL_SURFACE('',#2355,5.);
#2082=CYLINDRICAL_SURFACE('',#2358,5.);
#2083=CYLINDRICAL_SURFACE('',#2361,5.);
#2084=CYLINDRICAL_SURFACE('',#2367,5.);
#2085=CYLINDRICAL_SURFACE('',#2375,1.);
#2086=CYLINDRICAL_SURFACE('',#2378,1.);
#2087=CYLINDRICAL_SURFACE('',#2380,1.);
#2088=CYLINDRICAL_SURFACE('',#2382,5.);
#2089=CYLINDRICAL_SURFACE('',#2385,5.);
#2090=CYLINDRICAL_SURFACE('',#2387,5.);
#2091=CYLINDRICAL_SURFACE('',#2391,1.45);
#2092=CYLINDRICAL_SURFACE('',#2393,1.45);
#2093=CYLINDRICAL_SURFACE('',#2405,1.);
#2094=CYLINDRICAL_SURFACE('',#2406,1.);
#2095=CYLINDRICAL_SURFACE('',#2407,6.54852254653654);
#2096=CYLINDRICAL_SURFACE('',#2411,1.45);
#2097=CYLINDRICAL_SURFACE('',#2412,1.45);
#2098=CYLINDRICAL_SURFACE('',#2415,5.76143953765029);
#2099=CYLINDRICAL_SURFACE('',#2425,1.515);
#2100=CYLINDRICAL_SURFACE('',#2426,1.515);
#2101=CYLINDRICAL_SURFACE('',#2427,1.515);
#2102=CYLINDRICAL_SURFACE('',#2428,1.515);
#2103=ADVANCED_FACE('',(#147),#2068,.T.);
#2104=ADVANCED_FACE('',(#148),#75,.T.);
#2105=ADVANCED_FACE('',(#149),#76,.T.);
#2106=ADVANCED_FACE('',(#150),#2069,.T.);
#2107=ADVANCED_FACE('',(#151),#77,.T.);
#2108=ADVANCED_FACE('',(#152),#78,.T.);
#2109=ADVANCED_FACE('',(#153),#79,.T.);
#2110=ADVANCED_FACE('',(#154),#80,.T.);
#2111=ADVANCED_FACE('',(#155),#81,.T.);
#2112=ADVANCED_FACE('',(#156),#82,.T.);
#2113=ADVANCED_FACE('',(#157),#2070,.F.);
#2114=ADVANCED_FACE('',(#158,#25,#26,#27,#28,#29,#30,#31),#83,.T.);
#2115=ADVANCED_FACE('',(#159),#21,.T.);
#2116=ADVANCED_FACE('',(#160),#22,.T.);
#2117=ADVANCED_FACE('',(#161),#84,.F.);
#2118=ADVANCED_FACE('',(#162),#85,.F.);
#2119=ADVANCED_FACE('',(#163),#86,.F.);
#2120=ADVANCED_FACE('',(#164),#87,.F.);
#2121=ADVANCED_FACE('',(#165),#88,.F.);
#2122=ADVANCED_FACE('',(#166),#89,.F.);
#2123=ADVANCED_FACE('',(#167,#32,#33,#34,#35,#36,#37,#38,#39,#40),#90,.T.);
#2124=ADVANCED_FACE('',(#168),#2071,.F.);
#2125=ADVANCED_FACE('',(#169),#23,.T.);
#2126=ADVANCED_FACE('',(#170),#24,.T.);
#2127=ADVANCED_FACE('',(#171,#41),#91,.T.);
#2128=ADVANCED_FACE('',(#172),#2072,.F.);
#2129=ADVANCED_FACE('',(#173),#2073,.F.);
#2130=ADVANCED_FACE('',(#174),#2074,.F.);
#2131=ADVANCED_FACE('',(#175),#2075,.F.);
#2132=ADVANCED_FACE('',(#176),#2076,.F.);
#2133=ADVANCED_FACE('',(#177,#42),#92,.T.);
#2134=ADVANCED_FACE('',(#178),#93,.T.);
#2135=ADVANCED_FACE('',(#179),#94,.T.);
#2136=ADVANCED_FACE('',(#180),#2077,.T.);
#2137=ADVANCED_FACE('',(#181,#43,#44,#45,#46,#47),#95,.T.);
#2138=ADVANCED_FACE('',(#182),#96,.T.);
#2139=ADVANCED_FACE('',(#183),#97,.T.);
#2140=ADVANCED_FACE('',(#184),#98,.T.);
#2141=ADVANCED_FACE('',(#185),#99,.T.);
#2142=ADVANCED_FACE('',(#186),#100,.T.);
#2143=ADVANCED_FACE('',(#187),#101,.T.);
#2144=ADVANCED_FACE('',(#188),#102,.T.);
#2145=ADVANCED_FACE('',(#189),#103,.F.);
#2146=ADVANCED_FACE('',(#190),#104,.T.);
#2147=ADVANCED_FACE('',(#191),#105,.T.);
#2148=ADVANCED_FACE('',(#192),#106,.T.);
#2149=ADVANCED_FACE('',(#193),#107,.T.);
#2150=ADVANCED_FACE('',(#194),#108,.T.);
#2151=ADVANCED_FACE('',(#195),#2078,.T.);
#2152=ADVANCED_FACE('',(#196,#48,#49),#109,.T.);
#2153=ADVANCED_FACE('',(#197),#2079,.F.);
#2154=ADVANCED_FACE('',(#198),#110,.T.);
#2155=ADVANCED_FACE('',(#199),#111,.F.);
#2156=ADVANCED_FACE('',(#200),#2080,.T.);
#2157=ADVANCED_FACE('',(#201),#112,.T.);
#2158=ADVANCED_FACE('',(#202),#113,.T.);
#2159=ADVANCED_FACE('',(#203),#2081,.T.);
#2160=ADVANCED_FACE('',(#204),#114,.T.);
#2161=ADVANCED_FACE('',(#205),#2082,.T.);
#2162=ADVANCED_FACE('',(#206),#115,.T.);
#2163=ADVANCED_FACE('',(#207),#2083,.T.);
#2164=ADVANCED_FACE('',(#208),#116,.T.);
#2165=ADVANCED_FACE('',(#209),#117,.F.);
#2166=ADVANCED_FACE('',(#210),#118,.F.);
#2167=ADVANCED_FACE('',(#211),#119,.T.);
#2168=ADVANCED_FACE('',(#212),#2084,.T.);
#2169=ADVANCED_FACE('',(#213),#120,.T.);
#2170=ADVANCED_FACE('',(#214),#121,.T.);
#2171=ADVANCED_FACE('',(#215),#122,.F.);
#2172=ADVANCED_FACE('',(#216),#123,.F.);
#2173=ADVANCED_FACE('',(#217),#2085,.T.);
#2174=ADVANCED_FACE('',(#218),#2086,.T.);
#2175=ADVANCED_FACE('',(#219),#2087,.T.);
#2176=ADVANCED_FACE('',(#220),#2088,.T.);
#2177=ADVANCED_FACE('',(#221),#124,.T.);
#2178=ADVANCED_FACE('',(#222),#2089,.T.);
#2179=ADVANCED_FACE('',(#223),#2090,.T.);
#2180=ADVANCED_FACE('',(#224),#125,.T.);
#2181=ADVANCED_FACE('',(#225),#126,.F.);
#2182=ADVANCED_FACE('',(#226),#2091,.F.);
#2183=ADVANCED_FACE('',(#227),#2092,.F.);
#2184=ADVANCED_FACE('',(#228),#127,.F.);
#2185=ADVANCED_FACE('',(#229),#128,.F.);
#2186=ADVANCED_FACE('',(#230),#129,.F.);
#2187=ADVANCED_FACE('',(#231),#130,.F.);
#2188=ADVANCED_FACE('',(#232),#131,.F.);
#2189=ADVANCED_FACE('',(#233),#132,.F.);
#2190=ADVANCED_FACE('',(#234),#2093,.T.);
#2191=ADVANCED_FACE('',(#235),#2094,.T.);
#2192=ADVANCED_FACE('',(#236,#50),#2095,.F.);
#2193=ADVANCED_FACE('',(#237),#2096,.F.);
#2194=ADVANCED_FACE('',(#238),#2097,.F.);
#2195=ADVANCED_FACE('',(#239),#133,.T.);
#2196=ADVANCED_FACE('',(#240),#134,.T.);
#2197=ADVANCED_FACE('',(#241,#51),#2098,.T.);
#2198=ADVANCED_FACE('',(#242,#52),#135,.T.);
#2199=ADVANCED_FACE('',(#243),#136,.T.);
#2200=ADVANCED_FACE('',(#244),#137,.F.);
#2201=ADVANCED_FACE('',(#245),#138,.F.);
#2202=ADVANCED_FACE('',(#246),#139,.F.);
#2203=ADVANCED_FACE('',(#247),#140,.F.);
#2204=ADVANCED_FACE('',(#248),#2099,.F.);
#2205=ADVANCED_FACE('',(#249),#2100,.F.);
#2206=ADVANCED_FACE('',(#250),#2101,.F.);
#2207=ADVANCED_FACE('',(#251),#2102,.F.);
#2208=ADVANCED_FACE('',(#252),#141,.T.);
#2209=ADVANCED_FACE('',(#253),#142,.T.);
#2210=ADVANCED_FACE('',(#254),#143,.T.);
#2211=ADVANCED_FACE('',(#255),#144,.F.);
#2212=ADVANCED_FACE('',(#256),#145,.F.);
#2213=ADVANCED_FACE('',(#257),#146,.F.);
#2214=CLOSED_SHELL('',(#2103,#2104,#2105,#2106,#2107,#2108,#2109,#2110,
#2111,#2112,#2113,#2114,#2115,#2116,#2117,#2118,#2119,#2120,#2121,#2122,
#2123,#2124,#2125,#2126,#2127,#2128,#2129,#2130,#2131,#2132,#2133,#2134,
#2135,#2136,#2137,#2138,#2139,#2140,#2141,#2142,#2143,#2144,#2145,#2146,
#2147,#2148,#2149,#2150,#2151,#2152,#2153,#2154,#2155,#2156,#2157,#2158,
#2159,#2160,#2161,#2162,#2163,#2164,#2165,#2166,#2167,#2168,#2169,#2170,
#2171,#2172,#2173,#2174,#2175,#2176,#2177,#2178,#2179,#2180,#2181,#2182,
#2183,#2184,#2185,#2186,#2187,#2188,#2189,#2190,#2191,#2192,#2193,#2194,
#2195,#2196,#2197,#2198,#2199,#2200,#2201,#2202,#2203,#2204,#2205,#2206,
#2207,#2208,#2209,#2210,#2211,#2212,#2213));
#2215=DERIVED_UNIT_ELEMENT(#2217,1.);
#2216=DERIVED_UNIT_ELEMENT(#3764,-3.);
#2217=(
MASS_UNIT()
NAMED_UNIT(*)
SI_UNIT(.KILO.,.GRAM.)
);
#2218=DERIVED_UNIT((#2215,#2216));
#2219=MEASURE_REPRESENTATION_ITEM('density measure',
POSITIVE_RATIO_MEASURE(952.),#2218);
#2220=PROPERTY_DEFINITION_REPRESENTATION(#2225,#2222);
#2221=PROPERTY_DEFINITION_REPRESENTATION(#2226,#2223);
#2222=REPRESENTATION('material name',(#2224),#3761);
#2223=REPRESENTATION('density',(#2219),#3761);
#2224=DESCRIPTIVE_REPRESENTATION_ITEM('Plastic, Opaque White',
'Plastic, Opaque White');
#2225=PROPERTY_DEFINITION('material property','material name',#3771);
#2226=PROPERTY_DEFINITION('material property','density of part',#3771);
#2227=AXIS2_PLACEMENT_3D('',#3064,#2435,#2436);
#2228=AXIS2_PLACEMENT_3D('',#3065,#2437,#2438);
#2229=AXIS2_PLACEMENT_3D('',#3068,#2439,#2440);
#2230=AXIS2_PLACEMENT_3D('',#3072,#2442,#2443);
#2231=AXIS2_PLACEMENT_3D('',#3074,#2445,#2446);
#2232=AXIS2_PLACEMENT_3D('',#3080,#2450,#2451);
#2233=AXIS2_PLACEMENT_3D('',#3084,#2453,#2454);
#2234=AXIS2_PLACEMENT_3D('',#3096,#2461,#2462);
#2235=AXIS2_PLACEMENT_3D('',#3100,#2464,#2465);
#2236=AXIS2_PLACEMENT_3D('',#3102,#2467,#2468);
#2237=AXIS2_PLACEMENT_3D('',#3106,#2471,#2472);
#2238=AXIS2_PLACEMENT_3D('',#3108,#2474,#2475);
#2239=AXIS2_PLACEMENT_3D('',#3114,#2479,#2480);
#2240=AXIS2_PLACEMENT_3D('',#3118,#2483,#2484);
#2241=AXIS2_PLACEMENT_3D('',#3122,#2487,#2488);
#2242=AXIS2_PLACEMENT_3D('',#3125,#2491,#2492);
#2243=AXIS2_PLACEMENT_3D('',#3127,#2493,#2494);
#2244=AXIS2_PLACEMENT_3D('',#3130,#2496,#2497);
#2245=AXIS2_PLACEMENT_3D('',#3131,#2498,#2499);
#2246=AXIS2_PLACEMENT_3D('',#3134,#2500,#2501);
#2247=AXIS2_PLACEMENT_3D('',#3136,#2502,#2503);
#2248=AXIS2_PLACEMENT_3D('',#3138,#2504,#2505);
#2249=AXIS2_PLACEMENT_3D('',#3140,#2506,#2507);
#2250=AXIS2_PLACEMENT_3D('',#3142,#2508,#2509);
#2251=AXIS2_PLACEMENT_3D('',#3144,#2510,#2511);
#2252=AXIS2_PLACEMENT_3D('',#3146,#2512,#2513);
#2253=AXIS2_PLACEMENT_3D('',#3148,#2514,#2515);
#2254=AXIS2_PLACEMENT_3D('',#3150,#2516,#2517);
#2255=AXIS2_PLACEMENT_3D('',#3151,#2518,#2519);
#2256=AXIS2_PLACEMENT_3D('',#3153,#2520,#2521);
#2257=AXIS2_PLACEMENT_3D('',#3155,#2522,#2523);
#2258=AXIS2_PLACEMENT_3D('',#3157,#2524,#2525);
#2259=AXIS2_PLACEMENT_3D('',#3159,#2526,#2527);
#2260=AXIS2_PLACEMENT_3D('',#3161,#2528,#2529);
#2261=AXIS2_PLACEMENT_3D('',#3163,#2530,#2531);
#2262=AXIS2_PLACEMENT_3D('',#3173,#2533,#2534);
#2263=AXIS2_PLACEMENT_3D('',#3188,#2537,#2538);
#2264=AXIS2_PLACEMENT_3D('',#3190,#2540,#2541);
#2265=AXIS2_PLACEMENT_3D('',#3199,#2546,#2547);
#2266=AXIS2_PLACEMENT_3D('',#3205,#2551,#2552);
#2267=AXIS2_PLACEMENT_3D('',#3214,#2557,#2558);
#2268=AXIS2_PLACEMENT_3D('',#3220,#2562,#2563);
#2269=AXIS2_PLACEMENT_3D('',#3226,#2567,#2568);
#2270=AXIS2_PLACEMENT_3D('',#3232,#2572,#2573);
#2271=AXIS2_PLACEMENT_3D('',#3233,#2574,#2575);
#2272=AXIS2_PLACEMENT_3D('',#3234,#2576,#2577);
#2273=AXIS2_PLACEMENT_3D('',#3236,#2578,#2579);
#2274=AXIS2_PLACEMENT_3D('',#3238,#2580,#2581);
#2275=AXIS2_PLACEMENT_3D('',#3240,#2582,#2583);
#2276=AXIS2_PLACEMENT_3D('',#3242,#2584,#2585);
#2277=AXIS2_PLACEMENT_3D('',#3244,#2586,#2587);
#2278=AXIS2_PLACEMENT_3D('',#3246,#2588,#2589);
#2279=AXIS2_PLACEMENT_3D('',#3248,#2590,#2591);
#2280=AXIS2_PLACEMENT_3D('',#3250,#2592,#2593);
#2281=AXIS2_PLACEMENT_3D('',#3251,#2594,#2595);
#2282=AXIS2_PLACEMENT_3D('',#3253,#2596,#2597);
#2283=AXIS2_PLACEMENT_3D('',#3255,#2599,#2600);
#2284=AXIS2_PLACEMENT_3D('',#3265,#2602,#2603);
#2285=AXIS2_PLACEMENT_3D('',#3280,#2606,#2607);
#2286=AXIS2_PLACEMENT_3D('',#3282,#2609,#2610);
#2287=AXIS2_PLACEMENT_3D('',#3289,#2613,#2614);
#2288=AXIS2_PLACEMENT_3D('',#3292,#2616,#2617);
#2289=AXIS2_PLACEMENT_3D('',#3293,#2618,#2619);
#2290=AXIS2_PLACEMENT_3D('',#3294,#2620,#2621);
#2291=AXIS2_PLACEMENT_3D('',#3295,#2622,#2623);
#2292=AXIS2_PLACEMENT_3D('',#3297,#2624,#2625);
#2293=AXIS2_PLACEMENT_3D('',#3298,#2626,#2627);
#2294=AXIS2_PLACEMENT_3D('',#3299,#2628,#2629);
#2295=AXIS2_PLACEMENT_3D('',#3301,#2631,#2632);
#2296=AXIS2_PLACEMENT_3D('',#3303,#2634,#2635);
#2297=AXIS2_PLACEMENT_3D('',#3305,#2637,#2638);
#2298=AXIS2_PLACEMENT_3D('',#3307,#2640,#2641);
#2299=AXIS2_PLACEMENT_3D('',#3309,#2642,#2643);
#2300=AXIS2_PLACEMENT_3D('',#3311,#2645,#2646);
#2301=AXIS2_PLACEMENT_3D('',#3312,#2647,#2648);
#2302=AXIS2_PLACEMENT_3D('',#3317,#2650,#2651);
#2303=AXIS2_PLACEMENT_3D('',#3319,#2652,#2653);
#2304=AXIS2_PLACEMENT_3D('',#3320,#2654,#2655);
#2305=AXIS2_PLACEMENT_3D('',#3321,#2656,#2657);
#2306=AXIS2_PLACEMENT_3D('',#3330,#2662,#2663);
#2307=AXIS2_PLACEMENT_3D('',#3337,#2668,#2669);
#2308=AXIS2_PLACEMENT_3D('',#3343,#2672,#2673);
#2309=AXIS2_PLACEMENT_3D('',#3347,#2675,#2676);
#2310=AXIS2_PLACEMENT_3D('',#3351,#2678,#2679);
#2311=AXIS2_PLACEMENT_3D('',#3356,#2682,#2683);
#2312=AXIS2_PLACEMENT_3D('',#3360,#2685,#2686);
#2313=AXIS2_PLACEMENT_3D('',#3363,#2688,#2689);
#2314=AXIS2_PLACEMENT_3D('',#3364,#2690,#2691);
#2315=AXIS2_PLACEMENT_3D('',#3375,#2696,#2697);
#2316=AXIS2_PLACEMENT_3D('',#3379,#2699,#2700);
#2317=AXIS2_PLACEMENT_3D('',#3383,#2702,#2703);
#2318=AXIS2_PLACEMENT_3D('',#3387,#2705,#2706);
#2319=AXIS2_PLACEMENT_3D('',#3403,#2714,#2715);
#2320=AXIS2_PLACEMENT_3D('',#3406,#2717,#2718);
#2321=AXIS2_PLACEMENT_3D('',#3408,#2719,#2720);
#2322=AXIS2_PLACEMENT_3D('',#3410,#2721,#2722);
#2323=AXIS2_PLACEMENT_3D('',#3412,#2723,#2724);
#2324=AXIS2_PLACEMENT_3D('',#3413,#2725,#2726);
#2325=AXIS2_PLACEMENT_3D('',#3419,#2730,#2731);
#2326=AXIS2_PLACEMENT_3D('',#3425,#2735,#2736);
#2327=AXIS2_PLACEMENT_3D('',#3429,#2739,#2740);
#2328=AXIS2_PLACEMENT_3D('',#3433,#2743,#2744);
#2329=AXIS2_PLACEMENT_3D('',#3437,#2747,#2748);
#2330=AXIS2_PLACEMENT_3D('',#3441,#2751,#2752);
#2331=AXIS2_PLACEMENT_3D('',#3445,#2754,#2755);
#2332=AXIS2_PLACEMENT_3D('',#3454,#2760,#2761);
#2333=AXIS2_PLACEMENT_3D('',#3463,#2767,#2768);
#2334=AXIS2_PLACEMENT_3D('',#3467,#2771,#2772);
#2335=AXIS2_PLACEMENT_3D('',#3471,#2775,#2776);
#2336=AXIS2_PLACEMENT_3D('',#3481,#2782,#2783);
#2337=AXIS2_PLACEMENT_3D('',#3487,#2786,#2787);
#2338=AXIS2_PLACEMENT_3D('',#3489,#2789,#2790);
#2339=AXIS2_PLACEMENT_3D('',#3492,#2793,#2794);
#2340=AXIS2_PLACEMENT_3D('',#3493,#2795,#2796);
#2341=AXIS2_PLACEMENT_3D('',#3495,#2798,#2799);
#2342=AXIS2_PLACEMENT_3D('',#3497,#2801,#2802);
#2343=AXIS2_PLACEMENT_3D('',#3499,#2804,#2805);
#2344=AXIS2_PLACEMENT_3D('',#3501,#2807,#2808);
#2345=AXIS2_PLACEMENT_3D('',#3502,#2809,#2810);
#2346=AXIS2_PLACEMENT_3D('',#3508,#2814,#2815);
#2347=AXIS2_PLACEMENT_3D('',#3511,#2816,#2817);
#2348=AXIS2_PLACEMENT_3D('',#3515,#2819,#2820);
#2349=AXIS2_PLACEMENT_3D('',#3517,#2822,#2823);
#2350=AXIS2_PLACEMENT_3D('',#3521,#2825,#2826);
#2351=AXIS2_PLACEMENT_3D('',#3525,#2828,#2829);
#2352=AXIS2_PLACEMENT_3D('',#3529,#2831,#2832);
#2353=AXIS2_PLACEMENT_3D('',#3533,#2834,#2835);
#2354=AXIS2_PLACEMENT_3D('',#3535,#2837,#2838);
#2355=AXIS2_PLACEMENT_3D('',#3539,#2841,#2842);
#2356=AXIS2_PLACEMENT_3D('',#3543,#2844,#2845);
#2357=AXIS2_PLACEMENT_3D('',#3545,#2847,#2848);
#2358=AXIS2_PLACEMENT_3D('',#3549,#2851,#2852);
#2359=AXIS2_PLACEMENT_3D('',#3551,#2853,#2854);
#2360=AXIS2_PLACEMENT_3D('',#3553,#2856,#2857);
#2361=AXIS2_PLACEMENT_3D('',#3557,#2860,#2861);
#2362=AXIS2_PLACEMENT_3D('',#3559,#2862,#2863);
#2363=AXIS2_PLACEMENT_3D('',#3561,#2865,#2866);
#2364=AXIS2_PLACEMENT_3D('',#3563,#2868,#2869);
#2365=AXIS2_PLACEMENT_3D('',#3572,#2874,#2875);
#2366=AXIS2_PLACEMENT_3D('',#3581,#2880,#2881);
#2367=AXIS2_PLACEMENT_3D('',#3587,#2885,#2886);
#2368=AXIS2_PLACEMENT_3D('',#3589,#2887,#2888);
#2369=AXIS2_PLACEMENT_3D('',#3591,#2890,#2891);
#2370=AXIS2_PLACEMENT_3D('',#3592,#2892,#2893);
#2371=AXIS2_PLACEMENT_3D('',#3594,#2895,#2896);
#2372=AXIS2_PLACEMENT_3D('',#3595,#2897,#2898);
#2373=AXIS2_PLACEMENT_3D('',#3596,#2899,#2900);
#2374=AXIS2_PLACEMENT_3D('',#3605,#2905,#2906);
#2375=AXIS2_PLACEMENT_3D('',#3608,#2909,#2910);
#2376=AXIS2_PLACEMENT_3D('',#3609,#2911,#2912);
#2377=AXIS2_PLACEMENT_3D('',#3610,#2913,#2914);
#2378=AXIS2_PLACEMENT_3D('',#3611,#2915,#2916);
#2379=AXIS2_PLACEMENT_3D('',#3612,#2917,#2918);
#2380=AXIS2_PLACEMENT_3D('',#3613,#2919,#2920);
#2381=AXIS2_PLACEMENT_3D('',#3614,#2921,#2922);
#2382=AXIS2_PLACEMENT_3D('',#3615,#2923,#2924);
#2383=AXIS2_PLACEMENT_3D('',#3619,#2926,#2927);
#2384=AXIS2_PLACEMENT_3D('',#3621,#2929,#2930);
#2385=AXIS2_PLACEMENT_3D('',#3625,#2933,#2934);
#2386=AXIS2_PLACEMENT_3D('',#3626,#2935,#2936);
#2387=AXIS2_PLACEMENT_3D('',#3627,#2937,#2938);
#2388=AXIS2_PLACEMENT_3D('',#3628,#2939,#2940);
#2389=AXIS2_PLACEMENT_3D('',#3629,#2941,#2942);
#2390=AXIS2_PLACEMENT_3D('',#3631,#2944,#2945);
#2391=AXIS2_PLACEMENT_3D('',#3637,#2949,#2950);
#2392=AXIS2_PLACEMENT_3D('',#3639,#2951,#2952);
#2393=AXIS2_PLACEMENT_3D('',#3641,#2954,#2955);
#2394=AXIS2_PLACEMENT_3D('',#3643,#2956,#2957);
#2395=AXIS2_PLACEMENT_3D('',#3645,#2959,#2960);
#2396=AXIS2_PLACEMENT_3D('',#3646,#2961,#2962);
#2397=AXIS2_PLACEMENT_3D('',#3648,#2963,#2964);
#2398=AXIS2_PLACEMENT_3D('',#3649,#2965,#2966);
#2399=AXIS2_PLACEMENT_3D('',#3651,#2967,#2968);
#2400=AXIS2_PLACEMENT_3D('',#3652,#2969,#2970);
#2401=AXIS2_PLACEMENT_3D('',#3653,#2971,#2972);
#2402=AXIS2_PLACEMENT_3D('',#3659,#2976,#2977);
#2403=AXIS2_PLACEMENT_3D('',#3661,#2978,#2979);
#2404=AXIS2_PLACEMENT_3D('',#3663,#2980,#2981);
#2405=AXIS2_PLACEMENT_3D('',#3665,#2983,#2984);
#2406=AXIS2_PLACEMENT_3D('',#3676,#2985,#2986);
#2407=AXIS2_PLACEMENT_3D('',#3687,#2987,#2988);
#2408=AXIS2_PLACEMENT_3D('',#3690,#2989,#2990);
#2409=AXIS2_PLACEMENT_3D('',#3699,#2993,#2994);
#2410=AXIS2_PLACEMENT_3D('',#3704,#2995,#2996);
#2411=AXIS2_PLACEMENT_3D('',#3705,#2997,#2998);
#2412=AXIS2_PLACEMENT_3D('',#3707,#3000,#3001);
#2413=AXIS2_PLACEMENT_3D('',#3709,#3003,#3004);
#2414=AXIS2_PLACEMENT_3D('',#3711,#3006,#3007);
#2415=AXIS2_PLACEMENT_3D('',#3712,#3008,#3009);
#2416=AXIS2_PLACEMENT_3D('',#3714,#3010,#3011);
#2417=AXIS2_PLACEMENT_3D('',#3718,#3013,#3014);
#2418=AXIS2_PLACEMENT_3D('',#3724,#3015,#3016);
#2419=AXIS2_PLACEMENT_3D('',#3728,#3017,#3018);
#2420=AXIS2_PLACEMENT_3D('',#3730,#3020,#3021);
#2421=AXIS2_PLACEMENT_3D('',#3731,#3022,#3023);
#2422=AXIS2_PLACEMENT_3D('',#3734,#3026,#3027);
#2423=AXIS2_PLACEMENT_3D('',#3736,#3029,#3030);
#2424=AXIS2_PLACEMENT_3D('',#3738,#3032,#3033);
#2425=AXIS2_PLACEMENT_3D('',#3739,#3034,#3035);
#2426=AXIS2_PLACEMENT_3D('',#3741,#3037,#3038);
#2427=AXIS2_PLACEMENT_3D('',#3743,#3040,#3041);
#2428=AXIS2_PLACEMENT_3D('',#3745,#3043,#3044);
#2429=AXIS2_PLACEMENT_3D('',#3747,#3046,#3047);
#2430=AXIS2_PLACEMENT_3D('',#3749,#3049,#3050);
#2431=AXIS2_PLACEMENT_3D('',#3751,#3052,#3053);
#2432=AXIS2_PLACEMENT_3D('',#3754,#3056,#3057);
#2433=AXIS2_PLACEMENT_3D('',#3756,#3059,#3060);
#2434=AXIS2_PLACEMENT_3D('',#3758,#3062,#3063);
#2435=DIRECTION('axis',(0.,0.,1.));
#2436=DIRECTION('refdir',(1.,0.,0.));
#2437=DIRECTION('center_axis',(0.,0.550406514324268,0.834896801400874));
#2438=DIRECTION('ref_axis',(-0.707106781186547,0.590361189861516,-0.389196178687941));
#2439=DIRECTION('center_axis',(0.,-0.550406514324271,-0.834896801400872));
#2440=DIRECTION('ref_axis',(-0.707106781186547,0.590361189861516,-0.389196178687941));
#2441=DIRECTION('',(0.,-0.550406514324268,-0.834896801400874));
#2442=DIRECTION('center_axis',(0.,0.550406514324271,0.834896801400872));
#2443=DIRECTION('ref_axis',(-0.707106781186547,0.590361189861516,-0.389196178687941));
#2444=DIRECTION('',(0.,0.550406514324268,0.834896801400874));
#2445=DIRECTION('center_axis',(-1.,0.,0.));
#2446=DIRECTION('ref_axis',(0.,0.550406514324271,0.834896801400872));
#2447=DIRECTION('',(0.,0.834896801400872,-0.550406514324271));
#2448=DIRECTION('',(0.,-0.550406514324271,-0.834896801400872));
#2449=DIRECTION('',(0.,0.834896801400872,-0.550406514324271));
#2450=DIRECTION('center_axis',(0.,-0.550406514324271,-0.834896801400872));
#2451=DIRECTION('ref_axis',(-1.,0.,0.));
#2452=DIRECTION('',(-1.,0.,0.));
#2453=DIRECTION('center_axis',(0.,0.550406514324271,0.834896801400872));
#2454=DIRECTION('ref_axis',(0.707106781186548,0.590361189861517,-0.389196178687939));
#2455=DIRECTION('',(0.,0.834896801400872,-0.550406514324271));
#2456=DIRECTION('',(1.,0.,0.));
#2457=DIRECTION('',(0.,0.834896801400872,-0.550406514324271));
#2458=DIRECTION('',(1.,0.,0.));
#2459=DIRECTION('',(0.,0.834896801400872,-0.550406514324271));
#2460=DIRECTION('',(1.,0.,0.));
#2461=DIRECTION('center_axis',(0.,-0.550406514324268,-0.834896801400874));
#2462=DIRECTION('ref_axis',(0.707106781186548,0.590361189861517,-0.389196178687939));
#2463=DIRECTION('',(0.,0.550406514324268,0.834896801400874));
#2464=DIRECTION('center_axis',(0.,-0.550406514324271,-0.834896801400872));
#2465=DIRECTION('ref_axis',(0.707106781186548,0.590361189861517,-0.389196178687939));
#2466=DIRECTION('',(0.,-0.550406514324268,-0.834896801400874));
#2467=DIRECTION('center_axis',(1.,0.,0.));
#2468=DIRECTION('ref_axis',(0.,-0.550406514324271,-0.834896801400872));
#2469=DIRECTION('',(0.,0.834896801400874,-0.550406514324268));
#2470=DIRECTION('',(0.,0.550406514324271,0.834896801400872));
#2471=DIRECTION('center_axis',(0.,0.834896801400874,-0.550406514324268));
#2472=DIRECTION('ref_axis',(-1.,0.,0.));
#2473=DIRECTION('',(1.,0.,0.));
#2474=DIRECTION('center_axis',(0.,-0.834896801400872,0.55040651432427));
#2475=DIRECTION('ref_axis',(0.,-0.55040651432427,-0.834896801400872));
#2476=DIRECTION('',(0.,-0.55040651432427,-0.834896801400872));
#2477=DIRECTION('',(1.,0.,0.));
#2478=DIRECTION('',(0.,0.55040651432427,0.834896801400872));
#2479=DIRECTION('center_axis',(1.,0.,0.));
#2480=DIRECTION('ref_axis',(0.,-0.550406514324271,-0.834896801400872));
#2481=DIRECTION('',(0.,0.834896801400872,-0.550406514324271));
#2482=DIRECTION('',(0.,0.550406514324271,0.834896801400872));
#2483=DIRECTION('center_axis',(-1.,0.,0.));
#2484=DIRECTION('ref_axis',(0.,0.550406514324271,0.834896801400872));
#2485=DIRECTION('',(0.,-0.550406514324271,-0.834896801400872));
#2486=DIRECTION('',(0.,0.834896801400872,-0.550406514324271));
#2487=DIRECTION('center_axis',(0.,0.550406514324271,0.834896801400872));
#2488=DIRECTION('ref_axis',(1.,0.,0.));
#2489=DIRECTION('',(-1.,0.,0.));
#2490=DIRECTION('',(-1.,0.,0.));
#2491=DIRECTION('center_axis',(0.,0.,1.));
#2492=DIRECTION('ref_axis',(1.,0.,0.));
#2493=DIRECTION('center_axis',(0.,0.,1.));
#2494=DIRECTION('ref_axis',(1.,0.,0.));
#2495=DIRECTION('',(0.,0.,1.));
#2496=DIRECTION('center_axis',(0.,0.,-1.));
#2497=DIRECTION('ref_axis',(1.,0.,0.));
#2498=DIRECTION('center_axis',(0.,0.,-1.));
#2499=DIRECTION('ref_axis',(1.,0.,0.));
#2500=DIRECTION('center_axis',(0.,0.,1.));
#2501=DIRECTION('ref_axis',(-1.,0.,0.));
#2502=DIRECTION('center_axis',(0.,0.,1.));
#2503=DIRECTION('ref_axis',(-1.,0.,0.));
#2504=DIRECTION('center_axis',(0.,0.,1.));
#2505=DIRECTION('ref_axis',(0.,-1.,0.));
#2506=DIRECTION('center_axis',(0.,0.,1.));
#2507=DIRECTION('ref_axis',(-1.,0.,0.));
#2508=DIRECTION('center_axis',(0.,0.,1.));
#2509=DIRECTION('ref_axis',(-1.,0.,0.));
#2510=DIRECTION('center_axis',(0.,0.,1.));
#2511=DIRECTION('ref_axis',(0.,-1.,0.));
#2512=DIRECTION('center_axis',(0.,0.,1.));
#2513=DIRECTION('ref_axis',(-1.,0.,0.));
#2514=DIRECTION('center_axis',(0.,0.,1.));
#2515=DIRECTION('ref_axis',(0.,-1.,0.));
#2516=DIRECTION('center_axis',(0.,0.,1.));
#2517=DIRECTION('ref_axis',(-1.,0.,0.));
#2518=DIRECTION('center_axis',(0.,0.,1.));
#2519=DIRECTION('ref_axis',(0.,-1.,0.));
#2520=DIRECTION('center_axis',(0.,0.,1.));
#2521=DIRECTION('ref_axis',(-1.,0.,0.));
#2522=DIRECTION('center_axis',(0.,0.,1.));
#2523=DIRECTION('ref_axis',(-1.,0.,0.));
#2524=DIRECTION('center_axis',(0.,0.,1.));
#2525=DIRECTION('ref_axis',(-1.,0.,0.));
#2526=DIRECTION('center_axis',(0.,0.,1.));
#2527=DIRECTION('ref_axis',(-1.,0.,0.));
#2528=DIRECTION('center_axis',(0.,0.,1.));
#2529=DIRECTION('ref_axis',(-1.,0.,0.));
#2530=DIRECTION('center_axis',(0.,0.,1.));
#2531=DIRECTION('ref_axis',(-1.,0.,0.));
#2532=DIRECTION('',(0.,0.,-1.));
#2533=DIRECTION('center_axis',(0.,0.,1.));
#2534=DIRECTION('ref_axis',(0.,-1.,0.));
#2535=DIRECTION('',(0.,0.,1.));
#2536=DIRECTION('',(0.,0.,-1.));
#2537=DIRECTION('center_axis',(0.,0.,1.));
#2538=DIRECTION('ref_axis',(0.,-1.,0.));
#2539=DIRECTION('',(0.,0.,1.));
#2540=DIRECTION('center_axis',(-1.,0.,0.));
#2541=DIRECTION('ref_axis',(0.,1.,0.));
#2542=DIRECTION('',(0.,1.,0.));
#2543=DIRECTION('',(0.,0.,-1.));
#2544=DIRECTION('',(0.,1.,0.));
#2545=DIRECTION('',(0.,0.,-1.));
#2546=DIRECTION('center_axis',(0.,-1.,0.));
#2547=DIRECTION('ref_axis',(-1.,0.,0.));
#2548=DIRECTION('',(-1.,0.,0.));
#2549=DIRECTION('',(0.,0.,1.));
#2550=DIRECTION('',(-1.,0.,0.));
#2551=DIRECTION('center_axis',(0.,-1.,0.));
#2552=DIRECTION('ref_axis',(-1.,0.,0.));
#2553=DIRECTION('',(-1.,0.,0.));
#2554=DIRECTION('',(0.,0.,-1.));
#2555=DIRECTION('',(-1.,0.,0.));
#2556=DIRECTION('',(0.,0.,-1.));
#2557=DIRECTION('center_axis',(1.,0.,0.));
#2558=DIRECTION('ref_axis',(0.,-1.,0.));
#2559=DIRECTION('',(0.,-1.,0.));
#2560=DIRECTION('',(0.,0.,-1.));
#2561=DIRECTION('',(0.,-1.,0.));
#2562=DIRECTION('center_axis',(-6.16790569236198E-17,1.,0.));
#2563=DIRECTION('ref_axis',(1.,6.16790569236198E-17,0.));
#2564=DIRECTION('',(1.,6.16790569236198E-17,0.));
#2565=DIRECTION('',(0.,0.,1.));
#2566=DIRECTION('',(1.,6.16790569236198E-17,0.));
#2567=DIRECTION('center_axis',(-6.16790569236198E-17,1.,0.));
#2568=DIRECTION('ref_axis',(1.,6.16790569236198E-17,0.));
#2569=DIRECTION('',(1.,6.16790569236198E-17,0.));
#2570=DIRECTION('',(1.,6.16790569236198E-17,0.));
#2571=DIRECTION('',(0.,0.,-1.));
#2572=DIRECTION('center_axis',(0.,0.,1.));
#2573=DIRECTION('ref_axis',(-1.,0.,0.));
#2574=DIRECTION('center_axis',(0.,0.,1.));
#2575=DIRECTION('ref_axis',(1.,0.,0.));
#2576=DIRECTION('center_axis',(0.,0.,1.));
#2577=DIRECTION('ref_axis',(1.,0.,0.));
#2578=DIRECTION('center_axis',(0.,0.,1.));
#2579=DIRECTION('ref_axis',(1.,0.,0.));
#2580=DIRECTION('center_axis',(0.,0.,1.));
#2581=DIRECTION('ref_axis',(-1.,0.,0.));
#2582=DIRECTION('center_axis',(0.,0.,1.));
#2583=DIRECTION('ref_axis',(1.,0.,0.));
#2584=DIRECTION('center_axis',(0.,0.,1.));
#2585=DIRECTION('ref_axis',(-1.,0.,0.));
#2586=DIRECTION('center_axis',(0.,0.,1.));
#2587=DIRECTION('ref_axis',(1.,0.,0.));
#2588=DIRECTION('center_axis',(0.,0.,1.));
#2589=DIRECTION('ref_axis',(-1.,0.,0.));
#2590=DIRECTION('center_axis',(0.,0.,1.));
#2591=DIRECTION('ref_axis',(-1.,0.,0.));
#2592=DIRECTION('center_axis',(0.,0.,1.));
#2593=DIRECTION('ref_axis',(1.,0.,0.));
#2594=DIRECTION('center_axis',(0.,0.,1.));
#2595=DIRECTION('ref_axis',(1.,0.,0.));
#2596=DIRECTION('center_axis',(0.,0.,-1.));
#2597=DIRECTION('ref_axis',(1.,0.,0.));
#2598=DIRECTION('',(0.,0.,-1.));
#2599=DIRECTION('center_axis',(0.,0.,-1.));
#2600=DIRECTION('ref_axis',(1.,0.,0.));
#2601=DIRECTION('',(0.,0.,-1.));
#2602=DIRECTION('center_axis',(0.,0.,1.));
#2603=DIRECTION('ref_axis',(0.,-1.,0.));
#2604=DIRECTION('',(0.,0.,1.));
#2605=DIRECTION('',(0.,0.,-1.));
#2606=DIRECTION('center_axis',(0.,0.,1.));
#2607=DIRECTION('ref_axis',(0.,-1.,0.));
#2608=DIRECTION('',(0.,0.,1.));
#2609=DIRECTION('center_axis',(0.,0.,-1.));
#2610=DIRECTION('ref_axis',(-1.,0.,0.));
#2611=DIRECTION('',(-1.,0.,0.));
#2612=DIRECTION('',(0.,-1.,0.));
#2613=DIRECTION('center_axis',(0.,0.,-1.));
#2614=DIRECTION('ref_axis',(1.,0.,0.));
#2615=DIRECTION('',(0.,1.,0.));
#2616=DIRECTION('center_axis',(0.,0.,1.));
#2617=DIRECTION('ref_axis',(-1.,0.,0.));
#2618=DIRECTION('center_axis',(0.,0.,1.));
#2619=DIRECTION('ref_axis',(-1.,0.,0.));
#2620=DIRECTION('center_axis',(0.,0.,1.));
#2621=DIRECTION('ref_axis',(-1.,0.,0.));
#2622=DIRECTION('center_axis',(0.,0.,1.));
#2623=DIRECTION('ref_axis',(-1.,0.,0.));
#2624=DIRECTION('center_axis',(0.,0.,1.));
#2625=DIRECTION('ref_axis',(-1.,0.,0.));
#2626=DIRECTION('center_axis',(0.,0.,1.));
#2627=DIRECTION('ref_axis',(-1.,0.,0.));
#2628=DIRECTION('center_axis',(0.,0.,1.));
#2629=DIRECTION('ref_axis',(1.,0.,0.));
#2630=DIRECTION('',(0.,0.,-1.));
#2631=DIRECTION('center_axis',(0.,0.,1.));
#2632=DIRECTION('ref_axis',(1.,0.,0.));
#2633=DIRECTION('',(0.,0.,-1.));
#2634=DIRECTION('center_axis',(0.,0.,1.));
#2635=DIRECTION('ref_axis',(1.,0.,0.));
#2636=DIRECTION('',(0.,0.,-1.));
#2637=DIRECTION('center_axis',(0.,0.,1.));
#2638=DIRECTION('ref_axis',(1.,0.,0.));
#2639=DIRECTION('',(0.,0.,-1.));
#2640=DIRECTION('center_axis',(0.,0.,1.));
#2641=DIRECTION('ref_axis',(1.,0.,0.));
#2642=DIRECTION('center_axis',(0.,0.,-1.));
#2643=DIRECTION('ref_axis',(1.,0.,0.));
#2644=DIRECTION('',(0.,0.,-1.));
#2645=DIRECTION('center_axis',(0.,0.,-1.));
#2646=DIRECTION('ref_axis',(1.,0.,0.));
#2647=DIRECTION('center_axis',(0.,0.,1.));
#2648=DIRECTION('ref_axis',(1.,0.,0.));
#2649=DIRECTION('',(1.,0.,0.));
#2650=DIRECTION('center_axis',(0.,0.,-1.));
#2651=DIRECTION('ref_axis',(1.,0.,0.));
#2652=DIRECTION('center_axis',(0.,0.,1.));
#2653=DIRECTION('ref_axis',(1.,0.,0.));
#2654=DIRECTION('center_axis',(0.,-1.85037170770859E-16,-1.));
#2655=DIRECTION('ref_axis',(1.,0.,0.));
#2656=DIRECTION('center_axis',(0.,1.,0.));
#2657=DIRECTION('ref_axis',(-1.,0.,0.));
#2658=DIRECTION('',(-1.,0.,0.));
#2659=DIRECTION('',(0.,0.,1.));
#2660=DIRECTION('',(-1.,0.,0.));
#2661=DIRECTION('',(0.,0.,1.));
#2662=DIRECTION('center_axis',(0.,1.85037170770859E-16,1.));
#2663=DIRECTION('ref_axis',(0.,-1.,1.85037170770859E-16));
#2664=DIRECTION('',(0.,-1.,1.85037170770859E-16));
#2665=DIRECTION('',(1.,0.,0.));
#2666=DIRECTION('',(1.,0.,0.));
#2667=DIRECTION('',(0.,1.,-1.85037170770859E-16));
#2668=DIRECTION('center_axis',(0.,0.,1.));
#2669=DIRECTION('ref_axis',(6.12323399573677E-17,-1.,0.));
#2670=DIRECTION('',(0.,0.,1.));
#2671=DIRECTION('',(0.,0.,-1.));
#2672=DIRECTION('center_axis',(0.,-0.707106781186548,0.707106781186547));
#2673=DIRECTION('ref_axis',(0.,0.707106781186547,0.707106781186548));
#2674=DIRECTION('',(0.,0.,-1.));
#2675=DIRECTION('center_axis',(0.,-0.707106781186547,-0.707106781186548));
#2676=DIRECTION('ref_axis',(0.,0.707106781186548,-0.707106781186547));
#2677=DIRECTION('',(0.,0.,-1.));
#2678=DIRECTION('center_axis',(0.,0.,1.));
#2679=DIRECTION('ref_axis',(1.,0.,0.));
#2680=DIRECTION('',(0.,0.,-1.));
#2681=DIRECTION('',(0.,0.,1.));
#2682=DIRECTION('center_axis',(0.,0.,1.));
#2683=DIRECTION('ref_axis',(1.,0.,0.));
#2684=DIRECTION('',(0.,0.,1.));
#2685=DIRECTION('center_axis',(0.,-0.707106781186547,-0.707106781186548));
#2686=DIRECTION('ref_axis',(0.,0.707106781186548,-0.707106781186547));
#2687=DIRECTION('',(0.,0.,1.));
#2688=DIRECTION('center_axis',(0.,-0.707106781186548,0.707106781186547));
#2689=DIRECTION('ref_axis',(0.,0.707106781186547,0.707106781186548));
#2690=DIRECTION('center_axis',(-1.87970762572194E-31,-0.84282437967452,
0.538188689054556));
#2691=DIRECTION('ref_axis',(1.,1.27468686875606E-15,1.99620912012456E-15));
#2692=DIRECTION('',(0.,-0.538188689054556,-0.842824379674519));
#2693=DIRECTION('',(-1.,1.5765018593641E-31,-1.02379227816104E-31));
#2694=DIRECTION('',(0.,0.538188689054556,0.842824379674519));
#2695=DIRECTION('',(1.,1.27468686875606E-15,1.99620912012456E-15));
#2696=DIRECTION('center_axis',(-1.87970762572194E-31,-0.84282437967452,
0.538188689054556));
#2697=DIRECTION('ref_axis',(0.707106781186549,-0.380556871588374,-0.595966834217197));
#2698=DIRECTION('',(-2.368475785867E-15,0.538188689054556,0.842824379674519));
#2699=DIRECTION('center_axis',(-1.87970762572194E-31,-0.84282437967452,
0.538188689054556));
#2700=DIRECTION('ref_axis',(0.707106781186546,0.380556871588375,0.595966834217199));
#2701=DIRECTION('',(-1.,-1.27468687825322E-15,-1.99620913499747E-15));
#2702=DIRECTION('center_axis',(-1.87970762572194E-31,-0.84282437967452,
0.538188689054556));
#2703=DIRECTION('ref_axis',(-0.707106781186549,0.380556871588376,0.595966834217196));
#2704=DIRECTION('',(2.368475785867E-15,-0.538188689054556,-0.842824379674519));
#2705=DIRECTION('center_axis',(-1.87970762572194E-31,-0.84282437967452,
0.538188689054556));
#2706=DIRECTION('ref_axis',(-0.707106781186546,-0.380556871588375,-0.595966834217199));
#2707=DIRECTION('',(1.,1.27468686875606E-15,1.99620912012456E-15));
#2708=DIRECTION('',(-1.,1.45829432062969E-31,-1.20890987266437E-31));
#2709=DIRECTION('',(-2.5790878136561E-16,-0.538188689054556,-0.842824379674519));
#2710=DIRECTION('',(-1.,1.58426341361856E-31,-1.01163738289314E-31));
#2711=DIRECTION('',(0.,0.538188689054556,0.842824379674519));
#2712=DIRECTION('',(1.,-1.58426341361856E-31,1.01163738289314E-31));
#2713=DIRECTION('',(0.,-0.538188689054556,-0.842824379674519));
#2714=DIRECTION('center_axis',(1.87970762572194E-31,0.84282437967452,-0.538188689054556));
#2715=DIRECTION('ref_axis',(0.939120135249584,-0.184915690495308,-0.289585149787497));
#2716=DIRECTION('',(0.,-0.538188689054556,-0.842824379674519));
#2717=DIRECTION('center_axis',(1.87970762572194E-31,0.84282437967452,-0.538188689054556));
#2718=DIRECTION('ref_axis',(-1.,0.,0.));
#2719=DIRECTION('center_axis',(1.87970762572194E-31,0.84282437967452,-0.538188689054556));
#2720=DIRECTION('ref_axis',(-1.,0.,0.));
#2721=DIRECTION('center_axis',(1.87970762572194E-31,0.84282437967452,-0.538188689054556));
#2722=DIRECTION('ref_axis',(-1.,0.,0.));
#2723=DIRECTION('center_axis',(1.87970762572194E-31,0.84282437967452,-0.538188689054556));
#2724=DIRECTION('ref_axis',(-1.,0.,0.));
#2725=DIRECTION('center_axis',(-1.,0.,0.));
#2726=DIRECTION('ref_axis',(0.,-0.538188689054556,-0.842824379674519));
#2727=DIRECTION('',(0.,0.538188689054556,0.842824379674519));
#2728=DIRECTION('',(0.,-0.842824379674519,0.538188689054556));
#2729=DIRECTION('',(0.,-0.842824379674519,0.538188689054556));
#2730=DIRECTION('center_axis',(-1.,0.,0.));
#2731=DIRECTION('ref_axis',(0.,-0.538188689054556,-0.842824379674519));
#2732=DIRECTION('',(0.,0.538188689054556,0.842824379674519));
#2733=DIRECTION('',(0.,-0.842824379674519,0.538188689054556));
#2734=DIRECTION('',(0.,-0.842824379674519,0.538188689054556));
#2735=DIRECTION('center_axis',(-2.2990052930329E-46,-0.538188689054556,
-0.842824379674519));
#2736=DIRECTION('ref_axis',(1.,-1.58426341361856E-31,1.01163738289314E-31));
#2737=DIRECTION('',(-1.,1.58426341361856E-31,-1.01163738289314E-31));
#2738=DIRECTION('',(0.,-0.842824379674519,0.538188689054556));
#2739=DIRECTION('center_axis',(1.,0.,0.));
#2740=DIRECTION('ref_axis',(0.,0.538188689054556,0.842824379674519));
#2741=DIRECTION('',(0.,-0.538188689054556,-0.842824379674519));
#2742=DIRECTION('',(0.,-0.842824379674519,0.538188689054556));
#2743=DIRECTION('center_axis',(2.2990052930329E-46,0.538188689054556,0.842824379674519));
#2744=DIRECTION('ref_axis',(-1.,1.58426341361856E-31,-1.01163738289314E-31));
#2745=DIRECTION('',(1.,-1.58426341361856E-31,1.01163738289314E-31));
#2746=DIRECTION('',(0.,-0.842824379674519,0.538188689054556));
#2747=DIRECTION('center_axis',(-2.34061204835351E-32,0.538188689054556,
0.842824379674519));
#2748=DIRECTION('ref_axis',(-1.,1.45829432062969E-31,-1.20890987266437E-31));
#2749=DIRECTION('',(1.,-1.45829432062969E-31,1.20890987266437E-31));
#2750=DIRECTION('',(0.,-0.842824379674519,0.538188689054556));
#2751=DIRECTION('center_axis',(1.,0.,0.));
#2752=DIRECTION('ref_axis',(0.,-0.139173100960065,-0.99026806874157));
#2753=DIRECTION('',(0.,1.,2.63830095409984E-17));
#2754=DIRECTION('center_axis',(1.,0.,0.));
#2755=DIRECTION('ref_axis',(0.,6.83214169000097E-16,-1.));
#2756=DIRECTION('',(0.,0.550406514324271,0.834896801400872));
#2757=DIRECTION('',(0.,0.842824379674519,-0.538188689054556));
#2758=DIRECTION('',(0.,-0.838670567945424,0.544639035015027));
#2759=DIRECTION('',(0.,-0.544639035015026,-0.838670567945425));
#2760=DIRECTION('center_axis',(1.,0.,0.));
#2761=DIRECTION('ref_axis',(0.,0.,-1.));
#2762=DIRECTION('',(0.,-1.,-1.86002920197408E-16));
#2763=DIRECTION('',(0.,-0.707106781186349,-0.707106781186746));
#2764=DIRECTION('',(0.,-1.,0.));
#2765=DIRECTION('',(0.,0.,1.));
#2766=DIRECTION('',(0.,-1.,0.));
#2767=DIRECTION('center_axis',(0.,-0.544639035015027,-0.838670567945424));
#2768=DIRECTION('ref_axis',(0.,-0.838670567945424,0.544639035015027));
#2769=DIRECTION('',(0.,0.838670567945424,-0.544639035015027));
#2770=DIRECTION('',(-1.,0.,0.));
#2771=DIRECTION('center_axis',(0.,-0.838670567945425,0.544639035015026));
#2772=DIRECTION('ref_axis',(0.,0.544639035015026,0.838670567945425));
#2773=DIRECTION('',(0.,0.544639035015026,0.838670567945425));
#2774=DIRECTION('',(-1.,0.,0.));
#2775=DIRECTION('center_axis',(-1.,0.,0.));
#2776=DIRECTION('ref_axis',(0.,0.139173100960065,0.99026806874157));
#2777=DIRECTION('',(0.,-1.,0.));
#2778=DIRECTION('',(0.,0.,-1.));
#2779=DIRECTION('',(0.,1.,0.));
#2780=DIRECTION('',(0.,0.707106781186349,0.707106781186746));
#2781=DIRECTION('',(0.,1.,1.86002920197408E-16));
#2782=DIRECTION('center_axis',(1.,0.,0.));
#2783=DIRECTION('ref_axis',(0.,0.,-1.));
#2784=DIRECTION('',(0.,0.842824379674519,-0.538188689054556));
#2785=DIRECTION('',(0.,-0.550406514324271,-0.834896801400872));
#2786=DIRECTION('center_axis',(-1.,0.,0.));
#2787=DIRECTION('ref_axis',(0.,6.83214169000097E-16,-1.));
#2788=DIRECTION('',(0.,-1.,-2.63830095409984E-17));
#2789=DIRECTION('center_axis',(0.,-0.707106781186746,0.707106781186349));
#2790=DIRECTION('ref_axis',(0.,0.707106781186349,0.707106781186746));
#2791=DIRECTION('',(-1.,0.,0.));
#2792=DIRECTION('',(-1.,0.,0.));
#2793=DIRECTION('center_axis',(0.,0.,1.));
#2794=DIRECTION('ref_axis',(0.,1.,0.));
#2795=DIRECTION('center_axis',(0.,2.63830095409984E-17,-1.));
#2796=DIRECTION('ref_axis',(0.,-1.,-2.63830095409984E-17));
#2797=DIRECTION('',(-1.,0.,0.));
#2798=DIRECTION('center_axis',(-1.,0.,0.));
#2799=DIRECTION('ref_axis',(0.,6.83214169000097E-16,-1.));
#2800=DIRECTION('',(-1.,0.,0.));
#2801=DIRECTION('center_axis',(0.,0.834896801400872,-0.550406514324271));
#2802=DIRECTION('ref_axis',(0.,-0.550406514324271,-0.834896801400872));
#2803=DIRECTION('',(-1.,-1.30376277006897E-15,-1.97764259358825E-15));
#2804=DIRECTION('center_axis',(-1.,0.,0.));
#2805=DIRECTION('ref_axis',(0.,0.,-1.));
#2806=DIRECTION('',(-1.,0.,0.));
#2807=DIRECTION('center_axis',(0.,-1.86002920197408E-16,1.));
#2808=DIRECTION('ref_axis',(0.,1.,1.86002920197408E-16));
#2809=DIRECTION('center_axis',(-2.36847576822048E-15,0.538188689054556,
0.84282437967452));
#2810=DIRECTION('ref_axis',(-1.,-1.27468686875606E-15,-1.99620912012456E-15));
#2811=DIRECTION('',(0.,-0.842824379674519,0.538188689054556));
#2812=DIRECTION('',(-1.,-1.27468686875606E-15,-1.99620912012456E-15));
#2813=DIRECTION('',(-3.27592979820491E-29,0.842824379674519,-0.538188689054556));
#2814=DIRECTION('center_axis',(0.,0.84282437967452,-0.538188689054556));
#2815=DIRECTION('ref_axis',(0.707106781186548,-0.380556871588376,-0.595966834217197));
#2816=DIRECTION('center_axis',(-2.82701857022613E-19,-0.842824379674519,
0.538188689054556));
#2817=DIRECTION('ref_axis',(0.707106781186548,-0.380556871588376,-0.595966834217197));
#2818=DIRECTION('',(0.,-0.842824379674519,0.538188689054556));
#2819=DIRECTION('center_axis',(0.,-0.842824379674519,0.538188689054556));
#2820=DIRECTION('ref_axis',(0.707106781186548,-0.380556871588376,-0.595966834217197));
#2821=DIRECTION('',(0.,0.842824379674519,-0.538188689054556));
#2822=DIRECTION('center_axis',(2.82701857022613E-19,0.842824379674519,-0.538188689054556));
#2823=DIRECTION('ref_axis',(-1.,2.38268017277918E-19,-1.52146941824289E-19));
#2824=DIRECTION('',(-1.,2.12322764979825E-16,-3.55123663398745E-16));
#2825=DIRECTION('center_axis',(-2.82701857022613E-19,-0.842824379674519,
0.538188689054556));
#2826=DIRECTION('ref_axis',(-0.707106781186548,-0.380556871588373,-0.595966834217199));
#2827=DIRECTION('',(7.33377412043939E-16,0.538188689054556,0.842824379674519));
#2828=DIRECTION('center_axis',(-2.82701857022613E-19,-0.842824379674519,
0.538188689054556));
#2829=DIRECTION('ref_axis',(-0.707106781186547,0.380556871588375,0.595966834217199));
#2830=DIRECTION('',(1.,-2.38268017277918E-19,1.52146941824288E-19));
#2831=DIRECTION('center_axis',(-2.82701857022613E-19,-0.842824379674519,
0.538188689054556));
#2832=DIRECTION('ref_axis',(0.707106781186547,0.380556871588375,0.595966834217199));
#2833=DIRECTION('',(0.,-0.538188689054556,-0.842824379674519));
#2834=DIRECTION('center_axis',(2.82701857022613E-19,0.842824379674519,-0.538188689054556));
#2835=DIRECTION('ref_axis',(0.347483138671864,0.504652123559001,0.790304816210897));
#2836=DIRECTION('',(7.17243095768355E-16,-0.538188689054559,-0.842824379674518));
#2837=DIRECTION('center_axis',(2.07075987620516E-30,-0.538188689054556,
-0.84282437967452));
#2838=DIRECTION('ref_axis',(-1.,4.11688005971015E-14,-2.62884930213562E-14));
#2839=DIRECTION('',(1.,1.11445954312163E-30,1.7452869081175E-30));
#2840=DIRECTION('',(0.,-0.842824379674519,0.538188689054556));
#2841=DIRECTION('center_axis',(0.,0.84282437967452,-0.538188689054556));
#2842=DIRECTION('ref_axis',(0.707106781186547,0.380556871588375,0.595966834217199));
#2843=DIRECTION('',(0.,-0.842824379674519,0.538188689054556));
#2844=DIRECTION('center_axis',(0.,-0.842824379674519,0.538188689054556));
#2845=DIRECTION('ref_axis',(0.707106781186547,0.380556871588375,0.595966834217199));
#2846=DIRECTION('',(0.,0.842824379674519,-0.538188689054556));
#2847=DIRECTION('center_axis',(1.,0.,0.));
#2848=DIRECTION('ref_axis',(0.,-0.538188689054556,-0.842824379674519));
#2849=DIRECTION('',(0.,0.538188689054556,0.842824379674519));
#2850=DIRECTION('',(0.,0.842824379674519,-0.538188689054556));
#2851=DIRECTION('center_axis',(0.,0.84282437967452,-0.538188689054556));
#2852=DIRECTION('ref_axis',(-0.707106781186548,-0.380556871588373,-0.595966834217199));
#2853=DIRECTION('center_axis',(0.,-0.842824379674519,0.538188689054556));
#2854=DIRECTION('ref_axis',(-0.707106781186548,-0.380556871588373,-0.595966834217199));
#2855=DIRECTION('',(0.,0.842824379674519,-0.538188689054556));
#2856=DIRECTION('center_axis',(-1.,0.,0.));
#2857=DIRECTION('ref_axis',(0.,0.538188689054477,0.84282437967457));
#2858=DIRECTION('',(0.,-0.538188689054556,-0.842824379674519));
#2859=DIRECTION('',(0.,-0.842824379674519,0.538188689054556));
#2860=DIRECTION('center_axis',(0.,0.84282437967452,-0.538188689054556));
#2861=DIRECTION('ref_axis',(-0.707106781186547,0.380556871588375,0.595966834217199));
#2862=DIRECTION('center_axis',(0.,-0.842824379674519,0.538188689054556));
#2863=DIRECTION('ref_axis',(-0.707106781186547,0.380556871588375,0.595966834217199));
#2864=DIRECTION('',(0.,0.842824379674519,-0.538188689054556));
#2865=DIRECTION('center_axis',(0.,0.538188689054556,0.84282437967452));
#2866=DIRECTION('ref_axis',(1.,0.,0.));
#2867=DIRECTION('',(-1.,0.,0.));
#2868=DIRECTION('center_axis',(0.,-0.84282437967452,0.538188689054555));
#2869=DIRECTION('ref_axis',(-1.,0.,0.));
#2870=DIRECTION('',(1.,0.,0.));
#2871=DIRECTION('',(0.,-0.538188689054556,-0.842824379674519));
#2872=DIRECTION('',(-1.,1.58426341361856E-31,-1.01163738289314E-31));
#2873=DIRECTION('',(0.,-0.538188689054555,-0.84282437967452));
#2874=DIRECTION('center_axis',(0.,0.538188689054555,0.84282437967452));
#2875=DIRECTION('ref_axis',(1.,0.,0.));
#2876=DIRECTION('',(1.,-1.58426341361856E-31,1.01163738289314E-31));
#2877=DIRECTION('',(0.,-0.842824379674519,0.538188689054557));
#2878=DIRECTION('',(-1.,7.92687056501373E-19,-5.0617331208874E-19));
#2879=DIRECTION('',(0.,-0.84282437967452,0.538188689054555));
#2880=DIRECTION('center_axis',(1.,1.27468687825325E-15,1.99620913499746E-15));
#2881=DIRECTION('ref_axis',(0.,0.842824379674512,-0.538188689054568));
#2882=DIRECTION('',(0.,-0.84282437967452,0.538188689054555));
#2883=DIRECTION('',(2.368475785867E-15,-0.538188689054556,-0.842824379674519));
#2884=DIRECTION('',(-3.25713272194769E-29,0.842824379674519,-0.538188689054556));
#2885=DIRECTION('center_axis',(3.25713272194769E-29,-0.842824379674519,
0.538188689054556));
#2886=DIRECTION('ref_axis',(0.707106781186546,0.380556871588375,0.595966834217199));
#2887=DIRECTION('center_axis',(0.,-0.842824379674519,0.538188689054556));
#2888=DIRECTION('ref_axis',(0.997905494489539,0.0348147106754503,0.0545211884332434));
#2889=DIRECTION('',(3.25713272194769E-29,-0.842824379674519,0.538188689054556));
#2890=DIRECTION('center_axis',(0.,0.638208432870132,0.769863621827562));
#2891=DIRECTION('ref_axis',(2.0872192862953E-15,-0.769863621827562,0.638208432870132));
#2892=DIRECTION('center_axis',(0.,-0.638208432870132,-0.769863621827562));
#2893=DIRECTION('ref_axis',(8.40057464551384E-15,-0.769863621827562,0.638208432870132));
#2894=DIRECTION('',(-2.0872192862953E-15,0.769863621827562,-0.638208432870132));
#2895=DIRECTION('center_axis',(-1.,-1.60687419929563E-15,1.33208094976284E-15));
#2896=DIRECTION('ref_axis',(-3.45332379448109E-32,0.638208432870136,0.769863621827558));
#2897=DIRECTION('center_axis',(1.,1.60687419929563E-15,-1.33208094976284E-15));
#2898=DIRECTION('ref_axis',(0.,-0.215409962628824,0.976523705805573));
#2899=DIRECTION('center_axis',(0.,-0.538188689054555,-0.84282437967452));
#2900=DIRECTION('ref_axis',(-1.,0.,0.));
#2901=DIRECTION('',(-1.,1.58426341361856E-31,-1.01163738289314E-31));
#2902=DIRECTION('',(0.,-0.842824379674519,0.538188689054557));
#2903=DIRECTION('',(1.,0.,0.));
#2904=DIRECTION('',(0.,-0.842824379674519,0.538188689054557));
#2905=DIRECTION('center_axis',(-1.,0.,0.));
#2906=DIRECTION('ref_axis',(0.,0.544639035015027,0.838670567945424));
#2907=DIRECTION('',(0.,0.538188689054556,0.842824379674519));
#2908=DIRECTION('',(0.,-0.538188689054556,-0.842824379674519));
#2909=DIRECTION('center_axis',(1.,-1.58426341361856E-31,1.01163738289314E-31));
#2910=DIRECTION('ref_axis',(0.,-0.215409962628824,0.976523705805573));
#2911=DIRECTION('center_axis',(-0.707106781186548,-0.380556871588374,-0.595966834217198));
#2912=DIRECTION('ref_axis',(-0.707106781186547,0.380556871588375,0.595966834217198));
#2913=DIRECTION('center_axis',(-0.707106781186408,0.380556871588185,0.595966834217485));
#2914=DIRECTION('ref_axis',(0.707106781186687,0.380556871588565,0.595966834216911));
#2915=DIRECTION('center_axis',(0.,-0.538188689054556,-0.842824379674519));
#2916=DIRECTION('ref_axis',(0.707106781186546,-0.5959668342172,0.380556871588375));
#2917=DIRECTION('center_axis',(0.707106781186543,0.380556871588377,0.595966834217202));
#2918=DIRECTION('ref_axis',(0.707106781186552,-0.380556871588372,-0.595966834217195));
#2919=DIRECTION('center_axis',(-1.,1.58426341361856E-31,-1.01163738289314E-31));
#2920=DIRECTION('ref_axis',(0.,-0.976523705805573,-0.215409962628824));
#2921=DIRECTION('center_axis',(-0.707106781186546,0.380556871588375,0.5959668342172));
#2922=DIRECTION('ref_axis',(-0.707106781186549,-0.380556871588374,-0.595966834217197));
#2923=DIRECTION('center_axis',(-1.87970762572194E-31,-0.842824379674519,
0.538188689054556));
#2924=DIRECTION('ref_axis',(-0.707106781186549,0.380556871588376,0.595966834217196));
#2925=DIRECTION('',(0.,0.84282437967452,-0.538188689054555));
#2926=DIRECTION('center_axis',(0.,0.842824379674519,-0.538188689054556));
#2927=DIRECTION('ref_axis',(-0.707106781186549,0.380556871588376,0.595966834217196));
#2928=DIRECTION('',(0.,-0.842824379674519,0.538188689054556));
#2929=DIRECTION('center_axis',(-1.,-1.27468687825322E-15,-1.99620913499747E-15));
#2930=DIRECTION('ref_axis',(0.,-0.842824379674519,0.538188689054556));
#2931=DIRECTION('',(-2.368475785867E-15,0.538188689054556,0.842824379674519));
#2932=DIRECTION('',(0.,0.84282437967452,-0.538188689054555));
#2933=DIRECTION('center_axis',(0.,-0.84282437967452,0.538188689054556));
#2934=DIRECTION('ref_axis',(-0.707106781186546,-0.380556871588375,-0.595966834217199));
#2935=DIRECTION('center_axis',(0.,0.842824379674519,-0.538188689054556));
#2936=DIRECTION('ref_axis',(-0.707106781186546,-0.380556871588375,-0.5959668342172));
#2937=DIRECTION('center_axis',(3.27592979820491E-29,-0.84282437967452,0.538188689054556));
#2938=DIRECTION('ref_axis',(0.707106781186549,-0.380556871588374,-0.595966834217197));
#2939=DIRECTION('center_axis',(0.,0.842824379674519,-0.538188689054556));
#2940=DIRECTION('ref_axis',(0.707106781186549,-0.380556871588374,-0.595966834217197));
#2941=DIRECTION('center_axis',(-2.368475785867E-15,0.538188689054556,0.842824379674519));
#2942=DIRECTION('ref_axis',(1.,1.2900023319588E-15,1.98642939422246E-15));
#2943=DIRECTION('',(1.,1.27468687825322E-15,1.99620913499747E-15));
#2944=DIRECTION('center_axis',(1.,0.,0.));
#2945=DIRECTION('ref_axis',(0.,-0.544639035015027,-0.838670567945424));
#2946=DIRECTION('',(0.,-0.538188689054556,-0.842824379674519));
#2947=DIRECTION('',(0.,0.538188689054556,0.842824379674519));
#2948=DIRECTION('',(-9.01501095995627E-15,0.842824379674517,-0.53818868905456));
#2949=DIRECTION('center_axis',(0.,-0.842824379674519,0.538188689054556));
#2950=DIRECTION('ref_axis',(-1.,0.,0.));
#2951=DIRECTION('center_axis',(0.,0.842824379674519,-0.538188689054556));
#2952=DIRECTION('ref_axis',(-1.,0.,0.));
#2953=DIRECTION('',(0.,-0.842824379674519,0.538188689054556));
#2954=DIRECTION('center_axis',(0.,-0.842824379674519,0.538188689054556));
#2955=DIRECTION('ref_axis',(-1.,0.,0.));
#2956=DIRECTION('center_axis',(0.,0.842824379674519,-0.538188689054556));
#2957=DIRECTION('ref_axis',(-1.,0.,0.));
#2958=DIRECTION('',(0.,-0.842824379674519,0.538188689054556));
#2959=DIRECTION('center_axis',(0.,0.842824379674519,-0.538188689054556));
#2960=DIRECTION('ref_axis',(-1.,0.,0.));
#2961=DIRECTION('center_axis',(0.,0.842824379674519,-0.538188689054556));
#2962=DIRECTION('ref_axis',(-1.,0.,0.));
#2963=DIRECTION('center_axis',(0.,0.842824379674519,-0.538188689054556));
#2964=DIRECTION('ref_axis',(-1.,0.,0.));
#2965=DIRECTION('center_axis',(0.,0.842824379674519,-0.538188689054556));
#2966=DIRECTION('ref_axis',(-1.,0.,0.));
#2967=DIRECTION('center_axis',(0.,0.842824379674519,-0.538188689054556));
#2968=DIRECTION('ref_axis',(-1.,0.,0.));
#2969=DIRECTION('center_axis',(0.,0.842824379674519,-0.538188689054556));
#2970=DIRECTION('ref_axis',(-1.,0.,0.));
#2971=DIRECTION('center_axis',(1.,0.,0.));
#2972=DIRECTION('ref_axis',(0.,-0.544639035015027,-0.838670567945424));
#2973=DIRECTION('',(-9.01501095995627E-15,0.842824379674517,-0.53818868905456));
#2974=DIRECTION('',(0.,0.538188689054556,0.842824379674519));
#2975=DIRECTION('',(0.,-0.538188689054556,-0.842824379674519));
#2976=DIRECTION('center_axis',(2.82701857022613E-19,0.842824379674519,-0.538188689054556));
#2977=DIRECTION('ref_axis',(-1.,2.38268017277918E-19,-1.52146941824289E-19));
#2978=DIRECTION('center_axis',(2.82701857022613E-19,0.842824379674519,-0.538188689054556));
#2979=DIRECTION('ref_axis',(0.939120135249584,-0.184915690495308,-0.289585149787497));
#2980=DIRECTION('center_axis',(-2.82701857022613E-19,-0.842824379674519,
0.538188689054556));
#2981=DIRECTION('ref_axis',(0.939120135249584,-0.184915690495308,-0.289585149787497));
#2982=DIRECTION('',(0.,0.538188689054556,0.842824379674519));
#2983=DIRECTION('center_axis',(0.,0.538188689054556,0.842824379674519));
#2984=DIRECTION('ref_axis',(-0.707106781186546,-0.5959668342172,0.380556871588375));
#2985=DIRECTION('center_axis',(0.,0.538188689054556,0.842824379674519));
#2986=DIRECTION('ref_axis',(-0.707106781186546,-0.5959668342172,0.380556871588375));
#2987=DIRECTION('center_axis',(-9.01501095995627E-15,0.842824379674517,
-0.53818868905456));
#2988=DIRECTION('ref_axis',(0.939120135249584,-0.184915690495308,-0.289585149787497));
#2989=DIRECTION('center_axis',(0.,0.838670567945424,-0.544639035015027));
#2990=DIRECTION('ref_axis',(2.12801998062119E-12,-0.544639035015027,-0.838670567945424));
#2991=DIRECTION('',(0.,0.84282437967452,-0.538188689054555));
#2992=DIRECTION('',(0.,0.84282437967452,-0.538188689054555));
#2993=DIRECTION('center_axis',(0.,0.838670567945424,-0.544639035015027));
#2994=DIRECTION('ref_axis',(2.12801998062119E-12,-0.544639035015027,-0.838670567945424));
#2995=DIRECTION('center_axis',(0.,-0.838670567945424,0.544639035015027));
#2996=DIRECTION('ref_axis',(2.12801998062119E-12,-0.544639035015027,-0.838670567945424));
#2997=DIRECTION('center_axis',(0.,-0.842824379674519,0.538188689054556));
#2998=DIRECTION('ref_axis',(-1.,0.,0.));
#2999=DIRECTION('',(0.,-0.842824379674519,0.538188689054556));
#3000=DIRECTION('center_axis',(0.,-0.842824379674519,0.538188689054556));
#3001=DIRECTION('ref_axis',(-1.,0.,0.));
#3002=DIRECTION('',(0.,-0.842824379674519,0.538188689054556));
#3003=DIRECTION('center_axis',(1.,0.,0.));
#3004=DIRECTION('ref_axis',(0.,-0.538188689054556,-0.842824379674519));
#3005=DIRECTION('',(0.,0.544639035015027,0.838670567945424));
#3006=DIRECTION('center_axis',(0.,-0.838670567945424,0.544639035015027));
#3007=DIRECTION('ref_axis',(0.,-0.544639035015027,-0.838670567945424));
#3008=DIRECTION('center_axis',(0.,0.84282437967452,-0.538188689054556));
#3009=DIRECTION('ref_axis',(0.347483138671865,0.504652123559002,0.790304816210897));
#3010=DIRECTION('center_axis',(0.,-0.842824379674519,0.538188689054556));
#3011=DIRECTION('ref_axis',(0.347483138671865,0.504652123559002,0.790304816210897));
#3012=DIRECTION('',(0.,-0.842824379674519,0.538188689054556));
#3013=DIRECTION('center_axis',(0.,-0.838670567945424,0.544639035015027));
#3014=DIRECTION('ref_axis',(-5.41419781623795E-13,0.544639035015027,0.838670567945424));
#3015=DIRECTION('center_axis',(0.,0.838670567945424,-0.544639035015027));
#3016=DIRECTION('ref_axis',(-5.41419781623795E-13,0.544639035015027,0.838670567945424));
#3017=DIRECTION('center_axis',(0.,0.842824379674519,-0.538188689054556));
#3018=DIRECTION('ref_axis',(-1.,0.,0.));
#3019=DIRECTION('',(0.,0.538188689054556,0.842824379674519));
#3020=DIRECTION('center_axis',(1.,0.,0.));
#3021=DIRECTION('ref_axis',(0.,-0.538188689054556,-0.842824379674519));
#3022=DIRECTION('center_axis',(0.,0.838670567945424,-0.544639035015027));
#3023=DIRECTION('ref_axis',(0.,-0.544639035015027,-0.838670567945424));
#3024=DIRECTION('',(-1.,0.,0.));
#3025=DIRECTION('',(-1.,0.,0.));
#3026=DIRECTION('center_axis',(0.,0.544639035015027,0.838670567945424));
#3027=DIRECTION('ref_axis',(0.,0.838670567945424,-0.544639035015027));
#3028=DIRECTION('',(-1.,0.,0.));
#3029=DIRECTION('center_axis',(0.,-0.838670567945424,0.544639035015027));
#3030=DIRECTION('ref_axis',(0.,0.544639035015027,0.838670567945424));
#3031=DIRECTION('',(-1.,0.,0.));
#3032=DIRECTION('center_axis',(0.,-0.544639035015027,-0.838670567945424));
#3033=DIRECTION('ref_axis',(0.,-0.838670567945424,0.544639035015027));
#3034=DIRECTION('center_axis',(0.,0.,1.));
#3035=DIRECTION('ref_axis',(-1.,0.,0.));
#3036=DIRECTION('',(0.,0.,-1.));
#3037=DIRECTION('center_axis',(0.,0.,1.));
#3038=DIRECTION('ref_axis',(-1.,0.,0.));
#3039=DIRECTION('',(0.,0.,-1.));
#3040=DIRECTION('center_axis',(0.,0.,1.));
#3041=DIRECTION('ref_axis',(-1.,0.,0.));
#3042=DIRECTION('',(0.,0.,-1.));
#3043=DIRECTION('center_axis',(0.,0.,1.));
#3044=DIRECTION('ref_axis',(-1.,0.,0.));
#3045=DIRECTION('',(0.,0.,-1.));
#3046=DIRECTION('center_axis',(0.,0.,1.));
#3047=DIRECTION('ref_axis',(-1.,0.,0.));
#3048=DIRECTION('',(1.,0.,0.));
#3049=DIRECTION('center_axis',(0.,0.,1.));
#3050=DIRECTION('ref_axis',(-1.,0.,0.));
#3051=DIRECTION('',(1.,0.,0.));
#3052=DIRECTION('center_axis',(0.,-1.,-3.17296278326189E-16));
#3053=DIRECTION('ref_axis',(0.,3.17296278326189E-16,-1.));
#3054=DIRECTION('',(-1.,0.,0.));
#3055=DIRECTION('',(-1.,0.,0.));
#3056=DIRECTION('center_axis',(0.,-0.707106781186547,-0.707106781186548));
#3057=DIRECTION('ref_axis',(0.,-0.707106781186548,0.707106781186547));
#3058=DIRECTION('',(-1.,0.,0.));
#3059=DIRECTION('center_axis',(0.,-0.707106781186548,0.707106781186547));
#3060=DIRECTION('ref_axis',(0.,0.707106781186547,0.707106781186548));
#3061=DIRECTION('',(-1.,0.,0.));
#3062=DIRECTION('center_axis',(0.,-1.,0.));
#3063=DIRECTION('ref_axis',(0.,0.,1.));
#3064=CARTESIAN_POINT('',(0.,0.,0.));
#3065=CARTESIAN_POINT('Origin',(-6.5,56.8857140986717,19.9901749595369));
#3066=CARTESIAN_POINT('',(-8.5,60.1881531846173,24.9995557679421));
#3067=CARTESIAN_POINT('',(-6.5,61.8579467874191,23.8987427392936));
#3068=CARTESIAN_POINT('Origin',(-6.5,60.1881531846173,24.9995557679422));
#3069=CARTESIAN_POINT('',(-6.5,57.4546946728249,17.2195683280866));
#3070=CARTESIAN_POINT('',(-6.5,58.5555077014734,18.8893619308884));
#3071=CARTESIAN_POINT('',(-8.5,55.7849010700232,18.3203813567352));
#3072=CARTESIAN_POINT('Origin',(-6.5,55.7849010700232,18.3203813567352));
#3073=CARTESIAN_POINT('',(-8.5,56.8857140986717,19.9901749595369));
#3074=CARTESIAN_POINT('Origin',(-8.5,51.6104170630188,21.0724139283565));
#3075=CARTESIAN_POINT('',(-8.5,51.6104170630188,21.0724139283565));
#3076=CARTESIAN_POINT('',(-8.5,51.6104170630188,21.0724139283565));
#3077=CARTESIAN_POINT('',(-8.5,56.013669177613,27.7515883395635));
#3078=CARTESIAN_POINT('',(-8.5,57.6619315201284,30.251793046125));
#3079=CARTESIAN_POINT('',(-8.5,56.013669177613,27.7515883395635));
#3080=CARTESIAN_POINT('Origin',(-5.5,51.6104170630188,21.0724139283565));
#3081=CARTESIAN_POINT('',(6.5,57.4546946728249,17.2195683280866));
#3082=CARTESIAN_POINT('',(-5.5,57.4546946728249,17.2195683280866));
#3083=CARTESIAN_POINT('',(8.5,55.7849010700232,18.3203813567352));
#3084=CARTESIAN_POINT('Origin',(6.5,55.7849010700232,18.3203813567352));
#3085=CARTESIAN_POINT('',(8.5,51.6104170630188,21.0724139283565));
#3086=CARTESIAN_POINT('',(8.5,51.6104170630188,21.0724139283565));
#3087=CARTESIAN_POINT('',(5.5,51.6104170630188,21.0724139283565));
#3088=CARTESIAN_POINT('',(11.25,51.6104170630188,21.0724139283565));
#3089=CARTESIAN_POINT('',(5.5,55.7788228795889,18.3243884095885));
#3090=CARTESIAN_POINT('',(5.5,51.6104170630188,21.0724139283565));
#3091=CARTESIAN_POINT('',(-5.5,55.7788228795889,18.3243884095885));
#3092=CARTESIAN_POINT('',(-5.5,55.7788228795889,18.3243884095885));
#3093=CARTESIAN_POINT('',(-5.5,51.6104170630188,21.0724139283565));
#3094=CARTESIAN_POINT('',(-5.5,51.6104170630188,21.0724139283565));
#3095=CARTESIAN_POINT('',(4.25,51.6104170630188,21.0724139283565));
#3096=CARTESIAN_POINT('Origin',(6.5,59.0873401559688,23.3297621651404));
#3097=CARTESIAN_POINT('',(6.5,61.8579467874191,23.8987427392936));
#3098=CARTESIAN_POINT('',(6.5,60.7571337587705,22.2289491364919));
#3099=CARTESIAN_POINT('',(8.5,60.1881531846173,24.9995557679421));
#3100=CARTESIAN_POINT('Origin',(6.5,60.1881531846173,24.9995557679422));
#3101=CARTESIAN_POINT('',(8.5,59.0873401559688,23.3297621651404));
#3102=CARTESIAN_POINT('Origin',(8.5,56.013669177613,27.7515883395635));
#3103=CARTESIAN_POINT('',(8.5,56.013669177613,27.7515883395635));
#3104=CARTESIAN_POINT('',(8.5,61.0230499860182,24.4491492536179));
#3105=CARTESIAN_POINT('',(8.5,59.8635575774255,33.5913802517285));
#3106=CARTESIAN_POINT('Origin',(-7.,59.656320730122,20.5591555336901));
#3107=CARTESIAN_POINT('',(-8.5,61.8579467874191,23.8987427392936));
#3108=CARTESIAN_POINT('Origin',(-5.5,60.1820749941831,25.0035628207955));
#3109=CARTESIAN_POINT('',(5.5,60.1820749941831,25.0035628207955));
#3110=CARTESIAN_POINT('',(5.5,57.980448936886,21.663975615192));
#3111=CARTESIAN_POINT('',(-5.5,60.1820749941831,25.0035628207955));
#3112=CARTESIAN_POINT('',(-5.5,60.1820749941831,25.0035628207955));
#3113=CARTESIAN_POINT('',(-5.5,60.1820749941831,25.0035628207955));
#3114=CARTESIAN_POINT('Origin',(-5.5,56.013669177613,27.7515883395635));
#3115=CARTESIAN_POINT('',(-5.5,56.013669177613,27.7515883395635));
#3116=CARTESIAN_POINT('',(-5.5,56.013669177613,27.7515883395635));
#3117=CARTESIAN_POINT('',(-5.5,59.8635575774255,33.5913802517285));
#3118=CARTESIAN_POINT('Origin',(5.5,51.6104170630188,21.0724139283565));
#3119=CARTESIAN_POINT('',(5.5,56.013669177613,27.7515883395635));
#3120=CARTESIAN_POINT('',(5.5,57.6619315201284,30.251793046125));
#3121=CARTESIAN_POINT('',(5.5,56.013669177613,27.7515883395635));
#3122=CARTESIAN_POINT('Origin',(-8.5,56.013669177613,27.7515883395635));
#3123=CARTESIAN_POINT('',(2.75,56.0136691776129,27.7515883395635));
#3124=CARTESIAN_POINT('',(9.75,56.0136691776129,27.7515883395635));
#3125=CARTESIAN_POINT('Origin',(0.,-10.,0.));
#3126=CARTESIAN_POINT('',(-1.5,-10.,1.455));
#3127=CARTESIAN_POINT('Origin',(0.,-10.,1.455));
#3128=CARTESIAN_POINT('',(-1.5,-10.,3.5));
#3129=CARTESIAN_POINT('',(-1.5,-10.,0.));
#3130=CARTESIAN_POINT('Origin',(0.,-10.,3.5));
#3131=CARTESIAN_POINT('Origin',(-6.66133814775094E-15,-10.,1.455));
#3132=CARTESIAN_POINT('',(-5.43020708024013,-18.6958008198464,1.455));
#3133=CARTESIAN_POINT('',(-2.98499989941716,-17.5,1.455));
#3134=CARTESIAN_POINT('Origin',(-4.49999989941716,-17.5,1.455));
#3135=CARTESIAN_POINT('',(-5.6954305427116,-16.5693171447412,1.455));
#3136=CARTESIAN_POINT('Origin',(-4.49999989941716,-17.5,1.455));
#3137=CARTESIAN_POINT('',(-5.69543055809227,-3.43068300195098,1.455));
#3138=CARTESIAN_POINT('Origin',(-6.66133814775094E-15,-10.,1.455));
#3139=CARTESIAN_POINT('',(-2.985,-2.5000000372529,1.455));
#3140=CARTESIAN_POINT('Origin',(-4.5,-2.5000000372529,1.455));
#3141=CARTESIAN_POINT('',(-5.43020707351133,-1.30419913392932,1.455));
#3142=CARTESIAN_POINT('Origin',(-4.5,-2.5000000372529,1.455));
#3143=CARTESIAN_POINT('',(5.43020705883322,-1.30419903309651,1.455));
#3144=CARTESIAN_POINT('Origin',(-6.66133814775094E-15,-10.,1.455));
#3145=CARTESIAN_POINT('',(5.69543056260877,-3.43068304502693,1.455));
#3146=CARTESIAN_POINT('Origin',(4.50000006705523,-2.5,1.455));
#3147=CARTESIAN_POINT('',(5.69543053055337,-16.5693172606995,1.455));
#3148=CARTESIAN_POINT('Origin',(-6.66133814775094E-15,-10.,1.455));
#3149=CARTESIAN_POINT('',(5.43020702458861,-18.6958012021506,1.455));
#3150=CARTESIAN_POINT('Origin',(4.5,-17.5000002607703,1.455));
#3151=CARTESIAN_POINT('Origin',(-6.66133814775094E-15,-10.,1.455));
#3152=CARTESIAN_POINT('',(-1.40000000000001,-23.,1.455));
#3153=CARTESIAN_POINT('Origin',(-6.66133814775094E-15,-23.,1.455));
#3154=CARTESIAN_POINT('',(-1.40000000000001,-17.,1.455));
#3155=CARTESIAN_POINT('Origin',(-6.66133814775094E-15,-17.,1.455));
#3156=CARTESIAN_POINT('',(-1.40000000000001,2.04899549736968E-15,1.455));
#3157=CARTESIAN_POINT('Origin',(-6.66133814775094E-15,2.22044604925031E-15,
1.455));
#3158=CARTESIAN_POINT('',(-1.40000000000001,-3.,1.455));
#3159=CARTESIAN_POINT('Origin',(-6.66133814775094E-15,-3.,1.455));
#3160=CARTESIAN_POINT('',(-1.40000000000001,3.,1.455));
#3161=CARTESIAN_POINT('Origin',(-6.66133814775094E-15,3.,1.455));
#3162=CARTESIAN_POINT('',(-1.40000000000001,-20.,1.455));
#3163=CARTESIAN_POINT('Origin',(-6.66133814775094E-15,-20.,1.455));
#3164=CARTESIAN_POINT('Ctrl Pts',(5.69543053055337,-16.5693172606995,-2.545));
#3165=CARTESIAN_POINT('Ctrl Pts',(6.38422322994127,-10.0000001713501,-2.545));
#3166=CARTESIAN_POINT('Ctrl Pts',(5.69543056260877,-3.43068304502693,-2.545));
#3167=CARTESIAN_POINT('Ctrl Pts',(5.69543053055337,-16.5693172606995,1.455));
#3168=CARTESIAN_POINT('Ctrl Pts',(6.38422322994127,-10.0000001713501,1.455));
#3169=CARTESIAN_POINT('Ctrl Pts',(5.69543056260877,-3.43068304502693,1.455));
#3170=CARTESIAN_POINT('',(5.69543056260877,-3.43068304502693,-2.545));
#3171=CARTESIAN_POINT('',(5.69543056260877,-3.43068304502693,7.));
#3172=CARTESIAN_POINT('',(5.69543053055337,-16.5693172606995,-2.545));
#3173=CARTESIAN_POINT('Origin',(-6.66133814775094E-15,-10.,-2.545));
#3174=CARTESIAN_POINT('',(5.69543053055337,-16.5693172606995,7.));
#3175=CARTESIAN_POINT('Ctrl Pts',(5.43020705883322,-1.30419903309652,-2.545));
#3176=CARTESIAN_POINT('Ctrl Pts',(3.78467013885212,10.0000000351385,-2.545));
#3177=CARTESIAN_POINT('Ctrl Pts',(-1.68795272635387E-8,10.,-2.545));
#3178=CARTESIAN_POINT('Ctrl Pts',(-3.78467017261117,9.99999996486147,-2.545));
#3179=CARTESIAN_POINT('Ctrl Pts',(-5.43020707351133,-1.30419913392932,-2.545));
#3180=CARTESIAN_POINT('Ctrl Pts',(5.43020705883322,-1.30419903309652,1.455));
#3181=CARTESIAN_POINT('Ctrl Pts',(3.78467013885212,10.0000000351385,1.455));
#3182=CARTESIAN_POINT('Ctrl Pts',(-1.68795272635387E-8,10.,1.455));
#3183=CARTESIAN_POINT('Ctrl Pts',(-3.78467017261117,9.99999996486147,1.455));
#3184=CARTESIAN_POINT('Ctrl Pts',(-5.43020707351133,-1.30419913392932,1.455));
#3185=CARTESIAN_POINT('',(-5.43020707351133,-1.30419913392932,-2.545));
#3186=CARTESIAN_POINT('',(-5.43020707351133,-1.30419913392932,7.));
#3187=CARTESIAN_POINT('',(5.43020705883322,-1.3041990330965,-2.545));
#3188=CARTESIAN_POINT('Origin',(-6.66133814775094E-15,-10.,-2.545));
#3189=CARTESIAN_POINT('',(5.43020705883322,-1.3041990330965,7.));
#3190=CARTESIAN_POINT('Origin',(-9.00000000000376,-21.999999999995,8.5));
#3191=CARTESIAN_POINT('',(-9.00000000000376,-21.999999999995,8.5));
#3192=CARTESIAN_POINT('',(-9.00000000000376,2.000000000005,8.5));
#3193=CARTESIAN_POINT('',(-9.00000000000376,-15.9999999999975,8.5));
#3194=CARTESIAN_POINT('',(-9.00000000000376,-21.999999999995,3.5));
#3195=CARTESIAN_POINT('',(-9.00000000000376,-21.999999999995,8.5));
#3196=CARTESIAN_POINT('',(-9.00000000000376,2.000000000005,3.5));
#3197=CARTESIAN_POINT('',(-9.00000000000376,2.000000000005,3.5));
#3198=CARTESIAN_POINT('',(-9.00000000000376,2.000000000005,8.5));
#3199=CARTESIAN_POINT('Origin',(-0.979795897108177,-21.999999999995,8.5));
#3200=CARTESIAN_POINT('',(-0.979795897108177,-21.999999999995,8.5));
#3201=CARTESIAN_POINT('',(-0.489897948554088,-21.999999999995,8.5));
#3202=CARTESIAN_POINT('',(-0.979795897108177,-21.999999999995,3.5));
#3203=CARTESIAN_POINT('',(-0.979795897108178,-21.999999999995,7.));
#3204=CARTESIAN_POINT('',(-9.00000000000376,-21.999999999995,3.5));
#3205=CARTESIAN_POINT('Origin',(8.99999999999624,-21.999999999995,8.5));
#3206=CARTESIAN_POINT('',(8.99999999999624,-21.999999999995,8.5));
#3207=CARTESIAN_POINT('',(0.979795897108164,-21.999999999995,8.5));
#3208=CARTESIAN_POINT('',(4.49999999999812,-21.999999999995,8.5));
#3209=CARTESIAN_POINT('',(8.99999999999624,-21.999999999995,3.5));
#3210=CARTESIAN_POINT('',(8.99999999999624,-21.999999999995,8.5));
#3211=CARTESIAN_POINT('',(0.979795897108164,-21.999999999995,3.5));
#3212=CARTESIAN_POINT('',(-9.00000000000376,-21.999999999995,3.5));
#3213=CARTESIAN_POINT('',(0.979795897108165,-21.999999999995,7.));
#3214=CARTESIAN_POINT('Origin',(8.99999999999624,2.000000000005,8.5));
#3215=CARTESIAN_POINT('',(8.99999999999624,2.000000000005,8.5));
#3216=CARTESIAN_POINT('',(8.99999999999624,-3.9999999999975,8.5));
#3217=CARTESIAN_POINT('',(8.99999999999624,2.000000000005,3.5));
#3218=CARTESIAN_POINT('',(8.99999999999624,2.000000000005,8.5));
#3219=CARTESIAN_POINT('',(8.99999999999624,-21.999999999995,3.5));
#3220=CARTESIAN_POINT('Origin',(0.979795897118363,2.000000000005,8.5));
#3221=CARTESIAN_POINT('',(0.979795897118363,2.000000000005,8.5));
#3222=CARTESIAN_POINT('',(0.489897948559181,2.000000000005,8.5));
#3223=CARTESIAN_POINT('',(0.979795897118363,2.000000000005,3.5));
#3224=CARTESIAN_POINT('',(0.979795897118363,2.000000000005,7.));
#3225=CARTESIAN_POINT('',(8.99999999999624,2.000000000005,3.5));
#3226=CARTESIAN_POINT('Origin',(-9.00000000000376,2.000000000005,8.5));
#3227=CARTESIAN_POINT('',(-0.979795897118377,2.000000000005,8.5));
#3228=CARTESIAN_POINT('',(-4.50000000000188,2.000000000005,8.5));
#3229=CARTESIAN_POINT('',(-0.979795897118377,2.000000000005,3.5));
#3230=CARTESIAN_POINT('',(8.99999999999624,2.000000000005,3.5));
#3231=CARTESIAN_POINT('',(-0.979795897118377,2.000000000005,7.));
#3232=CARTESIAN_POINT('Origin',(-3.75699471533153E-12,-9.999999999995,3.5));
#3233=CARTESIAN_POINT('Origin',(-6.66133814775094E-15,-23.,3.5));
#3234=CARTESIAN_POINT('Origin',(-6.66133814775094E-15,3.,3.5));
#3235=CARTESIAN_POINT('',(-1.40000000000001,2.04899549736968E-15,3.5));
#3236=CARTESIAN_POINT('Origin',(-6.66133814775094E-15,2.22044604925031E-15,
3.5));
#3237=CARTESIAN_POINT('',(-2.985,-2.5000000372529,3.5));
#3238=CARTESIAN_POINT('Origin',(-4.5,-2.5000000372529,3.5));
#3239=CARTESIAN_POINT('',(-1.40000000000001,-3.,3.5));
#3240=CARTESIAN_POINT('Origin',(-6.66133814775094E-15,-3.,3.5));
#3241=CARTESIAN_POINT('',(6.01500006705523,-2.5,3.5));
#3242=CARTESIAN_POINT('Origin',(4.50000006705523,-2.5,3.5));
#3243=CARTESIAN_POINT('',(-1.40000000000001,-20.,3.5));
#3244=CARTESIAN_POINT('Origin',(-6.66133814775094E-15,-20.,3.5));
#3245=CARTESIAN_POINT('',(-2.98499989941716,-17.5,3.5));
#3246=CARTESIAN_POINT('Origin',(-4.49999989941716,-17.5,3.5));
#3247=CARTESIAN_POINT('',(6.015,-17.5000002607703,3.5));
#3248=CARTESIAN_POINT('Origin',(4.5,-17.5000002607703,3.5));
#3249=CARTESIAN_POINT('',(-1.40000000000001,-17.,3.5));
#3250=CARTESIAN_POINT('Origin',(-6.66133814775094E-15,-17.,3.5));
#3251=CARTESIAN_POINT('Origin',(-6.66133814775094E-15,3.,7.));
#3252=CARTESIAN_POINT('',(-1.40000000000001,3.,8.5));
#3253=CARTESIAN_POINT('Origin',(-6.66133814775094E-15,3.,8.5));
#3254=CARTESIAN_POINT('',(-1.40000000000001,3.,7.));
#3255=CARTESIAN_POINT('Origin',(-6.66133814775094E-15,3.,8.5));
#3256=CARTESIAN_POINT('Ctrl Pts',(-5.69543055809227,-3.43068300195097,-2.545));
#3257=CARTESIAN_POINT('Ctrl Pts',(-6.38422322565835,-10.0000000822164,-2.545));
#3258=CARTESIAN_POINT('Ctrl Pts',(-5.6954305427116,-16.5693171447412,-2.545));
#3259=CARTESIAN_POINT('Ctrl Pts',(-5.69543055809227,-3.43068300195097,1.455));
#3260=CARTESIAN_POINT('Ctrl Pts',(-6.38422322565835,-10.0000000822164,1.455));
#3261=CARTESIAN_POINT('Ctrl Pts',(-5.6954305427116,-16.5693171447412,1.455));
#3262=CARTESIAN_POINT('',(-5.6954305427116,-16.5693171447412,-2.545));
#3263=CARTESIAN_POINT('',(-5.6954305427116,-16.5693171447412,7.));
#3264=CARTESIAN_POINT('',(-5.69543055809227,-3.43068300195098,-2.545));
#3265=CARTESIAN_POINT('Origin',(-6.66133814775094E-15,-10.,-2.545));
#3266=CARTESIAN_POINT('',(-5.69543055809227,-3.43068300195098,7.));
#3267=CARTESIAN_POINT('Ctrl Pts',(-5.43020708024013,-18.6958008198464,-2.545));
#3268=CARTESIAN_POINT('Ctrl Pts',(-3.78467019767594,-29.9999998667735,-2.545));
#3269=CARTESIAN_POINT('Ctrl Pts',(-6.39981374761512E-8,-30.,-2.545));
#3270=CARTESIAN_POINT('Ctrl Pts',(3.78467006967967,-30.0000001332265,-2.545));
#3271=CARTESIAN_POINT('Ctrl Pts',(5.43020702458861,-18.6958012021506,-2.545));
#3272=CARTESIAN_POINT('Ctrl Pts',(-5.43020708024013,-18.6958008198464,1.455));
#3273=CARTESIAN_POINT('Ctrl Pts',(-3.78467019767594,-29.9999998667735,1.455));
#3274=CARTESIAN_POINT('Ctrl Pts',(-6.39981374761512E-8,-30.,1.455));
#3275=CARTESIAN_POINT('Ctrl Pts',(3.78467006967967,-30.0000001332265,1.455));
#3276=CARTESIAN_POINT('Ctrl Pts',(5.43020702458861,-18.6958012021506,1.455));
#3277=CARTESIAN_POINT('',(5.43020702458861,-18.6958012021506,-2.545));
#3278=CARTESIAN_POINT('',(5.43020702458861,-18.6958012021506,7.));
#3279=CARTESIAN_POINT('',(-5.43020708024013,-18.6958008198464,-2.545));
#3280=CARTESIAN_POINT('Origin',(-6.66133814775094E-15,-10.,-2.545));
#3281=CARTESIAN_POINT('',(-5.43020708024013,-18.6958008198464,7.));
#3282=CARTESIAN_POINT('Origin',(14.,14.3880803917238,-2.545));
#3283=CARTESIAN_POINT('',(14.,11.5,-2.54478734141145));
#3284=CARTESIAN_POINT('',(-14.,11.5,-2.54478734141145));
#3285=CARTESIAN_POINT('',(14.,11.5,-2.54478734141145));
#3286=CARTESIAN_POINT('',(14.,6.97056274847714,-2.545));
#3287=CARTESIAN_POINT('',(14.,14.3880803917238,-2.545));
#3288=CARTESIAN_POINT('',(-14.,6.97056274847714,-2.545));
#3289=CARTESIAN_POINT('Origin',(0.,-10.,-2.545));
#3290=CARTESIAN_POINT('',(-14.,14.3880803917238,-2.545));
#3291=CARTESIAN_POINT('',(6.01500006705523,-2.5,-2.545));
#3292=CARTESIAN_POINT('Origin',(4.50000006705523,-2.5,-2.545));
#3293=CARTESIAN_POINT('Origin',(4.50000006705523,-2.5,-2.545));
#3294=CARTESIAN_POINT('Origin',(-4.5,-2.5000000372529,-2.545));
#3295=CARTESIAN_POINT('Origin',(-4.49999989941716,-17.5,-2.545));
#3296=CARTESIAN_POINT('',(6.015,-17.5000002607703,-2.545));
#3297=CARTESIAN_POINT('Origin',(4.5,-17.5000002607703,-2.545));
#3298=CARTESIAN_POINT('Origin',(4.5,-17.5000002607703,-2.545));
#3299=CARTESIAN_POINT('Origin',(-6.66133814775094E-15,-17.,7.));
#3300=CARTESIAN_POINT('',(-1.40000000000001,-17.,7.));
#3301=CARTESIAN_POINT('Origin',(-6.66133814775094E-15,-3.,7.));
#3302=CARTESIAN_POINT('',(-1.40000000000001,-3.,7.));
#3303=CARTESIAN_POINT('Origin',(-6.66133814775094E-15,2.22044604925031E-15,
7.));
#3304=CARTESIAN_POINT('',(-1.40000000000001,2.04899549736968E-15,7.));
#3305=CARTESIAN_POINT('Origin',(-6.66133814775094E-15,-20.,7.));
#3306=CARTESIAN_POINT('',(-1.40000000000001,-20.,7.));
#3307=CARTESIAN_POINT('Origin',(-6.66133814775094E-15,-23.,7.));
#3308=CARTESIAN_POINT('',(-1.40000000000001,-23.,8.5));
#3309=CARTESIAN_POINT('Origin',(-6.66133814775094E-15,-23.,8.5));
#3310=CARTESIAN_POINT('',(-1.40000000000001,-23.,7.));
#3311=CARTESIAN_POINT('Origin',(-6.66133814775094E-15,-23.,8.5));
#3312=CARTESIAN_POINT('Origin',(0.,-10.,8.5));
#3313=CARTESIAN_POINT('',(-12.7072203456579,7.95902422424163,8.50001054757137));
#3314=CARTESIAN_POINT('',(12.7072203456579,7.95902422424162,8.5000210955));
#3315=CARTESIAN_POINT('',(14.,7.95902422424162,8.5000210955));
#3316=CARTESIAN_POINT('',(-13.9029103787362,7.05019304878476,8.5));
#3317=CARTESIAN_POINT('Origin',(0.,-10.,8.5));
#3318=CARTESIAN_POINT('',(13.9029103787362,7.05019304878476,8.5000210955));
#3319=CARTESIAN_POINT('Origin',(0.,-10.,8.5));
#3320=CARTESIAN_POINT('Origin',(0.,-10.,8.5000210955));
#3321=CARTESIAN_POINT('Origin',(14.,11.5,6.9980210955));
#3322=CARTESIAN_POINT('',(14.,11.5,8.4980210955));
#3323=CARTESIAN_POINT('',(-14.,11.5,8.4980210955));
#3324=CARTESIAN_POINT('',(14.,11.5,8.4980210955));
#3325=CARTESIAN_POINT('',(-14.,11.5,8.5000210955));
#3326=CARTESIAN_POINT('',(-14.,11.5,6.9980210955));
#3327=CARTESIAN_POINT('',(14.,11.5,8.5000210955));
#3328=CARTESIAN_POINT('',(7.,11.5,8.5000210955));
#3329=CARTESIAN_POINT('',(14.,11.5,6.9980210955));
#3330=CARTESIAN_POINT('Origin',(0.,13.0501930487848,8.5000210955));
#3331=CARTESIAN_POINT('',(-14.,7.05019304878476,8.5000210955));
#3332=CARTESIAN_POINT('',(-14.,13.0501930487848,8.5000210955));
#3333=CARTESIAN_POINT('',(0.,7.05019304878476,8.5000210955));
#3334=CARTESIAN_POINT('',(14.,7.05019304878476,8.5000210955));
#3335=CARTESIAN_POINT('',(0.,7.05019304878476,8.5000210955));
#3336=CARTESIAN_POINT('',(14.,13.0501930487848,8.5000210955));
#3337=CARTESIAN_POINT('Origin',(0.,-10.,0.));
#3338=CARTESIAN_POINT('',(13.9029103787362,7.05019304878476,6.08918992004314));
#3339=CARTESIAN_POINT('',(13.9029103787362,7.05019304878476,6.9980210955));
#3340=CARTESIAN_POINT('',(-13.9029103787362,7.05019304878476,6.08918992004314));
#3341=CARTESIAN_POINT('',(-13.9029103787362,7.05019304878476,0.));
#3342=CARTESIAN_POINT('',(-14.,6.97056274847714,6.00955961973552));
#3343=CARTESIAN_POINT('Origin',(0.,-10.,-10.9610031287416));
#3344=CARTESIAN_POINT('',(-14.,6.97056274847714,6.00658358394214));
#3345=CARTESIAN_POINT('',(-14.,6.97056274847714,0.));
#3346=CARTESIAN_POINT('',(-13.9029103787362,7.05019304878476,5.92695328363452));
#3347=CARTESIAN_POINT('Origin',(0.,-10.,22.9771463324193));
#3348=CARTESIAN_POINT('',(-13.9029103787362,7.05019304878476,4.));
#3349=CARTESIAN_POINT('',(-13.9029103787362,7.05019304878476,0.));
#3350=CARTESIAN_POINT('',(-14.,6.97056274847714,4.));
#3351=CARTESIAN_POINT('Origin',(0.,-10.,4.));
#3352=CARTESIAN_POINT('',(-14.,6.97056274847714,-1.));
#3353=CARTESIAN_POINT('',(14.,6.97056274847714,4.));
#3354=CARTESIAN_POINT('',(14.,6.97056274847714,0.));
#3355=CARTESIAN_POINT('',(13.9029103787362,7.05019304878476,4.));
#3356=CARTESIAN_POINT('Origin',(0.,-10.,4.));
#3357=CARTESIAN_POINT('',(13.9029103787362,7.05019304878476,5.92695328363452));
#3358=CARTESIAN_POINT('',(13.9029103787362,7.05019304878476,0.));
#3359=CARTESIAN_POINT('',(14.,6.97056274847714,6.00658358394214));
#3360=CARTESIAN_POINT('Origin',(0.,-10.,22.9771463324193));
#3361=CARTESIAN_POINT('',(14.,6.97056274847714,6.00955961973552));
#3362=CARTESIAN_POINT('',(14.,6.97056274847714,0.));
#3363=CARTESIAN_POINT('Origin',(0.,-10.,-10.9610031287416));
#3364=CARTESIAN_POINT('Origin',(-19.6260004470348,54.6450983865061,42.9682578897211));
#3365=CARTESIAN_POINT('',(-14.,54.6505694817161,42.9768258372091));
#3366=CARTESIAN_POINT('',(-14.,54.6450983865061,42.9682578897211));
#3367=CARTESIAN_POINT('',(-14.,46.746844148356,30.5992851406381));
#3368=CARTESIAN_POINT('',(14.,54.6505694817161,42.9768258372091));
#3369=CARTESIAN_POINT('',(-2.81300022351742,54.6505694817161,42.9768258372091));
#3370=CARTESIAN_POINT('',(14.,54.6450983865061,42.9682578897212));
#3371=CARTESIAN_POINT('',(14.,46.746844148356,30.5992851406381));
#3372=CARTESIAN_POINT('',(35.374,54.6450983865061,42.9682578897212));
#3373=CARTESIAN_POINT('',(-4.62600033527613,54.6450983865061,42.9682578897211));
#3374=CARTESIAN_POINT('',(40.374,57.3360418317789,47.1823797880938));
#3375=CARTESIAN_POINT('Origin',(35.374,57.3360418317789,47.1823797880938));
#3376=CARTESIAN_POINT('',(40.3739999999999,68.09981561287,64.0388673815842));
#3377=CARTESIAN_POINT('',(40.374,54.6450983865062,42.9682578897212));
#3378=CARTESIAN_POINT('',(35.3739999999999,70.7907590581428,68.2529892799568));
#3379=CARTESIAN_POINT('Origin',(35.3739999999999,68.09981561287,64.0388673815842));
#3380=CARTESIAN_POINT('',(-14.6260004470349,70.7907590581428,68.2529892799567));
#3381=CARTESIAN_POINT('',(6.37399966472383,70.7907590581428,68.2529892799567));
#3382=CARTESIAN_POINT('',(-19.6260004470349,68.09981561287,64.0388673815841));
#3383=CARTESIAN_POINT('Origin',(-14.6260004470349,68.09981561287,64.0388673815841));
#3384=CARTESIAN_POINT('',(-19.6260004470348,57.3360418317789,47.1823797880937));
#3385=CARTESIAN_POINT('',(-19.6260004470348,54.6450983865061,42.9682578897211));
#3386=CARTESIAN_POINT('',(-14.6260004470348,54.6450983865061,42.9682578897211));
#3387=CARTESIAN_POINT('Origin',(-14.6260004470348,57.3360418317788,47.1823797880937));
#3388=CARTESIAN_POINT('',(-4.62600033527613,54.6450983865061,42.9682578897211));
#3389=CARTESIAN_POINT('',(31.8739997764826,57.3568234368065,47.2149245883139));
#3390=CARTESIAN_POINT('',(30.755012613845,57.3568234368065,47.2149245883139));
#3391=CARTESIAN_POINT('',(5.56450608340507,57.3568234368065,47.2149245883139));
#3392=CARTESIAN_POINT('',(30.755012613845,56.5287587981966,45.9181432185813));
#3393=CARTESIAN_POINT('',(30.755012613845,54.3585265864303,42.5194753260158));
#3394=CARTESIAN_POINT('',(-11.6260002235174,56.5287587981966,45.9181432185813));
#3395=CARTESIAN_POINT('',(-14.6260003352761,56.5287587981966,45.9181432185813));
#3396=CARTESIAN_POINT('',(-11.6260002235174,68.9070986464514,65.3031039510952));
#3397=CARTESIAN_POINT('',(-11.6260002235174,61.2379098274242,53.2928565407336));
#3398=CARTESIAN_POINT('',(31.8739997764826,68.9070986464514,65.3031039510952));
#3399=CARTESIAN_POINT('',(5.37399966472386,68.9070986464514,65.3031039510952));
#3400=CARTESIAN_POINT('',(31.8739997764826,65.5567362030553,60.0563063028564));
#3401=CARTESIAN_POINT('',(31.8739997764826,56.1251172814061,45.286024933826));
#3402=CARTESIAN_POINT('',(31.8739997764826,59.7043949626712,50.8913127311126));
#3403=CARTESIAN_POINT('Origin',(28.2241509780395,62.6305655828637,55.4738095169842));
#3404=CARTESIAN_POINT('',(31.8739997764826,56.1251172814061,45.286024933826));
#3405=CARTESIAN_POINT('',(36.1989997764768,60.0269852770458,51.3965016864571));
#3406=CARTESIAN_POINT('Origin',(34.7489997764768,60.0269852770458,51.3965016864571));
#3407=CARTESIAN_POINT('',(36.1989997764796,65.4088721675924,59.8247454832039));
#3408=CARTESIAN_POINT('Origin',(34.7489997764796,65.4088721675924,59.8247454832039));
#3409=CARTESIAN_POINT('',(-12.5510002234521,65.4088721676102,59.8247454832319));
#3410=CARTESIAN_POINT('Origin',(-14.0010002234521,65.4088721676103,59.8247454832319));
#3411=CARTESIAN_POINT('',(-12.5510002235177,60.026985277051,51.3965016864653));
#3412=CARTESIAN_POINT('Origin',(-14.0010002235177,60.026985277051,51.3965016864653));
#3413=CARTESIAN_POINT('Origin',(31.8739997764826,60.82113726574,50.1782127181153));
#3414=CARTESIAN_POINT('',(31.8739997764826,58.4735657398752,46.5018245753166));
#3415=CARTESIAN_POINT('',(31.8739997764826,60.82113726574,50.1782127181153));
#3416=CARTESIAN_POINT('',(31.8739997764826,57.2418595844749,44.5729249208287));
#3417=CARTESIAN_POINT('',(31.8739997764826,58.4735657398752,46.5018245753166));
#3418=CARTESIAN_POINT('',(31.8739997764826,60.82113726574,50.1782127181153));
#3419=CARTESIAN_POINT('Origin',(31.8739997764826,70.0238409495202,64.5900039380979));
#3420=CARTESIAN_POINT('',(31.8739997764826,66.673478506124,59.3432062898591));
#3421=CARTESIAN_POINT('',(31.8739997764826,70.0238409495201,64.5900039380979));
#3422=CARTESIAN_POINT('',(31.8739997764826,57.2418595844749,44.5729249208287));
#3423=CARTESIAN_POINT('',(31.8739997764826,66.673478506124,59.3432062898591));
#3424=CARTESIAN_POINT('',(31.8739997764826,70.0238409495201,64.5900039380979));
#3425=CARTESIAN_POINT('Origin',(-11.6260002235174,70.0238409495201,64.5900039380979));
#3426=CARTESIAN_POINT('',(-11.6260002235174,70.0238409495201,64.5900039380979));
#3427=CARTESIAN_POINT('',(5.37399966472386,70.0238409495201,64.5900039380979));
#3428=CARTESIAN_POINT('',(-11.6260002235174,70.0238409495201,64.5900039380979));
#3429=CARTESIAN_POINT('Origin',(-11.6260002235174,57.6455011012654,45.205043205584));
#3430=CARTESIAN_POINT('',(-11.6260002235174,57.6455011012654,45.205043205584));
#3431=CARTESIAN_POINT('',(-11.6260002235174,62.3546521304929,52.5797565277363));
#3432=CARTESIAN_POINT('',(-11.6260002235174,57.6455011012654,45.205043205584));
#3433=CARTESIAN_POINT('Origin',(30.755012613845,57.6455011012654,45.205043205584));
#3434=CARTESIAN_POINT('',(30.755012613845,57.6455011012654,45.205043205584));
#3435=CARTESIAN_POINT('',(-14.6260003352761,57.6455011012654,45.205043205584));
#3436=CARTESIAN_POINT('',(30.755012613845,57.6455011012654,45.205043205584));
#3437=CARTESIAN_POINT('Origin',(31.8739997764826,58.4735657398752,46.5018245753166));
#3438=CARTESIAN_POINT('',(30.755012613845,58.4735657398752,46.5018245753166));
#3439=CARTESIAN_POINT('',(5.56450608340507,58.4735657398752,46.5018245753166));
#3440=CARTESIAN_POINT('',(30.755012613845,58.4735657398752,46.5018245753166));
#3441=CARTESIAN_POINT('Origin',(14.,36.2738334582648,19.874432842888));
#3442=CARTESIAN_POINT('',(14.,32.5404924218351,-2.54478734141145));
#3443=CARTESIAN_POINT('',(14.,11.5,-2.54478734141145));
#3444=CARTESIAN_POINT('',(14.,37.9673216309407,0.377570315480794));
#3445=CARTESIAN_POINT('Origin',(14.,32.540492421835,3.95521265858855));
#3446=CARTESIAN_POINT('',(14.,62.6679259690845,37.8452510530584));
#3447=CARTESIAN_POINT('',(14.,37.9673216309407,0.377570315480794));
#3448=CARTESIAN_POINT('',(14.,56.2889032009906,41.9186001205538));
#3449=CARTESIAN_POINT('',(14.,54.6341679243075,42.9874771331305));
#3450=CARTESIAN_POINT('',(14.,54.0196696447246,43.3865369818985));
#3451=CARTESIAN_POINT('',(14.,33.2727404429016,10.0937633774474));
#3452=CARTESIAN_POINT('',(14.,55.7029462870533,44.6332514880058));
#3453=CARTESIAN_POINT('',(14.,30.3373934550926,8.5));
#3454=CARTESIAN_POINT('Origin',(14.,30.3373934550926,12.));
#3455=CARTESIAN_POINT('',(14.,12.4308516097249,8.5));
#3456=CARTESIAN_POINT('',(14.,30.3373934550926,8.5));
#3457=CARTESIAN_POINT('',(14.,12.4288727052249,8.4980210955));
#3458=CARTESIAN_POINT('',(14.,12.4308516097249,8.5));
#3459=CARTESIAN_POINT('',(14.,12.4288727052249,8.4980210955));
#3460=CARTESIAN_POINT('',(14.,7.05019304878476,4.));
#3461=CARTESIAN_POINT('',(14.,7.05019304878476,6.9980210955));
#3462=CARTESIAN_POINT('',(14.,14.3880803917238,4.));
#3463=CARTESIAN_POINT('Origin',(14.,55.7618406895749,42.2551578767239));
#3464=CARTESIAN_POINT('',(-14.,54.6341679243075,42.9874771331305));
#3465=CARTESIAN_POINT('',(-14.,54.0196696447246,43.3865369818985));
#3466=CARTESIAN_POINT('',(14.,54.6341679243075,42.9874771331305));
#3467=CARTESIAN_POINT('Origin',(14.,33.2727404429016,10.0937633774474));
#3468=CARTESIAN_POINT('',(-14.,33.2727404429016,10.0937633774474));
#3469=CARTESIAN_POINT('',(-14.,55.7029462870533,44.6332514880058));
#3470=CARTESIAN_POINT('',(14.,33.2727404429016,10.0937633774474));
#3471=CARTESIAN_POINT('Origin',(-14.,36.2738334582648,19.874432842888));
#3472=CARTESIAN_POINT('',(-14.,7.05019304878476,4.));
#3473=CARTESIAN_POINT('',(-14.,14.3880803917238,4.));
#3474=CARTESIAN_POINT('',(-14.,7.05019304878476,0.));
#3475=CARTESIAN_POINT('',(-14.,12.4288727052249,8.4980210955));
#3476=CARTESIAN_POINT('',(-14.,12.4288727052249,8.4980210955));
#3477=CARTESIAN_POINT('',(-14.,12.4308516097249,8.5));
#3478=CARTESIAN_POINT('',(-14.,12.4308516097249,8.5));
#3479=CARTESIAN_POINT('',(-14.,30.3373934550926,8.5));
#3480=CARTESIAN_POINT('',(-14.,30.3373934550926,8.5));
#3481=CARTESIAN_POINT('Origin',(-14.,30.3373934550926,12.));
#3482=CARTESIAN_POINT('',(-14.,62.6679259690844,37.8452510530584));
#3483=CARTESIAN_POINT('',(-14.,53.9160913120699,43.4337681088889));
#3484=CARTESIAN_POINT('',(-14.,37.9673216309407,0.377570315480794));
#3485=CARTESIAN_POINT('',(-14.,37.9673216309407,0.377570315480794));
#3486=CARTESIAN_POINT('',(-14.,32.5404924218351,-2.54478734141145));
#3487=CARTESIAN_POINT('Origin',(-14.,32.540492421835,3.95521265858855));
#3488=CARTESIAN_POINT('',(-14.,11.5,-2.54478734141145));
#3489=CARTESIAN_POINT('Origin',(14.,12.4288727052249,8.4980210955));
#3490=CARTESIAN_POINT('',(14.,12.4308516097249,8.5));
#3491=CARTESIAN_POINT('',(14.,12.4288727052249,8.4980210955));
#3492=CARTESIAN_POINT('Origin',(14.,11.5,8.4980210955));
#3493=CARTESIAN_POINT('Origin',(14.,32.5404924218351,-2.54478734141145));
#3494=CARTESIAN_POINT('',(14.,32.5404924218351,-2.54478734141145));
#3495=CARTESIAN_POINT('Origin',(14.,32.540492421835,3.95521265858855));
#3496=CARTESIAN_POINT('',(14.,37.9673216309407,0.377570315480794));
#3497=CARTESIAN_POINT('Origin',(14.,63.713445977238,39.4311721638935));
#3498=CARTESIAN_POINT('',(12.1869998882413,62.6679259690845,37.8452510530584));
#3499=CARTESIAN_POINT('Origin',(14.,30.3373934550926,12.));
#3500=CARTESIAN_POINT('',(14.,30.3373934550926,8.5));
#3501=CARTESIAN_POINT('Origin',(14.,12.4308516097249,8.5));
#3502=CARTESIAN_POINT('Origin',(10.3739997764826,60.0912617098987,39.490589741909));
#3503=CARTESIAN_POINT('',(-14.6260004470348,68.634804628595,34.0350781618212));
#3504=CARTESIAN_POINT('',(-14.6260004470348,55.7618406895748,42.2551578767238));
#3505=CARTESIAN_POINT('',(35.374,68.634804628595,34.0350781618212));
#3506=CARTESIAN_POINT('',(25.3739998882413,68.6348046285952,34.0350781618213));
#3507=CARTESIAN_POINT('',(35.374,57.9265511997368,40.8728738093165));
#3508=CARTESIAN_POINT('Origin',(29.1239997764826,72.6712197965029,40.3562610093801));
#3509=CARTESIAN_POINT('',(29.1239997764826,89.3652370837451,23.7637992627521));
#3510=CARTESIAN_POINT('',(34.1239997764826,92.0561805290178,27.9779211611247));
#3511=CARTESIAN_POINT('Origin',(29.1239997764826,92.0561805290178,27.9779211611247));
#3512=CARTESIAN_POINT('',(34.1239997764826,72.6712197965039,40.3562610093795));
#3513=CARTESIAN_POINT('',(34.1239997764826,72.6712197965029,40.3562610093801));
#3514=CARTESIAN_POINT('',(29.1239997764826,69.9802763512311,36.1421391110069));
#3515=CARTESIAN_POINT('Origin',(29.1239997764826,72.6712197965039,40.3562610093795));
#3516=CARTESIAN_POINT('',(29.1239997764826,69.9802763512301,36.1421391110075));
#3517=CARTESIAN_POINT('Origin',(10.4108366505291,96.092595696927,34.2991040086836));
#3518=CARTESIAN_POINT('',(-8.87600022351742,89.3652370837451,23.7637992627521));
#3519=CARTESIAN_POINT('',(34.1239997764826,89.3652370837451,23.7637992627521));
#3520=CARTESIAN_POINT('',(-13.8760002235174,92.0561805290178,27.9779211611247));
#3521=CARTESIAN_POINT('Origin',(-8.87600022351742,92.0561805290178,27.9779211611247));
#3522=CARTESIAN_POINT('',(-13.8760002235174,100.129010864836,40.6202868562425));
#3523=CARTESIAN_POINT('',(-13.8760002235174,89.3652370837451,23.7637992627521));
#3524=CARTESIAN_POINT('',(-8.87600022351742,102.819954310109,44.8344087546151));
#3525=CARTESIAN_POINT('Origin',(-8.87600022351742,100.129010864836,40.6202868562425));
#3526=CARTESIAN_POINT('',(29.1239997764826,102.819954310109,44.8344087546151));
#3527=CARTESIAN_POINT('',(22.2674182135059,102.819954310109,44.8344087546151));
#3528=CARTESIAN_POINT('',(34.1239997764826,100.129010864836,40.6202868562425));
#3529=CARTESIAN_POINT('Origin',(29.1239997764826,100.129010864836,40.6202868562425));
#3530=CARTESIAN_POINT('',(34.1239997764826,98.7812510194975,38.5096426180789));
#3531=CARTESIAN_POINT('',(34.1239997764826,97.4369233582123,36.4043733133813));
#3532=CARTESIAN_POINT('',(34.1239997764826,94.0750491630514,31.13954781499));
#3533=CARTESIAN_POINT('Origin',(30.3719966826717,96.4281500912745,34.8245952165345));
#3534=CARTESIAN_POINT('',(34.1239997764826,92.697493484435,28.9822421452321));
#3535=CARTESIAN_POINT('Origin',(34.1239997764826,69.9802763512301,36.1421391110075));
#3536=CARTESIAN_POINT('',(-8.87600022351742,69.9802763512311,36.1421391110069));
#3537=CARTESIAN_POINT('',(37.2489998882413,69.9802763512311,36.1421391110069));
#3538=CARTESIAN_POINT('',(-8.87600022351742,69.9802763512303,36.1421391110074));
#3539=CARTESIAN_POINT('Origin',(29.1239997764826,80.7440501323212,52.9986267044979));
#3540=CARTESIAN_POINT('',(29.1239997764826,83.434993577595,57.2127486028699));
#3541=CARTESIAN_POINT('',(29.1239997764826,83.434993577594,57.2127486028705));
#3542=CARTESIAN_POINT('',(34.1239997764826,80.7440501323222,52.9986267044973));
#3543=CARTESIAN_POINT('Origin',(29.1239997764826,80.7440501323222,52.9986267044973));
#3544=CARTESIAN_POINT('',(34.1239997764826,80.7440501323212,52.9986267044979));
#3545=CARTESIAN_POINT('Origin',(34.1239997764826,83.434993577594,57.2127486028705));
#3546=CARTESIAN_POINT('',(34.1239997764826,79.3962902869835,50.8879824663337));
#3547=CARTESIAN_POINT('',(34.1239997764826,76.034899103095,45.6239133823455));
#3548=CARTESIAN_POINT('',(34.1239997764826,79.3962902869835,50.8879824663337));
#3549=CARTESIAN_POINT('Origin',(-8.87600022351742,72.6712197965031,40.35626100938));
#3550=CARTESIAN_POINT('',(-13.8760002235174,72.6712197965038,40.3562610093795));
#3551=CARTESIAN_POINT('Origin',(-8.87600022351742,72.6712197965039,40.3562610093795));
#3552=CARTESIAN_POINT('',(-13.8760002235174,72.6712197965031,40.35626100938));
#3553=CARTESIAN_POINT('Origin',(-13.8760002235174,80.1760468777612,52.1091115578322));
#3554=CARTESIAN_POINT('',(-13.8760002235174,80.7440501323222,52.9986267044973));
#3555=CARTESIAN_POINT('',(-13.8760002235174,69.3075404899131,35.088608636414));
#3556=CARTESIAN_POINT('',(-13.8760002235174,80.7440501323215,52.9986267044978));
#3557=CARTESIAN_POINT('Origin',(-8.87600022351742,80.7440501323215,52.9986267044978));
#3558=CARTESIAN_POINT('',(-8.87600022351742,83.434993577595,57.2127486028699));
#3559=CARTESIAN_POINT('Origin',(-8.87600022351742,80.7440501323222,52.9986267044973));
#3560=CARTESIAN_POINT('',(-8.87600022351742,83.4349935775943,57.2127486028704));
#3561=CARTESIAN_POINT('Origin',(-13.8760002235174,83.434993577594,57.2127486028705));
#3562=CARTESIAN_POINT('',(13.2489998882413,83.434993577595,57.2127486028699));
#3563=CARTESIAN_POINT('Origin',(30.8739997764826,58.7141461542198,46.3023860710609));
#3564=CARTESIAN_POINT('',(30.755012613845,58.7141461542198,46.302386071061));
#3565=CARTESIAN_POINT('',(31.1500926293626,58.7141461542198,46.3023860710609));
#3566=CARTESIAN_POINT('',(10.5645061951638,58.7141461542198,46.3023860710609));
#3567=CARTESIAN_POINT('',(31.1500926293626,58.2964617591437,45.6482760937625));
#3568=CARTESIAN_POINT('',(31.1500926293626,57.5032216038474,44.4060312167938));
#3569=CARTESIAN_POINT('',(30.755012613845,58.2964617591437,45.6482760937625));
#3570=CARTESIAN_POINT('',(-14.6260003352761,58.2964617591437,45.6482760937625));
#3571=CARTESIAN_POINT('',(30.755012613845,58.7141461542198,46.302386071061));
#3572=CARTESIAN_POINT('Origin',(30.3739997764826,78.1444943011132,58.2180432887936));
#3573=CARTESIAN_POINT('',(-10.6260002235174,70.3284766401401,63.2089908693688));
#3574=CARTESIAN_POINT('',(30.8739997764826,70.3284766401401,63.2089908693688));
#3575=CARTESIAN_POINT('',(5.37399966472386,70.3284766401401,63.2089908693688));
#3576=CARTESIAN_POINT('',(-10.6260002235175,100.057928172651,44.2251373733751));
#3577=CARTESIAN_POINT('',(-10.6260002235174,69.4856522604656,63.7471795584234));
#3578=CARTESIAN_POINT('',(30.8739997764826,100.057928172651,44.2251373733751));
#3579=CARTESIAN_POINT('',(30.8739997764826,100.057928172651,44.2251373733751));
#3580=CARTESIAN_POINT('',(30.8739997764826,78.1444943011132,58.2180432887936));
#3581=CARTESIAN_POINT('Origin',(40.374,55.7618406895749,42.2551578767239));
#3582=CARTESIAN_POINT('',(40.374,71.3257480738679,38.2492000601939));
#3583=CARTESIAN_POINT('',(40.374,58.4527841348476,46.4692797750965));
#3584=CARTESIAN_POINT('',(40.3739999999999,82.089521854959,55.1056876536843));
#3585=CARTESIAN_POINT('',(40.374,68.6348046285951,34.0350781618213));
#3586=CARTESIAN_POINT('',(40.3739999999999,71.3812684261007,61.9434833011795));
#3587=CARTESIAN_POINT('Origin',(35.3739999999999,71.3812684261007,61.9434833011794));
#3588=CARTESIAN_POINT('',(35.3739999999999,84.7804653002318,59.3198095520569));
#3589=CARTESIAN_POINT('Origin',(35.3739999999999,82.089521854959,55.1056876536843));
#3590=CARTESIAN_POINT('',(35.3739999999999,74.0722118713734,66.1576051995521));
#3591=CARTESIAN_POINT('Origin',(30.755012613845,70.7114732325959,36.3567345345661));
#3592=CARTESIAN_POINT('Origin',(31.8739997764826,59.2493748607589,45.858687389447));
#3593=CARTESIAN_POINT('',(30.755012613845,62.9075189886918,42.8261263423892));
#3594=CARTESIAN_POINT('Origin',(30.755012613845,55.0769322743716,41.4289605938438));
#3595=CARTESIAN_POINT('Origin',(30.755012613845,58.4883254809399,44.6668545165295));
#3596=CARTESIAN_POINT('Origin',(-9.62600022351743,66.8425318309676,40.5187313156288));
#3597=CARTESIAN_POINT('',(30.8739997764826,59.0265141699945,45.509678896204));
#3598=CARTESIAN_POINT('',(-10.6260002235174,59.0265141699945,45.5096788962041));
#3599=CARTESIAN_POINT('',(-14.6260003352761,59.0265141699945,45.509678896204));
#3600=CARTESIAN_POINT('',(30.8739997764826,88.7559657025051,26.5258254002103));
#3601=CARTESIAN_POINT('',(30.8739997764826,58.18368979032,46.0478675852586));
#3602=CARTESIAN_POINT('',(-10.6260002235175,88.7559657025051,26.5258254002103));
#3603=CARTESIAN_POINT('',(-10.6260002235175,88.7559657025051,26.5258254002103));
#3604=CARTESIAN_POINT('',(-10.6260002235174,66.8425318309676,40.5187313156288));
#3605=CARTESIAN_POINT('Origin',(-10.6260002235174,77.6063056120587,57.3752189091191));
#3606=CARTESIAN_POINT('',(-10.6260002235174,63.1974765101674,52.0415678386818));
#3607=CARTESIAN_POINT('',(-10.6260002235175,100.057928172651,44.2251373733751));
#3608=CARTESIAN_POINT('Origin',(-14.6260003352761,58.4883254809399,44.6668545165295));
#3609=CARTESIAN_POINT('Origin',(31.8739997764826,58.4883254809399,44.6668545165295));
#3610=CARTESIAN_POINT('Origin',(-11.6260002235174,58.4883254809401,44.6668545165299));
#3611=CARTESIAN_POINT('Origin',(-11.6260002235174,63.1974765101674,52.0415678386818));
#3612=CARTESIAN_POINT('Origin',(-11.6260002235174,70.8666653291947,64.0518152490434));
#3613=CARTESIAN_POINT('Origin',(5.37399966472386,70.8666653291947,64.0518152490434));
#3614=CARTESIAN_POINT('Origin',(31.8739997764826,70.8666653291947,64.0518152490434));
#3615=CARTESIAN_POINT('Origin',(-14.6260004470349,75.7106894464244,59.1789151663644));
#3616=CARTESIAN_POINT('',(-14.6260004470349,84.7804653002318,59.3198095520568));
#3617=CARTESIAN_POINT('',(-14.6260004470349,80.5663434018592,62.0107529973296));
#3618=CARTESIAN_POINT('',(-19.6260004470349,82.089521854959,55.1056876536842));
#3619=CARTESIAN_POINT('Origin',(-14.6260004470349,82.089521854959,55.1056876536842));
#3620=CARTESIAN_POINT('',(-19.6260004470349,69.2165579159387,63.3257673685868));
#3621=CARTESIAN_POINT('Origin',(-19.6260004470348,64.4206827302225,36.726021607094));
#3622=CARTESIAN_POINT('',(-19.6260004470348,71.3257480738679,38.2492000601938));
#3623=CARTESIAN_POINT('',(-19.6260004470348,68.634804628595,34.0350781618211));
#3624=CARTESIAN_POINT('',(-19.6260004470348,67.1116261754952,40.9401435054666));
#3625=CARTESIAN_POINT('Origin',(-14.6260004470348,64.9469156653334,42.322427572874));
#3626=CARTESIAN_POINT('Origin',(-14.6260004470348,71.3257480738679,38.2492000601938));
#3627=CARTESIAN_POINT('Origin',(35.374,60.6174946450096,45.086995707689));
#3628=CARTESIAN_POINT('Origin',(35.374,71.3257480738679,38.2492000601939));
#3629=CARTESIAN_POINT('Origin',(10.3739997764825,76.2369223815354,64.7753211321445));
#3630=CARTESIAN_POINT('',(25.3739998882412,84.7804653002318,59.3198095520569));
#3631=CARTESIAN_POINT('Origin',(30.8739997764826,67.3807205200225,41.3615556953038));
#3632=CARTESIAN_POINT('',(30.8739997764826,67.8130445228617,59.2697265240277));
#3633=CARTESIAN_POINT('',(30.8739997764826,58.0846839641494,44.0347362317742));
#3634=CARTESIAN_POINT('',(30.8739997764826,97.5424960553721,40.2858730280337));
#3635=CARTESIAN_POINT('',(30.8739997764826,88.7559657025051,26.5258254002103));
#3636=CARTESIAN_POINT('',(30.8739997764826,66.9702201431874,59.8079152130821));
#3637=CARTESIAN_POINT('Origin',(-14.0010002234521,75.1844565113266,53.5825092006048));
#3638=CARTESIAN_POINT('',(-12.5510002234521,76.0272808910012,53.0443205115502));
#3639=CARTESIAN_POINT('Origin',(-14.0010002234521,76.0272808910012,53.0443205115502));
#3640=CARTESIAN_POINT('',(-12.5510002234521,75.1844565113266,53.5825092006048));
#3641=CARTESIAN_POINT('Origin',(-14.0010002235177,69.8025696207674,45.1542654038382));
#3642=CARTESIAN_POINT('',(-12.5510002235177,70.6453940004419,44.6160767147837));
#3643=CARTESIAN_POINT('Origin',(-14.0010002235177,70.6453940004419,44.6160767147837));
#3644=CARTESIAN_POINT('',(-12.5510002235177,69.8025696207674,45.1542654038382));
#3645=CARTESIAN_POINT('Origin',(-14.0010002235177,70.6453940004419,44.6160767147837));
#3646=CARTESIAN_POINT('Origin',(34.7489997764768,70.6453940004367,44.6160767147754));
#3647=CARTESIAN_POINT('',(36.1989997764768,70.6453940004367,44.6160767147754));
#3648=CARTESIAN_POINT('Origin',(34.7489997764768,70.6453940004367,44.6160767147754));
#3649=CARTESIAN_POINT('Origin',(34.7489997764796,76.0272808909833,53.0443205115223));
#3650=CARTESIAN_POINT('',(36.1989997764796,76.0272808909833,53.0443205115223));
#3651=CARTESIAN_POINT('Origin',(34.7489997764796,76.0272808909833,53.0443205115223));
#3652=CARTESIAN_POINT('Origin',(-14.0010002234521,76.0272808910012,53.0443205115502));
#3653=CARTESIAN_POINT('Origin',(30.8739997764826,67.3807205200225,41.3615556953038));
#3654=CARTESIAN_POINT('',(30.8739997764826,61.3672200083513,49.1753151058376));
#3655=CARTESIAN_POINT('',(30.8739997764826,91.0966715408619,30.1914616098439));
#3656=CARTESIAN_POINT('',(30.8739997764826,60.524395628677,49.7135037948921));
#3657=CARTESIAN_POINT('',(30.8739997764826,88.7559657025051,26.5258254002103));
#3658=CARTESIAN_POINT('',(30.8739997764826,58.0846839641494,44.0347362317742));
#3659=CARTESIAN_POINT('Origin',(10.4108366505291,94.4069469375779,35.3754813867927));
#3660=CARTESIAN_POINT('',(34.3740003576277,95.5305083665341,37.1350222014644));
#3661=CARTESIAN_POINT('Origin',(28.2241509780392,94.3195837981173,35.2386673189387));
#3662=CARTESIAN_POINT('',(34.3740003576277,93.1086592297002,33.3423124364133));
#3663=CARTESIAN_POINT('Origin',(28.2241509780392,94.3195837981173,35.2386673189387));
#3664=CARTESIAN_POINT('',(34.3740003576279,87.7267722589583,24.9140685140775));
#3665=CARTESIAN_POINT('Origin',(31.8739997764826,58.0846839641494,44.0347362317742));
#3666=CARTESIAN_POINT('Ctrl Pts',(31.8739997764826,60.82113726574,50.1782127181153));
#3667=CARTESIAN_POINT('Ctrl Pts',(31.7561719811122,60.778568396719,50.1115482166946));
#3668=CARTESIAN_POINT('Ctrl Pts',(31.6261051377005,60.7534966211267,50.0312416945419));
#3669=CARTESIAN_POINT('Ctrl Pts',(31.3786475569535,60.7599675172301,49.8573228725165));
#3670=CARTESIAN_POINT('Ctrl Pts',(31.2614387443725,60.7916296630037,49.7634563301633));
#3671=CARTESIAN_POINT('Ctrl Pts',(31.0812479835482,60.8947170550762,49.5900855487884));
#3672=CARTESIAN_POINT('Ctrl Pts',(31.0040604802037,60.9683158044424,49.5000187811686));
#3673=CARTESIAN_POINT('Ctrl Pts',(30.9003911075321,61.150471373678,49.3273365438403));
#3674=CARTESIAN_POINT('Ctrl Pts',(30.8739997764826,61.2588714454559,49.2445014896583));
#3675=CARTESIAN_POINT('Ctrl Pts',(30.8739997764826,61.3672200083513,49.1753151058376));
#3676=CARTESIAN_POINT('Origin',(31.8739997764826,58.0846839641494,44.0347362317742));
#3677=CARTESIAN_POINT('Ctrl Pts',(30.8739997764826,67.8130445228617,59.2697265240277));
#3678=CARTESIAN_POINT('Ctrl Pts',(30.8739997764826,67.7046959599663,59.3389129078484));
#3679=CARTESIAN_POINT('Ctrl Pts',(30.9003911075321,67.5839436928657,59.4024039446398));
#3680=CARTESIAN_POINT('Ctrl Pts',(31.0040604802037,67.3506529514095,59.495006517191));
#3681=CARTESIAN_POINT('Ctrl Pts',(31.0812479835482,67.2379812154995,59.5238834710603));
#3682=CARTESIAN_POINT('Ctrl Pts',(31.2614387443725,67.0373302751424,59.544465948381));
#3683=CARTESIAN_POINT('Ctrl Pts',(31.3786475569535,66.9388543699259,59.5336995497203));
#3684=CARTESIAN_POINT('Ctrl Pts',(31.6261051377005,66.7783533756702,59.4664012585534));
#3685=CARTESIAN_POINT('Ctrl Pts',(31.7561719811122,66.716047375145,59.4098707912798));
#3686=CARTESIAN_POINT('Ctrl Pts',(31.8739997764826,66.673478506124,59.3432062898591));
#3687=CARTESIAN_POINT('Origin',(28.2241509780395,63.7473078859321,54.7607095039871));
#3688=CARTESIAN_POINT('',(34.3740003576279,95.8823967157443,36.9103225678015));
#3689=CARTESIAN_POINT('',(34.3740003576279,93.431448888895,33.1361938810987));
#3690=CARTESIAN_POINT('Origin',(28.2241509780392,94.6569228023196,35.02325822445));
#3691=CARTESIAN_POINT('',(34.3740003576277,93.1086592297002,33.3423124364134));
#3692=CARTESIAN_POINT('',(34.3740003576277,95.5305083665341,37.1350222014645));
#3693=CARTESIAN_POINT('',(32.8118077275634,96.7806494130617,39.2115496681206));
#3694=CARTESIAN_POINT('',(32.7803383627152,93.4259670912913,41.3901058406437));
#3695=CARTESIAN_POINT('Ctrl Pts',(32.8118077275634,96.7806494130617,39.2115496681206));
#3696=CARTESIAN_POINT('Ctrl Pts',(32.7961245423456,95.0975355361289,40.3045766000168));
#3697=CARTESIAN_POINT('Ctrl Pts',(32.7803383627152,93.4259670912913,41.3901058406437));
#3698=CARTESIAN_POINT('',(34.0589720948645,89.2449077604607,34.9518390654675));
#3699=CARTESIAN_POINT('Origin',(28.2241509780392,90.8641014124207,37.4451786397518));
#3700=CARTESIAN_POINT('',(34.0432343458334,92.599590082231,32.7732828929444));
#3701=CARTESIAN_POINT('Ctrl Pts',(34.0589720948645,89.2449077604607,34.9518390654675));
#3702=CARTESIAN_POINT('Ctrl Pts',(34.0511436256465,90.9245140945778,33.8610899585092));
#3703=CARTESIAN_POINT('Ctrl Pts',(34.0432343458334,92.5995900822311,32.7732828929444));
#3704=CARTESIAN_POINT('Origin',(28.2241509780392,94.2354982034419,35.2923604928169));
#3705=CARTESIAN_POINT('Origin',(34.7489997764768,69.8025696207622,45.15426540383));
#3706=CARTESIAN_POINT('',(36.1989997764768,69.8025696207622,45.15426540383));
#3707=CARTESIAN_POINT('Origin',(34.7489997764796,75.1844565113087,53.5825092005768));
#3708=CARTESIAN_POINT('',(36.1989997764796,75.1844565113087,53.5825092005768));
#3709=CARTESIAN_POINT('Origin',(34.3740003576279,101.181489685813,45.9846783199171));
#3710=CARTESIAN_POINT('',(34.3740003576279,98.740795256358,41.3118703331112));
#3711=CARTESIAN_POINT('Origin',(34.3740003576279,95.8823967157443,36.9103225678015));
#3712=CARTESIAN_POINT('Origin',(30.3719966826717,77.0431893587605,47.2029350647893));
#3713=CARTESIAN_POINT('',(34.1239997764826,74.6900884305375,43.5178876632449));
#3714=CARTESIAN_POINT('Origin',(30.3719966826717,77.0431893587605,47.2029350647893));
#3715=CARTESIAN_POINT('',(34.1239997764826,74.6900884305375,43.5178876632449));
#3716=CARTESIAN_POINT('',(34.7385048150115,89.2449077604607,34.9518390654675));
#3717=CARTESIAN_POINT('',(34.596305146043,93.4259670912913,41.3901058406437));
#3718=CARTESIAN_POINT('Origin',(30.3719966826717,91.2921003305445,38.1042391783212));
#3719=CARTESIAN_POINT('',(34.6245608992815,96.7806494130617,39.2115496681206));
#3720=CARTESIAN_POINT('Ctrl Pts',(34.596305146043,93.4259670912913,41.3901058406437));
#3721=CARTESIAN_POINT('Ctrl Pts',(34.6104885722005,95.0977172727968,40.3044585788447));
#3722=CARTESIAN_POINT('Ctrl Pts',(34.6245608992815,96.7806494130617,39.2115496681206));
#3723=CARTESIAN_POINT('',(34.7118995043121,92.599590082231,32.7732828929444));
#3724=CARTESIAN_POINT('Origin',(30.3719966826717,94.6634971215658,35.9514210313863));
#3725=CARTESIAN_POINT('Ctrl Pts',(34.7118995043121,92.599590082231,32.7732828929444));
#3726=CARTESIAN_POINT('Ctrl Pts',(34.7252562438527,90.9273746313005,33.8592323042409));
#3727=CARTESIAN_POINT('Ctrl Pts',(34.7385048150115,89.2449077604607,34.9518390654675));
#3728=CARTESIAN_POINT('Origin',(40.374,68.6348046285951,34.0350781618212));
#3729=CARTESIAN_POINT('',(34.1239997764826,70.9736686902581,37.697830077654));
#3730=CARTESIAN_POINT('Origin',(34.1239997764826,73.31253275192,41.3605819934875));
#3731=CARTESIAN_POINT('Origin',(36.1239997764826,96.7806494130617,39.2115496681206));
#3732=CARTESIAN_POINT('',(36.1239997764826,96.7806494130617,39.2115496681206));
#3733=CARTESIAN_POINT('',(36.1239997764826,92.599590082231,32.7732828929444));
#3734=CARTESIAN_POINT('Origin',(36.1239997764826,93.4259670912913,41.3901058406437));
#3735=CARTESIAN_POINT('',(36.1239997764826,93.4259670912913,41.3901058406437));
#3736=CARTESIAN_POINT('Origin',(36.1239997764826,89.2449077604607,34.9518390654675));
#3737=CARTESIAN_POINT('',(36.1239997764826,89.2449077604607,34.9518390654675));
#3738=CARTESIAN_POINT('Origin',(36.1239997764826,92.599590082231,32.7732828929444));
#3739=CARTESIAN_POINT('Origin',(4.50000006705523,-2.5,7.));
#3740=CARTESIAN_POINT('',(6.01500006705523,-2.5,7.));
#3741=CARTESIAN_POINT('Origin',(-4.49999989941716,-17.5,7.));
#3742=CARTESIAN_POINT('',(-2.98499989941716,-17.5,7.));
#3743=CARTESIAN_POINT('Origin',(-4.5,-2.5000000372529,7.));
#3744=CARTESIAN_POINT('',(-2.985,-2.5000000372529,7.));
#3745=CARTESIAN_POINT('Origin',(4.5,-17.5000002607703,7.));
#3746=CARTESIAN_POINT('',(6.015,-17.5000002607703,7.));
#3747=CARTESIAN_POINT('Origin',(14.,14.3880803917238,4.));
#3748=CARTESIAN_POINT('',(0.,7.05019304878476,4.));
#3749=CARTESIAN_POINT('Origin',(14.,14.3880803917238,4.));
#3750=CARTESIAN_POINT('',(0.,7.05019304878476,4.));
#3751=CARTESIAN_POINT('Origin',(0.,7.05019304878476,6.9980210955));
#3752=CARTESIAN_POINT('',(14.,7.05019304878476,6.08918992004313));
#3753=CARTESIAN_POINT('',(14.,7.05019304878476,5.92695328363452));
#3754=CARTESIAN_POINT('Origin',(14.,7.05019304878476,5.92695328363452));
#3755=CARTESIAN_POINT('',(14.,6.97056274847714,6.00658358394214));
#3756=CARTESIAN_POINT('Origin',(14.,6.97056274847714,6.00955961973552));
#3757=CARTESIAN_POINT('',(14.,6.97056274847714,6.00955961973552));
#3758=CARTESIAN_POINT('Origin',(14.,6.97056274847714,6.00658358394214));
#3759=UNCERTAINTY_MEASURE_WITH_UNIT(LENGTH_MEASURE(0.01),#3763,
'DISTANCE_ACCURACY_VALUE',
'Maximum model space distance between geometric entities at asserted c
onnectivities');
#3760=UNCERTAINTY_MEASURE_WITH_UNIT(LENGTH_MEASURE(0.01),#3763,
'DISTANCE_ACCURACY_VALUE',
'Maximum model space distance between geometric entities at asserted c
onnectivities');
#3761=(
GEOMETRIC_REPRESENTATION_CONTEXT(3)
GLOBAL_UNCERTAINTY_ASSIGNED_CONTEXT((#3759))
GLOBAL_UNIT_ASSIGNED_CONTEXT((#3763,#3765,#3766))
REPRESENTATION_CONTEXT('','3D')
);
#3762=(
GEOMETRIC_REPRESENTATION_CONTEXT(3)
GLOBAL_UNCERTAINTY_ASSIGNED_CONTEXT((#3760))
GLOBAL_UNIT_ASSIGNED_CONTEXT((#3763,#3765,#3766))
REPRESENTATION_CONTEXT('','3D')
);
#3763=(
LENGTH_UNIT()
NAMED_UNIT(*)
SI_UNIT(.MILLI.,.METRE.)
);
#3764=(
LENGTH_UNIT()
NAMED_UNIT(*)
SI_UNIT($,.METRE.)
);
#3765=(
NAMED_UNIT(*)
PLANE_ANGLE_UNIT()
SI_UNIT($,.RADIAN.)
);
#3766=(
NAMED_UNIT(*)
SI_UNIT($,.STERADIAN.)
SOLID_ANGLE_UNIT()
);
#3767=SHAPE_DEFINITION_REPRESENTATION(#3768,#3769);
#3768=PRODUCT_DEFINITION_SHAPE('',$,#3771);
#3769=SHAPE_REPRESENTATION('',(#2227),#3761);
#3770=PRODUCT_DEFINITION_CONTEXT('part definition',#3775,'design');
#3771=PRODUCT_DEFINITION('GYRA ROLL PITCH BRAKET PROTOTYPE V2',
'GYRA ROLL PITCH BRAKET PROTOTYPE V2 v3',#3772,#3770);
#3772=PRODUCT_DEFINITION_FORMATION('',$,#3777);
#3773=PRODUCT_RELATED_PRODUCT_CATEGORY(
'GYRA ROLL PITCH BRAKET PROTOTYPE V2 v3',
'GYRA ROLL PITCH BRAKET PROTOTYPE V2 v3',(#3777));
#3774=APPLICATION_PROTOCOL_DEFINITION('international standard',
'automotive_design',2009,#3775);
#3775=APPLICATION_CONTEXT(
'Core Data for Automotive Mechanical Design Process');
#3776=PRODUCT_CONTEXT('part definition',#3775,'mechanical');
#3777=PRODUCT('GYRA ROLL PITCH BRAKET PROTOTYPE V2',
'GYRA ROLL PITCH BRAKET PROTOTYPE V2 v3',$,(#3776));
#3778=PRESENTATION_STYLE_ASSIGNMENT((#3779));
#3779=SURFACE_STYLE_USAGE(.BOTH.,#3780);
#3780=SURFACE_SIDE_STYLE('',(#3781));
#3781=SURFACE_STYLE_FILL_AREA(#3782);
#3782=FILL_AREA_STYLE('Plastic - Matte (White)',(#3783));
#3783=FILL_AREA_STYLE_COLOUR('Plastic - Matte (White)',#3784);
#3784=COLOUR_RGB('Plastic - Matte (White)',0.964705882352941,0.964705882352941,
0.952941176470588);
ENDSEC;
END-ISO-10303-21;
