ISO-10303-21;
HEADER;
/* Generated by software containing ST-Developer
 * from STEP Tools, Inc. (www.steptools.com) 
 */

FILE_DESCRIPTION(
/* description */ (''),
/* implementation_level */ '2;1');

FILE_NAME(
/* name */ 'GYRA PITCH BRACKET v4.step',
/* time_stamp */ '2026-05-28T20:24:54+05:30',
/* author */ (''),
/* organization */ (''),
/* preprocessor_version */ 'ST-DEVELOPER v20.1',
/* originating_system */ 'Autodesk Translation Framework v15.8.0.0',
/* authorisation */ '');

FILE_SCHEMA (('AUTOMOTIVE_DESIGN { 1 0 10303 214 3 1 1 }'));
ENDSEC;

DATA;
#10=MECHANICAL_DESIGN_GEOMETRIC_PRESENTATION_REPRESENTATION('',(#13,#14),
#3013);
#11=SHAPE_REPRESENTATION_RELATIONSHIP('SRR','None',#3020,#12);
#12=ADVANCED_BREP_SHAPE_REPRESENTATION('',(#15,#16),#3012);
#13=STYLED_ITEM('',(#3029),#15);
#14=STYLED_ITEM('',(#3029),#16);
#15=MANIFOLD_SOLID_BREP('Body1',#1786);
#16=MANIFOLD_SOLID_BREP('Body5',#1787);
#17=FACE_BOUND('',#277,.T.);
#18=FACE_BOUND('',#292,.T.);
#19=FACE_BOUND('',#293,.T.);
#20=FACE_BOUND('',#294,.T.);
#21=FACE_BOUND('',#295,.T.);
#22=FACE_BOUND('',#296,.T.);
#23=FACE_BOUND('',#311,.T.);
#24=FACE_BOUND('',#314,.T.);
#25=FACE_BOUND('',#317,.T.);
#26=FACE_BOUND('',#320,.T.);
#27=FACE_BOUND('',#331,.T.);
#28=FACE_BOUND('',#332,.T.);
#29=FACE_BOUND('',#333,.T.);
#30=FACE_BOUND('',#334,.T.);
#31=FACE_BOUND('',#336,.T.);
#32=FACE_BOUND('',#349,.T.);
#33=FACE_BOUND('',#352,.T.);
#34=FACE_BOUND('',#356,.T.);
#35=FACE_BOUND('',#357,.T.);
#36=FACE_BOUND('',#362,.T.);
#37=FACE_BOUND('',#363,.T.);
#38=FACE_BOUND('',#364,.T.);
#39=B_SPLINE_CURVE_WITH_KNOTS('',3,(#2650,#2651,#2652,#2653),
 .UNSPECIFIED.,.F.,.F.,(4,4),(2.95730806287179,3.07870442699773),
 .UNSPECIFIED.);
#40=B_SPLINE_CURVE_WITH_KNOTS('',3,(#2718,#2719,#2720,#2721),
 .UNSPECIFIED.,.F.,.F.,(4,4),(0.,0.121396364125942),.UNSPECIFIED.);
#41=CYLINDRICAL_SURFACE('',#1805,1.45000000000001);
#42=CYLINDRICAL_SURFACE('',#1808,1.45);
#43=CYLINDRICAL_SURFACE('',#1814,7.843248002828);
#44=CYLINDRICAL_SURFACE('',#1821,1.45);
#45=CYLINDRICAL_SURFACE('',#1826,1.45000000000001);
#46=CYLINDRICAL_SURFACE('',#1831,9.87793700892441);
#47=CYLINDRICAL_SURFACE('',#1842,5.);
#48=CYLINDRICAL_SURFACE('',#1846,5.);
#49=CYLINDRICAL_SURFACE('',#1849,5.);
#50=CYLINDRICAL_SURFACE('',#1853,5.);
#51=CYLINDRICAL_SURFACE('',#1862,5.);
#52=CYLINDRICAL_SURFACE('',#1867,5.);
#53=CYLINDRICAL_SURFACE('',#1868,5.);
#54=CYLINDRICAL_SURFACE('',#1871,5.);
#55=CYLINDRICAL_SURFACE('',#1886,6.8779370089244);
#56=CYLINDRICAL_SURFACE('',#1887,4.843248002828);
#57=CYLINDRICAL_SURFACE('',#1893,20.);
#58=CYLINDRICAL_SURFACE('',#1894,2.);
#59=CYLINDRICAL_SURFACE('',#1897,2.5);
#60=CYLINDRICAL_SURFACE('',#1902,2.);
#61=CYLINDRICAL_SURFACE('',#1907,2.);
#62=CYLINDRICAL_SURFACE('',#1912,2.5);
#63=CYLINDRICAL_SURFACE('',#1917,1.25);
#64=CYLINDRICAL_SURFACE('',#1919,1.5);
#65=CYLINDRICAL_SURFACE('',#1921,1.25);
#66=CYLINDRICAL_SURFACE('',#1923,3.53553390593274);
#67=CYLINDRICAL_SURFACE('',#1927,31.0492628028243);
#68=CYLINDRICAL_SURFACE('',#1930,7.65);
#69=CYLINDRICAL_SURFACE('',#1933,31.0492628028239);
#70=CYLINDRICAL_SURFACE('',#1941,2.);
#71=CYLINDRICAL_SURFACE('',#1947,2.);
#72=CYLINDRICAL_SURFACE('',#1963,10.);
#73=CYLINDRICAL_SURFACE('',#1964,10.);
#74=CYLINDRICAL_SURFACE('',#1971,15.);
#75=CYLINDRICAL_SURFACE('',#1972,1.5);
#76=CIRCLE('',#1803,20.);
#77=CIRCLE('',#1806,1.45000000000001);
#78=CIRCLE('',#1807,1.45000000000001);
#79=CIRCLE('',#1809,1.45);
#80=CIRCLE('',#1810,1.45);
#81=CIRCLE('',#1815,7.843248002828);
#82=CIRCLE('',#1816,7.843248002828);
#83=CIRCLE('',#1817,7.843248002828);
#84=CIRCLE('',#1818,7.843248002828);
#85=CIRCLE('',#1822,1.45);
#86=CIRCLE('',#1823,1.45);
#87=CIRCLE('',#1827,1.45000000000001);
#88=CIRCLE('',#1828,1.45000000000001);
#89=CIRCLE('',#1832,9.87793700892441);
#90=CIRCLE('',#1833,9.87793700892441);
#91=CIRCLE('',#1834,9.87793700892435);
#92=CIRCLE('',#1835,9.87793700892441);
#93=CIRCLE('',#1839,6.8779370089244);
#94=CIRCLE('',#1840,4.843248002828);
#95=CIRCLE('',#1843,5.);
#96=CIRCLE('',#1844,5.);
#97=CIRCLE('',#1847,5.);
#98=CIRCLE('',#1848,5.);
#99=CIRCLE('',#1850,5.);
#100=CIRCLE('',#1851,5.);
#101=CIRCLE('',#1854,5.);
#102=CIRCLE('',#1855,5.);
#103=CIRCLE('',#1857,5.);
#104=CIRCLE('',#1858,5.);
#105=CIRCLE('',#1859,5.);
#106=CIRCLE('',#1860,5.);
#107=CIRCLE('',#1863,5.);
#108=CIRCLE('',#1865,5.);
#109=CIRCLE('',#1869,5.);
#110=CIRCLE('',#1872,5.);
#111=CIRCLE('',#1879,4.843248002828);
#112=CIRCLE('',#1880,6.8779370089244);
#113=CIRCLE('',#1884,6.8779370089244);
#114=CIRCLE('',#1891,20.);
#115=CIRCLE('',#1895,2.);
#116=CIRCLE('',#1896,2.);
#117=CIRCLE('',#1898,2.5);
#118=CIRCLE('',#1899,2.5);
#119=CIRCLE('',#1901,1.5);
#120=CIRCLE('',#1903,2.);
#121=CIRCLE('',#1904,2.);
#122=CIRCLE('',#1906,1.25);
#123=CIRCLE('',#1908,2.);
#124=CIRCLE('',#1909,2.);
#125=CIRCLE('',#1911,1.25);
#126=CIRCLE('',#1913,2.5);
#127=CIRCLE('',#1914,2.5);
#128=CIRCLE('',#1916,1.5);
#129=CIRCLE('',#1918,1.25);
#130=CIRCLE('',#1920,1.5);
#131=CIRCLE('',#1922,1.25);
#132=CIRCLE('',#1924,3.53553390593274);
#133=CIRCLE('',#1925,3.53553390593274);
#134=CIRCLE('',#1928,31.0492628028243);
#135=CIRCLE('',#1929,31.0492628028243);
#136=CIRCLE('',#1931,7.65);
#137=CIRCLE('',#1932,7.65);
#138=CIRCLE('',#1934,31.0492628028239);
#139=CIRCLE('',#1935,31.0492628028239);
#140=CIRCLE('',#1938,1.5);
#141=CIRCLE('',#1940,15.);
#142=CIRCLE('',#1942,2.);
#143=CIRCLE('',#1943,2.);
#144=CIRCLE('',#1946,2.);
#145=CIRCLE('',#1948,2.);
#146=CIRCLE('',#1957,10.);
#147=CIRCLE('',#1958,10.);
#148=CIRCLE('',#1961,10.);
#149=CIRCLE('',#1962,10.);
#150=CIRCLE('',#1970,15.);
#151=FACE_OUTER_BOUND('',#248,.T.);
#152=FACE_OUTER_BOUND('',#249,.T.);
#153=FACE_OUTER_BOUND('',#250,.T.);
#154=FACE_OUTER_BOUND('',#251,.T.);
#155=FACE_OUTER_BOUND('',#252,.T.);
#156=FACE_OUTER_BOUND('',#253,.T.);
#157=FACE_OUTER_BOUND('',#254,.T.);
#158=FACE_OUTER_BOUND('',#255,.T.);
#159=FACE_OUTER_BOUND('',#256,.T.);
#160=FACE_OUTER_BOUND('',#257,.T.);
#161=FACE_OUTER_BOUND('',#258,.T.);
#162=FACE_OUTER_BOUND('',#259,.T.);
#163=FACE_OUTER_BOUND('',#260,.T.);
#164=FACE_OUTER_BOUND('',#261,.T.);
#165=FACE_OUTER_BOUND('',#262,.T.);
#166=FACE_OUTER_BOUND('',#263,.T.);
#167=FACE_OUTER_BOUND('',#264,.T.);
#168=FACE_OUTER_BOUND('',#265,.T.);
#169=FACE_OUTER_BOUND('',#266,.T.);
#170=FACE_OUTER_BOUND('',#267,.T.);
#171=FACE_OUTER_BOUND('',#268,.T.);
#172=FACE_OUTER_BOUND('',#269,.T.);
#173=FACE_OUTER_BOUND('',#270,.T.);
#174=FACE_OUTER_BOUND('',#271,.T.);
#175=FACE_OUTER_BOUND('',#272,.T.);
#176=FACE_OUTER_BOUND('',#273,.T.);
#177=FACE_OUTER_BOUND('',#274,.T.);
#178=FACE_OUTER_BOUND('',#275,.T.);
#179=FACE_OUTER_BOUND('',#276,.T.);
#180=FACE_OUTER_BOUND('',#278,.T.);
#181=FACE_OUTER_BOUND('',#279,.T.);
#182=FACE_OUTER_BOUND('',#280,.T.);
#183=FACE_OUTER_BOUND('',#281,.T.);
#184=FACE_OUTER_BOUND('',#282,.T.);
#185=FACE_OUTER_BOUND('',#283,.T.);
#186=FACE_OUTER_BOUND('',#284,.T.);
#187=FACE_OUTER_BOUND('',#285,.T.);
#188=FACE_OUTER_BOUND('',#286,.T.);
#189=FACE_OUTER_BOUND('',#287,.T.);
#190=FACE_OUTER_BOUND('',#288,.T.);
#191=FACE_OUTER_BOUND('',#289,.T.);
#192=FACE_OUTER_BOUND('',#290,.T.);
#193=FACE_OUTER_BOUND('',#291,.T.);
#194=FACE_OUTER_BOUND('',#297,.T.);
#195=FACE_OUTER_BOUND('',#298,.T.);
#196=FACE_OUTER_BOUND('',#299,.T.);
#197=FACE_OUTER_BOUND('',#300,.T.);
#198=FACE_OUTER_BOUND('',#301,.T.);
#199=FACE_OUTER_BOUND('',#302,.T.);
#200=FACE_OUTER_BOUND('',#303,.T.);
#201=FACE_OUTER_BOUND('',#304,.T.);
#202=FACE_OUTER_BOUND('',#305,.T.);
#203=FACE_OUTER_BOUND('',#306,.T.);
#204=FACE_OUTER_BOUND('',#307,.T.);
#205=FACE_OUTER_BOUND('',#308,.T.);
#206=FACE_OUTER_BOUND('',#309,.T.);
#207=FACE_OUTER_BOUND('',#310,.T.);
#208=FACE_OUTER_BOUND('',#312,.T.);
#209=FACE_OUTER_BOUND('',#313,.T.);
#210=FACE_OUTER_BOUND('',#315,.T.);
#211=FACE_OUTER_BOUND('',#316,.T.);
#212=FACE_OUTER_BOUND('',#318,.T.);
#213=FACE_OUTER_BOUND('',#319,.T.);
#214=FACE_OUTER_BOUND('',#321,.T.);
#215=FACE_OUTER_BOUND('',#322,.T.);
#216=FACE_OUTER_BOUND('',#323,.T.);
#217=FACE_OUTER_BOUND('',#324,.T.);
#218=FACE_OUTER_BOUND('',#325,.T.);
#219=FACE_OUTER_BOUND('',#326,.T.);
#220=FACE_OUTER_BOUND('',#327,.T.);
#221=FACE_OUTER_BOUND('',#328,.T.);
#222=FACE_OUTER_BOUND('',#329,.T.);
#223=FACE_OUTER_BOUND('',#330,.T.);
#224=FACE_OUTER_BOUND('',#335,.T.);
#225=FACE_OUTER_BOUND('',#337,.T.);
#226=FACE_OUTER_BOUND('',#338,.T.);
#227=FACE_OUTER_BOUND('',#339,.T.);
#228=FACE_OUTER_BOUND('',#340,.T.);
#229=FACE_OUTER_BOUND('',#341,.T.);
#230=FACE_OUTER_BOUND('',#342,.T.);
#231=FACE_OUTER_BOUND('',#343,.T.);
#232=FACE_OUTER_BOUND('',#344,.T.);
#233=FACE_OUTER_BOUND('',#345,.T.);
#234=FACE_OUTER_BOUND('',#346,.T.);
#235=FACE_OUTER_BOUND('',#347,.T.);
#236=FACE_OUTER_BOUND('',#348,.T.);
#237=FACE_OUTER_BOUND('',#350,.T.);
#238=FACE_OUTER_BOUND('',#351,.T.);
#239=FACE_OUTER_BOUND('',#353,.T.);
#240=FACE_OUTER_BOUND('',#354,.T.);
#241=FACE_OUTER_BOUND('',#355,.T.);
#242=FACE_OUTER_BOUND('',#358,.T.);
#243=FACE_OUTER_BOUND('',#359,.T.);
#244=FACE_OUTER_BOUND('',#360,.T.);
#245=FACE_OUTER_BOUND('',#361,.T.);
#246=FACE_OUTER_BOUND('',#365,.T.);
#247=FACE_OUTER_BOUND('',#366,.T.);
#248=EDGE_LOOP('',(#1127,#1128,#1129,#1130));
#249=EDGE_LOOP('',(#1131,#1132,#1133,#1134,#1135,#1136,#1137,#1138));
#250=EDGE_LOOP('',(#1139,#1140,#1141,#1142));
#251=EDGE_LOOP('',(#1143,#1144,#1145,#1146));
#252=EDGE_LOOP('',(#1147,#1148,#1149,#1150));
#253=EDGE_LOOP('',(#1151,#1152,#1153,#1154));
#254=EDGE_LOOP('',(#1155,#1156,#1157,#1158,#1159,#1160));
#255=EDGE_LOOP('',(#1161,#1162,#1163,#1164));
#256=EDGE_LOOP('',(#1165,#1166,#1167,#1168,#1169,#1170,#1171,#1172));
#257=EDGE_LOOP('',(#1173,#1174,#1175,#1176));
#258=EDGE_LOOP('',(#1177,#1178,#1179,#1180));
#259=EDGE_LOOP('',(#1181,#1182,#1183,#1184));
#260=EDGE_LOOP('',(#1185));
#261=EDGE_LOOP('',(#1186));
#262=EDGE_LOOP('',(#1187,#1188,#1189,#1190));
#263=EDGE_LOOP('',(#1191));
#264=EDGE_LOOP('',(#1192));
#265=EDGE_LOOP('',(#1193,#1194,#1195,#1196,#1197,#1198,#1199,#1200));
#266=EDGE_LOOP('',(#1201,#1202,#1203,#1204));
#267=EDGE_LOOP('',(#1205,#1206,#1207,#1208,#1209));
#268=EDGE_LOOP('',(#1210,#1211,#1212,#1213,#1214,#1215,#1216));
#269=EDGE_LOOP('',(#1217,#1218,#1219,#1220));
#270=EDGE_LOOP('',(#1221,#1222,#1223,#1224,#1225));
#271=EDGE_LOOP('',(#1226,#1227,#1228,#1229));
#272=EDGE_LOOP('',(#1230,#1231,#1232,#1233));
#273=EDGE_LOOP('',(#1234,#1235,#1236,#1237));
#274=EDGE_LOOP('',(#1238,#1239,#1240,#1241));
#275=EDGE_LOOP('',(#1242,#1243,#1244,#1245));
#276=EDGE_LOOP('',(#1246,#1247,#1248,#1249,#1250,#1251,#1252,#1253,#1254,
#1255));
#277=EDGE_LOOP('',(#1256,#1257,#1258,#1259,#1260,#1261,#1262,#1263,#1264,
#1265,#1266));
#278=EDGE_LOOP('',(#1267,#1268,#1269,#1270));
#279=EDGE_LOOP('',(#1271,#1272,#1273,#1274));
#280=EDGE_LOOP('',(#1275,#1276,#1277,#1278,#1279,#1280,#1281,#1282,#1283,
#1284,#1285));
#281=EDGE_LOOP('',(#1286,#1287,#1288,#1289));
#282=EDGE_LOOP('',(#1290,#1291,#1292,#1293));
#283=EDGE_LOOP('',(#1294,#1295,#1296,#1297,#1298));
#284=EDGE_LOOP('',(#1299,#1300,#1301,#1302));
#285=EDGE_LOOP('',(#1303,#1304,#1305,#1306));
#286=EDGE_LOOP('',(#1307,#1308,#1309,#1310));
#287=EDGE_LOOP('',(#1311,#1312,#1313,#1314));
#288=EDGE_LOOP('',(#1315,#1316,#1317,#1318));
#289=EDGE_LOOP('',(#1319,#1320,#1321,#1322));
#290=EDGE_LOOP('',(#1323,#1324,#1325,#1326));
#291=EDGE_LOOP('',(#1327,#1328,#1329,#1330,#1331,#1332,#1333,#1334));
#292=EDGE_LOOP('',(#1335));
#293=EDGE_LOOP('',(#1336));
#294=EDGE_LOOP('',(#1337,#1338,#1339,#1340,#1341,#1342,#1343,#1344));
#295=EDGE_LOOP('',(#1345));
#296=EDGE_LOOP('',(#1346));
#297=EDGE_LOOP('',(#1347,#1348,#1349,#1350));
#298=EDGE_LOOP('',(#1351,#1352,#1353,#1354,#1355,#1356));
#299=EDGE_LOOP('',(#1357,#1358,#1359,#1360,#1361,#1362,#1363,#1364,#1365,
#1366));
#300=EDGE_LOOP('',(#1367,#1368,#1369,#1370,#1371,#1372));
#301=EDGE_LOOP('',(#1373,#1374,#1375,#1376,#1377,#1378));
#302=EDGE_LOOP('',(#1379,#1380,#1381,#1382));
#303=EDGE_LOOP('',(#1383,#1384,#1385,#1386));
#304=EDGE_LOOP('',(#1387,#1388,#1389,#1390));
#305=EDGE_LOOP('',(#1391,#1392,#1393,#1394,#1395,#1396,#1397,#1398));
#306=EDGE_LOOP('',(#1399,#1400,#1401,#1402));
#307=EDGE_LOOP('',(#1403,#1404,#1405,#1406,#1407,#1408,#1409,#1410));
#308=EDGE_LOOP('',(#1411,#1412,#1413,#1414));
#309=EDGE_LOOP('',(#1415,#1416,#1417,#1418));
#310=EDGE_LOOP('',(#1419));
#311=EDGE_LOOP('',(#1420));
#312=EDGE_LOOP('',(#1421,#1422,#1423,#1424));
#313=EDGE_LOOP('',(#1425,#1426));
#314=EDGE_LOOP('',(#1427));
#315=EDGE_LOOP('',(#1428,#1429,#1430,#1431));
#316=EDGE_LOOP('',(#1432));
#317=EDGE_LOOP('',(#1433));
#318=EDGE_LOOP('',(#1434,#1435,#1436,#1437));
#319=EDGE_LOOP('',(#1438));
#320=EDGE_LOOP('',(#1439));
#321=EDGE_LOOP('',(#1440,#1441,#1442,#1443));
#322=EDGE_LOOP('',(#1444,#1445,#1446,#1447));
#323=EDGE_LOOP('',(#1448,#1449,#1450,#1451));
#324=EDGE_LOOP('',(#1452,#1453,#1454,#1455));
#325=EDGE_LOOP('',(#1456,#1457,#1458,#1459));
#326=EDGE_LOOP('',(#1460,#1461,#1462,#1463));
#327=EDGE_LOOP('',(#1464,#1465,#1466,#1467));
#328=EDGE_LOOP('',(#1468,#1469,#1470,#1471));
#329=EDGE_LOOP('',(#1472,#1473,#1474,#1475));
#330=EDGE_LOOP('',(#1476,#1477,#1478,#1479,#1480,#1481));
#331=EDGE_LOOP('',(#1482));
#332=EDGE_LOOP('',(#1483));
#333=EDGE_LOOP('',(#1484));
#334=EDGE_LOOP('',(#1485));
#335=EDGE_LOOP('',(#1486,#1487,#1488,#1489));
#336=EDGE_LOOP('',(#1490,#1491,#1492,#1493,#1494,#1495));
#337=EDGE_LOOP('',(#1496,#1497,#1498,#1499));
#338=EDGE_LOOP('',(#1500,#1501,#1502,#1503));
#339=EDGE_LOOP('',(#1504,#1505,#1506,#1507,#1508,#1509,#1510,#1511,#1512,
#1513));
#340=EDGE_LOOP('',(#1514,#1515,#1516,#1517));
#341=EDGE_LOOP('',(#1518,#1519,#1520,#1521));
#342=EDGE_LOOP('',(#1522,#1523,#1524,#1525));
#343=EDGE_LOOP('',(#1526,#1527,#1528,#1529));
#344=EDGE_LOOP('',(#1530,#1531,#1532,#1533));
#345=EDGE_LOOP('',(#1534,#1535,#1536,#1537,#1538,#1539,#1540,#1541,#1542,
#1543));
#346=EDGE_LOOP('',(#1544,#1545,#1546,#1547));
#347=EDGE_LOOP('',(#1548,#1549,#1550,#1551));
#348=EDGE_LOOP('',(#1552,#1553,#1554,#1555,#1556,#1557,#1558,#1559));
#349=EDGE_LOOP('',(#1560,#1561,#1562));
#350=EDGE_LOOP('',(#1563,#1564,#1565,#1566));
#351=EDGE_LOOP('',(#1567,#1568,#1569,#1570,#1571,#1572,#1573,#1574));
#352=EDGE_LOOP('',(#1575,#1576,#1577));
#353=EDGE_LOOP('',(#1578,#1579,#1580,#1581));
#354=EDGE_LOOP('',(#1582,#1583,#1584,#1585));
#355=EDGE_LOOP('',(#1586,#1587,#1588,#1589));
#356=EDGE_LOOP('',(#1590,#1591,#1592,#1593));
#357=EDGE_LOOP('',(#1594,#1595,#1596,#1597));
#358=EDGE_LOOP('',(#1598,#1599,#1600,#1601));
#359=EDGE_LOOP('',(#1602,#1603,#1604,#1605));
#360=EDGE_LOOP('',(#1606,#1607,#1608,#1609));
#361=EDGE_LOOP('',(#1610,#1611,#1612,#1613));
#362=EDGE_LOOP('',(#1614));
#363=EDGE_LOOP('',(#1615,#1616,#1617));
#364=EDGE_LOOP('',(#1618));
#365=EDGE_LOOP('',(#1619,#1620,#1621,#1622));
#366=EDGE_LOOP('',(#1623,#1624,#1625,#1626));
#367=LINE('',#2496,#540);
#368=LINE('',#2498,#541);
#369=LINE('',#2500,#542);
#370=LINE('',#2501,#543);
#371=LINE('',#2504,#544);
#372=LINE('',#2506,#545);
#373=LINE('',#2508,#546);
#374=LINE('',#2510,#547);
#375=LINE('',#2512,#548);
#376=LINE('',#2515,#549);
#377=LINE('',#2518,#550);
#378=LINE('',#2519,#551);
#379=LINE('',#2524,#552);
#380=LINE('',#2530,#553);
#381=LINE('',#2535,#554);
#382=LINE('',#2537,#555);
#383=LINE('',#2539,#556);
#384=LINE('',#2540,#557);
#385=LINE('',#2544,#558);
#386=LINE('',#2546,#559);
#387=LINE('',#2547,#560);
#388=LINE('',#2549,#561);
#389=LINE('',#2550,#562);
#390=LINE('',#2553,#563);
#391=LINE('',#2555,#564);
#392=LINE('',#2556,#565);
#393=LINE('',#2562,#566);
#394=LINE('',#2566,#567);
#395=LINE('',#2570,#568);
#396=LINE('',#2573,#569);
#397=LINE('',#2577,#570);
#398=LINE('',#2579,#571);
#399=LINE('',#2581,#572);
#400=LINE('',#2582,#573);
#401=LINE('',#2586,#574);
#402=LINE('',#2587,#575);
#403=LINE('',#2588,#576);
#404=LINE('',#2593,#577);
#405=LINE('',#2601,#578);
#406=LINE('',#2611,#579);
#407=LINE('',#2615,#580);
#408=LINE('',#2619,#581);
#409=LINE('',#2621,#582);
#410=LINE('',#2623,#583);
#411=LINE('',#2624,#584);
#412=LINE('',#2626,#585);
#413=LINE('',#2627,#586);
#414=LINE('',#2630,#587);
#415=LINE('',#2634,#588);
#416=LINE('',#2637,#589);
#417=LINE('',#2639,#590);
#418=LINE('',#2641,#591);
#419=LINE('',#2642,#592);
#420=LINE('',#2648,#593);
#421=LINE('',#2656,#594);
#422=LINE('',#2658,#595);
#423=LINE('',#2659,#596);
#424=LINE('',#2664,#597);
#425=LINE('',#2671,#598);
#426=LINE('',#2674,#599);
#427=LINE('',#2678,#600);
#428=LINE('',#2679,#601);
#429=LINE('',#2680,#602);
#430=LINE('',#2688,#603);
#431=LINE('',#2690,#604);
#432=LINE('',#2693,#605);
#433=LINE('',#2696,#606);
#434=LINE('',#2699,#607);
#435=LINE('',#2702,#608);
#436=LINE('',#2703,#609);
#437=LINE('',#2709,#610);
#438=LINE('',#2711,#611);
#439=LINE('',#2722,#612);
#440=LINE('',#2723,#613);
#441=LINE('',#2726,#614);
#442=LINE('',#2727,#615);
#443=LINE('',#2731,#616);
#444=LINE('',#2733,#617);
#445=LINE('',#2737,#618);
#446=LINE('',#2739,#619);
#447=LINE('',#2741,#620);
#448=LINE('',#2742,#621);
#449=LINE('',#2745,#622);
#450=LINE('',#2747,#623);
#451=LINE('',#2748,#624);
#452=LINE('',#2751,#625);
#453=LINE('',#2753,#626);
#454=LINE('',#2754,#627);
#455=LINE('',#2756,#628);
#456=LINE('',#2757,#629);
#457=LINE('',#2759,#630);
#458=LINE('',#2765,#631);
#459=LINE('',#2766,#632);
#460=LINE('',#2768,#633);
#461=LINE('',#2771,#634);
#462=LINE('',#2774,#635);
#463=LINE('',#2776,#636);
#464=LINE('',#2779,#637);
#465=LINE('',#2781,#638);
#466=LINE('',#2784,#639);
#467=LINE('',#2787,#640);
#468=LINE('',#2792,#641);
#469=LINE('',#2796,#642);
#470=LINE('',#2802,#643);
#471=LINE('',#2809,#644);
#472=LINE('',#2824,#645);
#473=LINE('',#2832,#646);
#474=LINE('',#2836,#647);
#475=LINE('',#2840,#648);
#476=LINE('',#2846,#649);
#477=LINE('',#2849,#650);
#478=LINE('',#2852,#651);
#479=LINE('',#2854,#652);
#480=LINE('',#2855,#653);
#481=LINE('',#2860,#654);
#482=LINE('',#2866,#655);
#483=LINE('',#2872,#656);
#484=LINE('',#2875,#657);
#485=LINE('',#2876,#658);
#486=LINE('',#2883,#659);
#487=LINE('',#2885,#660);
#488=LINE('',#2888,#661);
#489=LINE('',#2894,#662);
#490=LINE('',#2897,#663);
#491=LINE('',#2900,#664);
#492=LINE('',#2902,#665);
#493=LINE('',#2903,#666);
#494=LINE('',#2906,#667);
#495=LINE('',#2908,#668);
#496=LINE('',#2910,#669);
#497=LINE('',#2912,#670);
#498=LINE('',#2914,#671);
#499=LINE('',#2916,#672);
#500=LINE('',#2918,#673);
#501=LINE('',#2923,#674);
#502=LINE('',#2926,#675);
#503=LINE('',#2928,#676);
#504=LINE('',#2929,#677);
#505=LINE('',#2932,#678);
#506=LINE('',#2933,#679);
#507=LINE('',#2936,#680);
#508=LINE('',#2937,#681);
#509=LINE('',#2940,#682);
#510=LINE('',#2941,#683);
#511=LINE('',#2944,#684);
#512=LINE('',#2945,#685);
#513=LINE('',#2946,#686);
#514=LINE('',#2948,#687);
#515=LINE('',#2952,#688);
#516=LINE('',#2954,#689);
#517=LINE('',#2956,#690);
#518=LINE('',#2957,#691);
#519=LINE('',#2960,#692);
#520=LINE('',#2964,#693);
#521=LINE('',#2965,#694);
#522=LINE('',#2968,#695);
#523=LINE('',#2971,#696);
#524=LINE('',#2973,#697);
#525=LINE('',#2974,#698);
#526=LINE('',#2977,#699);
#527=LINE('',#2978,#700);
#528=LINE('',#2981,#701);
#529=LINE('',#2984,#702);
#530=LINE('',#2986,#703);
#531=LINE('',#2990,#704);
#532=LINE('',#2992,#705);
#533=LINE('',#2993,#706);
#534=LINE('',#2995,#707);
#535=LINE('',#2997,#708);
#536=LINE('',#3000,#709);
#537=LINE('',#3001,#710);
#538=LINE('',#3003,#711);
#539=LINE('',#3009,#712);
#540=VECTOR('',#1977,10.);
#541=VECTOR('',#1978,10.);
#542=VECTOR('',#1979,10.);
#543=VECTOR('',#1980,10.);
#544=VECTOR('',#1983,10.);
#545=VECTOR('',#1984,10.);
#546=VECTOR('',#1985,10.);
#547=VECTOR('',#1986,10.);
#548=VECTOR('',#1987,10.);
#549=VECTOR('',#1990,10.);
#550=VECTOR('',#1993,10.);
#551=VECTOR('',#1994,10.);
#552=VECTOR('',#1999,1.45000000000001);
#553=VECTOR('',#2006,1.45);
#554=VECTOR('',#2011,10.);
#555=VECTOR('',#2012,10.);
#556=VECTOR('',#2013,10.);
#557=VECTOR('',#2014,10.);
#558=VECTOR('',#2017,10.);
#559=VECTOR('',#2018,10.);
#560=VECTOR('',#2019,10.);
#561=VECTOR('',#2020,10.);
#562=VECTOR('',#2021,10.);
#563=VECTOR('',#2024,10.);
#564=VECTOR('',#2025,10.);
#565=VECTOR('',#2026,10.);
#566=VECTOR('',#2031,10.);
#567=VECTOR('',#2034,10.);
#568=VECTOR('',#2037,10.);
#569=VECTOR('',#2040,10.);
#570=VECTOR('',#2043,10.);
#571=VECTOR('',#2044,10.);
#572=VECTOR('',#2045,10.);
#573=VECTOR('',#2046,10.);
#574=VECTOR('',#2049,10.);
#575=VECTOR('',#2050,10.);
#576=VECTOR('',#2051,10.);
#577=VECTOR('',#2056,1.45);
#578=VECTOR('',#2067,1.45000000000001);
#579=VECTOR('',#2080,10.);
#580=VECTOR('',#2085,10.);
#581=VECTOR('',#2088,10.);
#582=VECTOR('',#2089,10.);
#583=VECTOR('',#2090,10.);
#584=VECTOR('',#2091,10.);
#585=VECTOR('',#2094,10.);
#586=VECTOR('',#2095,10.);
#587=VECTOR('',#2098,10.);
#588=VECTOR('',#2103,10.);
#589=VECTOR('',#2106,10.);
#590=VECTOR('',#2107,10.);
#591=VECTOR('',#2108,10.);
#592=VECTOR('',#2109,10.);
#593=VECTOR('',#2114,10.);
#594=VECTOR('',#2119,10.);
#595=VECTOR('',#2120,10.);
#596=VECTOR('',#2121,10.);
#597=VECTOR('',#2126,10.);
#598=VECTOR('',#2133,10.);
#599=VECTOR('',#2136,10.);
#600=VECTOR('',#2139,10.);
#601=VECTOR('',#2140,10.);
#602=VECTOR('',#2141,10.);
#603=VECTOR('',#2152,10.);
#604=VECTOR('',#2153,10.);
#605=VECTOR('',#2156,10.);
#606=VECTOR('',#2159,10.);
#607=VECTOR('',#2162,10.);
#608=VECTOR('',#2165,10.);
#609=VECTOR('',#2166,10.);
#610=VECTOR('',#2175,10.);
#611=VECTOR('',#2178,10.);
#612=VECTOR('',#2185,10.);
#613=VECTOR('',#2186,10.);
#614=VECTOR('',#2189,10.);
#615=VECTOR('',#2190,10.);
#616=VECTOR('',#2195,10.);
#617=VECTOR('',#2198,10.);
#618=VECTOR('',#2201,10.);
#619=VECTOR('',#2202,10.);
#620=VECTOR('',#2203,10.);
#621=VECTOR('',#2204,10.);
#622=VECTOR('',#2207,10.);
#623=VECTOR('',#2208,10.);
#624=VECTOR('',#2209,10.);
#625=VECTOR('',#2212,10.);
#626=VECTOR('',#2213,10.);
#627=VECTOR('',#2214,10.);
#628=VECTOR('',#2217,10.);
#629=VECTOR('',#2218,10.);
#630=VECTOR('',#2221,10.);
#631=VECTOR('',#2228,10.);
#632=VECTOR('',#2229,10.);
#633=VECTOR('',#2232,10.);
#634=VECTOR('',#2235,10.);
#635=VECTOR('',#2240,10.);
#636=VECTOR('',#2243,10.);
#637=VECTOR('',#2248,10.);
#638=VECTOR('',#2251,10.);
#639=VECTOR('',#2254,10.);
#640=VECTOR('',#2259,10.);
#641=VECTOR('',#2264,2.);
#642=VECTOR('',#2267,10.);
#643=VECTOR('',#2274,2.5);
#644=VECTOR('',#2285,10.);
#645=VECTOR('',#2306,2.5);
#646=VECTOR('',#2317,1.25);
#647=VECTOR('',#2322,1.5);
#648=VECTOR('',#2327,1.25);
#649=VECTOR('',#2332,10.);
#650=VECTOR('',#2335,10.);
#651=VECTOR('',#2338,10.);
#652=VECTOR('',#2339,10.);
#653=VECTOR('',#2340,10.);
#654=VECTOR('',#2345,10.);
#655=VECTOR('',#2352,10.);
#656=VECTOR('',#2359,10.);
#657=VECTOR('',#2364,10.);
#658=VECTOR('',#2365,10.);
#659=VECTOR('',#2372,10.);
#660=VECTOR('',#2373,10.);
#661=VECTOR('',#2376,10.);
#662=VECTOR('',#2381,10.);
#663=VECTOR('',#2384,10.);
#664=VECTOR('',#2387,10.);
#665=VECTOR('',#2388,10.);
#666=VECTOR('',#2389,10.);
#667=VECTOR('',#2392,10.);
#668=VECTOR('',#2393,10.);
#669=VECTOR('',#2394,10.);
#670=VECTOR('',#2395,10.);
#671=VECTOR('',#2396,10.);
#672=VECTOR('',#2397,10.);
#673=VECTOR('',#2398,10.);
#674=VECTOR('',#2405,10.);
#675=VECTOR('',#2408,10.);
#676=VECTOR('',#2409,10.);
#677=VECTOR('',#2410,10.);
#678=VECTOR('',#2413,10.);
#679=VECTOR('',#2414,10.);
#680=VECTOR('',#2417,10.);
#681=VECTOR('',#2418,10.);
#682=VECTOR('',#2421,10.);
#683=VECTOR('',#2422,10.);
#684=VECTOR('',#2425,10.);
#685=VECTOR('',#2426,10.);
#686=VECTOR('',#2427,10.);
#687=VECTOR('',#2430,10.);
#688=VECTOR('',#2433,10.);
#689=VECTOR('',#2434,10.);
#690=VECTOR('',#2435,10.);
#691=VECTOR('',#2436,10.);
#692=VECTOR('',#2439,10.);
#693=VECTOR('',#2442,10.);
#694=VECTOR('',#2443,10.);
#695=VECTOR('',#2446,10.);
#696=VECTOR('',#2447,10.);
#697=VECTOR('',#2448,10.);
#698=VECTOR('',#2449,10.);
#699=VECTOR('',#2452,10.);
#700=VECTOR('',#2453,10.);
#701=VECTOR('',#2456,10.);
#702=VECTOR('',#2459,10.);
#703=VECTOR('',#2460,10.);
#704=VECTOR('',#2463,10.);
#705=VECTOR('',#2464,10.);
#706=VECTOR('',#2465,10.);
#707=VECTOR('',#2468,10.);
#708=VECTOR('',#2471,10.);
#709=VECTOR('',#2476,10.);
#710=VECTOR('',#2477,10.);
#711=VECTOR('',#2480,10.);
#712=VECTOR('',#2491,1.5);
#713=VERTEX_POINT('',#2494);
#714=VERTEX_POINT('',#2495);
#715=VERTEX_POINT('',#2497);
#716=VERTEX_POINT('',#2499);
#717=VERTEX_POINT('',#2503);
#718=VERTEX_POINT('',#2505);
#719=VERTEX_POINT('',#2507);
#720=VERTEX_POINT('',#2509);
#721=VERTEX_POINT('',#2511);
#722=VERTEX_POINT('',#2513);
#723=VERTEX_POINT('',#2517);
#724=VERTEX_POINT('',#2521);
#725=VERTEX_POINT('',#2523);
#726=VERTEX_POINT('',#2527);
#727=VERTEX_POINT('',#2529);
#728=VERTEX_POINT('',#2533);
#729=VERTEX_POINT('',#2534);
#730=VERTEX_POINT('',#2536);
#731=VERTEX_POINT('',#2538);
#732=VERTEX_POINT('',#2542);
#733=VERTEX_POINT('',#2543);
#734=VERTEX_POINT('',#2545);
#735=VERTEX_POINT('',#2548);
#736=VERTEX_POINT('',#2552);
#737=VERTEX_POINT('',#2554);
#738=VERTEX_POINT('',#2558);
#739=VERTEX_POINT('',#2559);
#740=VERTEX_POINT('',#2561);
#741=VERTEX_POINT('',#2563);
#742=VERTEX_POINT('',#2565);
#743=VERTEX_POINT('',#2567);
#744=VERTEX_POINT('',#2569);
#745=VERTEX_POINT('',#2571);
#746=VERTEX_POINT('',#2575);
#747=VERTEX_POINT('',#2576);
#748=VERTEX_POINT('',#2578);
#749=VERTEX_POINT('',#2580);
#750=VERTEX_POINT('',#2584);
#751=VERTEX_POINT('',#2585);
#752=VERTEX_POINT('',#2590);
#753=VERTEX_POINT('',#2592);
#754=VERTEX_POINT('',#2598);
#755=VERTEX_POINT('',#2600);
#756=VERTEX_POINT('',#2606);
#757=VERTEX_POINT('',#2608);
#758=VERTEX_POINT('',#2610);
#759=VERTEX_POINT('',#2613);
#760=VERTEX_POINT('',#2617);
#761=VERTEX_POINT('',#2618);
#762=VERTEX_POINT('',#2620);
#763=VERTEX_POINT('',#2622);
#764=VERTEX_POINT('',#2629);
#765=VERTEX_POINT('',#2631);
#766=VERTEX_POINT('',#2636);
#767=VERTEX_POINT('',#2638);
#768=VERTEX_POINT('',#2640);
#769=VERTEX_POINT('',#2644);
#770=VERTEX_POINT('',#2645);
#771=VERTEX_POINT('',#2647);
#772=VERTEX_POINT('',#2655);
#773=VERTEX_POINT('',#2657);
#774=VERTEX_POINT('',#2661);
#775=VERTEX_POINT('',#2663);
#776=VERTEX_POINT('',#2667);
#777=VERTEX_POINT('',#2668);
#778=VERTEX_POINT('',#2670);
#779=VERTEX_POINT('',#2672);
#780=VERTEX_POINT('',#2676);
#781=VERTEX_POINT('',#2677);
#782=VERTEX_POINT('',#2685);
#783=VERTEX_POINT('',#2686);
#784=VERTEX_POINT('',#2689);
#785=VERTEX_POINT('',#2691);
#786=VERTEX_POINT('',#2694);
#787=VERTEX_POINT('',#2697);
#788=VERTEX_POINT('',#2701);
#789=VERTEX_POINT('',#2707);
#790=VERTEX_POINT('',#2714);
#791=VERTEX_POINT('',#2715);
#792=VERTEX_POINT('',#2717);
#793=VERTEX_POINT('',#2725);
#794=VERTEX_POINT('',#2729);
#795=VERTEX_POINT('',#2735);
#796=VERTEX_POINT('',#2736);
#797=VERTEX_POINT('',#2738);
#798=VERTEX_POINT('',#2740);
#799=VERTEX_POINT('',#2744);
#800=VERTEX_POINT('',#2746);
#801=VERTEX_POINT('',#2750);
#802=VERTEX_POINT('',#2752);
#803=VERTEX_POINT('',#2760);
#804=VERTEX_POINT('',#2764);
#805=VERTEX_POINT('',#2770);
#806=VERTEX_POINT('',#2783);
#807=VERTEX_POINT('',#2790);
#808=VERTEX_POINT('',#2791);
#809=VERTEX_POINT('',#2793);
#810=VERTEX_POINT('',#2795);
#811=VERTEX_POINT('',#2799);
#812=VERTEX_POINT('',#2801);
#813=VERTEX_POINT('',#2805);
#814=VERTEX_POINT('',#2812);
#815=VERTEX_POINT('',#2818);
#816=VERTEX_POINT('',#2821);
#817=VERTEX_POINT('',#2823);
#818=VERTEX_POINT('',#2827);
#819=VERTEX_POINT('',#2830);
#820=VERTEX_POINT('',#2834);
#821=VERTEX_POINT('',#2838);
#822=VERTEX_POINT('',#2842);
#823=VERTEX_POINT('',#2843);
#824=VERTEX_POINT('',#2845);
#825=VERTEX_POINT('',#2847);
#826=VERTEX_POINT('',#2851);
#827=VERTEX_POINT('',#2853);
#828=VERTEX_POINT('',#2857);
#829=VERTEX_POINT('',#2859);
#830=VERTEX_POINT('',#2863);
#831=VERTEX_POINT('',#2865);
#832=VERTEX_POINT('',#2869);
#833=VERTEX_POINT('',#2871);
#834=VERTEX_POINT('',#2878);
#835=VERTEX_POINT('',#2881);
#836=VERTEX_POINT('',#2882);
#837=VERTEX_POINT('',#2884);
#838=VERTEX_POINT('',#2886);
#839=VERTEX_POINT('',#2890);
#840=VERTEX_POINT('',#2891);
#841=VERTEX_POINT('',#2893);
#842=VERTEX_POINT('',#2895);
#843=VERTEX_POINT('',#2899);
#844=VERTEX_POINT('',#2901);
#845=VERTEX_POINT('',#2905);
#846=VERTEX_POINT('',#2907);
#847=VERTEX_POINT('',#2909);
#848=VERTEX_POINT('',#2911);
#849=VERTEX_POINT('',#2913);
#850=VERTEX_POINT('',#2915);
#851=VERTEX_POINT('',#2917);
#852=VERTEX_POINT('',#2921);
#853=VERTEX_POINT('',#2925);
#854=VERTEX_POINT('',#2927);
#855=VERTEX_POINT('',#2931);
#856=VERTEX_POINT('',#2935);
#857=VERTEX_POINT('',#2939);
#858=VERTEX_POINT('',#2943);
#859=VERTEX_POINT('',#2950);
#860=VERTEX_POINT('',#2951);
#861=VERTEX_POINT('',#2953);
#862=VERTEX_POINT('',#2955);
#863=VERTEX_POINT('',#2959);
#864=VERTEX_POINT('',#2961);
#865=VERTEX_POINT('',#2963);
#866=VERTEX_POINT('',#2966);
#867=VERTEX_POINT('',#2969);
#868=VERTEX_POINT('',#2970);
#869=VERTEX_POINT('',#2972);
#870=VERTEX_POINT('',#2976);
#871=VERTEX_POINT('',#2980);
#872=VERTEX_POINT('',#2983);
#873=VERTEX_POINT('',#2985);
#874=VERTEX_POINT('',#2988);
#875=VERTEX_POINT('',#2989);
#876=VERTEX_POINT('',#2991);
#877=EDGE_CURVE('',#713,#714,#367,.T.);
#878=EDGE_CURVE('',#715,#713,#368,.T.);
#879=EDGE_CURVE('',#716,#715,#369,.T.);
#880=EDGE_CURVE('',#714,#716,#370,.T.);
#881=EDGE_CURVE('',#713,#717,#371,.T.);
#882=EDGE_CURVE('',#717,#718,#372,.T.);
#883=EDGE_CURVE('',#718,#719,#373,.T.);
#884=EDGE_CURVE('',#719,#720,#374,.T.);
#885=EDGE_CURVE('',#720,#721,#375,.T.);
#886=EDGE_CURVE('',#721,#722,#76,.F.);
#887=EDGE_CURVE('',#722,#715,#376,.T.);
#888=EDGE_CURVE('',#723,#714,#377,.T.);
#889=EDGE_CURVE('',#717,#723,#378,.T.);
#890=EDGE_CURVE('',#724,#724,#77,.T.);
#891=EDGE_CURVE('',#724,#725,#379,.T.);
#892=EDGE_CURVE('',#725,#725,#78,.T.);
#893=EDGE_CURVE('',#726,#726,#79,.T.);
#894=EDGE_CURVE('',#726,#727,#380,.T.);
#895=EDGE_CURVE('',#727,#727,#80,.T.);
#896=EDGE_CURVE('',#728,#729,#381,.T.);
#897=EDGE_CURVE('',#730,#729,#382,.T.);
#898=EDGE_CURVE('',#731,#730,#383,.T.);
#899=EDGE_CURVE('',#728,#731,#384,.T.);
#900=EDGE_CURVE('',#732,#733,#385,.T.);
#901=EDGE_CURVE('',#733,#734,#386,.T.);
#902=EDGE_CURVE('',#734,#728,#387,.T.);
#903=EDGE_CURVE('',#735,#731,#388,.T.);
#904=EDGE_CURVE('',#735,#732,#389,.T.);
#905=EDGE_CURVE('',#736,#719,#390,.T.);
#906=EDGE_CURVE('',#736,#737,#391,.T.);
#907=EDGE_CURVE('',#737,#720,#392,.T.);
#908=EDGE_CURVE('',#738,#739,#81,.T.);
#909=EDGE_CURVE('',#739,#740,#393,.T.);
#910=EDGE_CURVE('',#740,#741,#82,.T.);
#911=EDGE_CURVE('',#741,#742,#394,.T.);
#912=EDGE_CURVE('',#743,#742,#83,.T.);
#913=EDGE_CURVE('',#744,#743,#395,.T.);
#914=EDGE_CURVE('',#745,#744,#84,.T.);
#915=EDGE_CURVE('',#745,#738,#396,.T.);
#916=EDGE_CURVE('',#746,#747,#397,.T.);
#917=EDGE_CURVE('',#748,#746,#398,.T.);
#918=EDGE_CURVE('',#749,#748,#399,.T.);
#919=EDGE_CURVE('',#747,#749,#400,.T.);
#920=EDGE_CURVE('',#750,#751,#401,.T.);
#921=EDGE_CURVE('',#744,#750,#402,.T.);
#922=EDGE_CURVE('',#751,#743,#403,.T.);
#923=EDGE_CURVE('',#752,#752,#85,.T.);
#924=EDGE_CURVE('',#752,#753,#404,.T.);
#925=EDGE_CURVE('',#753,#753,#86,.T.);
#926=EDGE_CURVE('',#754,#754,#87,.T.);
#927=EDGE_CURVE('',#754,#755,#405,.T.);
#928=EDGE_CURVE('',#755,#755,#88,.T.);
#929=EDGE_CURVE('',#756,#738,#89,.T.);
#930=EDGE_CURVE('',#757,#745,#90,.T.);
#931=EDGE_CURVE('',#757,#758,#406,.T.);
#932=EDGE_CURVE('',#742,#758,#91,.T.);
#933=EDGE_CURVE('',#741,#759,#92,.T.);
#934=EDGE_CURVE('',#759,#756,#407,.T.);
#935=EDGE_CURVE('',#760,#761,#408,.T.);
#936=EDGE_CURVE('',#760,#762,#409,.T.);
#937=EDGE_CURVE('',#763,#762,#410,.T.);
#938=EDGE_CURVE('',#763,#761,#411,.T.);
#939=EDGE_CURVE('',#740,#763,#412,.T.);
#940=EDGE_CURVE('',#762,#759,#413,.T.);
#941=EDGE_CURVE('',#756,#764,#414,.T.);
#942=EDGE_CURVE('',#765,#764,#93,.T.);
#943=EDGE_CURVE('',#733,#765,#94,.T.);
#944=EDGE_CURVE('',#732,#739,#415,.T.);
#945=EDGE_CURVE('',#737,#766,#416,.T.);
#946=EDGE_CURVE('',#766,#767,#417,.F.);
#947=EDGE_CURVE('',#768,#767,#418,.T.);
#948=EDGE_CURVE('',#768,#737,#419,.T.);
#949=EDGE_CURVE('',#769,#770,#95,.T.);
#950=EDGE_CURVE('',#770,#771,#420,.T.);
#951=EDGE_CURVE('',#771,#768,#96,.T.);
#952=EDGE_CURVE('',#769,#767,#39,.T.);
#953=EDGE_CURVE('',#770,#772,#421,.T.);
#954=EDGE_CURVE('',#773,#772,#422,.T.);
#955=EDGE_CURVE('',#773,#771,#423,.T.);
#956=EDGE_CURVE('',#772,#774,#97,.T.);
#957=EDGE_CURVE('',#774,#775,#424,.T.);
#958=EDGE_CURVE('',#775,#773,#98,.T.);
#959=EDGE_CURVE('',#776,#777,#99,.T.);
#960=EDGE_CURVE('',#777,#778,#425,.T.);
#961=EDGE_CURVE('',#778,#779,#100,.F.);
#962=EDGE_CURVE('',#779,#776,#426,.T.);
#963=EDGE_CURVE('',#780,#781,#427,.T.);
#964=EDGE_CURVE('',#778,#780,#428,.T.);
#965=EDGE_CURVE('',#781,#777,#429,.T.);
#966=EDGE_CURVE('',#781,#749,#101,.T.);
#967=EDGE_CURVE('',#748,#780,#102,.F.);
#968=EDGE_CURVE('',#782,#783,#103,.T.);
#969=EDGE_CURVE('',#720,#782,#430,.T.);
#970=EDGE_CURVE('',#784,#775,#431,.T.);
#971=EDGE_CURVE('',#785,#784,#104,.T.);
#972=EDGE_CURVE('',#783,#785,#432,.T.);
#973=EDGE_CURVE('',#786,#746,#105,.F.);
#974=EDGE_CURVE('',#786,#757,#433,.T.);
#975=EDGE_CURVE('',#787,#750,#106,.F.);
#976=EDGE_CURVE('',#787,#779,#434,.T.);
#977=EDGE_CURVE('',#788,#786,#435,.T.);
#978=EDGE_CURVE('',#758,#788,#436,.T.);
#979=EDGE_CURVE('',#747,#788,#107,.T.);
#980=EDGE_CURVE('',#751,#789,#108,.T.);
#981=EDGE_CURVE('',#776,#789,#437,.T.);
#982=EDGE_CURVE('',#789,#787,#438,.T.);
#983=EDGE_CURVE('',#790,#791,#109,.T.);
#984=EDGE_CURVE('',#791,#792,#40,.F.);
#985=EDGE_CURVE('',#792,#782,#439,.T.);
#986=EDGE_CURVE('',#783,#790,#440,.T.);
#987=EDGE_CURVE('',#793,#790,#441,.T.);
#988=EDGE_CURVE('',#793,#785,#442,.T.);
#989=EDGE_CURVE('',#794,#793,#110,.T.);
#990=EDGE_CURVE('',#784,#794,#443,.T.);
#991=EDGE_CURVE('',#774,#794,#444,.T.);
#992=EDGE_CURVE('',#795,#796,#445,.T.);
#993=EDGE_CURVE('',#796,#797,#446,.T.);
#994=EDGE_CURVE('',#798,#797,#447,.T.);
#995=EDGE_CURVE('',#795,#798,#448,.T.);
#996=EDGE_CURVE('',#799,#795,#449,.T.);
#997=EDGE_CURVE('',#800,#798,#450,.T.);
#998=EDGE_CURVE('',#800,#799,#451,.T.);
#999=EDGE_CURVE('',#801,#799,#452,.T.);
#1000=EDGE_CURVE('',#802,#800,#453,.T.);
#1001=EDGE_CURVE('',#801,#802,#454,.T.);
#1002=EDGE_CURVE('',#729,#801,#455,.T.);
#1003=EDGE_CURVE('',#730,#802,#456,.T.);
#1004=EDGE_CURVE('',#791,#769,#457,.T.);
#1005=EDGE_CURVE('',#803,#734,#111,.T.);
#1006=EDGE_CURVE('',#796,#803,#112,.T.);
#1007=EDGE_CURVE('',#718,#804,#458,.T.);
#1008=EDGE_CURVE('',#736,#804,#459,.T.);
#1009=EDGE_CURVE('',#761,#735,#460,.T.);
#1010=EDGE_CURVE('',#805,#760,#461,.T.);
#1011=EDGE_CURVE('',#797,#805,#113,.T.);
#1012=EDGE_CURVE('',#764,#805,#462,.T.);
#1013=EDGE_CURVE('',#765,#803,#463,.T.);
#1014=EDGE_CURVE('',#721,#792,#464,.T.);
#1015=EDGE_CURVE('',#804,#723,#465,.T.);
#1016=EDGE_CURVE('',#716,#806,#466,.T.);
#1017=EDGE_CURVE('',#766,#806,#114,.T.);
#1018=EDGE_CURVE('',#806,#722,#467,.T.);
#1019=EDGE_CURVE('',#807,#808,#468,.T.);
#1020=EDGE_CURVE('',#809,#807,#115,.T.);
#1021=EDGE_CURVE('',#809,#810,#469,.T.);
#1022=EDGE_CURVE('',#810,#808,#116,.T.);
#1023=EDGE_CURVE('',#811,#811,#117,.T.);
#1024=EDGE_CURVE('',#811,#812,#470,.T.);
#1025=EDGE_CURVE('',#812,#812,#118,.T.);
#1026=EDGE_CURVE('',#813,#813,#119,.T.);
#1027=EDGE_CURVE('',#808,#810,#120,.T.);
#1028=EDGE_CURVE('',#809,#810,#471,.T.);
#1029=EDGE_CURVE('',#807,#809,#121,.T.);
#1030=EDGE_CURVE('',#814,#814,#122,.T.);
#1031=EDGE_CURVE('',#809,#809,#123,.T.);
#1032=EDGE_CURVE('',#810,#810,#124,.T.);
#1033=EDGE_CURVE('',#815,#815,#125,.T.);
#1034=EDGE_CURVE('',#816,#816,#126,.T.);
#1035=EDGE_CURVE('',#816,#817,#472,.T.);
#1036=EDGE_CURVE('',#817,#817,#127,.T.);
#1037=EDGE_CURVE('',#818,#818,#128,.T.);
#1038=EDGE_CURVE('',#819,#819,#129,.T.);
#1039=EDGE_CURVE('',#819,#815,#473,.T.);
#1040=EDGE_CURVE('',#820,#820,#130,.T.);
#1041=EDGE_CURVE('',#820,#813,#474,.T.);
#1042=EDGE_CURVE('',#821,#821,#131,.T.);
#1043=EDGE_CURVE('',#821,#814,#475,.T.);
#1044=EDGE_CURVE('',#822,#823,#132,.T.);
#1045=EDGE_CURVE('',#822,#824,#476,.T.);
#1046=EDGE_CURVE('',#824,#825,#133,.T.);
#1047=EDGE_CURVE('',#823,#825,#477,.T.);
#1048=EDGE_CURVE('',#826,#822,#478,.T.);
#1049=EDGE_CURVE('',#826,#827,#479,.T.);
#1050=EDGE_CURVE('',#827,#824,#480,.T.);
#1051=EDGE_CURVE('',#828,#826,#134,.T.);
#1052=EDGE_CURVE('',#828,#829,#481,.T.);
#1053=EDGE_CURVE('',#829,#827,#135,.T.);
#1054=EDGE_CURVE('',#830,#828,#136,.T.);
#1055=EDGE_CURVE('',#830,#831,#482,.T.);
#1056=EDGE_CURVE('',#831,#829,#137,.T.);
#1057=EDGE_CURVE('',#832,#830,#138,.T.);
#1058=EDGE_CURVE('',#832,#833,#483,.T.);
#1059=EDGE_CURVE('',#833,#831,#139,.T.);
#1060=EDGE_CURVE('',#823,#832,#484,.T.);
#1061=EDGE_CURVE('',#825,#833,#485,.T.);
#1062=EDGE_CURVE('',#834,#834,#140,.T.);
#1063=EDGE_CURVE('',#835,#836,#486,.T.);
#1064=EDGE_CURVE('',#837,#835,#487,.T.);
#1065=EDGE_CURVE('',#837,#838,#141,.T.);
#1066=EDGE_CURVE('',#838,#836,#488,.T.);
#1067=EDGE_CURVE('',#839,#840,#142,.T.);
#1068=EDGE_CURVE('',#840,#841,#489,.T.);
#1069=EDGE_CURVE('',#841,#842,#143,.T.);
#1070=EDGE_CURVE('',#842,#839,#490,.T.);
#1071=EDGE_CURVE('',#840,#843,#491,.T.);
#1072=EDGE_CURVE('',#844,#843,#492,.T.);
#1073=EDGE_CURVE('',#844,#841,#493,.T.);
#1074=EDGE_CURVE('',#845,#839,#494,.T.);
#1075=EDGE_CURVE('',#846,#845,#495,.T.);
#1076=EDGE_CURVE('',#846,#847,#496,.T.);
#1077=EDGE_CURVE('',#847,#848,#497,.T.);
#1078=EDGE_CURVE('',#849,#848,#498,.T.);
#1079=EDGE_CURVE('',#850,#849,#499,.T.);
#1080=EDGE_CURVE('',#850,#851,#500,.T.);
#1081=EDGE_CURVE('',#843,#851,#144,.T.);
#1082=EDGE_CURVE('',#852,#844,#145,.T.);
#1083=EDGE_CURVE('',#851,#852,#501,.T.);
#1084=EDGE_CURVE('',#848,#853,#502,.T.);
#1085=EDGE_CURVE('',#854,#847,#503,.T.);
#1086=EDGE_CURVE('',#854,#853,#504,.T.);
#1087=EDGE_CURVE('',#855,#846,#505,.T.);
#1088=EDGE_CURVE('',#855,#854,#506,.T.);
#1089=EDGE_CURVE('',#856,#853,#507,.T.);
#1090=EDGE_CURVE('',#849,#856,#508,.T.);
#1091=EDGE_CURVE('',#857,#842,#509,.T.);
#1092=EDGE_CURVE('',#845,#857,#510,.T.);
#1093=EDGE_CURVE('',#858,#852,#511,.T.);
#1094=EDGE_CURVE('',#856,#858,#512,.T.);
#1095=EDGE_CURVE('',#857,#855,#513,.T.);
#1096=EDGE_CURVE('',#858,#850,#514,.T.);
#1097=EDGE_CURVE('',#859,#860,#515,.T.);
#1098=EDGE_CURVE('',#860,#861,#516,.T.);
#1099=EDGE_CURVE('',#861,#862,#517,.T.);
#1100=EDGE_CURVE('',#862,#859,#518,.T.);
#1101=EDGE_CURVE('',#862,#863,#519,.T.);
#1102=EDGE_CURVE('',#864,#863,#146,.T.);
#1103=EDGE_CURVE('',#864,#865,#520,.T.);
#1104=EDGE_CURVE('',#837,#865,#521,.T.);
#1105=EDGE_CURVE('',#866,#835,#147,.T.);
#1106=EDGE_CURVE('',#866,#859,#522,.T.);
#1107=EDGE_CURVE('',#867,#868,#523,.T.);
#1108=EDGE_CURVE('',#868,#869,#524,.T.);
#1109=EDGE_CURVE('',#867,#869,#525,.T.);
#1110=EDGE_CURVE('',#870,#861,#526,.T.);
#1111=EDGE_CURVE('',#863,#870,#527,.T.);
#1112=EDGE_CURVE('',#860,#871,#528,.T.);
#1113=EDGE_CURVE('',#836,#871,#148,.T.);
#1114=EDGE_CURVE('',#838,#872,#529,.T.);
#1115=EDGE_CURVE('',#872,#873,#530,.T.);
#1116=EDGE_CURVE('',#870,#873,#149,.T.);
#1117=EDGE_CURVE('',#874,#875,#531,.T.);
#1118=EDGE_CURVE('',#875,#876,#532,.T.);
#1119=EDGE_CURVE('',#876,#874,#533,.T.);
#1120=EDGE_CURVE('',#873,#864,#534,.T.);
#1121=EDGE_CURVE('',#871,#866,#535,.T.);
#1122=EDGE_CURVE('',#875,#869,#536,.T.);
#1123=EDGE_CURVE('',#874,#867,#537,.T.);
#1124=EDGE_CURVE('',#868,#876,#538,.T.);
#1125=EDGE_CURVE('',#865,#872,#150,.T.);
#1126=EDGE_CURVE('',#818,#834,#539,.T.);
#1127=ORIENTED_EDGE('',*,*,#877,.F.);
#1128=ORIENTED_EDGE('',*,*,#878,.F.);
#1129=ORIENTED_EDGE('',*,*,#879,.F.);
#1130=ORIENTED_EDGE('',*,*,#880,.F.);
#1131=ORIENTED_EDGE('',*,*,#878,.T.);
#1132=ORIENTED_EDGE('',*,*,#881,.T.);
#1133=ORIENTED_EDGE('',*,*,#882,.T.);
#1134=ORIENTED_EDGE('',*,*,#883,.T.);
#1135=ORIENTED_EDGE('',*,*,#884,.T.);
#1136=ORIENTED_EDGE('',*,*,#885,.T.);
#1137=ORIENTED_EDGE('',*,*,#886,.T.);
#1138=ORIENTED_EDGE('',*,*,#887,.T.);
#1139=ORIENTED_EDGE('',*,*,#877,.T.);
#1140=ORIENTED_EDGE('',*,*,#888,.F.);
#1141=ORIENTED_EDGE('',*,*,#889,.F.);
#1142=ORIENTED_EDGE('',*,*,#881,.F.);
#1143=ORIENTED_EDGE('',*,*,#890,.T.);
#1144=ORIENTED_EDGE('',*,*,#891,.T.);
#1145=ORIENTED_EDGE('',*,*,#892,.T.);
#1146=ORIENTED_EDGE('',*,*,#891,.F.);
#1147=ORIENTED_EDGE('',*,*,#893,.T.);
#1148=ORIENTED_EDGE('',*,*,#894,.T.);
#1149=ORIENTED_EDGE('',*,*,#895,.T.);
#1150=ORIENTED_EDGE('',*,*,#894,.F.);
#1151=ORIENTED_EDGE('',*,*,#896,.T.);
#1152=ORIENTED_EDGE('',*,*,#897,.F.);
#1153=ORIENTED_EDGE('',*,*,#898,.F.);
#1154=ORIENTED_EDGE('',*,*,#899,.F.);
#1155=ORIENTED_EDGE('',*,*,#900,.T.);
#1156=ORIENTED_EDGE('',*,*,#901,.T.);
#1157=ORIENTED_EDGE('',*,*,#902,.T.);
#1158=ORIENTED_EDGE('',*,*,#899,.T.);
#1159=ORIENTED_EDGE('',*,*,#903,.F.);
#1160=ORIENTED_EDGE('',*,*,#904,.T.);
#1161=ORIENTED_EDGE('',*,*,#884,.F.);
#1162=ORIENTED_EDGE('',*,*,#905,.F.);
#1163=ORIENTED_EDGE('',*,*,#906,.T.);
#1164=ORIENTED_EDGE('',*,*,#907,.T.);
#1165=ORIENTED_EDGE('',*,*,#908,.T.);
#1166=ORIENTED_EDGE('',*,*,#909,.T.);
#1167=ORIENTED_EDGE('',*,*,#910,.T.);
#1168=ORIENTED_EDGE('',*,*,#911,.T.);
#1169=ORIENTED_EDGE('',*,*,#912,.F.);
#1170=ORIENTED_EDGE('',*,*,#913,.F.);
#1171=ORIENTED_EDGE('',*,*,#914,.F.);
#1172=ORIENTED_EDGE('',*,*,#915,.T.);
#1173=ORIENTED_EDGE('',*,*,#916,.F.);
#1174=ORIENTED_EDGE('',*,*,#917,.F.);
#1175=ORIENTED_EDGE('',*,*,#918,.F.);
#1176=ORIENTED_EDGE('',*,*,#919,.F.);
#1177=ORIENTED_EDGE('',*,*,#920,.F.);
#1178=ORIENTED_EDGE('',*,*,#921,.F.);
#1179=ORIENTED_EDGE('',*,*,#913,.T.);
#1180=ORIENTED_EDGE('',*,*,#922,.F.);
#1181=ORIENTED_EDGE('',*,*,#923,.T.);
#1182=ORIENTED_EDGE('',*,*,#924,.T.);
#1183=ORIENTED_EDGE('',*,*,#925,.T.);
#1184=ORIENTED_EDGE('',*,*,#924,.F.);
#1185=ORIENTED_EDGE('',*,*,#923,.F.);
#1186=ORIENTED_EDGE('',*,*,#890,.F.);
#1187=ORIENTED_EDGE('',*,*,#926,.T.);
#1188=ORIENTED_EDGE('',*,*,#927,.T.);
#1189=ORIENTED_EDGE('',*,*,#928,.T.);
#1190=ORIENTED_EDGE('',*,*,#927,.F.);
#1191=ORIENTED_EDGE('',*,*,#926,.F.);
#1192=ORIENTED_EDGE('',*,*,#893,.F.);
#1193=ORIENTED_EDGE('',*,*,#929,.T.);
#1194=ORIENTED_EDGE('',*,*,#915,.F.);
#1195=ORIENTED_EDGE('',*,*,#930,.F.);
#1196=ORIENTED_EDGE('',*,*,#931,.T.);
#1197=ORIENTED_EDGE('',*,*,#932,.F.);
#1198=ORIENTED_EDGE('',*,*,#911,.F.);
#1199=ORIENTED_EDGE('',*,*,#933,.T.);
#1200=ORIENTED_EDGE('',*,*,#934,.T.);
#1201=ORIENTED_EDGE('',*,*,#935,.F.);
#1202=ORIENTED_EDGE('',*,*,#936,.T.);
#1203=ORIENTED_EDGE('',*,*,#937,.F.);
#1204=ORIENTED_EDGE('',*,*,#938,.T.);
#1205=ORIENTED_EDGE('',*,*,#910,.F.);
#1206=ORIENTED_EDGE('',*,*,#939,.T.);
#1207=ORIENTED_EDGE('',*,*,#937,.T.);
#1208=ORIENTED_EDGE('',*,*,#940,.T.);
#1209=ORIENTED_EDGE('',*,*,#933,.F.);
#1210=ORIENTED_EDGE('',*,*,#908,.F.);
#1211=ORIENTED_EDGE('',*,*,#929,.F.);
#1212=ORIENTED_EDGE('',*,*,#941,.T.);
#1213=ORIENTED_EDGE('',*,*,#942,.F.);
#1214=ORIENTED_EDGE('',*,*,#943,.F.);
#1215=ORIENTED_EDGE('',*,*,#900,.F.);
#1216=ORIENTED_EDGE('',*,*,#944,.T.);
#1217=ORIENTED_EDGE('',*,*,#945,.T.);
#1218=ORIENTED_EDGE('',*,*,#946,.T.);
#1219=ORIENTED_EDGE('',*,*,#947,.F.);
#1220=ORIENTED_EDGE('',*,*,#948,.T.);
#1221=ORIENTED_EDGE('',*,*,#949,.T.);
#1222=ORIENTED_EDGE('',*,*,#950,.T.);
#1223=ORIENTED_EDGE('',*,*,#951,.T.);
#1224=ORIENTED_EDGE('',*,*,#947,.T.);
#1225=ORIENTED_EDGE('',*,*,#952,.F.);
#1226=ORIENTED_EDGE('',*,*,#953,.T.);
#1227=ORIENTED_EDGE('',*,*,#954,.F.);
#1228=ORIENTED_EDGE('',*,*,#955,.T.);
#1229=ORIENTED_EDGE('',*,*,#950,.F.);
#1230=ORIENTED_EDGE('',*,*,#956,.T.);
#1231=ORIENTED_EDGE('',*,*,#957,.T.);
#1232=ORIENTED_EDGE('',*,*,#958,.T.);
#1233=ORIENTED_EDGE('',*,*,#954,.T.);
#1234=ORIENTED_EDGE('',*,*,#959,.T.);
#1235=ORIENTED_EDGE('',*,*,#960,.T.);
#1236=ORIENTED_EDGE('',*,*,#961,.T.);
#1237=ORIENTED_EDGE('',*,*,#962,.T.);
#1238=ORIENTED_EDGE('',*,*,#963,.F.);
#1239=ORIENTED_EDGE('',*,*,#964,.F.);
#1240=ORIENTED_EDGE('',*,*,#960,.F.);
#1241=ORIENTED_EDGE('',*,*,#965,.F.);
#1242=ORIENTED_EDGE('',*,*,#966,.T.);
#1243=ORIENTED_EDGE('',*,*,#918,.T.);
#1244=ORIENTED_EDGE('',*,*,#967,.T.);
#1245=ORIENTED_EDGE('',*,*,#963,.T.);
#1246=ORIENTED_EDGE('',*,*,#968,.F.);
#1247=ORIENTED_EDGE('',*,*,#969,.F.);
#1248=ORIENTED_EDGE('',*,*,#907,.F.);
#1249=ORIENTED_EDGE('',*,*,#948,.F.);
#1250=ORIENTED_EDGE('',*,*,#951,.F.);
#1251=ORIENTED_EDGE('',*,*,#955,.F.);
#1252=ORIENTED_EDGE('',*,*,#958,.F.);
#1253=ORIENTED_EDGE('',*,*,#970,.F.);
#1254=ORIENTED_EDGE('',*,*,#971,.F.);
#1255=ORIENTED_EDGE('',*,*,#972,.F.);
#1256=ORIENTED_EDGE('',*,*,#964,.T.);
#1257=ORIENTED_EDGE('',*,*,#967,.F.);
#1258=ORIENTED_EDGE('',*,*,#917,.T.);
#1259=ORIENTED_EDGE('',*,*,#973,.F.);
#1260=ORIENTED_EDGE('',*,*,#974,.T.);
#1261=ORIENTED_EDGE('',*,*,#930,.T.);
#1262=ORIENTED_EDGE('',*,*,#914,.T.);
#1263=ORIENTED_EDGE('',*,*,#921,.T.);
#1264=ORIENTED_EDGE('',*,*,#975,.F.);
#1265=ORIENTED_EDGE('',*,*,#976,.T.);
#1266=ORIENTED_EDGE('',*,*,#961,.F.);
#1267=ORIENTED_EDGE('',*,*,#977,.F.);
#1268=ORIENTED_EDGE('',*,*,#978,.F.);
#1269=ORIENTED_EDGE('',*,*,#931,.F.);
#1270=ORIENTED_EDGE('',*,*,#974,.F.);
#1271=ORIENTED_EDGE('',*,*,#979,.T.);
#1272=ORIENTED_EDGE('',*,*,#977,.T.);
#1273=ORIENTED_EDGE('',*,*,#973,.T.);
#1274=ORIENTED_EDGE('',*,*,#916,.T.);
#1275=ORIENTED_EDGE('',*,*,#980,.F.);
#1276=ORIENTED_EDGE('',*,*,#922,.T.);
#1277=ORIENTED_EDGE('',*,*,#912,.T.);
#1278=ORIENTED_EDGE('',*,*,#932,.T.);
#1279=ORIENTED_EDGE('',*,*,#978,.T.);
#1280=ORIENTED_EDGE('',*,*,#979,.F.);
#1281=ORIENTED_EDGE('',*,*,#919,.T.);
#1282=ORIENTED_EDGE('',*,*,#966,.F.);
#1283=ORIENTED_EDGE('',*,*,#965,.T.);
#1284=ORIENTED_EDGE('',*,*,#959,.F.);
#1285=ORIENTED_EDGE('',*,*,#981,.T.);
#1286=ORIENTED_EDGE('',*,*,#982,.F.);
#1287=ORIENTED_EDGE('',*,*,#981,.F.);
#1288=ORIENTED_EDGE('',*,*,#962,.F.);
#1289=ORIENTED_EDGE('',*,*,#976,.F.);
#1290=ORIENTED_EDGE('',*,*,#980,.T.);
#1291=ORIENTED_EDGE('',*,*,#982,.T.);
#1292=ORIENTED_EDGE('',*,*,#975,.T.);
#1293=ORIENTED_EDGE('',*,*,#920,.T.);
#1294=ORIENTED_EDGE('',*,*,#983,.T.);
#1295=ORIENTED_EDGE('',*,*,#984,.T.);
#1296=ORIENTED_EDGE('',*,*,#985,.T.);
#1297=ORIENTED_EDGE('',*,*,#968,.T.);
#1298=ORIENTED_EDGE('',*,*,#986,.T.);
#1299=ORIENTED_EDGE('',*,*,#987,.T.);
#1300=ORIENTED_EDGE('',*,*,#986,.F.);
#1301=ORIENTED_EDGE('',*,*,#972,.T.);
#1302=ORIENTED_EDGE('',*,*,#988,.F.);
#1303=ORIENTED_EDGE('',*,*,#989,.T.);
#1304=ORIENTED_EDGE('',*,*,#988,.T.);
#1305=ORIENTED_EDGE('',*,*,#971,.T.);
#1306=ORIENTED_EDGE('',*,*,#990,.T.);
#1307=ORIENTED_EDGE('',*,*,#991,.T.);
#1308=ORIENTED_EDGE('',*,*,#990,.F.);
#1309=ORIENTED_EDGE('',*,*,#970,.T.);
#1310=ORIENTED_EDGE('',*,*,#957,.F.);
#1311=ORIENTED_EDGE('',*,*,#992,.T.);
#1312=ORIENTED_EDGE('',*,*,#993,.T.);
#1313=ORIENTED_EDGE('',*,*,#994,.F.);
#1314=ORIENTED_EDGE('',*,*,#995,.F.);
#1315=ORIENTED_EDGE('',*,*,#996,.T.);
#1316=ORIENTED_EDGE('',*,*,#995,.T.);
#1317=ORIENTED_EDGE('',*,*,#997,.F.);
#1318=ORIENTED_EDGE('',*,*,#998,.T.);
#1319=ORIENTED_EDGE('',*,*,#999,.T.);
#1320=ORIENTED_EDGE('',*,*,#998,.F.);
#1321=ORIENTED_EDGE('',*,*,#1000,.F.);
#1322=ORIENTED_EDGE('',*,*,#1001,.F.);
#1323=ORIENTED_EDGE('',*,*,#1002,.T.);
#1324=ORIENTED_EDGE('',*,*,#1001,.T.);
#1325=ORIENTED_EDGE('',*,*,#1003,.F.);
#1326=ORIENTED_EDGE('',*,*,#897,.T.);
#1327=ORIENTED_EDGE('',*,*,#1004,.F.);
#1328=ORIENTED_EDGE('',*,*,#983,.F.);
#1329=ORIENTED_EDGE('',*,*,#987,.F.);
#1330=ORIENTED_EDGE('',*,*,#989,.F.);
#1331=ORIENTED_EDGE('',*,*,#991,.F.);
#1332=ORIENTED_EDGE('',*,*,#956,.F.);
#1333=ORIENTED_EDGE('',*,*,#953,.F.);
#1334=ORIENTED_EDGE('',*,*,#949,.F.);
#1335=ORIENTED_EDGE('',*,*,#925,.F.);
#1336=ORIENTED_EDGE('',*,*,#892,.F.);
#1337=ORIENTED_EDGE('',*,*,#992,.F.);
#1338=ORIENTED_EDGE('',*,*,#996,.F.);
#1339=ORIENTED_EDGE('',*,*,#999,.F.);
#1340=ORIENTED_EDGE('',*,*,#1002,.F.);
#1341=ORIENTED_EDGE('',*,*,#896,.F.);
#1342=ORIENTED_EDGE('',*,*,#902,.F.);
#1343=ORIENTED_EDGE('',*,*,#1005,.F.);
#1344=ORIENTED_EDGE('',*,*,#1006,.F.);
#1345=ORIENTED_EDGE('',*,*,#895,.F.);
#1346=ORIENTED_EDGE('',*,*,#928,.F.);
#1347=ORIENTED_EDGE('',*,*,#1007,.T.);
#1348=ORIENTED_EDGE('',*,*,#1008,.F.);
#1349=ORIENTED_EDGE('',*,*,#905,.T.);
#1350=ORIENTED_EDGE('',*,*,#883,.F.);
#1351=ORIENTED_EDGE('',*,*,#909,.F.);
#1352=ORIENTED_EDGE('',*,*,#944,.F.);
#1353=ORIENTED_EDGE('',*,*,#904,.F.);
#1354=ORIENTED_EDGE('',*,*,#1009,.F.);
#1355=ORIENTED_EDGE('',*,*,#938,.F.);
#1356=ORIENTED_EDGE('',*,*,#939,.F.);
#1357=ORIENTED_EDGE('',*,*,#1010,.T.);
#1358=ORIENTED_EDGE('',*,*,#935,.T.);
#1359=ORIENTED_EDGE('',*,*,#1009,.T.);
#1360=ORIENTED_EDGE('',*,*,#903,.T.);
#1361=ORIENTED_EDGE('',*,*,#898,.T.);
#1362=ORIENTED_EDGE('',*,*,#1003,.T.);
#1363=ORIENTED_EDGE('',*,*,#1000,.T.);
#1364=ORIENTED_EDGE('',*,*,#997,.T.);
#1365=ORIENTED_EDGE('',*,*,#994,.T.);
#1366=ORIENTED_EDGE('',*,*,#1011,.T.);
#1367=ORIENTED_EDGE('',*,*,#934,.F.);
#1368=ORIENTED_EDGE('',*,*,#940,.F.);
#1369=ORIENTED_EDGE('',*,*,#936,.F.);
#1370=ORIENTED_EDGE('',*,*,#1010,.F.);
#1371=ORIENTED_EDGE('',*,*,#1012,.F.);
#1372=ORIENTED_EDGE('',*,*,#941,.F.);
#1373=ORIENTED_EDGE('',*,*,#942,.T.);
#1374=ORIENTED_EDGE('',*,*,#1012,.T.);
#1375=ORIENTED_EDGE('',*,*,#1011,.F.);
#1376=ORIENTED_EDGE('',*,*,#993,.F.);
#1377=ORIENTED_EDGE('',*,*,#1006,.T.);
#1378=ORIENTED_EDGE('',*,*,#1013,.F.);
#1379=ORIENTED_EDGE('',*,*,#943,.T.);
#1380=ORIENTED_EDGE('',*,*,#1013,.T.);
#1381=ORIENTED_EDGE('',*,*,#1005,.T.);
#1382=ORIENTED_EDGE('',*,*,#901,.F.);
#1383=ORIENTED_EDGE('',*,*,#885,.F.);
#1384=ORIENTED_EDGE('',*,*,#969,.T.);
#1385=ORIENTED_EDGE('',*,*,#985,.F.);
#1386=ORIENTED_EDGE('',*,*,#1014,.F.);
#1387=ORIENTED_EDGE('',*,*,#882,.F.);
#1388=ORIENTED_EDGE('',*,*,#889,.T.);
#1389=ORIENTED_EDGE('',*,*,#1015,.F.);
#1390=ORIENTED_EDGE('',*,*,#1007,.F.);
#1391=ORIENTED_EDGE('',*,*,#880,.T.);
#1392=ORIENTED_EDGE('',*,*,#1016,.T.);
#1393=ORIENTED_EDGE('',*,*,#1017,.F.);
#1394=ORIENTED_EDGE('',*,*,#945,.F.);
#1395=ORIENTED_EDGE('',*,*,#906,.F.);
#1396=ORIENTED_EDGE('',*,*,#1008,.T.);
#1397=ORIENTED_EDGE('',*,*,#1015,.T.);
#1398=ORIENTED_EDGE('',*,*,#888,.T.);
#1399=ORIENTED_EDGE('',*,*,#879,.T.);
#1400=ORIENTED_EDGE('',*,*,#887,.F.);
#1401=ORIENTED_EDGE('',*,*,#1018,.F.);
#1402=ORIENTED_EDGE('',*,*,#1016,.F.);
#1403=ORIENTED_EDGE('',*,*,#886,.F.);
#1404=ORIENTED_EDGE('',*,*,#1014,.T.);
#1405=ORIENTED_EDGE('',*,*,#984,.F.);
#1406=ORIENTED_EDGE('',*,*,#1004,.T.);
#1407=ORIENTED_EDGE('',*,*,#952,.T.);
#1408=ORIENTED_EDGE('',*,*,#946,.F.);
#1409=ORIENTED_EDGE('',*,*,#1017,.T.);
#1410=ORIENTED_EDGE('',*,*,#1018,.T.);
#1411=ORIENTED_EDGE('',*,*,#1019,.F.);
#1412=ORIENTED_EDGE('',*,*,#1020,.F.);
#1413=ORIENTED_EDGE('',*,*,#1021,.T.);
#1414=ORIENTED_EDGE('',*,*,#1022,.T.);
#1415=ORIENTED_EDGE('',*,*,#1023,.F.);
#1416=ORIENTED_EDGE('',*,*,#1024,.T.);
#1417=ORIENTED_EDGE('',*,*,#1025,.T.);
#1418=ORIENTED_EDGE('',*,*,#1024,.F.);
#1419=ORIENTED_EDGE('',*,*,#1025,.F.);
#1420=ORIENTED_EDGE('',*,*,#1026,.F.);
#1421=ORIENTED_EDGE('',*,*,#1019,.T.);
#1422=ORIENTED_EDGE('',*,*,#1027,.T.);
#1423=ORIENTED_EDGE('',*,*,#1028,.F.);
#1424=ORIENTED_EDGE('',*,*,#1029,.F.);
#1425=ORIENTED_EDGE('',*,*,#1022,.F.);
#1426=ORIENTED_EDGE('',*,*,#1027,.F.);
#1427=ORIENTED_EDGE('',*,*,#1030,.F.);
#1428=ORIENTED_EDGE('',*,*,#1031,.F.);
#1429=ORIENTED_EDGE('',*,*,#1028,.T.);
#1430=ORIENTED_EDGE('',*,*,#1032,.T.);
#1431=ORIENTED_EDGE('',*,*,#1021,.F.);
#1432=ORIENTED_EDGE('',*,*,#1032,.F.);
#1433=ORIENTED_EDGE('',*,*,#1033,.F.);
#1434=ORIENTED_EDGE('',*,*,#1034,.F.);
#1435=ORIENTED_EDGE('',*,*,#1035,.T.);
#1436=ORIENTED_EDGE('',*,*,#1036,.T.);
#1437=ORIENTED_EDGE('',*,*,#1035,.F.);
#1438=ORIENTED_EDGE('',*,*,#1036,.F.);
#1439=ORIENTED_EDGE('',*,*,#1037,.F.);
#1440=ORIENTED_EDGE('',*,*,#1038,.T.);
#1441=ORIENTED_EDGE('',*,*,#1039,.T.);
#1442=ORIENTED_EDGE('',*,*,#1033,.T.);
#1443=ORIENTED_EDGE('',*,*,#1039,.F.);
#1444=ORIENTED_EDGE('',*,*,#1040,.T.);
#1445=ORIENTED_EDGE('',*,*,#1041,.T.);
#1446=ORIENTED_EDGE('',*,*,#1026,.T.);
#1447=ORIENTED_EDGE('',*,*,#1041,.F.);
#1448=ORIENTED_EDGE('',*,*,#1042,.T.);
#1449=ORIENTED_EDGE('',*,*,#1043,.T.);
#1450=ORIENTED_EDGE('',*,*,#1030,.T.);
#1451=ORIENTED_EDGE('',*,*,#1043,.F.);
#1452=ORIENTED_EDGE('',*,*,#1044,.F.);
#1453=ORIENTED_EDGE('',*,*,#1045,.T.);
#1454=ORIENTED_EDGE('',*,*,#1046,.T.);
#1455=ORIENTED_EDGE('',*,*,#1047,.F.);
#1456=ORIENTED_EDGE('',*,*,#1048,.F.);
#1457=ORIENTED_EDGE('',*,*,#1049,.T.);
#1458=ORIENTED_EDGE('',*,*,#1050,.T.);
#1459=ORIENTED_EDGE('',*,*,#1045,.F.);
#1460=ORIENTED_EDGE('',*,*,#1051,.F.);
#1461=ORIENTED_EDGE('',*,*,#1052,.T.);
#1462=ORIENTED_EDGE('',*,*,#1053,.T.);
#1463=ORIENTED_EDGE('',*,*,#1049,.F.);
#1464=ORIENTED_EDGE('',*,*,#1054,.F.);
#1465=ORIENTED_EDGE('',*,*,#1055,.T.);
#1466=ORIENTED_EDGE('',*,*,#1056,.T.);
#1467=ORIENTED_EDGE('',*,*,#1052,.F.);
#1468=ORIENTED_EDGE('',*,*,#1057,.F.);
#1469=ORIENTED_EDGE('',*,*,#1058,.T.);
#1470=ORIENTED_EDGE('',*,*,#1059,.T.);
#1471=ORIENTED_EDGE('',*,*,#1055,.F.);
#1472=ORIENTED_EDGE('',*,*,#1060,.F.);
#1473=ORIENTED_EDGE('',*,*,#1047,.T.);
#1474=ORIENTED_EDGE('',*,*,#1061,.T.);
#1475=ORIENTED_EDGE('',*,*,#1058,.F.);
#1476=ORIENTED_EDGE('',*,*,#1061,.F.);
#1477=ORIENTED_EDGE('',*,*,#1046,.F.);
#1478=ORIENTED_EDGE('',*,*,#1050,.F.);
#1479=ORIENTED_EDGE('',*,*,#1053,.F.);
#1480=ORIENTED_EDGE('',*,*,#1056,.F.);
#1481=ORIENTED_EDGE('',*,*,#1059,.F.);
#1482=ORIENTED_EDGE('',*,*,#1038,.F.);
#1483=ORIENTED_EDGE('',*,*,#1040,.F.);
#1484=ORIENTED_EDGE('',*,*,#1062,.F.);
#1485=ORIENTED_EDGE('',*,*,#1042,.F.);
#1486=ORIENTED_EDGE('',*,*,#1063,.F.);
#1487=ORIENTED_EDGE('',*,*,#1064,.F.);
#1488=ORIENTED_EDGE('',*,*,#1065,.T.);
#1489=ORIENTED_EDGE('',*,*,#1066,.T.);
#1490=ORIENTED_EDGE('',*,*,#1044,.T.);
#1491=ORIENTED_EDGE('',*,*,#1060,.T.);
#1492=ORIENTED_EDGE('',*,*,#1057,.T.);
#1493=ORIENTED_EDGE('',*,*,#1054,.T.);
#1494=ORIENTED_EDGE('',*,*,#1051,.T.);
#1495=ORIENTED_EDGE('',*,*,#1048,.T.);
#1496=ORIENTED_EDGE('',*,*,#1067,.T.);
#1497=ORIENTED_EDGE('',*,*,#1068,.T.);
#1498=ORIENTED_EDGE('',*,*,#1069,.T.);
#1499=ORIENTED_EDGE('',*,*,#1070,.T.);
#1500=ORIENTED_EDGE('',*,*,#1068,.F.);
#1501=ORIENTED_EDGE('',*,*,#1071,.T.);
#1502=ORIENTED_EDGE('',*,*,#1072,.F.);
#1503=ORIENTED_EDGE('',*,*,#1073,.T.);
#1504=ORIENTED_EDGE('',*,*,#1067,.F.);
#1505=ORIENTED_EDGE('',*,*,#1074,.F.);
#1506=ORIENTED_EDGE('',*,*,#1075,.F.);
#1507=ORIENTED_EDGE('',*,*,#1076,.T.);
#1508=ORIENTED_EDGE('',*,*,#1077,.T.);
#1509=ORIENTED_EDGE('',*,*,#1078,.F.);
#1510=ORIENTED_EDGE('',*,*,#1079,.F.);
#1511=ORIENTED_EDGE('',*,*,#1080,.T.);
#1512=ORIENTED_EDGE('',*,*,#1081,.F.);
#1513=ORIENTED_EDGE('',*,*,#1071,.F.);
#1514=ORIENTED_EDGE('',*,*,#1082,.T.);
#1515=ORIENTED_EDGE('',*,*,#1072,.T.);
#1516=ORIENTED_EDGE('',*,*,#1081,.T.);
#1517=ORIENTED_EDGE('',*,*,#1083,.T.);
#1518=ORIENTED_EDGE('',*,*,#1084,.F.);
#1519=ORIENTED_EDGE('',*,*,#1077,.F.);
#1520=ORIENTED_EDGE('',*,*,#1085,.F.);
#1521=ORIENTED_EDGE('',*,*,#1086,.T.);
#1522=ORIENTED_EDGE('',*,*,#1085,.T.);
#1523=ORIENTED_EDGE('',*,*,#1076,.F.);
#1524=ORIENTED_EDGE('',*,*,#1087,.F.);
#1525=ORIENTED_EDGE('',*,*,#1088,.T.);
#1526=ORIENTED_EDGE('',*,*,#1084,.T.);
#1527=ORIENTED_EDGE('',*,*,#1089,.F.);
#1528=ORIENTED_EDGE('',*,*,#1090,.F.);
#1529=ORIENTED_EDGE('',*,*,#1078,.T.);
#1530=ORIENTED_EDGE('',*,*,#1070,.F.);
#1531=ORIENTED_EDGE('',*,*,#1091,.F.);
#1532=ORIENTED_EDGE('',*,*,#1092,.F.);
#1533=ORIENTED_EDGE('',*,*,#1074,.T.);
#1534=ORIENTED_EDGE('',*,*,#1069,.F.);
#1535=ORIENTED_EDGE('',*,*,#1073,.F.);
#1536=ORIENTED_EDGE('',*,*,#1082,.F.);
#1537=ORIENTED_EDGE('',*,*,#1093,.F.);
#1538=ORIENTED_EDGE('',*,*,#1094,.F.);
#1539=ORIENTED_EDGE('',*,*,#1089,.T.);
#1540=ORIENTED_EDGE('',*,*,#1086,.F.);
#1541=ORIENTED_EDGE('',*,*,#1088,.F.);
#1542=ORIENTED_EDGE('',*,*,#1095,.F.);
#1543=ORIENTED_EDGE('',*,*,#1091,.T.);
#1544=ORIENTED_EDGE('',*,*,#1083,.F.);
#1545=ORIENTED_EDGE('',*,*,#1080,.F.);
#1546=ORIENTED_EDGE('',*,*,#1096,.F.);
#1547=ORIENTED_EDGE('',*,*,#1093,.T.);
#1548=ORIENTED_EDGE('',*,*,#1097,.T.);
#1549=ORIENTED_EDGE('',*,*,#1098,.T.);
#1550=ORIENTED_EDGE('',*,*,#1099,.T.);
#1551=ORIENTED_EDGE('',*,*,#1100,.T.);
#1552=ORIENTED_EDGE('',*,*,#1101,.T.);
#1553=ORIENTED_EDGE('',*,*,#1102,.F.);
#1554=ORIENTED_EDGE('',*,*,#1103,.T.);
#1555=ORIENTED_EDGE('',*,*,#1104,.F.);
#1556=ORIENTED_EDGE('',*,*,#1064,.T.);
#1557=ORIENTED_EDGE('',*,*,#1105,.F.);
#1558=ORIENTED_EDGE('',*,*,#1106,.T.);
#1559=ORIENTED_EDGE('',*,*,#1100,.F.);
#1560=ORIENTED_EDGE('',*,*,#1107,.T.);
#1561=ORIENTED_EDGE('',*,*,#1108,.T.);
#1562=ORIENTED_EDGE('',*,*,#1109,.F.);
#1563=ORIENTED_EDGE('',*,*,#1110,.F.);
#1564=ORIENTED_EDGE('',*,*,#1111,.F.);
#1565=ORIENTED_EDGE('',*,*,#1101,.F.);
#1566=ORIENTED_EDGE('',*,*,#1099,.F.);
#1567=ORIENTED_EDGE('',*,*,#1112,.T.);
#1568=ORIENTED_EDGE('',*,*,#1113,.F.);
#1569=ORIENTED_EDGE('',*,*,#1066,.F.);
#1570=ORIENTED_EDGE('',*,*,#1114,.T.);
#1571=ORIENTED_EDGE('',*,*,#1115,.T.);
#1572=ORIENTED_EDGE('',*,*,#1116,.F.);
#1573=ORIENTED_EDGE('',*,*,#1110,.T.);
#1574=ORIENTED_EDGE('',*,*,#1098,.F.);
#1575=ORIENTED_EDGE('',*,*,#1117,.T.);
#1576=ORIENTED_EDGE('',*,*,#1118,.T.);
#1577=ORIENTED_EDGE('',*,*,#1119,.T.);
#1578=ORIENTED_EDGE('',*,*,#1102,.T.);
#1579=ORIENTED_EDGE('',*,*,#1111,.T.);
#1580=ORIENTED_EDGE('',*,*,#1116,.T.);
#1581=ORIENTED_EDGE('',*,*,#1120,.T.);
#1582=ORIENTED_EDGE('',*,*,#1105,.T.);
#1583=ORIENTED_EDGE('',*,*,#1063,.T.);
#1584=ORIENTED_EDGE('',*,*,#1113,.T.);
#1585=ORIENTED_EDGE('',*,*,#1121,.T.);
#1586=ORIENTED_EDGE('',*,*,#1106,.F.);
#1587=ORIENTED_EDGE('',*,*,#1121,.F.);
#1588=ORIENTED_EDGE('',*,*,#1112,.F.);
#1589=ORIENTED_EDGE('',*,*,#1097,.F.);
#1590=ORIENTED_EDGE('',*,*,#1087,.T.);
#1591=ORIENTED_EDGE('',*,*,#1075,.T.);
#1592=ORIENTED_EDGE('',*,*,#1092,.T.);
#1593=ORIENTED_EDGE('',*,*,#1095,.T.);
#1594=ORIENTED_EDGE('',*,*,#1094,.T.);
#1595=ORIENTED_EDGE('',*,*,#1096,.T.);
#1596=ORIENTED_EDGE('',*,*,#1079,.T.);
#1597=ORIENTED_EDGE('',*,*,#1090,.T.);
#1598=ORIENTED_EDGE('',*,*,#1122,.F.);
#1599=ORIENTED_EDGE('',*,*,#1117,.F.);
#1600=ORIENTED_EDGE('',*,*,#1123,.T.);
#1601=ORIENTED_EDGE('',*,*,#1109,.T.);
#1602=ORIENTED_EDGE('',*,*,#1122,.T.);
#1603=ORIENTED_EDGE('',*,*,#1108,.F.);
#1604=ORIENTED_EDGE('',*,*,#1124,.T.);
#1605=ORIENTED_EDGE('',*,*,#1118,.F.);
#1606=ORIENTED_EDGE('',*,*,#1124,.F.);
#1607=ORIENTED_EDGE('',*,*,#1107,.F.);
#1608=ORIENTED_EDGE('',*,*,#1123,.F.);
#1609=ORIENTED_EDGE('',*,*,#1119,.F.);
#1610=ORIENTED_EDGE('',*,*,#1120,.F.);
#1611=ORIENTED_EDGE('',*,*,#1115,.F.);
#1612=ORIENTED_EDGE('',*,*,#1125,.F.);
#1613=ORIENTED_EDGE('',*,*,#1103,.F.);
#1614=ORIENTED_EDGE('',*,*,#1034,.T.);
#1615=ORIENTED_EDGE('',*,*,#1020,.T.);
#1616=ORIENTED_EDGE('',*,*,#1029,.T.);
#1617=ORIENTED_EDGE('',*,*,#1031,.T.);
#1618=ORIENTED_EDGE('',*,*,#1023,.T.);
#1619=ORIENTED_EDGE('',*,*,#1125,.T.);
#1620=ORIENTED_EDGE('',*,*,#1114,.F.);
#1621=ORIENTED_EDGE('',*,*,#1065,.F.);
#1622=ORIENTED_EDGE('',*,*,#1104,.T.);
#1623=ORIENTED_EDGE('',*,*,#1037,.T.);
#1624=ORIENTED_EDGE('',*,*,#1126,.T.);
#1625=ORIENTED_EDGE('',*,*,#1062,.T.);
#1626=ORIENTED_EDGE('',*,*,#1126,.F.);
#1627=PLANE('',#1801);
#1628=PLANE('',#1802);
#1629=PLANE('',#1804);
#1630=PLANE('',#1811);
#1631=PLANE('',#1812);
#1632=PLANE('',#1813);
#1633=PLANE('',#1819);
#1634=PLANE('',#1820);
#1635=PLANE('',#1824);
#1636=PLANE('',#1825);
#1637=PLANE('',#1829);
#1638=PLANE('',#1830);
#1639=PLANE('',#1836);
#1640=PLANE('',#1837);
#1641=PLANE('',#1838);
#1642=PLANE('',#1841);
#1643=PLANE('',#1845);
#1644=PLANE('',#1852);
#1645=PLANE('',#1856);
#1646=PLANE('',#1861);
#1647=PLANE('',#1864);
#1648=PLANE('',#1866);
#1649=PLANE('',#1870);
#1650=PLANE('',#1873);
#1651=PLANE('',#1874);
#1652=PLANE('',#1875);
#1653=PLANE('',#1876);
#1654=PLANE('',#1877);
#1655=PLANE('',#1878);
#1656=PLANE('',#1881);
#1657=PLANE('',#1882);
#1658=PLANE('',#1883);
#1659=PLANE('',#1885);
#1660=PLANE('',#1888);
#1661=PLANE('',#1889);
#1662=PLANE('',#1890);
#1663=PLANE('',#1892);
#1664=PLANE('',#1900);
#1665=PLANE('',#1905);
#1666=PLANE('',#1910);
#1667=PLANE('',#1915);
#1668=PLANE('',#1926);
#1669=PLANE('',#1936);
#1670=PLANE('',#1937);
#1671=PLANE('',#1939);
#1672=PLANE('',#1944);
#1673=PLANE('',#1945);
#1674=PLANE('',#1949);
#1675=PLANE('',#1950);
#1676=PLANE('',#1951);
#1677=PLANE('',#1952);
#1678=PLANE('',#1953);
#1679=PLANE('',#1954);
#1680=PLANE('',#1955);
#1681=PLANE('',#1956);
#1682=PLANE('',#1959);
#1683=PLANE('',#1960);
#1684=PLANE('',#1965);
#1685=PLANE('',#1966);
#1686=PLANE('',#1967);
#1687=PLANE('',#1968);
#1688=PLANE('',#1969);
#1689=ADVANCED_FACE('',(#151),#1627,.F.);
#1690=ADVANCED_FACE('',(#152),#1628,.T.);
#1691=ADVANCED_FACE('',(#153),#1629,.F.);
#1692=ADVANCED_FACE('',(#154),#41,.F.);
#1693=ADVANCED_FACE('',(#155),#42,.F.);
#1694=ADVANCED_FACE('',(#156),#1630,.F.);
#1695=ADVANCED_FACE('',(#157),#1631,.F.);
#1696=ADVANCED_FACE('',(#158),#1632,.F.);
#1697=ADVANCED_FACE('',(#159),#43,.T.);
#1698=ADVANCED_FACE('',(#160),#1633,.T.);
#1699=ADVANCED_FACE('',(#161),#1634,.T.);
#1700=ADVANCED_FACE('',(#162),#44,.F.);
#1701=ADVANCED_FACE('',(#163),#1635,.T.);
#1702=ADVANCED_FACE('',(#164),#1636,.T.);
#1703=ADVANCED_FACE('',(#165),#45,.F.);
#1704=ADVANCED_FACE('',(#166),#1637,.T.);
#1705=ADVANCED_FACE('',(#167),#1638,.T.);
#1706=ADVANCED_FACE('',(#168),#46,.T.);
#1707=ADVANCED_FACE('',(#169),#1639,.F.);
#1708=ADVANCED_FACE('',(#170),#1640,.F.);
#1709=ADVANCED_FACE('',(#171),#1641,.F.);
#1710=ADVANCED_FACE('',(#172),#1642,.T.);
#1711=ADVANCED_FACE('',(#173),#47,.T.);
#1712=ADVANCED_FACE('',(#174),#1643,.T.);
#1713=ADVANCED_FACE('',(#175),#48,.T.);
#1714=ADVANCED_FACE('',(#176),#49,.T.);
#1715=ADVANCED_FACE('',(#177),#1644,.T.);
#1716=ADVANCED_FACE('',(#178),#50,.T.);
#1717=ADVANCED_FACE('',(#179,#17),#1645,.F.);
#1718=ADVANCED_FACE('',(#180),#1646,.T.);
#1719=ADVANCED_FACE('',(#181),#51,.T.);
#1720=ADVANCED_FACE('',(#182),#1647,.T.);
#1721=ADVANCED_FACE('',(#183),#1648,.T.);
#1722=ADVANCED_FACE('',(#184),#52,.T.);
#1723=ADVANCED_FACE('',(#185),#53,.T.);
#1724=ADVANCED_FACE('',(#186),#1649,.T.);
#1725=ADVANCED_FACE('',(#187),#54,.T.);
#1726=ADVANCED_FACE('',(#188),#1650,.T.);
#1727=ADVANCED_FACE('',(#189),#1651,.F.);
#1728=ADVANCED_FACE('',(#190),#1652,.F.);
#1729=ADVANCED_FACE('',(#191),#1653,.F.);
#1730=ADVANCED_FACE('',(#192),#1654,.F.);
#1731=ADVANCED_FACE('',(#193,#18,#19,#20,#21,#22),#1655,.T.);
#1732=ADVANCED_FACE('',(#194),#1656,.F.);
#1733=ADVANCED_FACE('',(#195),#1657,.F.);
#1734=ADVANCED_FACE('',(#196),#1658,.F.);
#1735=ADVANCED_FACE('',(#197),#1659,.F.);
#1736=ADVANCED_FACE('',(#198),#55,.F.);
#1737=ADVANCED_FACE('',(#199),#56,.F.);
#1738=ADVANCED_FACE('',(#200),#1660,.T.);
#1739=ADVANCED_FACE('',(#201),#1661,.T.);
#1740=ADVANCED_FACE('',(#202),#1662,.T.);
#1741=ADVANCED_FACE('',(#203),#1663,.T.);
#1742=ADVANCED_FACE('',(#204),#57,.F.);
#1743=ADVANCED_FACE('',(#205),#58,.F.);
#1744=ADVANCED_FACE('',(#206),#59,.F.);
#1745=ADVANCED_FACE('',(#207,#23),#1664,.T.);
#1746=ADVANCED_FACE('',(#208),#60,.F.);
#1747=ADVANCED_FACE('',(#209,#24),#1665,.T.);
#1748=ADVANCED_FACE('',(#210),#61,.F.);
#1749=ADVANCED_FACE('',(#211,#25),#1666,.T.);
#1750=ADVANCED_FACE('',(#212),#62,.F.);
#1751=ADVANCED_FACE('',(#213,#26),#1667,.T.);
#1752=ADVANCED_FACE('',(#214),#63,.F.);
#1753=ADVANCED_FACE('',(#215),#64,.F.);
#1754=ADVANCED_FACE('',(#216),#65,.F.);
#1755=ADVANCED_FACE('',(#217),#66,.F.);
#1756=ADVANCED_FACE('',(#218),#1668,.F.);
#1757=ADVANCED_FACE('',(#219),#67,.T.);
#1758=ADVANCED_FACE('',(#220),#68,.F.);
#1759=ADVANCED_FACE('',(#221),#69,.T.);
#1760=ADVANCED_FACE('',(#222),#1669,.F.);
#1761=ADVANCED_FACE('',(#223,#27,#28,#29,#30),#1670,.T.);
#1762=ADVANCED_FACE('',(#224,#31),#1671,.F.);
#1763=ADVANCED_FACE('',(#225),#70,.T.);
#1764=ADVANCED_FACE('',(#226),#1672,.T.);
#1765=ADVANCED_FACE('',(#227),#1673,.T.);
#1766=ADVANCED_FACE('',(#228),#71,.T.);
#1767=ADVANCED_FACE('',(#229),#1674,.T.);
#1768=ADVANCED_FACE('',(#230),#1675,.T.);
#1769=ADVANCED_FACE('',(#231),#1676,.T.);
#1770=ADVANCED_FACE('',(#232),#1677,.T.);
#1771=ADVANCED_FACE('',(#233),#1678,.T.);
#1772=ADVANCED_FACE('',(#234),#1679,.T.);
#1773=ADVANCED_FACE('',(#235),#1680,.T.);
#1774=ADVANCED_FACE('',(#236,#32),#1681,.T.);
#1775=ADVANCED_FACE('',(#237),#1682,.T.);
#1776=ADVANCED_FACE('',(#238,#33),#1683,.T.);
#1777=ADVANCED_FACE('',(#239),#72,.F.);
#1778=ADVANCED_FACE('',(#240),#73,.T.);
#1779=ADVANCED_FACE('',(#241,#34,#35),#1684,.F.);
#1780=ADVANCED_FACE('',(#242),#1685,.T.);
#1781=ADVANCED_FACE('',(#243),#1686,.F.);
#1782=ADVANCED_FACE('',(#244),#1687,.F.);
#1783=ADVANCED_FACE('',(#245,#36,#37,#38),#1688,.T.);
#1784=ADVANCED_FACE('',(#246),#74,.T.);
#1785=ADVANCED_FACE('',(#247),#75,.F.);
#1786=CLOSED_SHELL('',(#1689,#1690,#1691,#1692,#1693,#1694,#1695,#1696,
#1697,#1698,#1699,#1700,#1701,#1702,#1703,#1704,#1705,#1706,#1707,#1708,
#1709,#1710,#1711,#1712,#1713,#1714,#1715,#1716,#1717,#1718,#1719,#1720,
#1721,#1722,#1723,#1724,#1725,#1726,#1727,#1728,#1729,#1730,#1731,#1732,
#1733,#1734,#1735,#1736,#1737,#1738,#1739,#1740,#1741,#1742));
#1787=CLOSED_SHELL('',(#1743,#1744,#1745,#1746,#1747,#1748,#1749,#1750,
#1751,#1752,#1753,#1754,#1755,#1756,#1757,#1758,#1759,#1760,#1761,#1762,
#1763,#1764,#1765,#1766,#1767,#1768,#1769,#1770,#1771,#1772,#1773,#1774,
#1775,#1776,#1777,#1778,#1779,#1780,#1781,#1782,#1783,#1784,#1785));
#1788=DERIVED_UNIT_ELEMENT(#1790,1.);
#1789=DERIVED_UNIT_ELEMENT(#3015,-3.);
#1790=(
MASS_UNIT()
NAMED_UNIT(*)
SI_UNIT(.KILO.,.GRAM.)
);
#1791=DERIVED_UNIT((#1788,#1789));
#1792=MEASURE_REPRESENTATION_ITEM('density measure',
POSITIVE_RATIO_MEASURE(952.),#1791);
#1793=PROPERTY_DEFINITION_REPRESENTATION(#1798,#1795);
#1794=PROPERTY_DEFINITION_REPRESENTATION(#1799,#1796);
#1795=REPRESENTATION('material name',(#1797),#3012);
#1796=REPRESENTATION('density',(#1792),#3012);
#1797=DESCRIPTIVE_REPRESENTATION_ITEM('Plastic, Opaque White',
'Plastic, Opaque White');
#1798=PROPERTY_DEFINITION('material property','material name',#3022);
#1799=PROPERTY_DEFINITION('material property','density of part',#3022);
#1800=AXIS2_PLACEMENT_3D('',#2492,#1973,#1974);
#1801=AXIS2_PLACEMENT_3D('',#2493,#1975,#1976);
#1802=AXIS2_PLACEMENT_3D('',#2502,#1981,#1982);
#1803=AXIS2_PLACEMENT_3D('',#2514,#1988,#1989);
#1804=AXIS2_PLACEMENT_3D('',#2516,#1991,#1992);
#1805=AXIS2_PLACEMENT_3D('',#2520,#1995,#1996);
#1806=AXIS2_PLACEMENT_3D('',#2522,#1997,#1998);
#1807=AXIS2_PLACEMENT_3D('',#2525,#2000,#2001);
#1808=AXIS2_PLACEMENT_3D('',#2526,#2002,#2003);
#1809=AXIS2_PLACEMENT_3D('',#2528,#2004,#2005);
#1810=AXIS2_PLACEMENT_3D('',#2531,#2007,#2008);
#1811=AXIS2_PLACEMENT_3D('',#2532,#2009,#2010);
#1812=AXIS2_PLACEMENT_3D('',#2541,#2015,#2016);
#1813=AXIS2_PLACEMENT_3D('',#2551,#2022,#2023);
#1814=AXIS2_PLACEMENT_3D('',#2557,#2027,#2028);
#1815=AXIS2_PLACEMENT_3D('',#2560,#2029,#2030);
#1816=AXIS2_PLACEMENT_3D('',#2564,#2032,#2033);
#1817=AXIS2_PLACEMENT_3D('',#2568,#2035,#2036);
#1818=AXIS2_PLACEMENT_3D('',#2572,#2038,#2039);
#1819=AXIS2_PLACEMENT_3D('',#2574,#2041,#2042);
#1820=AXIS2_PLACEMENT_3D('',#2583,#2047,#2048);
#1821=AXIS2_PLACEMENT_3D('',#2589,#2052,#2053);
#1822=AXIS2_PLACEMENT_3D('',#2591,#2054,#2055);
#1823=AXIS2_PLACEMENT_3D('',#2594,#2057,#2058);
#1824=AXIS2_PLACEMENT_3D('',#2595,#2059,#2060);
#1825=AXIS2_PLACEMENT_3D('',#2596,#2061,#2062);
#1826=AXIS2_PLACEMENT_3D('',#2597,#2063,#2064);
#1827=AXIS2_PLACEMENT_3D('',#2599,#2065,#2066);
#1828=AXIS2_PLACEMENT_3D('',#2602,#2068,#2069);
#1829=AXIS2_PLACEMENT_3D('',#2603,#2070,#2071);
#1830=AXIS2_PLACEMENT_3D('',#2604,#2072,#2073);
#1831=AXIS2_PLACEMENT_3D('',#2605,#2074,#2075);
#1832=AXIS2_PLACEMENT_3D('',#2607,#2076,#2077);
#1833=AXIS2_PLACEMENT_3D('',#2609,#2078,#2079);
#1834=AXIS2_PLACEMENT_3D('',#2612,#2081,#2082);
#1835=AXIS2_PLACEMENT_3D('',#2614,#2083,#2084);
#1836=AXIS2_PLACEMENT_3D('',#2616,#2086,#2087);
#1837=AXIS2_PLACEMENT_3D('',#2625,#2092,#2093);
#1838=AXIS2_PLACEMENT_3D('',#2628,#2096,#2097);
#1839=AXIS2_PLACEMENT_3D('',#2632,#2099,#2100);
#1840=AXIS2_PLACEMENT_3D('',#2633,#2101,#2102);
#1841=AXIS2_PLACEMENT_3D('',#2635,#2104,#2105);
#1842=AXIS2_PLACEMENT_3D('',#2643,#2110,#2111);
#1843=AXIS2_PLACEMENT_3D('',#2646,#2112,#2113);
#1844=AXIS2_PLACEMENT_3D('',#2649,#2115,#2116);
#1845=AXIS2_PLACEMENT_3D('',#2654,#2117,#2118);
#1846=AXIS2_PLACEMENT_3D('',#2660,#2122,#2123);
#1847=AXIS2_PLACEMENT_3D('',#2662,#2124,#2125);
#1848=AXIS2_PLACEMENT_3D('',#2665,#2127,#2128);
#1849=AXIS2_PLACEMENT_3D('',#2666,#2129,#2130);
#1850=AXIS2_PLACEMENT_3D('',#2669,#2131,#2132);
#1851=AXIS2_PLACEMENT_3D('',#2673,#2134,#2135);
#1852=AXIS2_PLACEMENT_3D('',#2675,#2137,#2138);
#1853=AXIS2_PLACEMENT_3D('',#2681,#2142,#2143);
#1854=AXIS2_PLACEMENT_3D('',#2682,#2144,#2145);
#1855=AXIS2_PLACEMENT_3D('',#2683,#2146,#2147);
#1856=AXIS2_PLACEMENT_3D('',#2684,#2148,#2149);
#1857=AXIS2_PLACEMENT_3D('',#2687,#2150,#2151);
#1858=AXIS2_PLACEMENT_3D('',#2692,#2154,#2155);
#1859=AXIS2_PLACEMENT_3D('',#2695,#2157,#2158);
#1860=AXIS2_PLACEMENT_3D('',#2698,#2160,#2161);
#1861=AXIS2_PLACEMENT_3D('',#2700,#2163,#2164);
#1862=AXIS2_PLACEMENT_3D('',#2704,#2167,#2168);
#1863=AXIS2_PLACEMENT_3D('',#2705,#2169,#2170);
#1864=AXIS2_PLACEMENT_3D('',#2706,#2171,#2172);
#1865=AXIS2_PLACEMENT_3D('',#2708,#2173,#2174);
#1866=AXIS2_PLACEMENT_3D('',#2710,#2176,#2177);
#1867=AXIS2_PLACEMENT_3D('',#2712,#2179,#2180);
#1868=AXIS2_PLACEMENT_3D('',#2713,#2181,#2182);
#1869=AXIS2_PLACEMENT_3D('',#2716,#2183,#2184);
#1870=AXIS2_PLACEMENT_3D('',#2724,#2187,#2188);
#1871=AXIS2_PLACEMENT_3D('',#2728,#2191,#2192);
#1872=AXIS2_PLACEMENT_3D('',#2730,#2193,#2194);
#1873=AXIS2_PLACEMENT_3D('',#2732,#2196,#2197);
#1874=AXIS2_PLACEMENT_3D('',#2734,#2199,#2200);
#1875=AXIS2_PLACEMENT_3D('',#2743,#2205,#2206);
#1876=AXIS2_PLACEMENT_3D('',#2749,#2210,#2211);
#1877=AXIS2_PLACEMENT_3D('',#2755,#2215,#2216);
#1878=AXIS2_PLACEMENT_3D('',#2758,#2219,#2220);
#1879=AXIS2_PLACEMENT_3D('',#2761,#2222,#2223);
#1880=AXIS2_PLACEMENT_3D('',#2762,#2224,#2225);
#1881=AXIS2_PLACEMENT_3D('',#2763,#2226,#2227);
#1882=AXIS2_PLACEMENT_3D('',#2767,#2230,#2231);
#1883=AXIS2_PLACEMENT_3D('',#2769,#2233,#2234);
#1884=AXIS2_PLACEMENT_3D('',#2772,#2236,#2237);
#1885=AXIS2_PLACEMENT_3D('',#2773,#2238,#2239);
#1886=AXIS2_PLACEMENT_3D('',#2775,#2241,#2242);
#1887=AXIS2_PLACEMENT_3D('',#2777,#2244,#2245);
#1888=AXIS2_PLACEMENT_3D('',#2778,#2246,#2247);
#1889=AXIS2_PLACEMENT_3D('',#2780,#2249,#2250);
#1890=AXIS2_PLACEMENT_3D('',#2782,#2252,#2253);
#1891=AXIS2_PLACEMENT_3D('',#2785,#2255,#2256);
#1892=AXIS2_PLACEMENT_3D('',#2786,#2257,#2258);
#1893=AXIS2_PLACEMENT_3D('',#2788,#2260,#2261);
#1894=AXIS2_PLACEMENT_3D('',#2789,#2262,#2263);
#1895=AXIS2_PLACEMENT_3D('',#2794,#2265,#2266);
#1896=AXIS2_PLACEMENT_3D('',#2797,#2268,#2269);
#1897=AXIS2_PLACEMENT_3D('',#2798,#2270,#2271);
#1898=AXIS2_PLACEMENT_3D('',#2800,#2272,#2273);
#1899=AXIS2_PLACEMENT_3D('',#2803,#2275,#2276);
#1900=AXIS2_PLACEMENT_3D('',#2804,#2277,#2278);
#1901=AXIS2_PLACEMENT_3D('',#2806,#2279,#2280);
#1902=AXIS2_PLACEMENT_3D('',#2807,#2281,#2282);
#1903=AXIS2_PLACEMENT_3D('',#2808,#2283,#2284);
#1904=AXIS2_PLACEMENT_3D('',#2810,#2286,#2287);
#1905=AXIS2_PLACEMENT_3D('',#2811,#2288,#2289);
#1906=AXIS2_PLACEMENT_3D('',#2813,#2290,#2291);
#1907=AXIS2_PLACEMENT_3D('',#2814,#2292,#2293);
#1908=AXIS2_PLACEMENT_3D('',#2815,#2294,#2295);
#1909=AXIS2_PLACEMENT_3D('',#2816,#2296,#2297);
#1910=AXIS2_PLACEMENT_3D('',#2817,#2298,#2299);
#1911=AXIS2_PLACEMENT_3D('',#2819,#2300,#2301);
#1912=AXIS2_PLACEMENT_3D('',#2820,#2302,#2303);
#1913=AXIS2_PLACEMENT_3D('',#2822,#2304,#2305);
#1914=AXIS2_PLACEMENT_3D('',#2825,#2307,#2308);
#1915=AXIS2_PLACEMENT_3D('',#2826,#2309,#2310);
#1916=AXIS2_PLACEMENT_3D('',#2828,#2311,#2312);
#1917=AXIS2_PLACEMENT_3D('',#2829,#2313,#2314);
#1918=AXIS2_PLACEMENT_3D('',#2831,#2315,#2316);
#1919=AXIS2_PLACEMENT_3D('',#2833,#2318,#2319);
#1920=AXIS2_PLACEMENT_3D('',#2835,#2320,#2321);
#1921=AXIS2_PLACEMENT_3D('',#2837,#2323,#2324);
#1922=AXIS2_PLACEMENT_3D('',#2839,#2325,#2326);
#1923=AXIS2_PLACEMENT_3D('',#2841,#2328,#2329);
#1924=AXIS2_PLACEMENT_3D('',#2844,#2330,#2331);
#1925=AXIS2_PLACEMENT_3D('',#2848,#2333,#2334);
#1926=AXIS2_PLACEMENT_3D('',#2850,#2336,#2337);
#1927=AXIS2_PLACEMENT_3D('',#2856,#2341,#2342);
#1928=AXIS2_PLACEMENT_3D('',#2858,#2343,#2344);
#1929=AXIS2_PLACEMENT_3D('',#2861,#2346,#2347);
#1930=AXIS2_PLACEMENT_3D('',#2862,#2348,#2349);
#1931=AXIS2_PLACEMENT_3D('',#2864,#2350,#2351);
#1932=AXIS2_PLACEMENT_3D('',#2867,#2353,#2354);
#1933=AXIS2_PLACEMENT_3D('',#2868,#2355,#2356);
#1934=AXIS2_PLACEMENT_3D('',#2870,#2357,#2358);
#1935=AXIS2_PLACEMENT_3D('',#2873,#2360,#2361);
#1936=AXIS2_PLACEMENT_3D('',#2874,#2362,#2363);
#1937=AXIS2_PLACEMENT_3D('',#2877,#2366,#2367);
#1938=AXIS2_PLACEMENT_3D('',#2879,#2368,#2369);
#1939=AXIS2_PLACEMENT_3D('',#2880,#2370,#2371);
#1940=AXIS2_PLACEMENT_3D('',#2887,#2374,#2375);
#1941=AXIS2_PLACEMENT_3D('',#2889,#2377,#2378);
#1942=AXIS2_PLACEMENT_3D('',#2892,#2379,#2380);
#1943=AXIS2_PLACEMENT_3D('',#2896,#2382,#2383);
#1944=AXIS2_PLACEMENT_3D('',#2898,#2385,#2386);
#1945=AXIS2_PLACEMENT_3D('',#2904,#2390,#2391);
#1946=AXIS2_PLACEMENT_3D('',#2919,#2399,#2400);
#1947=AXIS2_PLACEMENT_3D('',#2920,#2401,#2402);
#1948=AXIS2_PLACEMENT_3D('',#2922,#2403,#2404);
#1949=AXIS2_PLACEMENT_3D('',#2924,#2406,#2407);
#1950=AXIS2_PLACEMENT_3D('',#2930,#2411,#2412);
#1951=AXIS2_PLACEMENT_3D('',#2934,#2415,#2416);
#1952=AXIS2_PLACEMENT_3D('',#2938,#2419,#2420);
#1953=AXIS2_PLACEMENT_3D('',#2942,#2423,#2424);
#1954=AXIS2_PLACEMENT_3D('',#2947,#2428,#2429);
#1955=AXIS2_PLACEMENT_3D('',#2949,#2431,#2432);
#1956=AXIS2_PLACEMENT_3D('',#2958,#2437,#2438);
#1957=AXIS2_PLACEMENT_3D('',#2962,#2440,#2441);
#1958=AXIS2_PLACEMENT_3D('',#2967,#2444,#2445);
#1959=AXIS2_PLACEMENT_3D('',#2975,#2450,#2451);
#1960=AXIS2_PLACEMENT_3D('',#2979,#2454,#2455);
#1961=AXIS2_PLACEMENT_3D('',#2982,#2457,#2458);
#1962=AXIS2_PLACEMENT_3D('',#2987,#2461,#2462);
#1963=AXIS2_PLACEMENT_3D('',#2994,#2466,#2467);
#1964=AXIS2_PLACEMENT_3D('',#2996,#2469,#2470);
#1965=AXIS2_PLACEMENT_3D('',#2998,#2472,#2473);
#1966=AXIS2_PLACEMENT_3D('',#2999,#2474,#2475);
#1967=AXIS2_PLACEMENT_3D('',#3002,#2478,#2479);
#1968=AXIS2_PLACEMENT_3D('',#3004,#2481,#2482);
#1969=AXIS2_PLACEMENT_3D('',#3005,#2483,#2484);
#1970=AXIS2_PLACEMENT_3D('',#3006,#2485,#2486);
#1971=AXIS2_PLACEMENT_3D('',#3007,#2487,#2488);
#1972=AXIS2_PLACEMENT_3D('',#3008,#2489,#2490);
#1973=DIRECTION('axis',(0.,0.,1.));
#1974=DIRECTION('refdir',(1.,0.,0.));
#1975=DIRECTION('center_axis',(0.531398579518084,0.,0.847121921382137));
#1976=DIRECTION('ref_axis',(0.847121921382137,0.,-0.531398579518084));
#1977=DIRECTION('',(0.,1.,0.));
#1978=DIRECTION('',(0.847121921382137,0.,-0.531398579518084));
#1979=DIRECTION('',(0.,-1.,0.));
#1980=DIRECTION('',(-0.847121921382137,0.,0.531398579518084));
#1981=DIRECTION('center_axis',(0.,-1.,0.));
#1982=DIRECTION('ref_axis',(1.,0.,0.));
#1983=DIRECTION('',(0.531398579518082,0.,0.847121921382138));
#1984=DIRECTION('',(0.427692684557309,0.,0.903924204552662));
#1985=DIRECTION('',(0.999176449429285,0.,0.0405761371484292));
#1986=DIRECTION('',(-1.,0.,0.));
#1987=DIRECTION('',(-1.,0.,0.));
#1988=DIRECTION('center_axis',(0.,-1.,0.));
#1989=DIRECTION('ref_axis',(0.961020790977527,0.,-0.276476109833977));
#1990=DIRECTION('',(-0.531398579518075,0.,-0.847121921382142));
#1991=DIRECTION('center_axis',(-0.847121921382138,0.,0.531398579518082));
#1992=DIRECTION('ref_axis',(0.531398579518082,0.,0.847121921382138));
#1993=DIRECTION('',(-0.531398579518082,0.,-0.847121921382138));
#1994=DIRECTION('',(0.,1.,0.));
#1995=DIRECTION('center_axis',(1.,0.,0.));
#1996=DIRECTION('ref_axis',(0.,-1.,0.));
#1997=DIRECTION('center_axis',(1.,0.,0.));
#1998=DIRECTION('ref_axis',(0.,-1.,0.));
#1999=DIRECTION('',(-1.,0.,0.));
#2000=DIRECTION('center_axis',(-1.,0.,0.));
#2001=DIRECTION('ref_axis',(0.,-1.,0.));
#2002=DIRECTION('center_axis',(1.,0.,0.));
#2003=DIRECTION('ref_axis',(0.,-1.,0.));
#2004=DIRECTION('center_axis',(1.,0.,0.));
#2005=DIRECTION('ref_axis',(0.,-1.,0.));
#2006=DIRECTION('',(-1.,0.,0.));
#2007=DIRECTION('center_axis',(-1.,0.,0.));
#2008=DIRECTION('ref_axis',(0.,-1.,0.));
#2009=DIRECTION('center_axis',(0.,0.,1.));
#2010=DIRECTION('ref_axis',(1.,0.,0.));
#2011=DIRECTION('',(0.,1.,0.));
#2012=DIRECTION('',(-1.,0.,0.));
#2013=DIRECTION('',(0.,1.,0.));
#2014=DIRECTION('',(1.,0.,0.));
#2015=DIRECTION('center_axis',(0.,-1.,0.));
#2016=DIRECTION('ref_axis',(0.,0.,-1.));
#2017=DIRECTION('',(0.,0.,-1.));
#2018=DIRECTION('',(-1.,0.,0.));
#2019=DIRECTION('',(0.,0.,1.));
#2020=DIRECTION('',(0.,1.53955772957007E-15,1.));
#2021=DIRECTION('',(-1.,0.,0.));
#2022=DIRECTION('center_axis',(0.,0.,-1.));
#2023=DIRECTION('ref_axis',(0.,-1.,0.));
#2024=DIRECTION('',(0.,-1.,0.));
#2025=DIRECTION('',(-1.,0.,0.));
#2026=DIRECTION('',(0.,-1.,0.));
#2027=DIRECTION('center_axis',(1.,0.,0.));
#2028=DIRECTION('ref_axis',(0.,-0.616685311346852,0.787209773039586));
#2029=DIRECTION('center_axis',(-1.,0.,0.));
#2030=DIRECTION('ref_axis',(0.,-0.616685311346852,0.787209773039586));
#2031=DIRECTION('',(1.,0.,0.));
#2032=DIRECTION('center_axis',(1.,0.,0.));
#2033=DIRECTION('ref_axis',(0.,-0.616685311346852,0.787209773039586));
#2034=DIRECTION('',(1.,0.,0.));
#2035=DIRECTION('center_axis',(1.,0.,0.));
#2036=DIRECTION('ref_axis',(0.,-0.616685311346852,0.787209773039586));
#2037=DIRECTION('',(1.,0.,0.));
#2038=DIRECTION('center_axis',(-1.,0.,0.));
#2039=DIRECTION('ref_axis',(0.,-0.616685311346852,0.787209773039586));
#2040=DIRECTION('',(1.,0.,0.));
#2041=DIRECTION('center_axis',(0.,0.,-1.));
#2042=DIRECTION('ref_axis',(0.,1.,0.));
#2043=DIRECTION('',(1.,0.,0.));
#2044=DIRECTION('',(0.,-1.,0.));
#2045=DIRECTION('',(-1.,0.,0.));
#2046=DIRECTION('',(0.,1.,0.));
#2047=DIRECTION('center_axis',(0.,-1.,1.88274673878281E-15));
#2048=DIRECTION('ref_axis',(0.,-1.88274673878281E-15,-1.));
#2049=DIRECTION('',(1.,0.,0.));
#2050=DIRECTION('',(0.,1.88274673878281E-15,1.));
#2051=DIRECTION('',(0.,-1.88274673878281E-15,-1.));
#2052=DIRECTION('center_axis',(1.,0.,0.));
#2053=DIRECTION('ref_axis',(0.,-1.,0.));
#2054=DIRECTION('center_axis',(1.,0.,0.));
#2055=DIRECTION('ref_axis',(0.,-1.,0.));
#2056=DIRECTION('',(-1.,0.,0.));
#2057=DIRECTION('center_axis',(-1.,0.,0.));
#2058=DIRECTION('ref_axis',(0.,-1.,0.));
#2059=DIRECTION('center_axis',(-1.,0.,0.));
#2060=DIRECTION('ref_axis',(0.,-1.,0.));
#2061=DIRECTION('center_axis',(-1.,0.,0.));
#2062=DIRECTION('ref_axis',(0.,-1.,0.));
#2063=DIRECTION('center_axis',(1.,0.,0.));
#2064=DIRECTION('ref_axis',(0.,-1.,0.));
#2065=DIRECTION('center_axis',(1.,0.,0.));
#2066=DIRECTION('ref_axis',(0.,-1.,0.));
#2067=DIRECTION('',(-1.,0.,0.));
#2068=DIRECTION('center_axis',(-1.,0.,0.));
#2069=DIRECTION('ref_axis',(0.,-1.,0.));
#2070=DIRECTION('center_axis',(-1.,0.,0.));
#2071=DIRECTION('ref_axis',(0.,-1.,0.));
#2072=DIRECTION('center_axis',(-1.,0.,0.));
#2073=DIRECTION('ref_axis',(0.,-1.,0.));
#2074=DIRECTION('center_axis',(1.,0.,0.));
#2075=DIRECTION('ref_axis',(0.,-0.999112849069706,-0.0421131193788092));
#2076=DIRECTION('center_axis',(-1.,0.,0.));
#2077=DIRECTION('ref_axis',(0.,-0.999112849069706,-0.0421131193788092));
#2078=DIRECTION('center_axis',(-1.,0.,0.));
#2079=DIRECTION('ref_axis',(0.,-0.999112849069706,-0.0421131193788092));
#2080=DIRECTION('',(1.,0.,0.));
#2081=DIRECTION('center_axis',(1.,0.,0.));
#2082=DIRECTION('ref_axis',(0.,-0.999112849069707,-0.0421131193788059));
#2083=DIRECTION('center_axis',(1.,0.,0.));
#2084=DIRECTION('ref_axis',(0.,-0.999112849069706,-0.0421131193788092));
#2085=DIRECTION('',(-1.,0.,0.));
#2086=DIRECTION('center_axis',(0.,1.,-1.77635683940025E-15));
#2087=DIRECTION('ref_axis',(0.,1.77635683940025E-15,1.));
#2088=DIRECTION('',(0.,0.,1.));
#2089=DIRECTION('',(1.,0.,0.));
#2090=DIRECTION('',(0.,0.,-1.));
#2091=DIRECTION('',(-1.,0.,0.));
#2092=DIRECTION('center_axis',(1.,0.,0.));
#2093=DIRECTION('ref_axis',(0.,-1.88274673878281E-15,-1.));
#2094=DIRECTION('',(0.,1.,-1.77635683940025E-15));
#2095=DIRECTION('',(0.,-1.,1.77635683940025E-15));
#2096=DIRECTION('center_axis',(-1.,0.,0.));
#2097=DIRECTION('ref_axis',(0.,1.88274673878281E-15,1.));
#2098=DIRECTION('',(0.,1.,0.));
#2099=DIRECTION('center_axis',(1.,0.,0.));
#2100=DIRECTION('ref_axis',(0.,-0.56410246044486,-0.825704798411669));
#2101=DIRECTION('center_axis',(1.,0.,0.));
#2102=DIRECTION('ref_axis',(0.,-0.998671931268089,-0.0515206142943416));
#2103=DIRECTION('',(0.,-1.,1.77635683940025E-15));
#2104=DIRECTION('center_axis',(0.,0.,-1.));
#2105=DIRECTION('ref_axis',(0.,1.,0.));
#2106=DIRECTION('',(-1.,0.,0.));
#2107=DIRECTION('',(0.,-1.,0.));
#2108=DIRECTION('',(-1.,0.,0.));
#2109=DIRECTION('',(0.,-1.,0.));
#2110=DIRECTION('center_axis',(-1.,0.,0.));
#2111=DIRECTION('ref_axis',(0.,0.707106781186547,-0.707106781186547));
#2112=DIRECTION('center_axis',(1.,0.,0.));
#2113=DIRECTION('ref_axis',(0.,0.707106781186547,-0.707106781186547));
#2114=DIRECTION('',(1.,0.,0.));
#2115=DIRECTION('center_axis',(-1.,0.,0.));
#2116=DIRECTION('ref_axis',(0.,0.707106781186547,-0.707106781186547));
#2117=DIRECTION('center_axis',(0.,1.,0.));
#2118=DIRECTION('ref_axis',(0.,0.,1.));
#2119=DIRECTION('',(0.,0.,1.));
#2120=DIRECTION('',(-1.,0.,0.));
#2121=DIRECTION('',(0.,0.,-1.));
#2122=DIRECTION('center_axis',(-1.,0.,0.));
#2123=DIRECTION('ref_axis',(0.,0.707106781186547,0.707106781186547));
#2124=DIRECTION('center_axis',(1.,0.,0.));
#2125=DIRECTION('ref_axis',(0.,0.707106781186547,0.707106781186547));
#2126=DIRECTION('',(1.,0.,0.));
#2127=DIRECTION('center_axis',(-1.,0.,0.));
#2128=DIRECTION('ref_axis',(0.,0.707106781186547,0.707106781186547));
#2129=DIRECTION('center_axis',(1.,0.,0.));
#2130=DIRECTION('ref_axis',(0.,0.707106781186547,0.707106781186547));
#2131=DIRECTION('center_axis',(-1.,0.,0.));
#2132=DIRECTION('ref_axis',(0.,0.707106781186547,0.707106781186547));
#2133=DIRECTION('',(-1.,0.,0.));
#2134=DIRECTION('center_axis',(-1.,0.,0.));
#2135=DIRECTION('ref_axis',(0.,0.707106781186547,0.707106781186547));
#2136=DIRECTION('',(1.,0.,0.));
#2137=DIRECTION('center_axis',(0.,1.,-1.64477485129653E-16));
#2138=DIRECTION('ref_axis',(0.,1.64477485129653E-16,1.));
#2139=DIRECTION('',(1.,0.,0.));
#2140=DIRECTION('',(0.,-1.64477485129653E-16,-1.));
#2141=DIRECTION('',(0.,3.28954970259306E-16,1.));
#2142=DIRECTION('center_axis',(1.,0.,0.));
#2143=DIRECTION('ref_axis',(0.,0.707106781186548,-0.707106781186547));
#2144=DIRECTION('center_axis',(-1.,0.,0.));
#2145=DIRECTION('ref_axis',(0.,0.707106781186548,-0.707106781186547));
#2146=DIRECTION('center_axis',(-1.,0.,0.));
#2147=DIRECTION('ref_axis',(0.,0.707106781186548,-0.707106781186547));
#2148=DIRECTION('center_axis',(-1.,0.,0.));
#2149=DIRECTION('ref_axis',(0.,-1.,0.));
#2150=DIRECTION('center_axis',(-1.,0.,0.));
#2151=DIRECTION('ref_axis',(0.,-0.707106781186547,-0.707106781186547));
#2152=DIRECTION('',(0.,-1.,0.));
#2153=DIRECTION('',(0.,1.,0.));
#2154=DIRECTION('center_axis',(-1.,0.,0.));
#2155=DIRECTION('ref_axis',(0.,-0.707106781186547,0.707106781186547));
#2156=DIRECTION('',(0.,0.,1.));
#2157=DIRECTION('center_axis',(-1.,0.,0.));
#2158=DIRECTION('ref_axis',(0.,-0.707106781186547,-0.707106781186547));
#2159=DIRECTION('',(0.,0.,1.));
#2160=DIRECTION('center_axis',(-1.,0.,0.));
#2161=DIRECTION('ref_axis',(0.,-0.707106781186545,0.70710678118655));
#2162=DIRECTION('',(0.,1.,0.));
#2163=DIRECTION('center_axis',(0.,-1.,0.));
#2164=DIRECTION('ref_axis',(0.,0.,-1.));
#2165=DIRECTION('',(-1.,0.,0.));
#2166=DIRECTION('',(0.,0.,-1.));
#2167=DIRECTION('center_axis',(1.,0.,0.));
#2168=DIRECTION('ref_axis',(0.,-0.707106781186547,-0.707106781186547));
#2169=DIRECTION('center_axis',(-1.,0.,0.));
#2170=DIRECTION('ref_axis',(0.,-0.707106781186547,-0.707106781186547));
#2171=DIRECTION('center_axis',(1.,0.,0.));
#2172=DIRECTION('ref_axis',(0.,1.,0.));
#2173=DIRECTION('center_axis',(-1.,0.,0.));
#2174=DIRECTION('ref_axis',(0.,-0.707106781186545,0.70710678118655));
#2175=DIRECTION('',(0.,-1.,0.));
#2176=DIRECTION('center_axis',(0.,0.,1.));
#2177=DIRECTION('ref_axis',(0.,-1.,0.));
#2178=DIRECTION('',(-1.,0.,0.));
#2179=DIRECTION('center_axis',(1.,0.,0.));
#2180=DIRECTION('ref_axis',(0.,-0.707106781186545,0.70710678118655));
#2181=DIRECTION('center_axis',(-1.,0.,0.));
#2182=DIRECTION('ref_axis',(0.,-0.707106781186547,-0.707106781186547));
#2183=DIRECTION('center_axis',(1.,0.,0.));
#2184=DIRECTION('ref_axis',(0.,-0.707106781186547,-0.707106781186547));
#2185=DIRECTION('',(1.,0.,0.));
#2186=DIRECTION('',(-1.,0.,0.));
#2187=DIRECTION('center_axis',(0.,-1.,0.));
#2188=DIRECTION('ref_axis',(0.,0.,-1.));
#2189=DIRECTION('',(0.,0.,-1.));
#2190=DIRECTION('',(1.,0.,0.));
#2191=DIRECTION('center_axis',(-1.,0.,0.));
#2192=DIRECTION('ref_axis',(0.,-0.707106781186547,0.707106781186547));
#2193=DIRECTION('center_axis',(1.,0.,0.));
#2194=DIRECTION('ref_axis',(0.,-0.707106781186547,0.707106781186547));
#2195=DIRECTION('',(-1.,0.,0.));
#2196=DIRECTION('center_axis',(0.,0.,1.));
#2197=DIRECTION('ref_axis',(0.,-1.,0.));
#2198=DIRECTION('',(0.,-1.,0.));
#2199=DIRECTION('center_axis',(0.,0.,-1.));
#2200=DIRECTION('ref_axis',(0.,1.,0.));
#2201=DIRECTION('',(0.,-1.,0.));
#2202=DIRECTION('',(1.,0.,0.));
#2203=DIRECTION('',(0.,-1.,0.));
#2204=DIRECTION('',(1.,0.,0.));
#2205=DIRECTION('center_axis',(0.,-1.,0.));
#2206=DIRECTION('ref_axis',(0.,0.,-1.));
#2207=DIRECTION('',(0.,0.,1.));
#2208=DIRECTION('',(0.,0.,1.));
#2209=DIRECTION('',(-1.,0.,0.));
#2210=DIRECTION('center_axis',(0.,0.,-1.));
#2211=DIRECTION('ref_axis',(-1.,0.,0.));
#2212=DIRECTION('',(0.,-1.,0.));
#2213=DIRECTION('',(0.,-1.,0.));
#2214=DIRECTION('',(1.,0.,0.));
#2215=DIRECTION('center_axis',(0.,1.,0.));
#2216=DIRECTION('ref_axis',(0.,0.,1.));
#2217=DIRECTION('',(0.,0.,-1.));
#2218=DIRECTION('',(0.,0.,-1.));
#2219=DIRECTION('center_axis',(-1.,0.,0.));
#2220=DIRECTION('ref_axis',(0.,-1.,0.));
#2221=DIRECTION('',(0.,1.,0.));
#2222=DIRECTION('center_axis',(-1.,0.,0.));
#2223=DIRECTION('ref_axis',(0.,-0.998671931268089,-0.0515206142943416));
#2224=DIRECTION('center_axis',(-1.,0.,0.));
#2225=DIRECTION('ref_axis',(0.,-0.56410246044486,-0.825704798411669));
#2226=DIRECTION('center_axis',(-0.0405761371484292,0.,0.999176449429285));
#2227=DIRECTION('ref_axis',(0.,1.,0.));
#2228=DIRECTION('',(0.,1.,0.));
#2229=DIRECTION('',(-0.999176449429285,0.,-0.0405761371484292));
#2230=DIRECTION('center_axis',(0.,0.,1.));
#2231=DIRECTION('ref_axis',(1.,0.,0.));
#2232=DIRECTION('',(0.,-1.,0.));
#2233=DIRECTION('center_axis',(1.,0.,0.));
#2234=DIRECTION('ref_axis',(0.,1.,0.));
#2235=DIRECTION('',(0.,1.,0.));
#2236=DIRECTION('center_axis',(-1.,0.,0.));
#2237=DIRECTION('ref_axis',(0.,-0.99918003871985,-0.0404876552025455));
#2238=DIRECTION('center_axis',(0.,0.,-1.));
#2239=DIRECTION('ref_axis',(-1.,0.,0.));
#2240=DIRECTION('',(1.,0.,0.));
#2241=DIRECTION('center_axis',(1.,0.,0.));
#2242=DIRECTION('ref_axis',(0.,-0.56410246044486,-0.825704798411669));
#2243=DIRECTION('',(-1.,0.,0.));
#2244=DIRECTION('center_axis',(1.,0.,0.));
#2245=DIRECTION('ref_axis',(0.,-0.998671931268089,-0.0515206142943416));
#2246=DIRECTION('center_axis',(0.,0.,-1.));
#2247=DIRECTION('ref_axis',(0.,1.,0.));
#2248=DIRECTION('',(0.,-1.,0.));
#2249=DIRECTION('center_axis',(0.903924204552662,0.,-0.427692684557309));
#2250=DIRECTION('ref_axis',(-0.427692684557309,0.,-0.903924204552662));
#2251=DIRECTION('',(-0.427692684557309,0.,-0.903924204552662));
#2252=DIRECTION('center_axis',(0.,1.,0.));
#2253=DIRECTION('ref_axis',(-1.,0.,0.));
#2254=DIRECTION('',(0.531398579518076,0.,0.847121921382141));
#2255=DIRECTION('center_axis',(0.,1.,0.));
#2256=DIRECTION('ref_axis',(0.961020790977527,0.,-0.276476109833977));
#2257=DIRECTION('center_axis',(-0.847121921382142,0.,0.531398579518075));
#2258=DIRECTION('ref_axis',(0.531398579518075,0.,0.847121921382142));
#2259=DIRECTION('',(0.,-1.,0.));
#2260=DIRECTION('center_axis',(0.,-1.,0.));
#2261=DIRECTION('ref_axis',(0.961020790977527,0.,-0.276476109833977));
#2262=DIRECTION('center_axis',(0.,0.,-1.));
#2263=DIRECTION('ref_axis',(-1.,0.,0.));
#2264=DIRECTION('',(0.,0.,-1.));
#2265=DIRECTION('center_axis',(0.,0.,-1.));
#2266=DIRECTION('ref_axis',(-1.,0.,0.));
#2267=DIRECTION('',(0.,0.,-1.));
#2268=DIRECTION('center_axis',(0.,0.,-1.));
#2269=DIRECTION('ref_axis',(-1.,0.,0.));
#2270=DIRECTION('center_axis',(0.,0.,-1.));
#2271=DIRECTION('ref_axis',(-1.,0.,0.));
#2272=DIRECTION('center_axis',(0.,0.,-1.));
#2273=DIRECTION('ref_axis',(-1.,0.,0.));
#2274=DIRECTION('',(0.,0.,-1.));
#2275=DIRECTION('center_axis',(0.,0.,-1.));
#2276=DIRECTION('ref_axis',(-1.,0.,0.));
#2277=DIRECTION('center_axis',(0.,0.,1.));
#2278=DIRECTION('ref_axis',(-1.,0.,0.));
#2279=DIRECTION('center_axis',(0.,0.,1.));
#2280=DIRECTION('ref_axis',(1.,0.,0.));
#2281=DIRECTION('center_axis',(0.,0.,-1.));
#2282=DIRECTION('ref_axis',(-1.,0.,0.));
#2283=DIRECTION('center_axis',(0.,0.,-1.));
#2284=DIRECTION('ref_axis',(-1.,0.,0.));
#2285=DIRECTION('',(0.,0.,-1.));
#2286=DIRECTION('center_axis',(0.,0.,-1.));
#2287=DIRECTION('ref_axis',(-1.,0.,0.));
#2288=DIRECTION('center_axis',(0.,0.,1.));
#2289=DIRECTION('ref_axis',(-1.,0.,0.));
#2290=DIRECTION('center_axis',(0.,0.,1.));
#2291=DIRECTION('ref_axis',(1.,0.,0.));
#2292=DIRECTION('center_axis',(0.,0.,-1.));
#2293=DIRECTION('ref_axis',(-1.,0.,0.));
#2294=DIRECTION('center_axis',(0.,0.,-1.));
#2295=DIRECTION('ref_axis',(-1.,0.,0.));
#2296=DIRECTION('center_axis',(0.,0.,-1.));
#2297=DIRECTION('ref_axis',(-1.,0.,0.));
#2298=DIRECTION('center_axis',(0.,0.,1.));
#2299=DIRECTION('ref_axis',(-1.,0.,0.));
#2300=DIRECTION('center_axis',(0.,0.,1.));
#2301=DIRECTION('ref_axis',(1.,0.,0.));
#2302=DIRECTION('center_axis',(0.,0.,-1.));
#2303=DIRECTION('ref_axis',(-1.,0.,0.));
#2304=DIRECTION('center_axis',(0.,0.,-1.));
#2305=DIRECTION('ref_axis',(-1.,0.,0.));
#2306=DIRECTION('',(0.,0.,-1.));
#2307=DIRECTION('center_axis',(0.,0.,-1.));
#2308=DIRECTION('ref_axis',(-1.,0.,0.));
#2309=DIRECTION('center_axis',(0.,0.,1.));
#2310=DIRECTION('ref_axis',(-1.,0.,0.));
#2311=DIRECTION('center_axis',(0.,0.,1.));
#2312=DIRECTION('ref_axis',(1.,0.,0.));
#2313=DIRECTION('center_axis',(0.,0.,1.));
#2314=DIRECTION('ref_axis',(1.,0.,0.));
#2315=DIRECTION('center_axis',(0.,0.,-1.));
#2316=DIRECTION('ref_axis',(1.,0.,0.));
#2317=DIRECTION('',(0.,0.,1.));
#2318=DIRECTION('center_axis',(0.,0.,1.));
#2319=DIRECTION('ref_axis',(1.,0.,0.));
#2320=DIRECTION('center_axis',(0.,0.,-1.));
#2321=DIRECTION('ref_axis',(1.,0.,0.));
#2322=DIRECTION('',(0.,0.,1.));
#2323=DIRECTION('center_axis',(0.,0.,1.));
#2324=DIRECTION('ref_axis',(1.,0.,0.));
#2325=DIRECTION('center_axis',(0.,0.,-1.));
#2326=DIRECTION('ref_axis',(1.,0.,0.));
#2327=DIRECTION('',(0.,0.,1.));
#2328=DIRECTION('center_axis',(0.,0.,1.));
#2329=DIRECTION('ref_axis',(0.,1.,0.));
#2330=DIRECTION('center_axis',(0.,0.,1.));
#2331=DIRECTION('ref_axis',(0.,1.,0.));
#2332=DIRECTION('',(0.,0.,1.));
#2333=DIRECTION('center_axis',(0.,0.,1.));
#2334=DIRECTION('ref_axis',(0.,1.,0.));
#2335=DIRECTION('',(0.,0.,1.));
#2336=DIRECTION('center_axis',(-0.00296994023292068,-0.999995589717781,
0.));
#2337=DIRECTION('ref_axis',(0.999995589717781,-0.00296994023292068,0.));
#2338=DIRECTION('',(0.999995589717781,-0.00296994023292068,0.));
#2339=DIRECTION('',(0.,0.,1.));
#2340=DIRECTION('',(0.999995589717781,-0.00296994023292068,0.));
#2341=DIRECTION('center_axis',(0.,0.,1.));
#2342=DIRECTION('ref_axis',(-0.382694699171288,0.923874865566868,0.));
#2343=DIRECTION('center_axis',(0.,0.,-1.));
#2344=DIRECTION('ref_axis',(-0.382694699171288,0.923874865566868,0.));
#2345=DIRECTION('',(0.,0.,1.));
#2346=DIRECTION('center_axis',(0.,0.,-1.));
#2347=DIRECTION('ref_axis',(-0.382694699171288,0.923874865566868,0.));
#2348=DIRECTION('center_axis',(0.,0.,1.));
#2349=DIRECTION('ref_axis',(-1.,1.01064309961486E-15,0.));
#2350=DIRECTION('center_axis',(0.,0.,1.));
#2351=DIRECTION('ref_axis',(1.,0.,0.));
#2352=DIRECTION('',(0.,0.,1.));
#2353=DIRECTION('center_axis',(0.,0.,1.));
#2354=DIRECTION('ref_axis',(1.,0.,0.));
#2355=DIRECTION('center_axis',(0.,0.,1.));
#2356=DIRECTION('ref_axis',(-0.17043094380369,-0.985369622727524,0.));
#2357=DIRECTION('center_axis',(0.,0.,-1.));
#2358=DIRECTION('ref_axis',(-0.17043094380369,-0.985369622727524,0.));
#2359=DIRECTION('',(0.,0.,1.));
#2360=DIRECTION('center_axis',(0.,0.,-1.));
#2361=DIRECTION('ref_axis',(-0.17043094380369,-0.985369622727524,0.));
#2362=DIRECTION('center_axis',(-0.00296994023292068,0.999995589717781,0.));
#2363=DIRECTION('ref_axis',(-0.999995589717781,-0.00296994023292068,0.));
#2364=DIRECTION('',(-0.999995589717781,-0.00296994023292068,0.));
#2365=DIRECTION('',(-0.999995589717781,-0.00296994023292068,0.));
#2366=DIRECTION('center_axis',(0.,0.,-1.));
#2367=DIRECTION('ref_axis',(1.,0.,0.));
#2368=DIRECTION('center_axis',(0.,0.,-1.));
#2369=DIRECTION('ref_axis',(1.,0.,0.));
#2370=DIRECTION('center_axis',(0.,0.,1.));
#2371=DIRECTION('ref_axis',(1.,0.,0.));
#2372=DIRECTION('',(0.,1.,0.));
#2373=DIRECTION('',(1.,0.,0.));
#2374=DIRECTION('center_axis',(0.,0.,-1.));
#2375=DIRECTION('ref_axis',(1.,0.,0.));
#2376=DIRECTION('',(1.,0.,0.));
#2377=DIRECTION('center_axis',(0.531398579518086,0.,0.847121921382135));
#2378=DIRECTION('ref_axis',(0.599005655101085,0.707106781186548,-0.375755539090137));
#2379=DIRECTION('center_axis',(-0.531398579518082,0.,-0.847121921382138));
#2380=DIRECTION('ref_axis',(0.599005655101085,0.707106781186548,-0.375755539090137));
#2381=DIRECTION('',(-0.531398579518086,0.,-0.847121921382135));
#2382=DIRECTION('center_axis',(0.531398579518082,0.,0.847121921382138));
#2383=DIRECTION('ref_axis',(0.599005655101085,0.707106781186548,-0.375755539090137));
#2384=DIRECTION('',(0.531398579518086,0.,0.847121921382135));
#2385=DIRECTION('center_axis',(0.847121921382135,0.,-0.531398579518086));
#2386=DIRECTION('ref_axis',(-0.531398579518086,0.,-0.847121921382135));
#2387=DIRECTION('',(0.,-1.,0.));
#2388=DIRECTION('',(0.531398579518086,0.,0.847121921382135));
#2389=DIRECTION('',(0.,1.,0.));
#2390=DIRECTION('center_axis',(0.531398579518082,0.,0.847121921382138));
#2391=DIRECTION('ref_axis',(0.,-1.,0.));
#2392=DIRECTION('',(0.847121921382138,0.,-0.531398579518082));
#2393=DIRECTION('',(0.,1.,0.));
#2394=DIRECTION('',(0.847121921382138,0.,-0.531398579518082));
#2395=DIRECTION('',(0.,-1.,0.));
#2396=DIRECTION('',(0.847121921382138,0.,-0.531398579518082));
#2397=DIRECTION('',(0.,1.,0.));
#2398=DIRECTION('',(0.847121921382135,0.,-0.531398579518086));
#2399=DIRECTION('center_axis',(-0.531398579518082,0.,-0.847121921382138));
#2400=DIRECTION('ref_axis',(0.599005655101085,-0.707106781186548,-0.375755539090137));
#2401=DIRECTION('center_axis',(-0.531398579518086,0.,-0.847121921382135));
#2402=DIRECTION('ref_axis',(0.599005655101085,-0.707106781186548,-0.375755539090137));
#2403=DIRECTION('center_axis',(0.531398579518082,0.,0.847121921382138));
#2404=DIRECTION('ref_axis',(0.599005655101085,-0.707106781186548,-0.375755539090137));
#2405=DIRECTION('',(-0.531398579518086,0.,-0.847121921382135));
#2406=DIRECTION('center_axis',(-0.847121921382137,0.,0.531398579518082));
#2407=DIRECTION('ref_axis',(-0.531398579518082,0.,-0.847121921382137));
#2408=DIRECTION('',(-0.531398579518082,0.,-0.847121921382137));
#2409=DIRECTION('',(0.531398579518082,0.,0.847121921382137));
#2410=DIRECTION('',(0.,-1.,0.));
#2411=DIRECTION('center_axis',(0.,-1.,0.));
#2412=DIRECTION('ref_axis',(-0.531398579518082,0.,-0.847121921382138));
#2413=DIRECTION('',(0.531398579518082,0.,0.847121921382138));
#2414=DIRECTION('',(0.847121921382138,0.,-0.531398579518082));
#2415=DIRECTION('center_axis',(0.,1.,0.));
#2416=DIRECTION('ref_axis',(0.531398579518082,0.,0.847121921382138));
#2417=DIRECTION('',(0.847121921382138,0.,-0.531398579518082));
#2418=DIRECTION('',(-0.531398579518082,0.,-0.847121921382138));
#2419=DIRECTION('center_axis',(0.,1.,0.));
#2420=DIRECTION('ref_axis',(0.531398579518082,0.,0.847121921382138));
#2421=DIRECTION('',(0.847121921382138,0.,-0.531398579518082));
#2422=DIRECTION('',(-0.531398579518082,0.,-0.847121921382138));
#2423=DIRECTION('center_axis',(-0.531398579518082,0.,-0.847121921382138));
#2424=DIRECTION('ref_axis',(0.,1.,0.));
#2425=DIRECTION('',(0.847121921382138,0.,-0.531398579518082));
#2426=DIRECTION('',(0.,-1.,0.));
#2427=DIRECTION('',(0.,-1.,0.));
#2428=DIRECTION('center_axis',(0.,-1.,0.));
#2429=DIRECTION('ref_axis',(-0.531398579518082,0.,-0.847121921382138));
#2430=DIRECTION('',(0.531398579518082,0.,0.847121921382138));
#2431=DIRECTION('center_axis',(0.531398579518083,0.,0.847121921382137));
#2432=DIRECTION('ref_axis',(0.847121921382137,0.,-0.531398579518083));
#2433=DIRECTION('',(0.,1.,0.));
#2434=DIRECTION('',(-0.847121921382137,0.,0.531398579518083));
#2435=DIRECTION('',(0.,-1.,0.));
#2436=DIRECTION('',(0.847121921382137,0.,-0.531398579518083));
#2437=DIRECTION('center_axis',(0.,-1.,0.));
#2438=DIRECTION('ref_axis',(1.,0.,0.));
#2439=DIRECTION('',(-0.531398579518075,0.,-0.847121921382142));
#2440=DIRECTION('center_axis',(0.,-1.,0.));
#2441=DIRECTION('ref_axis',(0.484046186061787,0.,-0.87504245026115));
#2442=DIRECTION('',(-1.,0.,0.));
#2443=DIRECTION('',(0.,0.,1.));
#2444=DIRECTION('center_axis',(0.,1.,0.));
#2445=DIRECTION('ref_axis',(0.484046186061784,0.,-0.875042450261152));
#2446=DIRECTION('',(0.531398579518082,0.,0.847121921382138));
#2447=DIRECTION('',(-0.525570773037068,0.,-0.85074988247382));
#2448=DIRECTION('',(0.,0.,1.));
#2449=DIRECTION('',(-0.531398579518078,0.,-0.84712192138214));
#2450=DIRECTION('center_axis',(-0.847121921382142,0.,0.531398579518075));
#2451=DIRECTION('ref_axis',(0.531398579518075,0.,0.847121921382142));
#2452=DIRECTION('',(0.531398579518076,0.,0.847121921382141));
#2453=DIRECTION('',(0.,1.,0.));
#2454=DIRECTION('center_axis',(0.,1.,0.));
#2455=DIRECTION('ref_axis',(-1.,0.,0.));
#2456=DIRECTION('',(-0.531398579518082,0.,-0.847121921382138));
#2457=DIRECTION('center_axis',(0.,-1.,0.));
#2458=DIRECTION('ref_axis',(0.484046186061784,0.,-0.875042450261152));
#2459=DIRECTION('',(0.,0.,1.));
#2460=DIRECTION('',(1.,0.,0.));
#2461=DIRECTION('center_axis',(0.,1.,0.));
#2462=DIRECTION('ref_axis',(0.484046186061787,0.,-0.87504245026115));
#2463=DIRECTION('',(-0.531398579518078,0.,-0.84712192138214));
#2464=DIRECTION('',(0.,0.,-1.));
#2465=DIRECTION('',(0.525570773037068,0.,0.85074988247382));
#2466=DIRECTION('center_axis',(0.,1.,0.));
#2467=DIRECTION('ref_axis',(0.484046186061787,0.,-0.87504245026115));
#2468=DIRECTION('',(0.,-1.,0.));
#2469=DIRECTION('center_axis',(0.,-1.,0.));
#2470=DIRECTION('ref_axis',(0.484046186061784,0.,-0.875042450261152));
#2471=DIRECTION('',(0.,-1.,0.));
#2472=DIRECTION('center_axis',(-0.847121921382138,0.,0.531398579518082));
#2473=DIRECTION('ref_axis',(0.531398579518082,0.,0.847121921382138));
#2474=DIRECTION('center_axis',(0.84712192138214,0.,-0.531398579518078));
#2475=DIRECTION('ref_axis',(0.,-1.,0.));
#2476=DIRECTION('',(0.,-1.,0.));
#2477=DIRECTION('',(0.,-1.,0.));
#2478=DIRECTION('center_axis',(-1.,0.,0.));
#2479=DIRECTION('ref_axis',(0.,0.,1.));
#2480=DIRECTION('',(0.,1.,0.));
#2481=DIRECTION('center_axis',(0.85074988247382,0.,-0.525570773037068));
#2482=DIRECTION('ref_axis',(0.,1.,0.));
#2483=DIRECTION('center_axis',(0.,0.,1.));
#2484=DIRECTION('ref_axis',(1.,0.,0.));
#2485=DIRECTION('center_axis',(0.,0.,-1.));
#2486=DIRECTION('ref_axis',(1.,0.,0.));
#2487=DIRECTION('center_axis',(0.,0.,1.));
#2488=DIRECTION('ref_axis',(-1.,1.22464679914735E-16,0.));
#2489=DIRECTION('center_axis',(0.,0.,1.));
#2490=DIRECTION('ref_axis',(1.,0.,0.));
#2491=DIRECTION('',(0.,0.,-1.));
#2492=CARTESIAN_POINT('',(0.,0.,0.));
#2493=CARTESIAN_POINT('Origin',(63.7867935444456,2.23517417907715E-7,58.5719840423467));
#2494=CARTESIAN_POINT('',(83.5319237552775,-15.0000002235174,46.1858872107166));
#2495=CARTESIAN_POINT('',(83.5319237552775,15.0000002235174,46.1858872107167));
#2496=CARTESIAN_POINT('',(83.5319237552774,7.50000022351742,46.1858872107167));
#2497=CARTESIAN_POINT('',(76.4599072505558,-15.0000002235174,50.6221548011079));
#2498=CARTESIAN_POINT('',(57.6074733080157,-15.0000002235174,62.4482643192975));
#2499=CARTESIAN_POINT('',(76.4599072505561,15.0000002235174,50.6221548011077));
#2500=CARTESIAN_POINT('',(76.4599072505559,7.50000022351742,50.6221548011079));
#2501=CARTESIAN_POINT('',(71.959784301739,15.0000002235174,53.4450766052755));
#2502=CARTESIAN_POINT('Origin',(2.66732235893792,-15.0000002235174,-11.4068799757697));
#2503=CARTESIAN_POINT('',(93.4995556200806,-14.9999997764826,62.075653917657));
#2504=CARTESIAN_POINT('',(63.2693101224128,-15.0000002235174,13.8845133371492));
#2505=CARTESIAN_POINT('',(96.4882970207492,-15.0000002235174,68.3923289293171));
#2506=CARTESIAN_POINT('',(93.4995556200806,-15.0000002235174,62.075653917657));
#2507=CARTESIAN_POINT('',(96.5578954839481,-14.9999997764826,68.3951552937592));
#2508=CARTESIAN_POINT('',(44.5779673852155,-15.0000002235174,66.2842721832692));
#2509=CARTESIAN_POINT('',(96.4896343180465,-15.0000002235174,68.3951552937592));
#2510=CARTESIAN_POINT('',(96.5578954839481,-14.9999997764826,68.3951552937592));
#2511=CARTESIAN_POINT('',(84.0970229370407,-15.0000002235174,68.3951552937592));
#2512=CARTESIAN_POINT('',(96.5578954839481,-14.9999997764826,68.3951552937592));
#2513=CARTESIAN_POINT('',(81.0400727456891,-15.0000002235174,57.9235642215179));
#2514=CARTESIAN_POINT('Origin',(64.0976343180466,-15.0000002235174,68.5515358118792));
#2515=CARTESIAN_POINT('',(44.8024960717873,-15.0000002235174,0.155917183266414));
#2516=CARTESIAN_POINT('Origin',(49.7374689092629,15.0000002235174,-7.68708991914313));
#2517=CARTESIAN_POINT('',(93.4995556200806,15.0000002235174,62.0756539176571));
#2518=CARTESIAN_POINT('',(68.9169991286895,15.0000002235174,22.8877010511711));
#2519=CARTESIAN_POINT('',(93.4995556200806,1.11022302462516E-15,62.075653917657));
#2520=CARTESIAN_POINT('Origin',(91.0976343180465,-24.3749997764826,88.3951552937592));
#2521=CARTESIAN_POINT('',(91.0976343180465,-22.9249997764826,88.3951552937592));
#2522=CARTESIAN_POINT('Origin',(91.0976343180465,-24.3749997764826,88.3951552937592));
#2523=CARTESIAN_POINT('',(84.0976343180466,-22.9249997764826,88.3951552937592));
#2524=CARTESIAN_POINT('',(91.0976343180465,-22.9249997764826,88.3951552937592));
#2525=CARTESIAN_POINT('Origin',(84.0976343180466,-24.3749997764826,88.3951552937592));
#2526=CARTESIAN_POINT('Origin',(91.0976343180465,-24.3749997764826,78.3951552937592));
#2527=CARTESIAN_POINT('',(91.0976343180465,-22.9249997764826,78.3951552937592));
#2528=CARTESIAN_POINT('Origin',(91.0976343180465,-24.3749997764826,78.3951552937592));
#2529=CARTESIAN_POINT('',(84.0976343180466,-22.9249997764826,78.3951552937592));
#2530=CARTESIAN_POINT('',(91.0976343180465,-22.9249997764826,78.3951552937592));
#2531=CARTESIAN_POINT('Origin',(84.0976343180466,-24.3749997764826,78.3951552937592));
#2532=CARTESIAN_POINT('Origin',(91.0976343180465,-19.9999997764826,93.8951552937592));
#2533=CARTESIAN_POINT('',(84.0976343180466,-20.7499997764826,93.8951552937592));
#2534=CARTESIAN_POINT('',(84.0976343180466,20.7500002235174,93.8951552937592));
#2535=CARTESIAN_POINT('',(84.0976343180466,-9.99999977648258,93.8951552937592));
#2536=CARTESIAN_POINT('',(118.989634318047,20.7500002235174,93.8951552937592));
#2537=CARTESIAN_POINT('',(91.0976343180465,20.7500002235174,93.8951552937592));
#2538=CARTESIAN_POINT('',(118.989634318047,-20.7499997764826,93.8951552937592));
#2539=CARTESIAN_POINT('',(118.989634318047,-20.7499997764826,93.8951552937592));
#2540=CARTESIAN_POINT('',(96.4896343180466,-20.7499997764826,93.8951552937592));
#2541=CARTESIAN_POINT('Origin',(91.0976343180465,-20.7499997764826,73.8951552937592));
#2542=CARTESIAN_POINT('',(115.167324139627,-20.7499997764826,88.5931214323901));
#2543=CARTESIAN_POINT('',(115.167324139627,-20.7499997764826,88.1261061529507));
#2544=CARTESIAN_POINT('',(115.167324139627,-20.7499997764826,80.7441383630746));
#2545=CARTESIAN_POINT('',(84.0976343180466,-20.7499997764826,88.1261061529507));
#2546=CARTESIAN_POINT('',(91.0976343180465,-20.7499997764826,88.1261061529507));
#2547=CARTESIAN_POINT('',(84.0976343180466,-20.7499997764826,78.6451552937592));
#2548=CARTESIAN_POINT('',(118.989634318047,-20.7499997764826,88.5931214323901));
#2549=CARTESIAN_POINT('',(118.989634318047,-20.7499997764826,88.1261061529507));
#2550=CARTESIAN_POINT('',(103.132479228837,-20.7499997764826,88.5931214323901));
#2551=CARTESIAN_POINT('Origin',(106.097634318047,30.0000002235174,68.3951552937592));
#2552=CARTESIAN_POINT('',(96.5578954839481,15.0000002235174,68.3951552937592));
#2553=CARTESIAN_POINT('',(96.5578954839481,15.0000002235174,68.3951552937592));
#2554=CARTESIAN_POINT('',(96.4896343180465,15.0000002235174,68.3951552937592));
#2555=CARTESIAN_POINT('',(96.5578954839481,15.0000002235174,68.3951552937592));
#2556=CARTESIAN_POINT('',(96.4896343180465,2.23517417907715E-7,68.3951552937592));
#2557=CARTESIAN_POINT('Origin',(96.4896343180466,-18.913183939888,83.6446824060448));
#2558=CARTESIAN_POINT('',(115.167324139627,-26.7468761975203,83.2576360954078));
#2559=CARTESIAN_POINT('',(115.167324139627,-24.9983700862938,88.5931214323901));
#2560=CARTESIAN_POINT('Origin',(115.167324139627,-18.913183939888,83.6446824060448));
#2561=CARTESIAN_POINT('',(119.167324199231,-24.9983700862938,88.5931214323901));
#2562=CARTESIAN_POINT('',(96.4896343180466,-24.9983700862938,88.5931214323901));
#2563=CARTESIAN_POINT('',(119.167324199231,-26.7468761975203,83.2576360954078));
#2564=CARTESIAN_POINT('Origin',(119.167324199231,-18.913183939888,83.6446824060448));
#2565=CARTESIAN_POINT('',(120.989634318047,-26.7468761975203,83.2576360954078));
#2566=CARTESIAN_POINT('',(96.4896343180466,-26.7468761975203,83.2576360954078));
#2567=CARTESIAN_POINT('',(120.989634318047,-23.7499997764826,89.8189638862442));
#2568=CARTESIAN_POINT('Origin',(120.989634318047,-18.913183939888,83.6446824060448));
#2569=CARTESIAN_POINT('',(96.4896343180466,-23.7499997764826,89.8189638862442));
#2570=CARTESIAN_POINT('',(96.4896343180466,-23.7499997764826,89.8189638862442));
#2571=CARTESIAN_POINT('',(96.4896343180466,-26.7468761975203,83.2576360954078));
#2572=CARTESIAN_POINT('Origin',(96.4896343180465,-18.913183939888,83.6446824060448));
#2573=CARTESIAN_POINT('',(96.4896343180466,-26.7468761975203,83.2576360954078));
#2574=CARTESIAN_POINT('Origin',(96.4896343180466,-23.7499997764826,69.8951552937592));
#2575=CARTESIAN_POINT('',(96.4896343180465,-18.7499997764826,69.8951552937593));
#2576=CARTESIAN_POINT('',(120.989634318047,-18.7499997764826,69.8951552937592));
#2577=CARTESIAN_POINT('',(96.4896343180466,-18.7499997764826,69.8951552937592));
#2578=CARTESIAN_POINT('',(96.4896343180465,18.7500002235174,69.8951552937593));
#2579=CARTESIAN_POINT('',(96.4896343180465,-11.8749997764826,69.8951552937593));
#2580=CARTESIAN_POINT('',(120.989634318047,18.7500002235174,69.8951552937592));
#2581=CARTESIAN_POINT('',(96.4896343180466,18.7500002235174,69.8951552937592));
#2582=CARTESIAN_POINT('',(120.989634318047,-23.7499997764826,69.8951552937592));
#2583=CARTESIAN_POINT('Origin',(96.4896343180466,-23.7499997764826,96.8951552937592));
#2584=CARTESIAN_POINT('',(96.4896343180465,-23.7499997764826,91.8951552937592));
#2585=CARTESIAN_POINT('',(120.989634318047,-23.7499997764826,91.8951552937592));
#2586=CARTESIAN_POINT('',(96.4896343180466,-23.7499997764826,91.8951552937592));
#2587=CARTESIAN_POINT('',(96.4896343180465,-23.7499997764826,90.1451552937593));
#2588=CARTESIAN_POINT('',(120.989634318047,-23.7499997764826,96.8951552937592));
#2589=CARTESIAN_POINT('Origin',(91.0976343180465,24.3750002235174,78.3951552937592));
#2590=CARTESIAN_POINT('',(91.0976343180465,25.8250002235174,78.3951552937592));
#2591=CARTESIAN_POINT('Origin',(91.0976343180465,24.3750002235174,78.3951552937592));
#2592=CARTESIAN_POINT('',(84.0976343180466,25.8250002235174,78.3951552937592));
#2593=CARTESIAN_POINT('',(91.0976343180465,25.8250002235174,78.3951552937592));
#2594=CARTESIAN_POINT('Origin',(84.0976343180466,24.3750002235174,78.3951552937592));
#2595=CARTESIAN_POINT('Origin',(91.0976343180465,24.3750002235174,78.3951552937592));
#2596=CARTESIAN_POINT('Origin',(91.0976343180465,-24.3749997764826,88.3951552937592));
#2597=CARTESIAN_POINT('Origin',(91.0976343180465,24.3750002235174,88.3951552937592));
#2598=CARTESIAN_POINT('',(91.0976343180465,25.8250002235174,88.3951552937592));
#2599=CARTESIAN_POINT('Origin',(91.0976343180465,24.3750002235174,88.3951552937592));
#2600=CARTESIAN_POINT('',(84.0976343180466,25.8250002235174,88.3951552937592));
#2601=CARTESIAN_POINT('',(91.0976343180465,25.8250002235174,88.3951552937592));
#2602=CARTESIAN_POINT('Origin',(84.0976343180466,24.3750002235174,88.3951552937592));
#2603=CARTESIAN_POINT('Origin',(91.0976343180465,24.3750002235174,88.3951552937592));
#2604=CARTESIAN_POINT('Origin',(91.0976343180465,-24.3749997764826,78.3951552937592));
#2605=CARTESIAN_POINT('Origin',(96.4896343180466,-16.8777024096027,83.673626835881));
#2606=CARTESIAN_POINT('',(115.167324139627,-25.6294227420315,79.0931213206314));
#2607=CARTESIAN_POINT('Origin',(115.167324139627,-16.8777024096027,83.673626835881));
#2608=CARTESIAN_POINT('',(96.4896343180466,-23.7499997764826,76.5781939066331));
#2609=CARTESIAN_POINT('Origin',(96.4896343180465,-16.8777024096027,83.673626835881));
#2610=CARTESIAN_POINT('',(120.989634318047,-23.7499997764826,76.5781939066331));
#2611=CARTESIAN_POINT('',(96.4896343180466,-23.7499997764826,76.5781939066331));
#2612=CARTESIAN_POINT('Origin',(120.989634318047,-16.8777024096028,83.673626835881));
#2613=CARTESIAN_POINT('',(119.167324199231,-25.6294227420315,79.0931213206314));
#2614=CARTESIAN_POINT('Origin',(119.167324199231,-16.8777024096027,83.673626835881));
#2615=CARTESIAN_POINT('',(96.4896343180466,-25.6294227420315,79.0931213206314));
#2616=CARTESIAN_POINT('Origin',(117.167324169429,-16.7499997764826,83.8431213765107));
#2617=CARTESIAN_POINT('',(118.989634318047,-16.7499997764826,79.0931213206314));
#2618=CARTESIAN_POINT('',(118.989634318047,-16.7499997764826,88.5931214323901));
#2619=CARTESIAN_POINT('',(118.989634318047,-16.7499997764826,81.7441383071953));
#2620=CARTESIAN_POINT('',(119.167324199231,-16.7499997764826,79.0931213206314));
#2621=CARTESIAN_POINT('',(115.167324139627,-16.7499997764826,79.0931213206314));
#2622=CARTESIAN_POINT('',(119.167324199231,-16.7499997764826,88.5931214323901));
#2623=CARTESIAN_POINT('',(119.167324199231,-16.7499997764826,80.0931213206313));
#2624=CARTESIAN_POINT('',(119.167324199231,-16.7499997764826,88.5931214323901));
#2625=CARTESIAN_POINT('Origin',(119.167324199231,-26.7499997764826,87.5931214323901));
#2626=CARTESIAN_POINT('',(119.167324199231,-26.7499997764826,88.5931214323901));
#2627=CARTESIAN_POINT('',(119.167324199231,-26.7499997764826,79.0931213206314));
#2628=CARTESIAN_POINT('Origin',(115.167324139627,-26.7499997764826,80.0931213206314));
#2629=CARTESIAN_POINT('',(115.167324139627,-22.0084905287419,79.0931213206314));
#2630=CARTESIAN_POINT('',(115.167324139627,-22.7501804005363,79.0931213206314));
#2631=CARTESIAN_POINT('',(115.167324139627,-23.7499997764925,83.3951552937589));
#2632=CARTESIAN_POINT('Origin',(115.167324139627,-16.8777024096027,83.673626835881));
#2633=CARTESIAN_POINT('Origin',(115.167324139627,-18.913183939888,83.6446824060448));
#2634=CARTESIAN_POINT('',(115.167324139627,-26.7499997764826,88.5931214323901));
#2635=CARTESIAN_POINT('Origin',(91.0976343180465,-29.9999997764826,68.3951552937592));
#2636=CARTESIAN_POINT('',(84.0970229370407,15.0000002235174,68.3951552937592));
#2637=CARTESIAN_POINT('',(66.8824783384922,15.0000002235174,68.3951552937592));
#2638=CARTESIAN_POINT('',(84.0970229370407,25.0000002235174,68.3951552937592));
#2639=CARTESIAN_POINT('',(84.0970229370407,7.50000022351742,68.3951552937592));
#2640=CARTESIAN_POINT('',(96.4896343180466,25.0000002235174,68.3951552937592));
#2641=CARTESIAN_POINT('',(91.0976343180465,25.0000002235174,68.3951552937592));
#2642=CARTESIAN_POINT('',(96.4896343180466,-14.9999997764826,68.3951552937592));
#2643=CARTESIAN_POINT('Origin',(91.0976343180465,25.0000002235174,73.3951552937592));
#2644=CARTESIAN_POINT('',(84.0976343180466,26.2407057948568,68.5515358118792));
#2645=CARTESIAN_POINT('',(84.0976343180466,30.0000002235174,73.3951552937592));
#2646=CARTESIAN_POINT('Origin',(84.0976343180466,25.0000002235174,73.3951552937592));
#2647=CARTESIAN_POINT('',(96.4896343180466,30.0000002235174,73.3951552937592));
#2648=CARTESIAN_POINT('',(91.0976343180465,30.0000002235174,73.3951552937592));
#2649=CARTESIAN_POINT('Origin',(96.4896343180465,25.0000002235174,73.3951552937592));
#2650=CARTESIAN_POINT('Ctrl Pts',(84.0976343180466,26.2407057948544,68.5515358118786));
#2651=CARTESIAN_POINT('Ctrl Pts',(84.0976343180466,25.8270901038029,68.4455870902254));
#2652=CARTESIAN_POINT('Ctrl Pts',(84.0970229370407,25.4046547706039,68.3951552937592));
#2653=CARTESIAN_POINT('Ctrl Pts',(84.0970229370407,25.0000002235174,68.3951552937592));
#2654=CARTESIAN_POINT('Origin',(91.0976343180465,30.0000002235174,68.3951552937592));
#2655=CARTESIAN_POINT('',(84.0976343180466,30.0000002235174,93.3951552937592));
#2656=CARTESIAN_POINT('',(84.0976343180466,30.0000002235174,75.8951552937592));
#2657=CARTESIAN_POINT('',(96.4896343180466,30.0000002235174,93.3951552937592));
#2658=CARTESIAN_POINT('',(91.0976343180465,30.0000002235174,93.3951552937592));
#2659=CARTESIAN_POINT('',(96.4896343180466,30.0000002235174,75.8951552937592));
#2660=CARTESIAN_POINT('Origin',(91.0976343180465,25.0000002235174,93.3951552937592));
#2661=CARTESIAN_POINT('',(84.0976343180466,25.0000002235174,98.3951552937592));
#2662=CARTESIAN_POINT('Origin',(84.0976343180466,25.0000002235174,93.3951552937592));
#2663=CARTESIAN_POINT('',(96.4896343180466,25.0000002235174,98.3951552937592));
#2664=CARTESIAN_POINT('',(91.0976343180465,25.0000002235174,98.3951552937592));
#2665=CARTESIAN_POINT('Origin',(96.4896343180465,25.0000002235174,93.3951552937592));
#2666=CARTESIAN_POINT('Origin',(96.4896343180466,18.7500002235174,91.8951552937592));
#2667=CARTESIAN_POINT('',(120.989634318047,18.7500002235174,96.8951552937592));
#2668=CARTESIAN_POINT('',(120.989634318047,23.7500002235174,91.8951552937592));
#2669=CARTESIAN_POINT('Origin',(120.989634318047,18.7500002235174,91.8951552937592));
#2670=CARTESIAN_POINT('',(96.4896343180465,23.7500002235174,91.8951552937592));
#2671=CARTESIAN_POINT('',(96.4896343180466,23.7500002235174,91.8951552937592));
#2672=CARTESIAN_POINT('',(96.4896343180465,18.7500002235174,96.8951552937592));
#2673=CARTESIAN_POINT('Origin',(96.4896343180465,18.7500002235174,91.8951552937592));
#2674=CARTESIAN_POINT('',(96.4896343180466,18.7500002235174,96.8951552937592));
#2675=CARTESIAN_POINT('Origin',(96.4896343180466,23.7500002235174,89.7035417045722));
#2676=CARTESIAN_POINT('',(96.4896343180465,23.7500002235174,74.8951552937592));
#2677=CARTESIAN_POINT('',(120.989634318047,23.7500002235174,74.8951552937592));
#2678=CARTESIAN_POINT('',(96.4896343180466,23.7500002235174,74.8951552937592));
#2679=CARTESIAN_POINT('',(96.4896343180465,23.7500002235174,76.6451552937593));
#2680=CARTESIAN_POINT('',(120.989634318047,23.7500002235174,69.8951552937592));
#2681=CARTESIAN_POINT('Origin',(96.4896343180466,18.7500002235174,74.8951552937592));
#2682=CARTESIAN_POINT('Origin',(120.989634318047,18.7500002235174,74.8951552937592));
#2683=CARTESIAN_POINT('Origin',(96.4896343180465,18.7500002235174,74.8951552937592));
#2684=CARTESIAN_POINT('Origin',(96.4896343180465,2.23517417907715E-7,83.3951552937592));
#2685=CARTESIAN_POINT('',(96.4896343180466,-24.9999997764826,68.3951552937592));
#2686=CARTESIAN_POINT('',(96.4896343180466,-29.9999997764826,73.3951552937592));
#2687=CARTESIAN_POINT('Origin',(96.4896343180465,-24.9999997764826,73.3951552937592));
#2688=CARTESIAN_POINT('',(96.4896343180466,-14.9999997764826,68.3951552937592));
#2689=CARTESIAN_POINT('',(96.4896343180466,-24.9999997764826,98.3951552937592));
#2690=CARTESIAN_POINT('',(96.4896343180466,15.0000002235174,98.3951552937592));
#2691=CARTESIAN_POINT('',(96.4896343180466,-29.9999997764826,93.3951552937592));
#2692=CARTESIAN_POINT('Origin',(96.4896343180465,-24.9999997764826,93.3951552937592));
#2693=CARTESIAN_POINT('',(96.4896343180466,-29.9999997764826,90.8951552937592));
#2694=CARTESIAN_POINT('',(96.4896343180465,-23.7499997764826,74.8951552937592));
#2695=CARTESIAN_POINT('Origin',(96.4896343180465,-18.7499997764826,74.8951552937592));
#2696=CARTESIAN_POINT('',(96.4896343180465,-23.7499997764826,79.9866746001962));
#2697=CARTESIAN_POINT('',(96.4896343180465,-18.7499997764826,96.8951552937592));
#2698=CARTESIAN_POINT('Origin',(96.4896343180465,-18.7499997764826,91.8951552937592));
#2699=CARTESIAN_POINT('',(96.4896343180465,11.8750002235174,96.8951552937592));
#2700=CARTESIAN_POINT('Origin',(96.4896343180466,-23.7499997764826,76.5781939066331));
#2701=CARTESIAN_POINT('',(120.989634318047,-23.7499997764826,74.8951552937592));
#2702=CARTESIAN_POINT('',(96.4896343180466,-23.7499997764826,74.8951552937592));
#2703=CARTESIAN_POINT('',(120.989634318047,-23.7499997764826,76.5781939066331));
#2704=CARTESIAN_POINT('Origin',(96.4896343180466,-18.7499997764826,74.8951552937592));
#2705=CARTESIAN_POINT('Origin',(120.989634318047,-18.7499997764826,74.8951552937592));
#2706=CARTESIAN_POINT('Origin',(120.989634318047,-1.5032158595993,83.3951552937592));
#2707=CARTESIAN_POINT('',(120.989634318047,-18.7499997764826,96.8951552937592));
#2708=CARTESIAN_POINT('Origin',(120.989634318047,-18.7499997764826,91.8951552937592));
#2709=CARTESIAN_POINT('',(120.989634318047,23.7500002235174,96.8951552937592));
#2710=CARTESIAN_POINT('Origin',(96.4896343180466,23.7500002235174,96.8951552937592));
#2711=CARTESIAN_POINT('',(96.4896343180466,-18.7499997764826,96.8951552937592));
#2712=CARTESIAN_POINT('Origin',(96.4896343180466,-18.7499997764826,91.8951552937592));
#2713=CARTESIAN_POINT('Origin',(91.0976343180465,-24.9999997764826,73.3951552937592));
#2714=CARTESIAN_POINT('',(84.0976343180466,-29.9999997764826,73.3951552937592));
#2715=CARTESIAN_POINT('',(84.0976343180466,-26.2407053478219,68.5515358118792));
#2716=CARTESIAN_POINT('Origin',(84.0976343180466,-24.9999997764826,73.3951552937592));
#2717=CARTESIAN_POINT('',(84.0970229370407,-24.9999997764826,68.3951552937592));
#2718=CARTESIAN_POINT('Ctrl Pts',(84.0970229370407,-24.9999997764826,68.3951552937592));
#2719=CARTESIAN_POINT('Ctrl Pts',(84.0970229370407,-25.4046543235691,68.3951552937592));
#2720=CARTESIAN_POINT('Ctrl Pts',(84.0976343180466,-25.8270896567681,68.4455870902254));
#2721=CARTESIAN_POINT('Ctrl Pts',(84.0976343180466,-26.2407053478196,68.5515358118786));
#2722=CARTESIAN_POINT('',(91.0976343180465,-24.9999997764826,68.3951552937592));
#2723=CARTESIAN_POINT('',(91.0976343180465,-29.9999997764826,73.3951552937592));
#2724=CARTESIAN_POINT('Origin',(91.0976343180465,-29.9999997764826,98.3951552937592));
#2725=CARTESIAN_POINT('',(84.0976343180466,-29.9999997764826,93.3951552937592));
#2726=CARTESIAN_POINT('',(84.0976343180466,-29.9999997764826,90.8951552937592));
#2727=CARTESIAN_POINT('',(91.0976343180465,-29.9999997764826,93.3951552937592));
#2728=CARTESIAN_POINT('Origin',(91.0976343180465,-24.9999997764826,93.3951552937592));
#2729=CARTESIAN_POINT('',(84.0976343180466,-24.9999997764826,98.3951552937592));
#2730=CARTESIAN_POINT('Origin',(84.0976343180466,-24.9999997764826,93.3951552937592));
#2731=CARTESIAN_POINT('',(91.0976343180465,-24.9999997764826,98.3951552937592));
#2732=CARTESIAN_POINT('Origin',(91.0976343180465,30.0000002235174,98.3951552937592));
#2733=CARTESIAN_POINT('',(84.0976343180466,15.0000002235174,98.3951552937592));
#2734=CARTESIAN_POINT('Origin',(91.0976343180465,-20.7575635991218,77.9944812444389));
#2735=CARTESIAN_POINT('',(84.0976343180466,-20.7499997764826,77.9944812444389));
#2736=CARTESIAN_POINT('',(84.0976343180466,-20.7575635991218,77.9944812444389));
#2737=CARTESIAN_POINT('',(84.0976343180466,-10.3787816878022,77.9944812444389));
#2738=CARTESIAN_POINT('',(118.989634318047,-20.7575635991218,77.9944812444389));
#2739=CARTESIAN_POINT('',(96.4896343180466,-20.7575635991218,77.9944812444389));
#2740=CARTESIAN_POINT('',(118.989634318047,-20.7499997764826,77.9944812444389));
#2741=CARTESIAN_POINT('',(118.989634318047,-20.7499997764826,77.9944812444389));
#2742=CARTESIAN_POINT('',(91.0976343180465,-20.7499997764826,77.9944812444389));
#2743=CARTESIAN_POINT('Origin',(91.0976343180465,-20.7499997764826,73.8951552937592));
#2744=CARTESIAN_POINT('',(84.0976343180466,-20.7499997764826,72.8951552937593));
#2745=CARTESIAN_POINT('',(84.0976343180466,-20.7499997764826,78.6451552937592));
#2746=CARTESIAN_POINT('',(118.989634318047,-20.7499997764826,72.8951552937593));
#2747=CARTESIAN_POINT('',(118.989634318047,-20.7499997764826,72.8951552937593));
#2748=CARTESIAN_POINT('',(91.0976343180465,-20.7499997764826,72.8951552937593));
#2749=CARTESIAN_POINT('Origin',(91.0976343180465,20.0000002235174,72.8951552937593));
#2750=CARTESIAN_POINT('',(84.0976343180466,20.7500002235174,72.8951552937593));
#2751=CARTESIAN_POINT('',(84.0976343180466,10.0000002235174,72.8951552937593));
#2752=CARTESIAN_POINT('',(118.989634318047,20.7500002235174,72.8951552937593));
#2753=CARTESIAN_POINT('',(118.989634318047,20.7500002235174,72.8951552937593));
#2754=CARTESIAN_POINT('',(91.0976343180465,20.7500002235174,72.8951552937593));
#2755=CARTESIAN_POINT('Origin',(91.0976343180465,20.7500002235174,92.8951552937592));
#2756=CARTESIAN_POINT('',(84.0976343180466,20.7500002235174,88.1451552937592));
#2757=CARTESIAN_POINT('',(118.989634318047,20.7500002235174,93.8951552937592));
#2758=CARTESIAN_POINT('Origin',(84.0976343180466,2.23517417907715E-7,83.3951552937592));
#2759=CARTESIAN_POINT('',(84.0976343180466,7.50000022351742,68.5515358118792));
#2760=CARTESIAN_POINT('',(84.0976343180466,-23.7499997764925,83.3951552937589));
#2761=CARTESIAN_POINT('Origin',(84.0976343180466,-18.913183939888,83.6446824060448));
#2762=CARTESIAN_POINT('Origin',(84.0976343180466,-16.8777024096027,83.673626835881));
#2763=CARTESIAN_POINT('Origin',(96.5578954839481,-14.9999997764826,68.3951552937592));
#2764=CARTESIAN_POINT('',(96.4882970207492,14.9999997764826,68.3923289293171));
#2765=CARTESIAN_POINT('',(96.4882970207492,-15.,68.3923289293171));
#2766=CARTESIAN_POINT('',(64.5450389270977,15.0000002235174,67.0951265962197));
#2767=CARTESIAN_POINT('Origin',(115.167324139627,-26.7499997764826,88.5931214323901));
#2768=CARTESIAN_POINT('',(118.989634318047,-14.1266078180409,88.5931214323901));
#2769=CARTESIAN_POINT('Origin',(118.989634318047,-1.5032158595993,83.3951552937592));
#2770=CARTESIAN_POINT('',(118.989634318047,-22.0084905287419,79.0931213206314));
#2771=CARTESIAN_POINT('',(118.989634318047,-14.126607818041,79.0931213206314));
#2772=CARTESIAN_POINT('Origin',(118.989634318047,-16.8777024096027,83.673626835881));
#2773=CARTESIAN_POINT('Origin',(119.167324199231,-26.7499997764826,79.0931213206314));
#2774=CARTESIAN_POINT('',(91.0976343180465,-22.0084905287419,79.0931213206314));
#2775=CARTESIAN_POINT('Origin',(91.0976343180465,-16.8777024096027,83.673626835881));
#2776=CARTESIAN_POINT('',(91.0976343180465,-23.7499997764925,83.3951552937589));
#2777=CARTESIAN_POINT('Origin',(91.0976343180465,-18.913183939888,83.6446824060448));
#2778=CARTESIAN_POINT('Origin',(91.0976343180465,-29.9999997764826,68.3951552937592));
#2779=CARTESIAN_POINT('',(84.0970229370407,7.50000022351742,68.3951552937592));
#2780=CARTESIAN_POINT('Origin',(96.4882970207492,-15.0000002235174,68.3923289293171));
#2781=CARTESIAN_POINT('',(93.4995556200806,14.9999997764826,62.075653917657));
#2782=CARTESIAN_POINT('Origin',(42.6673223589379,15.0000002235174,-11.4068799757697));
#2783=CARTESIAN_POINT('',(81.0400727456895,15.0000002235174,57.9235642215177));
#2784=CARTESIAN_POINT('',(82.4033904752823,15.0000002235174,60.0968789029275));
#2785=CARTESIAN_POINT('Origin',(64.0976343180466,15.0000002235174,68.5515358118792));
#2786=CARTESIAN_POINT('Origin',(90.4433053247915,15.0000002235174,72.9136013737363));
#2787=CARTESIAN_POINT('',(81.0400727456894,7.50000022351742,57.9235642215177));
#2788=CARTESIAN_POINT('Origin',(64.0976343180466,7.50000022351742,68.5515358118792));
#2789=CARTESIAN_POINT('Origin',(31.,0.,6.));
#2790=CARTESIAN_POINT('',(33.,-2.44929359829471E-16,6.));
#2791=CARTESIAN_POINT('',(33.,-2.44929359829471E-16,3.));
#2792=CARTESIAN_POINT('',(33.,-2.44929359829471E-16,6.));
#2793=CARTESIAN_POINT('',(29.,2.4492935982947E-16,6.));
#2794=CARTESIAN_POINT('Origin',(31.,0.,6.));
#2795=CARTESIAN_POINT('',(29.,2.4492935982947E-16,3.));
#2796=CARTESIAN_POINT('',(29.,0.,6.));
#2797=CARTESIAN_POINT('Origin',(31.,0.,3.));
#2798=CARTESIAN_POINT('Origin',(16.,0.,6.));
#2799=CARTESIAN_POINT('',(18.5,3.06161699786838E-16,6.));
#2800=CARTESIAN_POINT('Origin',(16.,0.,6.));
#2801=CARTESIAN_POINT('',(18.5,3.06161699786838E-16,3.));
#2802=CARTESIAN_POINT('',(18.5,-3.06161699786838E-16,6.));
#2803=CARTESIAN_POINT('Origin',(16.,0.,3.));
#2804=CARTESIAN_POINT('Origin',(16.,0.,3.));
#2805=CARTESIAN_POINT('',(14.5,-1.83697019872103E-16,3.));
#2806=CARTESIAN_POINT('Origin',(16.,0.,3.));
#2807=CARTESIAN_POINT('Origin',(31.,0.,6.));
#2808=CARTESIAN_POINT('Origin',(31.,0.,3.));
#2809=CARTESIAN_POINT('',(29.,0.,6.));
#2810=CARTESIAN_POINT('Origin',(31.,0.,6.));
#2811=CARTESIAN_POINT('Origin',(31.,0.,3.));
#2812=CARTESIAN_POINT('',(29.75,-1.53080849893419E-16,3.));
#2813=CARTESIAN_POINT('Origin',(31.,0.,3.));
#2814=CARTESIAN_POINT('Origin',(27.,0.,6.));
#2815=CARTESIAN_POINT('Origin',(27.,0.,6.));
#2816=CARTESIAN_POINT('Origin',(27.,0.,3.));
#2817=CARTESIAN_POINT('Origin',(27.,0.,3.));
#2818=CARTESIAN_POINT('',(25.75,-1.53080849893419E-16,3.));
#2819=CARTESIAN_POINT('Origin',(27.,0.,3.));
#2820=CARTESIAN_POINT('Origin',(7.,0.,6.));
#2821=CARTESIAN_POINT('',(9.5,3.06161699786838E-16,6.));
#2822=CARTESIAN_POINT('Origin',(7.,0.,6.));
#2823=CARTESIAN_POINT('',(9.5,3.06161699786838E-16,3.));
#2824=CARTESIAN_POINT('',(9.5,-3.06161699786838E-16,6.));
#2825=CARTESIAN_POINT('Origin',(7.,0.,3.));
#2826=CARTESIAN_POINT('Origin',(7.,0.,3.));
#2827=CARTESIAN_POINT('',(5.5,-1.83697019872103E-16,3.));
#2828=CARTESIAN_POINT('Origin',(7.,0.,3.));
#2829=CARTESIAN_POINT('Origin',(27.,0.,-4.5));
#2830=CARTESIAN_POINT('',(25.75,1.53080849893419E-16,1.5));
#2831=CARTESIAN_POINT('Origin',(27.,0.,1.5));
#2832=CARTESIAN_POINT('',(25.75,-1.53080849893419E-16,-4.5));
#2833=CARTESIAN_POINT('Origin',(16.,0.,-4.5));
#2834=CARTESIAN_POINT('',(14.5,1.83697019872103E-16,1.5));
#2835=CARTESIAN_POINT('Origin',(16.,0.,1.5));
#2836=CARTESIAN_POINT('',(14.5,-1.83697019872103E-16,-4.5));
#2837=CARTESIAN_POINT('Origin',(31.,0.,-4.5));
#2838=CARTESIAN_POINT('',(29.75,1.53080849893419E-16,1.5));
#2839=CARTESIAN_POINT('Origin',(31.,0.,1.5));
#2840=CARTESIAN_POINT('',(29.75,-1.53080849893419E-16,-4.5));
#2841=CARTESIAN_POINT('Origin',(30.9644660940673,0.,-4.5));
#2842=CARTESIAN_POINT('',(30.9644660940673,-3.53553390593274,-4.5));
#2843=CARTESIAN_POINT('',(30.9644660940673,3.53553390593274,-4.5));
#2844=CARTESIAN_POINT('Origin',(30.9644660940673,0.,-4.5));
#2845=CARTESIAN_POINT('',(30.9644660940673,-3.53553390593274,1.5));
#2846=CARTESIAN_POINT('',(30.9644660940673,-3.53553390593274,-4.5));
#2847=CARTESIAN_POINT('',(30.9644660940673,3.53553390593274,1.5));
#2848=CARTESIAN_POINT('Origin',(30.9644660940673,0.,1.5));
#2849=CARTESIAN_POINT('',(30.9644660940673,3.53553390593274,-4.5));
#2850=CARTESIAN_POINT('Origin',(19.,-3.5,-4.5));
#2851=CARTESIAN_POINT('',(19.,-3.5,-4.5));
#2852=CARTESIAN_POINT('',(12.9948555507843,-3.4821650012384,-4.5));
#2853=CARTESIAN_POINT('',(19.,-3.5,1.5));
#2854=CARTESIAN_POINT('',(19.,-3.5,-4.5));
#2855=CARTESIAN_POINT('',(19.,-3.5,1.5));
#2856=CARTESIAN_POINT('Origin',(24.2917551638942,-34.0950003739867,-4.5));
#2857=CARTESIAN_POINT('',(12.4093668760771,-5.40936687607709,-4.5));
#2858=CARTESIAN_POINT('Origin',(24.2917551638942,-34.0950003739867,-4.5));
#2859=CARTESIAN_POINT('',(12.4093668760771,-5.40936687607709,1.5));
#2860=CARTESIAN_POINT('',(12.4093668760771,-5.40936687607709,-4.5));
#2861=CARTESIAN_POINT('Origin',(24.2917551638942,-34.0950003739867,1.5));
#2862=CARTESIAN_POINT('Origin',(7.,0.,-4.5));
#2863=CARTESIAN_POINT('',(12.4093668760771,5.40936687607708,-4.5));
#2864=CARTESIAN_POINT('Origin',(7.,0.,-4.5));
#2865=CARTESIAN_POINT('',(12.4093668760771,5.40936687607708,1.5));
#2866=CARTESIAN_POINT('',(12.4093668760771,5.40936687607708,-4.5));
#2867=CARTESIAN_POINT('Origin',(7.,0.,1.5));
#2868=CARTESIAN_POINT('Origin',(24.2917551638941,34.0950003739863,-4.5));
#2869=CARTESIAN_POINT('',(19.,3.5,-4.5));
#2870=CARTESIAN_POINT('Origin',(24.2917551638941,34.0950003739863,-4.5));
#2871=CARTESIAN_POINT('',(19.,3.5,1.5));
#2872=CARTESIAN_POINT('',(19.,3.5,-4.5));
#2873=CARTESIAN_POINT('Origin',(24.2917551638941,34.0950003739863,1.5));
#2874=CARTESIAN_POINT('Origin',(30.9644660940673,3.53553390593274,-4.5));
#2875=CARTESIAN_POINT('',(18.9770885978179,3.49993195420477,-4.5));
#2876=CARTESIAN_POINT('',(19.,3.5,1.5));
#2877=CARTESIAN_POINT('Origin',(16.925,0.,1.5));
#2878=CARTESIAN_POINT('',(5.5,1.83697019872103E-16,1.5));
#2879=CARTESIAN_POINT('Origin',(7.,0.,1.5));
#2880=CARTESIAN_POINT('Origin',(7.,0.,-4.5));
#2881=CARTESIAN_POINT('',(46.2050386020555,-15.0000002235174,-4.5));
#2882=CARTESIAN_POINT('',(46.2050386020555,15.0000002235174,-4.5));
#2883=CARTESIAN_POINT('',(46.2050386020555,7.50000011175871,-4.5));
#2884=CARTESIAN_POINT('',(7.,-15.0000002235174,-4.5));
#2885=CARTESIAN_POINT('',(0.,-15.0000002235174,-4.5));
#2886=CARTESIAN_POINT('',(7.,15.0000002235174,-4.5));
#2887=CARTESIAN_POINT('Origin',(7.,0.,-4.5));
#2888=CARTESIAN_POINT('',(40.,15.0000002235174,-4.5));
#2889=CARTESIAN_POINT('Origin',(72.2769032334517,6.5247844385011,18.8347139674133));
#2890=CARTESIAN_POINT('',(75.4652947105602,8.5247844385011,23.9174454957061));
#2891=CARTESIAN_POINT('',(77.1595385533244,6.5247844385011,22.8546483366699));
#2892=CARTESIAN_POINT('Origin',(75.4652947105602,6.5247844385011,23.9174454957061));
#2893=CARTESIAN_POINT('',(72.9083499171797,6.5247844385011,16.0776729656128));
#2894=CARTESIAN_POINT('',(73.9711470762159,6.5247844385011,17.7719168083771));
#2895=CARTESIAN_POINT('',(71.2141060744155,8.5247844385011,17.140470124649));
#2896=CARTESIAN_POINT('Origin',(71.2141060744155,6.5247844385011,17.140470124649));
#2897=CARTESIAN_POINT('',(72.2769032334517,8.5247844385011,18.8347139674133));
#2898=CARTESIAN_POINT('Origin',(75.0339442352521,7.0247844385011,19.4661606511414));
#2899=CARTESIAN_POINT('',(77.1595385533244,-6.4752155614989,22.8546483366699));
#2900=CARTESIAN_POINT('',(77.1595385533244,5.5247844385011,22.8546483366699));
#2901=CARTESIAN_POINT('',(72.9083499171797,-6.4752155614989,16.0776729656128));
#2902=CARTESIAN_POINT('',(76.0967413942883,-6.4752155614989,21.1604044939056));
#2903=CARTESIAN_POINT('',(72.9083499171797,5.5247844385011,16.0776729656128));
#2904=CARTESIAN_POINT('Origin',(71.2296851036495,8.5247844385011,26.5744383932965));
#2905=CARTESIAN_POINT('',(71.2296851036495,8.5247844385011,26.5744383932965));
#2906=CARTESIAN_POINT('',(71.2296851036495,8.5247844385011,26.5744383932965));
#2907=CARTESIAN_POINT('',(71.2296851036495,5.5247844385011,26.5744383932965));
#2908=CARTESIAN_POINT('',(71.2296851036495,11.7623923310093,26.5744383932965));
#2909=CARTESIAN_POINT('',(75.4451292448471,5.5247844385011,23.9300952685012));
#2910=CARTESIAN_POINT('',(71.2296851036495,5.5247844385011,26.5744383932965));
#2911=CARTESIAN_POINT('',(75.4451292448471,-5.4752155614989,23.9300952685012));
#2912=CARTESIAN_POINT('',(75.4451292448471,5.5247844385011,23.9300952685012));
#2913=CARTESIAN_POINT('',(71.2296851036495,-5.4752155614989,26.5744383932965));
#2914=CARTESIAN_POINT('',(71.2296851036495,-5.4752155614989,26.5744383932965));
#2915=CARTESIAN_POINT('',(71.2296851036495,-8.4752155614989,26.5744383932965));
#2916=CARTESIAN_POINT('',(71.2296851036495,4.76239233100926,26.5744383932965));
#2917=CARTESIAN_POINT('',(75.4652947105602,-8.4752155614989,23.9174454957061));
#2918=CARTESIAN_POINT('',(76.3124166319423,-8.4752155614989,23.386046916188));
#2919=CARTESIAN_POINT('Origin',(75.4652947105602,-6.4752155614989,23.9174454957061));
#2920=CARTESIAN_POINT('Origin',(74.402497551524,-6.4752155614989,22.2232016529418));
#2921=CARTESIAN_POINT('',(71.2141060744155,-8.4752155614989,17.140470124649));
#2922=CARTESIAN_POINT('Origin',(71.2141060744155,-6.4752155614989,17.140470124649));
#2923=CARTESIAN_POINT('',(74.402497551524,-8.4752155614989,22.2232016529418));
#2924=CARTESIAN_POINT('Origin',(75.4451292448471,5.5247844385011,23.9300952685012));
#2925=CARTESIAN_POINT('',(71.1939406087024,-5.4752155614989,17.1531198974441));
#2926=CARTESIAN_POINT('',(73.3195349267748,-5.4752155614989,20.5416075829726));
#2927=CARTESIAN_POINT('',(71.1939406087024,5.5247844385011,17.1531198974441));
#2928=CARTESIAN_POINT('',(75.4451292448471,5.5247844385011,23.9300952685012));
#2929=CARTESIAN_POINT('',(71.1939406087024,5.5247844385011,17.1531198974441));
#2930=CARTESIAN_POINT('Origin',(71.2296851036495,5.5247844385011,26.5744383932965));
#2931=CARTESIAN_POINT('',(66.9784964675048,5.5247844385011,19.7974630222394));
#2932=CARTESIAN_POINT('',(62.6499158269872,5.5247844385011,12.8971142249615));
#2933=CARTESIAN_POINT('',(66.9784964675048,5.5247844385011,19.7974630222394));
#2934=CARTESIAN_POINT('Origin',(66.9784964675048,-5.4752155614989,19.7974630222394));
#2935=CARTESIAN_POINT('',(66.9784964675048,-5.4752155614989,19.7974630222394));
#2936=CARTESIAN_POINT('',(66.9784964675048,-5.4752155614989,19.7974630222394));
#2937=CARTESIAN_POINT('',(60.5243215089149,-5.4752155614989,9.50862653943299));
#2938=CARTESIAN_POINT('Origin',(66.9784964675048,8.5247844385011,19.7974630222394));
#2939=CARTESIAN_POINT('',(66.9784964675048,8.5247844385011,19.7974630222394));
#2940=CARTESIAN_POINT('',(66.9784964675048,8.5247844385011,19.7974630222394));
#2941=CARTESIAN_POINT('',(60.5243215089149,8.5247844385011,9.508626539433));
#2942=CARTESIAN_POINT('Origin',(66.9784964675048,5.5247844385011,19.7974630222394));
#2943=CARTESIAN_POINT('',(66.9784964675048,-8.4752155614989,19.7974630222394));
#2944=CARTESIAN_POINT('',(66.9784964675048,-8.4752155614989,19.7974630222394));
#2945=CARTESIAN_POINT('',(66.9784964675048,3.26239233100926,19.7974630222394));
#2946=CARTESIAN_POINT('',(66.9784964675048,10.2623923310093,19.7974630222394));
#2947=CARTESIAN_POINT('Origin',(71.2296851036495,-8.4752155614989,26.5744383932965));
#2948=CARTESIAN_POINT('',(62.6499158269872,-8.4752155614989,12.8971142249615));
#2949=CARTESIAN_POINT('Origin',(63.7867935444456,2.23517417907715E-7,58.5719840423467));
#2950=CARTESIAN_POINT('',(83.5319237552775,-15.0000002235174,46.1858872107166));
#2951=CARTESIAN_POINT('',(83.5319237552775,15.0000002235174,46.1858872107167));
#2952=CARTESIAN_POINT('',(83.5319237552774,7.50000022351742,46.1858872107167));
#2953=CARTESIAN_POINT('',(76.4599072505561,15.0000002235174,50.6221548011077));
#2954=CARTESIAN_POINT('',(71.959784301739,15.0000002235174,53.4450766052755));
#2955=CARTESIAN_POINT('',(76.4599072505558,-15.0000002235174,50.6221548011079));
#2956=CARTESIAN_POINT('',(76.4599072505562,7.50000022351742,50.6221548011077));
#2957=CARTESIAN_POINT('',(57.6074733080157,-15.0000002235174,62.4482643192975));
#2958=CARTESIAN_POINT('Origin',(7.,-15.0000002235174,-4.5));
#2959=CARTESIAN_POINT('',(51.40801348103,-15.0000002235174,10.6860142048194));
#2960=CARTESIAN_POINT('',(49.1351737128494,-15.0000002235174,7.06279715903613));
#2961=CARTESIAN_POINT('',(42.9367942672089,-15.0000002235174,6.));
#2962=CARTESIAN_POINT('Origin',(42.9367942672089,-15.0000002235174,16.));
#2963=CARTESIAN_POINT('',(7.,-15.0000002235174,6.));
#2964=CARTESIAN_POINT('',(7.,-15.0000002235174,6.));
#2965=CARTESIAN_POINT('',(7.,-15.0000002235174,0.));
#2966=CARTESIAN_POINT('',(54.676257815877,-15.0000002235174,0.186014204819105));
#2967=CARTESIAN_POINT('Origin',(46.2050386020555,-15.0000002235174,5.5));
#2968=CARTESIAN_POINT('',(67.6019877634749,-15.0000002235174,20.7913933129189));
#2969=CARTESIAN_POINT('',(57.9650624597283,-15.0000002235174,7.40749347852888));
#2970=CARTESIAN_POINT('',(55.3999987617135,-15.0000002235174,3.25538352193117));
#2971=CARTESIAN_POINT('',(47.2960231077319,-15.0000002235174,-9.86265250460659));
#2972=CARTESIAN_POINT('',(55.3999987617135,-15.0000002235174,3.31843157267942));
#2973=CARTESIAN_POINT('',(55.3999987617135,-15.0000002235174,22.9505088173822));
#2974=CARTESIAN_POINT('',(57.9650624597283,-15.0000002235174,7.40749347852888));
#2975=CARTESIAN_POINT('Origin',(94.7759829658536,15.0000002235174,79.820481349506));
#2976=CARTESIAN_POINT('',(51.4080134810303,15.0000002235174,10.6860142048192));
#2977=CARTESIAN_POINT('',(86.7360681163444,15.0000002235174,67.0037588786973));
#2978=CARTESIAN_POINT('',(51.4080134810303,7.50000011175871,10.6860142048192));
#2979=CARTESIAN_POINT('Origin',(47.,15.0000002235174,-4.5));
#2980=CARTESIAN_POINT('',(54.676257815877,15.0000002235174,0.186014204819114));
#2981=CARTESIAN_POINT('',(73.2496767697515,15.0000002235174,29.7945810269408));
#2982=CARTESIAN_POINT('Origin',(46.2050386020555,15.0000002235174,5.5));
#2983=CARTESIAN_POINT('',(7.,15.0000002235174,6.));
#2984=CARTESIAN_POINT('',(7.,15.0000002235174,0.));
#2985=CARTESIAN_POINT('',(42.9367942672089,15.0000002235174,6.));
#2986=CARTESIAN_POINT('',(27.,15.0000002235174,6.));
#2987=CARTESIAN_POINT('Origin',(42.9367942672089,15.0000002235174,16.));
#2988=CARTESIAN_POINT('',(57.9650624597283,15.0000002235174,7.40749347852888));
#2989=CARTESIAN_POINT('',(55.3999987617135,15.0000002235174,3.31843157267942));
#2990=CARTESIAN_POINT('',(57.9650624597283,15.0000002235174,7.40749347852888));
#2991=CARTESIAN_POINT('',(55.3999987617135,15.0000002235174,3.25538352193117));
#2992=CARTESIAN_POINT('',(55.3999987617135,15.0000002235174,22.9505088173822));
#2993=CARTESIAN_POINT('',(52.8205158571475,15.0000002235174,-0.920067036747383));
#2994=CARTESIAN_POINT('Origin',(42.9367942672089,7.50000011175871,16.));
#2995=CARTESIAN_POINT('',(42.9367942672089,7.50000011175871,6.));
#2996=CARTESIAN_POINT('Origin',(46.2050386020555,7.50000011175871,5.5));
#2997=CARTESIAN_POINT('',(54.6762578158768,7.50000011175871,0.186014204819178));
#2998=CARTESIAN_POINT('Origin',(54.070146550325,15.0000002235174,-0.780209943373413));
#2999=CARTESIAN_POINT('Origin',(57.9650624597283,15.0000002235174,7.40749347852888));
#3000=CARTESIAN_POINT('',(55.3999987617135,7.50000022351742,3.31843157267942));
#3001=CARTESIAN_POINT('',(57.9650624597283,-15.0000002235174,7.40749347852888));
#3002=CARTESIAN_POINT('Origin',(55.3999987617135,2.23517417907715E-7,50.4010176347645));
#3003=CARTESIAN_POINT('',(55.3999987617135,-7.5,3.25538352193118));
#3004=CARTESIAN_POINT('Origin',(57.9625510266311,-15.0000002235174,7.40342818129038));
#3005=CARTESIAN_POINT('Origin',(7.,0.,6.));
#3006=CARTESIAN_POINT('Origin',(7.,0.,6.));
#3007=CARTESIAN_POINT('Origin',(7.,0.,0.));
#3008=CARTESIAN_POINT('Origin',(7.,0.,0.));
#3009=CARTESIAN_POINT('',(5.5,-1.83697019872103E-16,0.));
#3010=UNCERTAINTY_MEASURE_WITH_UNIT(LENGTH_MEASURE(0.01),#3014,
'DISTANCE_ACCURACY_VALUE',
'Maximum model space distance between geometric entities at asserted c
onnectivities');
#3011=UNCERTAINTY_MEASURE_WITH_UNIT(LENGTH_MEASURE(0.01),#3014,
'DISTANCE_ACCURACY_VALUE',
'Maximum model space distance between geometric entities at asserted c
onnectivities');
#3012=(
GEOMETRIC_REPRESENTATION_CONTEXT(3)
GLOBAL_UNCERTAINTY_ASSIGNED_CONTEXT((#3010))
GLOBAL_UNIT_ASSIGNED_CONTEXT((#3014,#3016,#3017))
REPRESENTATION_CONTEXT('','3D')
);
#3013=(
GEOMETRIC_REPRESENTATION_CONTEXT(3)
GLOBAL_UNCERTAINTY_ASSIGNED_CONTEXT((#3011))
GLOBAL_UNIT_ASSIGNED_CONTEXT((#3014,#3016,#3017))
REPRESENTATION_CONTEXT('','3D')
);
#3014=(
LENGTH_UNIT()
NAMED_UNIT(*)
SI_UNIT(.MILLI.,.METRE.)
);
#3015=(
LENGTH_UNIT()
NAMED_UNIT(*)
SI_UNIT($,.METRE.)
);
#3016=(
NAMED_UNIT(*)
PLANE_ANGLE_UNIT()
SI_UNIT($,.RADIAN.)
);
#3017=(
NAMED_UNIT(*)
SI_UNIT($,.STERADIAN.)
SOLID_ANGLE_UNIT()
);
#3018=SHAPE_DEFINITION_REPRESENTATION(#3019,#3020);
#3019=PRODUCT_DEFINITION_SHAPE('',$,#3022);
#3020=SHAPE_REPRESENTATION('',(#1800),#3012);
#3021=PRODUCT_DEFINITION_CONTEXT('part definition',#3026,'design');
#3022=PRODUCT_DEFINITION('GYRA PITCH BRACKET','GYRA PITCH BRACKET v4',#3023,
#3021);
#3023=PRODUCT_DEFINITION_FORMATION('',$,#3028);
#3024=PRODUCT_RELATED_PRODUCT_CATEGORY('GYRA PITCH BRACKET v4',
'GYRA PITCH BRACKET v4',(#3028));
#3025=APPLICATION_PROTOCOL_DEFINITION('international standard',
'automotive_design',2009,#3026);
#3026=APPLICATION_CONTEXT(
'Core Data for Automotive Mechanical Design Process');
#3027=PRODUCT_CONTEXT('part definition',#3026,'mechanical');
#3028=PRODUCT('GYRA PITCH BRACKET','GYRA PITCH BRACKET v4',$,(#3027));
#3029=PRESENTATION_STYLE_ASSIGNMENT((#3030));
#3030=SURFACE_STYLE_USAGE(.BOTH.,#3031);
#3031=SURFACE_SIDE_STYLE('',(#3032));
#3032=SURFACE_STYLE_FILL_AREA(#3033);
#3033=FILL_AREA_STYLE('Plastic - Glossy (White)',(#3034));
#3034=FILL_AREA_STYLE_COLOUR('Plastic - Glossy (White)',#3035);
#3035=COLOUR_RGB('Plastic - Glossy (White)',0.964705882352941,0.964705882352941,
0.952941176470588);
ENDSEC;
END-ISO-10303-21;
