ISO-10303-21;
HEADER;
/* Generated by software containing ST-Developer
 * from STEP Tools, Inc. (www.steptools.com) 
 */

FILE_DESCRIPTION(
/* description */ (''),
/* implementation_level */ '2;1');

FILE_NAME(
/* name */ 'GYRA BASE PCB ENCLOSYRE v9.step',
/* time_stamp */ '2026-05-28T20:22:36+05:30',
/* author */ (''),
/* organization */ (''),
/* preprocessor_version */ 'ST-DEVELOPER v20.1',
/* originating_system */ 'Autodesk Translation Framework v15.8.0.0',
/* authorisation */ '');

FILE_SCHEMA (('AUTOMOTIVE_DESIGN { 1 0 10303 214 3 1 1 }'));
ENDSEC;

DATA;
#10=MECHANICAL_DESIGN_GEOMETRIC_PRESENTATION_REPRESENTATION('',(#13),#3031);
#11=SHAPE_REPRESENTATION_RELATIONSHIP('SRR','None',#3038,#12);
#12=ADVANCED_BREP_SHAPE_REPRESENTATION('',(#14),#3030);
#13=STYLED_ITEM('',(#3047),#14);
#14=MANIFOLD_SOLID_BREP('Body1',#1216);
#15=FACE_BOUND('',#159,.T.);
#16=FACE_BOUND('',#160,.T.);
#17=FACE_BOUND('',#161,.T.);
#18=FACE_BOUND('',#162,.T.);
#19=FACE_BOUND('',#163,.T.);
#20=FACE_BOUND('',#169,.T.);
#21=FACE_BOUND('',#217,.T.);
#22=FACE_BOUND('',#218,.T.);
#23=FACE_BOUND('',#220,.T.);
#24=FACE_BOUND('',#235,.T.);
#25=FACE_BOUND('',#236,.T.);
#26=B_SPLINE_SURFACE_WITH_KNOTS('',3,3,((#1580,#1581,#1582,#1583),(#1584,
#1585,#1586,#1587),(#1588,#1589,#1590,#1591),(#1592,#1593,#1594,#1595),
(#1596,#1597,#1598,#1599),(#1600,#1601,#1602,#1603),(#1604,#1605,#1606,
#1607)),.UNSPECIFIED.,.F.,.F.,.F.,(4,1,1,1,4),(4,4),(0.,0.285714285714286,
0.571428571428571,0.785714285714286,1.),(-2.01405016328734E-15,5.7271244362639),
 .UNSPECIFIED.);
#27=B_SPLINE_SURFACE_WITH_KNOTS('',3,3,((#1778,#1779,#1780,#1781),(#1782,
#1783,#1784,#1785),(#1786,#1787,#1788,#1789),(#1790,#1791,#1792,#1793),
(#1794,#1795,#1796,#1797),(#1798,#1799,#1800,#1801),(#1802,#1803,#1804,
#1805)),.UNSPECIFIED.,.F.,.F.,.F.,(4,1,1,1,4),(4,4),(0.,0.285714285714286,
0.571428571428571,0.785714285714286,1.),(-3.2982181962365E-17,5.72664315374031),
 .UNSPECIFIED.);
#28=B_SPLINE_SURFACE_WITH_KNOTS('',3,3,((#1962,#1963,#1964,#1965),(#1966,
#1967,#1968,#1969),(#1970,#1971,#1972,#1973),(#1974,#1975,#1976,#1977),
(#1978,#1979,#1980,#1981),(#1982,#1983,#1984,#1985),(#1986,#1987,#1988,
#1989)),.UNSPECIFIED.,.F.,.F.,.F.,(4,1,1,1,4),(4,4),(0.,0.285714285714286,
0.571428571428571,0.785714285714286,1.),(-8.72955137398876E-15,5.72664315374031),
 .UNSPECIFIED.);
#29=B_SPLINE_SURFACE_WITH_KNOTS('',3,3,((#2009,#2010,#2011,#2012),(#2013,
#2014,#2015,#2016),(#2017,#2018,#2019,#2020),(#2021,#2022,#2023,#2024),
(#2025,#2026,#2027,#2028),(#2029,#2030,#2031,#2032),(#2033,#2034,#2035,
#2036)),.UNSPECIFIED.,.F.,.F.,.F.,(4,1,1,1,4),(4,4),(0.,0.285714285714286,
0.571428571428571,0.785714285714286,1.),(-1.11023076052371E-14,1.802775637732),
 .UNSPECIFIED.);
#30=B_SPLINE_SURFACE_WITH_KNOTS('',3,3,((#2056,#2057,#2058,#2059),(#2060,
#2061,#2062,#2063),(#2064,#2065,#2066,#2067),(#2068,#2069,#2070,#2071),
(#2072,#2073,#2074,#2075),(#2076,#2077,#2078,#2079),(#2080,#2081,#2082,
#2083)),.UNSPECIFIED.,.F.,.F.,.F.,(4,1,1,1,4),(4,4),(0.,0.285714285714286,
0.571428571428571,0.785714285714286,1.),(8.88178419700125E-16,1.802775637732),
 .UNSPECIFIED.);
#31=B_SPLINE_SURFACE_WITH_KNOTS('',3,3,((#2103,#2104,#2105,#2106),(#2107,
#2108,#2109,#2110),(#2111,#2112,#2113,#2114),(#2115,#2116,#2117,#2118),
(#2119,#2120,#2121,#2122),(#2123,#2124,#2125,#2126),(#2127,#2128,#2129,
#2130)),.UNSPECIFIED.,.F.,.F.,.F.,(4,1,1,1,4),(4,4),(0.,0.285714285714286,
0.571428571428571,0.785714285714286,1.),(-6.55031584528842E-15,5.72712443626391),
 .UNSPECIFIED.);
#32=B_SPLINE_SURFACE_WITH_KNOTS('',3,3,((#2135,#2136,#2137,#2138),(#2139,
#2140,#2141,#2142),(#2143,#2144,#2145,#2146),(#2147,#2148,#2149,#2150),
(#2151,#2152,#2153,#2154),(#2155,#2156,#2157,#2158),(#2159,#2160,#2161,
#2162)),.UNSPECIFIED.,.F.,.F.,.F.,(4,1,1,1,4),(4,4),(0.,0.285714285714286,
0.571428571428571,0.785714285714286,1.),(-3.55131888128119E-15,5.72664315374031),
 .UNSPECIFIED.);
#33=B_SPLINE_SURFACE_WITH_KNOTS('',3,3,((#2182,#2183,#2184,#2185),(#2186,
#2187,#2188,#2189),(#2190,#2191,#2192,#2193),(#2194,#2195,#2196,#2197),
(#2198,#2199,#2200,#2201),(#2202,#2203,#2204,#2205),(#2206,#2207,#2208,
#2209)),.UNSPECIFIED.,.F.,.F.,.F.,(4,1,1,1,4),(4,4),(0.,0.285714285714286,
0.571428571428571,0.785714285714286,1.),(-2.46894367621723E-15,1.802775637732),
 .UNSPECIFIED.);
#34=B_SPLINE_SURFACE_WITH_KNOTS('',3,3,((#2229,#2230,#2231,#2232),(#2233,
#2234,#2235,#2236),(#2237,#2238,#2239,#2240),(#2241,#2242,#2243,#2244),
(#2245,#2246,#2247,#2248),(#2249,#2250,#2251,#2252),(#2253,#2254,#2255,
#2256)),.UNSPECIFIED.,.F.,.F.,.F.,(4,1,1,1,4),(4,4),(0.,0.285714285714286,
0.571428571428571,0.785714285714286,1.),(-4.86646843385785E-15,1.80277563773199),
 .UNSPECIFIED.);
#35=B_SPLINE_SURFACE_WITH_KNOTS('',3,3,((#2276,#2277,#2278,#2279),(#2280,
#2281,#2282,#2283),(#2284,#2285,#2286,#2287),(#2288,#2289,#2290,#2291),
(#2292,#2293,#2294,#2295),(#2296,#2297,#2298,#2299),(#2300,#2301,#2302,
#2303)),.UNSPECIFIED.,.F.,.F.,.F.,(4,1,1,1,4),(4,4),(0.,0.285714285714286,
0.571428571428571,0.785714285714286,1.),(-8.88178419700125E-16,5.72712443626391),
 .UNSPECIFIED.);
#36=B_SPLINE_SURFACE_WITH_KNOTS('',3,3,((#2308,#2309,#2310,#2311),(#2312,
#2313,#2314,#2315),(#2316,#2317,#2318,#2319),(#2320,#2321,#2322,#2323),
(#2324,#2325,#2326,#2327),(#2328,#2329,#2330,#2331),(#2332,#2333,#2334,
#2335)),.UNSPECIFIED.,.F.,.F.,.F.,(4,1,1,1,4),(4,4),(0.,0.285714285714286,
0.571428571428571,0.785714285714286,1.),(1.11022302462516E-15,1.95007448193633),
 .UNSPECIFIED.);
#37=B_SPLINE_SURFACE_WITH_KNOTS('',3,3,((#2366,#2367,#2368,#2369),(#2370,
#2371,#2372,#2373),(#2374,#2375,#2376,#2377),(#2378,#2379,#2380,#2381),
(#2382,#2383,#2384,#2385),(#2386,#2387,#2388,#2389),(#2390,#2391,#2392,
#2393)),.UNSPECIFIED.,.F.,.F.,.F.,(4,1,1,1,4),(4,4),(0.,0.285714285714286,
0.571428571428571,0.785714285714286,1.),(-1.80146459358108E-16,5.72712443626391),
 .UNSPECIFIED.);
#38=B_SPLINE_SURFACE_WITH_KNOTS('',3,3,((#2417,#2418,#2419,#2420),(#2421,
#2422,#2423,#2424),(#2425,#2426,#2427,#2428),(#2429,#2430,#2431,#2432),
(#2433,#2434,#2435,#2436),(#2437,#2438,#2439,#2440),(#2441,#2442,#2443,
#2444)),.UNSPECIFIED.,.F.,.F.,.F.,(4,1,1,1,4),(4,4),(0.,0.285714285714286,
0.571428571428571,0.785714285714286,1.),(-7.25336857510503E-15,5.96228372292418),
 .UNSPECIFIED.);
#39=B_SPLINE_SURFACE_WITH_KNOTS('',3,3,((#2466,#2467,#2468,#2469),(#2470,
#2471,#2472,#2473),(#2474,#2475,#2476,#2477),(#2478,#2479,#2480,#2481),
(#2482,#2483,#2484,#2485),(#2486,#2487,#2488,#2489),(#2490,#2491,#2492,
#2493)),.UNSPECIFIED.,.F.,.F.,.F.,(4,1,1,1,4),(4,4),(0.,0.285714285714286,
0.571428571428571,0.785714285714286,1.),(-1.33226762955019E-15,1.80277563773199),
 .UNSPECIFIED.);
#40=B_SPLINE_SURFACE_WITH_KNOTS('',3,3,((#2513,#2514,#2515,#2516),(#2517,
#2518,#2519,#2520),(#2521,#2522,#2523,#2524),(#2525,#2526,#2527,#2528),
(#2529,#2530,#2531,#2532),(#2533,#2534,#2535,#2536),(#2537,#2538,#2539,
#2540)),.UNSPECIFIED.,.F.,.F.,.F.,(4,1,1,1,4),(4,4),(0.,0.285714285714286,
0.571428571428571,0.785714285714286,1.),(-3.77475828372553E-15,1.802775637732),
 .UNSPECIFIED.);
#41=B_SPLINE_SURFACE_WITH_KNOTS('',3,3,((#2560,#2561,#2562,#2563),(#2564,
#2565,#2566,#2567),(#2568,#2569,#2570,#2571),(#2572,#2573,#2574,#2575),
(#2576,#2577,#2578,#2579),(#2580,#2581,#2582,#2583),(#2584,#2585,#2586,
#2587)),.UNSPECIFIED.,.F.,.F.,.F.,(4,1,1,1,4),(4,4),(0.,0.285714285714286,
0.571428571428571,0.785714285714286,1.),(-7.105427357601E-15,5.7271244362639),
 .UNSPECIFIED.);
#42=B_SPLINE_SURFACE_WITH_KNOTS('',3,3,((#2603,#2604,#2605,#2606),(#2607,
#2608,#2609,#2610),(#2611,#2612,#2613,#2614),(#2615,#2616,#2617,#2618),
(#2619,#2620,#2621,#2622),(#2623,#2624,#2625,#2626),(#2627,#2628,#2629,
#2630)),.UNSPECIFIED.,.F.,.F.,.F.,(4,1,1,1,4),(4,4),(0.,0.285714285714286,
0.571428571428571,0.785714285714286,1.),(-2.01633971663124E-15,5.72664315374031),
 .UNSPECIFIED.);
#43=B_SPLINE_SURFACE_WITH_KNOTS('',3,3,((#2650,#2651,#2652,#2653),(#2654,
#2655,#2656,#2657),(#2658,#2659,#2660,#2661),(#2662,#2663,#2664,#2665),
(#2666,#2667,#2668,#2669),(#2670,#2671,#2672,#2673),(#2674,#2675,#2676,
#2677)),.UNSPECIFIED.,.F.,.F.,.F.,(4,1,1,1,4),(4,4),(0.,0.285714285714286,
0.571428571428571,0.785714285714286,1.),(6.80840824502556E-16,1.802775637732),
 .UNSPECIFIED.);
#44=B_SPLINE_SURFACE_WITH_KNOTS('',3,3,((#2697,#2698,#2699,#2700),(#2701,
#2702,#2703,#2704),(#2705,#2706,#2707,#2708),(#2709,#2710,#2711,#2712),
(#2713,#2714,#2715,#2716),(#2717,#2718,#2719,#2720),(#2721,#2722,#2723,
#2724)),.UNSPECIFIED.,.F.,.F.,.F.,(4,1,1,1,4),(4,4),(0.,0.285714285714286,
0.571428571428571,0.785714285714286,1.),(-6.66133814775094E-16,1.802775637732),
 .UNSPECIFIED.);
#45=B_SPLINE_SURFACE_WITH_KNOTS('',3,3,((#2729,#2730,#2731,#2732),(#2733,
#2734,#2735,#2736),(#2737,#2738,#2739,#2740),(#2741,#2742,#2743,#2744),
(#2745,#2746,#2747,#2748),(#2749,#2750,#2751,#2752),(#2753,#2754,#2755,
#2756)),.UNSPECIFIED.,.F.,.F.,.F.,(4,1,1,1,4),(4,4),(0.,0.285714285714286,
0.571428571428571,0.785714285714286,1.),(-5.431862339802E-15,5.72664315374031),
 .UNSPECIFIED.);
#46=B_SPLINE_SURFACE_WITH_KNOTS('',3,3,((#2776,#2777,#2778,#2779),(#2780,
#2781,#2782,#2783),(#2784,#2785,#2786,#2787),(#2788,#2789,#2790,#2791),
(#2792,#2793,#2794,#2795),(#2796,#2797,#2798,#2799),(#2800,#2801,#2802,
#2803)),.UNSPECIFIED.,.F.,.F.,.F.,(4,1,1,1,4),(4,4),(0.,0.285714285714286,
0.571428571428571,0.785714285714286,1.),(-3.54305346667209E-15,1.802775637732),
 .UNSPECIFIED.);
#47=B_SPLINE_SURFACE_WITH_KNOTS('',3,3,((#2823,#2824,#2825,#2826),(#2827,
#2828,#2829,#2830),(#2831,#2832,#2833,#2834),(#2835,#2836,#2837,#2838),
(#2839,#2840,#2841,#2842),(#2843,#2844,#2845,#2846),(#2847,#2848,#2849,
#2850)),.UNSPECIFIED.,.F.,.F.,.F.,(4,1,1,1,4),(4,4),(0.,0.285714285714286,
0.571428571428571,0.785714285714286,1.),(3.5527136788005E-15,1.802775637732),
 .UNSPECIFIED.);
#48=B_SPLINE_SURFACE_WITH_KNOTS('',3,3,((#2870,#2871,#2872,#2873),(#2874,
#2875,#2876,#2877),(#2878,#2879,#2880,#2881),(#2882,#2883,#2884,#2885),
(#2886,#2887,#2888,#2889),(#2890,#2891,#2892,#2893),(#2894,#2895,#2896,
#2897)),.UNSPECIFIED.,.F.,.F.,.F.,(4,1,1,1,4),(4,4),(0.,0.285714285714286,
0.571428571428571,0.785714285714286,1.),(-8.55140230055671E-16,5.72712443626391),
 .UNSPECIFIED.);
#49=PLANE('',#1232);
#50=PLANE('',#1233);
#51=PLANE('',#1254);
#52=PLANE('',#1255);
#53=PLANE('',#1256);
#54=PLANE('',#1257);
#55=PLANE('',#1258);
#56=PLANE('',#1259);
#57=PLANE('',#1260);
#58=PLANE('',#1261);
#59=PLANE('',#1262);
#60=PLANE('',#1263);
#61=PLANE('',#1266);
#62=PLANE('',#1267);
#63=PLANE('',#1268);
#64=PLANE('',#1269);
#65=PLANE('',#1270);
#66=PLANE('',#1271);
#67=PLANE('',#1272);
#68=PLANE('',#1273);
#69=PLANE('',#1274);
#70=PLANE('',#1275);
#71=PLANE('',#1276);
#72=PLANE('',#1277);
#73=PLANE('',#1278);
#74=PLANE('',#1279);
#75=PLANE('',#1282);
#76=PLANE('',#1283);
#77=PLANE('',#1284);
#78=PLANE('',#1285);
#79=PLANE('',#1288);
#80=PLANE('',#1291);
#81=PLANE('',#1294);
#82=PLANE('',#1297);
#83=PLANE('',#1302);
#84=FACE_OUTER_BOUND('',#155,.T.);
#85=FACE_OUTER_BOUND('',#156,.T.);
#86=FACE_OUTER_BOUND('',#157,.T.);
#87=FACE_OUTER_BOUND('',#158,.T.);
#88=FACE_OUTER_BOUND('',#164,.T.);
#89=FACE_OUTER_BOUND('',#165,.T.);
#90=FACE_OUTER_BOUND('',#166,.T.);
#91=FACE_OUTER_BOUND('',#167,.T.);
#92=FACE_OUTER_BOUND('',#168,.T.);
#93=FACE_OUTER_BOUND('',#170,.T.);
#94=FACE_OUTER_BOUND('',#171,.T.);
#95=FACE_OUTER_BOUND('',#172,.T.);
#96=FACE_OUTER_BOUND('',#173,.T.);
#97=FACE_OUTER_BOUND('',#174,.T.);
#98=FACE_OUTER_BOUND('',#175,.T.);
#99=FACE_OUTER_BOUND('',#176,.T.);
#100=FACE_OUTER_BOUND('',#177,.T.);
#101=FACE_OUTER_BOUND('',#178,.T.);
#102=FACE_OUTER_BOUND('',#179,.T.);
#103=FACE_OUTER_BOUND('',#180,.T.);
#104=FACE_OUTER_BOUND('',#181,.T.);
#105=FACE_OUTER_BOUND('',#182,.T.);
#106=FACE_OUTER_BOUND('',#183,.T.);
#107=FACE_OUTER_BOUND('',#184,.T.);
#108=FACE_OUTER_BOUND('',#185,.T.);
#109=FACE_OUTER_BOUND('',#186,.T.);
#110=FACE_OUTER_BOUND('',#187,.T.);
#111=FACE_OUTER_BOUND('',#188,.T.);
#112=FACE_OUTER_BOUND('',#189,.T.);
#113=FACE_OUTER_BOUND('',#190,.T.);
#114=FACE_OUTER_BOUND('',#191,.T.);
#115=FACE_OUTER_BOUND('',#192,.T.);
#116=FACE_OUTER_BOUND('',#193,.T.);
#117=FACE_OUTER_BOUND('',#194,.T.);
#118=FACE_OUTER_BOUND('',#195,.T.);
#119=FACE_OUTER_BOUND('',#196,.T.);
#120=FACE_OUTER_BOUND('',#197,.T.);
#121=FACE_OUTER_BOUND('',#198,.T.);
#122=FACE_OUTER_BOUND('',#199,.T.);
#123=FACE_OUTER_BOUND('',#200,.T.);
#124=FACE_OUTER_BOUND('',#201,.T.);
#125=FACE_OUTER_BOUND('',#202,.T.);
#126=FACE_OUTER_BOUND('',#203,.T.);
#127=FACE_OUTER_BOUND('',#204,.T.);
#128=FACE_OUTER_BOUND('',#205,.T.);
#129=FACE_OUTER_BOUND('',#206,.T.);
#130=FACE_OUTER_BOUND('',#207,.T.);
#131=FACE_OUTER_BOUND('',#208,.T.);
#132=FACE_OUTER_BOUND('',#209,.T.);
#133=FACE_OUTER_BOUND('',#210,.T.);
#134=FACE_OUTER_BOUND('',#211,.T.);
#135=FACE_OUTER_BOUND('',#212,.T.);
#136=FACE_OUTER_BOUND('',#213,.T.);
#137=FACE_OUTER_BOUND('',#214,.T.);
#138=FACE_OUTER_BOUND('',#215,.T.);
#139=FACE_OUTER_BOUND('',#216,.T.);
#140=FACE_OUTER_BOUND('',#219,.T.);
#141=FACE_OUTER_BOUND('',#221,.T.);
#142=FACE_OUTER_BOUND('',#222,.T.);
#143=FACE_OUTER_BOUND('',#223,.T.);
#144=FACE_OUTER_BOUND('',#224,.T.);
#145=FACE_OUTER_BOUND('',#225,.T.);
#146=FACE_OUTER_BOUND('',#226,.T.);
#147=FACE_OUTER_BOUND('',#227,.T.);
#148=FACE_OUTER_BOUND('',#228,.T.);
#149=FACE_OUTER_BOUND('',#229,.T.);
#150=FACE_OUTER_BOUND('',#230,.T.);
#151=FACE_OUTER_BOUND('',#231,.T.);
#152=FACE_OUTER_BOUND('',#232,.T.);
#153=FACE_OUTER_BOUND('',#233,.T.);
#154=FACE_OUTER_BOUND('',#234,.T.);
#155=EDGE_LOOP('',(#778,#779,#780,#781,#782));
#156=EDGE_LOOP('',(#783,#784,#785,#786));
#157=EDGE_LOOP('',(#787,#788,#789,#790));
#158=EDGE_LOOP('',(#791,#792,#793,#794,#795,#796,#797,#798,#799,#800,#801,
#802,#803,#804,#805,#806,#807,#808,#809,#810,#811,#812,#813,#814,#815,#816,
#817,#818,#819,#820));
#159=EDGE_LOOP('',(#821));
#160=EDGE_LOOP('',(#822,#823,#824,#825));
#161=EDGE_LOOP('',(#826));
#162=EDGE_LOOP('',(#827));
#163=EDGE_LOOP('',(#828));
#164=EDGE_LOOP('',(#829,#830,#831,#832));
#165=EDGE_LOOP('',(#833,#834,#835,#836,#837,#838));
#166=EDGE_LOOP('',(#839,#840,#841,#842,#843,#844));
#167=EDGE_LOOP('',(#845,#846,#847,#848,#849,#850));
#168=EDGE_LOOP('',(#851,#852,#853,#854,#855,#856));
#169=EDGE_LOOP('',(#857,#858));
#170=EDGE_LOOP('',(#859,#860,#861,#862,#863,#864));
#171=EDGE_LOOP('',(#865,#866,#867,#868));
#172=EDGE_LOOP('',(#869,#870,#871,#872));
#173=EDGE_LOOP('',(#873,#874,#875,#876));
#174=EDGE_LOOP('',(#877,#878,#879,#880));
#175=EDGE_LOOP('',(#881,#882,#883,#884));
#176=EDGE_LOOP('',(#885,#886,#887,#888));
#177=EDGE_LOOP('',(#889,#890,#891,#892));
#178=EDGE_LOOP('',(#893,#894,#895,#896));
#179=EDGE_LOOP('',(#897,#898,#899,#900));
#180=EDGE_LOOP('',(#901,#902,#903,#904));
#181=EDGE_LOOP('',(#905,#906,#907,#908,#909,#910));
#182=EDGE_LOOP('',(#911,#912,#913,#914));
#183=EDGE_LOOP('',(#915,#916,#917,#918));
#184=EDGE_LOOP('',(#919,#920,#921,#922));
#185=EDGE_LOOP('',(#923,#924,#925,#926));
#186=EDGE_LOOP('',(#927,#928,#929,#930));
#187=EDGE_LOOP('',(#931,#932,#933,#934));
#188=EDGE_LOOP('',(#935,#936,#937,#938));
#189=EDGE_LOOP('',(#939,#940,#941,#942));
#190=EDGE_LOOP('',(#943,#944,#945,#946));
#191=EDGE_LOOP('',(#947,#948,#949,#950));
#192=EDGE_LOOP('',(#951,#952,#953,#954));
#193=EDGE_LOOP('',(#955,#956,#957,#958));
#194=EDGE_LOOP('',(#959,#960,#961,#962));
#195=EDGE_LOOP('',(#963,#964,#965,#966));
#196=EDGE_LOOP('',(#967,#968,#969,#970));
#197=EDGE_LOOP('',(#971,#972,#973,#974));
#198=EDGE_LOOP('',(#975,#976,#977,#978));
#199=EDGE_LOOP('',(#979,#980,#981,#982));
#200=EDGE_LOOP('',(#983,#984,#985,#986));
#201=EDGE_LOOP('',(#987,#988,#989,#990));
#202=EDGE_LOOP('',(#991,#992,#993,#994,#995,#996));
#203=EDGE_LOOP('',(#997,#998,#999,#1000));
#204=EDGE_LOOP('',(#1001,#1002,#1003,#1004));
#205=EDGE_LOOP('',(#1005,#1006,#1007,#1008));
#206=EDGE_LOOP('',(#1009,#1010,#1011,#1012));
#207=EDGE_LOOP('',(#1013,#1014,#1015,#1016));
#208=EDGE_LOOP('',(#1017,#1018,#1019,#1020));
#209=EDGE_LOOP('',(#1021,#1022,#1023,#1024));
#210=EDGE_LOOP('',(#1025,#1026,#1027,#1028));
#211=EDGE_LOOP('',(#1029,#1030,#1031,#1032));
#212=EDGE_LOOP('',(#1033,#1034,#1035,#1036));
#213=EDGE_LOOP('',(#1037,#1038,#1039,#1040));
#214=EDGE_LOOP('',(#1041,#1042,#1043,#1044));
#215=EDGE_LOOP('',(#1045,#1046,#1047,#1048));
#216=EDGE_LOOP('',(#1049,#1050,#1051,#1052,#1053,#1054,#1055,#1056,#1057,
#1058,#1059,#1060,#1061,#1062,#1063,#1064,#1065,#1066,#1067,#1068,#1069,
#1070,#1071,#1072,#1073,#1074,#1075,#1076,#1077,#1078));
#217=EDGE_LOOP('',(#1079));
#218=EDGE_LOOP('',(#1080));
#219=EDGE_LOOP('',(#1081,#1082,#1083,#1084));
#220=EDGE_LOOP('',(#1085));
#221=EDGE_LOOP('',(#1086,#1087,#1088,#1089));
#222=EDGE_LOOP('',(#1090,#1091,#1092,#1093));
#223=EDGE_LOOP('',(#1094,#1095,#1096,#1097));
#224=EDGE_LOOP('',(#1098,#1099,#1100,#1101));
#225=EDGE_LOOP('',(#1102));
#226=EDGE_LOOP('',(#1103,#1104,#1105,#1106));
#227=EDGE_LOOP('',(#1107));
#228=EDGE_LOOP('',(#1108,#1109,#1110,#1111));
#229=EDGE_LOOP('',(#1112));
#230=EDGE_LOOP('',(#1113,#1114,#1115,#1116));
#231=EDGE_LOOP('',(#1117));
#232=EDGE_LOOP('',(#1118,#1119,#1120,#1121));
#233=EDGE_LOOP('',(#1122,#1123,#1124,#1125));
#234=EDGE_LOOP('',(#1126,#1127,#1128,#1129));
#235=EDGE_LOOP('',(#1130));
#236=EDGE_LOOP('',(#1131));
#237=B_SPLINE_CURVE_WITH_KNOTS('',3,(#1532,#1533,#1534,#1535,#1536,#1537,
#1538,#1539,#1540,#1541,#1542,#1543,#1544,#1545,#1546,#1547,#1548,#1549),
 .UNSPECIFIED.,.F.,.F.,(4,2,2,2,2,2,2,2,4),(0.,0.188475066541834,0.376950133083669,
0.565424593886604,0.75389905468954,0.942373515492476,1.13084797629541,1.31932304283725,
1.50779810937908),.UNSPECIFIED.);
#238=B_SPLINE_CURVE_WITH_KNOTS('',3,(#1550,#1551,#1552,#1553,#1554,#1555,
#1556,#1557,#1558,#1559,#1560,#1561,#1562,#1563,#1564,#1565,#1566,#1567),
 .UNSPECIFIED.,.F.,.F.,(4,2,2,2,2,2,2,2,4),(1.50779810937908,1.69627317592092,
1.88474824246275,2.07322270326569,2.26169716406862,2.45017162487156,2.63864608567449,
2.82712115221633,3.01559621875816),.UNSPECIFIED.);
#239=B_SPLINE_CURVE_WITH_KNOTS('',3,(#1573,#1574,#1575,#1576),
 .UNSPECIFIED.,.F.,.F.,(4,4),(-5.7271244362639,2.01405016328734E-15),
 .UNSPECIFIED.);
#240=B_SPLINE_CURVE_WITH_KNOTS('',3,(#1609,#1610,#1611,#1612,#1613,#1614,
#1615,#1616,#1617,#1618),.UNSPECIFIED.,.F.,.F.,(4,2,2,2,4),(0.,0.147963159454189,
0.294547649787525,0.433261494171639,0.567120006969008),.UNSPECIFIED.);
#241=B_SPLINE_CURVE_WITH_KNOTS('',3,(#1620,#1621,#1622,#1623),
 .UNSPECIFIED.,.F.,.F.,(4,4),(0.095651503951245,5.53795313114931),
 .UNSPECIFIED.);
#242=B_SPLINE_CURVE_WITH_KNOTS('',3,(#1624,#1625,#1626,#1627,#1628,#1629,
#1630,#1631,#1632,#1633,#1634,#1635,#1636,#1637),.UNSPECIFIED.,.F.,.F.,
(4,2,2,2,2,2,4),(0.,0.126088348618909,0.260405515287295,0.407433212185199,
0.502434729941311,0.592344268436786,0.593294585721028),.UNSPECIFIED.);
#243=B_SPLINE_CURVE_WITH_KNOTS('',3,(#1642,#1643,#1644,#1645),
 .UNSPECIFIED.,.F.,.F.,(4,4),(-5.53747184686973,-0.0955309750495811),
 .UNSPECIFIED.);
#244=B_SPLINE_CURVE_WITH_KNOTS('',3,(#1647,#1648,#1649,#1650),
 .UNSPECIFIED.,.F.,.F.,(4,4),(-1.56708885577076,-0.189202344847882),
 .UNSPECIFIED.);
#245=B_SPLINE_CURVE_WITH_KNOTS('',3,(#1652,#1653,#1654,#1655),
 .UNSPECIFIED.,.F.,.F.,(4,4),(0.189202344815325,1.56708885578285),
 .UNSPECIFIED.);
#246=B_SPLINE_CURVE_WITH_KNOTS('',3,(#1657,#1658,#1659,#1660),
 .UNSPECIFIED.,.F.,.F.,(4,4),(0.0956515039470835,5.53795313109554),
 .UNSPECIFIED.);
#247=B_SPLINE_CURVE_WITH_KNOTS('',3,(#1664,#1665,#1666,#1667),
 .UNSPECIFIED.,.F.,.F.,(4,4),(-5.96228372292418,-0.0955308796671667),
 .UNSPECIFIED.);
#248=B_SPLINE_CURVE_WITH_KNOTS('',3,(#1671,#1672,#1673,#1674),
 .UNSPECIFIED.,.F.,.F.,(4,4),(0.189201548518776,1.95007448193633),
 .UNSPECIFIED.);
#249=B_SPLINE_CURVE_WITH_KNOTS('',3,(#1676,#1677,#1678,#1679),
 .UNSPECIFIED.,.F.,.F.,(4,4),(0.0956515039491066,5.53795313109912),
 .UNSPECIFIED.);
#250=B_SPLINE_CURVE_WITH_KNOTS('',3,(#1683,#1684,#1685,#1686),
 .UNSPECIFIED.,.F.,.F.,(4,4),(-5.53747184685575,-0.0955309750463027),
 .UNSPECIFIED.);
#251=B_SPLINE_CURVE_WITH_KNOTS('',3,(#1688,#1689,#1690,#1691),
 .UNSPECIFIED.,.F.,.F.,(4,4),(-1.5670888557806,-0.189202344806063),
 .UNSPECIFIED.);
#252=B_SPLINE_CURVE_WITH_KNOTS('',3,(#1693,#1694,#1695,#1696),
 .UNSPECIFIED.,.F.,.F.,(4,4),(0.189202344786497,1.56708885576066),
 .UNSPECIFIED.);
#253=B_SPLINE_CURVE_WITH_KNOTS('',3,(#1698,#1699,#1700,#1701),
 .UNSPECIFIED.,.F.,.F.,(4,4),(0.0956515039512459,5.53795313114933),
 .UNSPECIFIED.);
#254=B_SPLINE_CURVE_WITH_KNOTS('',3,(#1705,#1706,#1707,#1708),
 .UNSPECIFIED.,.F.,.F.,(4,4),(-5.53745987701019,-0.0955324006818707),
 .UNSPECIFIED.);
#255=B_SPLINE_CURVE_WITH_KNOTS('',3,(#1710,#1711,#1712,#1713),
 .UNSPECIFIED.,.F.,.F.,(4,4),(-1.56708885573372,-0.189202344805704),
 .UNSPECIFIED.);
#256=B_SPLINE_CURVE_WITH_KNOTS('',3,(#1715,#1716,#1717,#1718),
 .UNSPECIFIED.,.F.,.F.,(4,4),(0.189202344786973,1.56708885574324),
 .UNSPECIFIED.);
#257=B_SPLINE_CURVE_WITH_KNOTS('',3,(#1720,#1721,#1722,#1723),
 .UNSPECIFIED.,.F.,.F.,(4,4),(0.0956529356148819,5.53794116267917),
 .UNSPECIFIED.);
#258=B_SPLINE_CURVE_WITH_KNOTS('',3,(#1727,#1728,#1729,#1730),
 .UNSPECIFIED.,.F.,.F.,(4,4),(-5.53747184690261,-0.0955309750529515),
 .UNSPECIFIED.);
#259=B_SPLINE_CURVE_WITH_KNOTS('',3,(#1732,#1733,#1734,#1735),
 .UNSPECIFIED.,.F.,.F.,(4,4),(-1.56708885581077,-0.189202344818637),
 .UNSPECIFIED.);
#260=B_SPLINE_CURVE_WITH_KNOTS('',3,(#1737,#1738,#1739,#1740),
 .UNSPECIFIED.,.F.,.F.,(4,4),(0.189202344812142,1.56708885577994),
 .UNSPECIFIED.);
#261=B_SPLINE_CURVE_WITH_KNOTS('',3,(#1742,#1743,#1744,#1745),
 .UNSPECIFIED.,.F.,.F.,(4,4),(0.0956515039519295,5.5379531310842),
 .UNSPECIFIED.);
#262=B_SPLINE_CURVE_WITH_KNOTS('',3,(#1749,#1750,#1751,#1752),
 .UNSPECIFIED.,.F.,.F.,(4,4),(-5.53747184685576,-0.095530975046296),
 .UNSPECIFIED.);
#263=B_SPLINE_CURVE_WITH_KNOTS('',3,(#1754,#1755,#1756,#1757),
 .UNSPECIFIED.,.F.,.F.,(4,4),(-1.56708885577374,-0.189202344809512),
 .UNSPECIFIED.);
#264=B_SPLINE_CURVE_WITH_KNOTS('',3,(#1758,#1759,#1760,#1761),
 .UNSPECIFIED.,.F.,.F.,(4,4),(0.189202344822194,1.56708885576686),
 .UNSPECIFIED.);
#265=B_SPLINE_CURVE_WITH_KNOTS('',3,(#1807,#1808,#1809,#1810,#1811,#1812,
#1813,#1814,#1815,#1816,#1817,#1818),.UNSPECIFIED.,.F.,.F.,(4,2,2,2,2,4),
(0.,0.135133718606388,0.274751599307265,0.415382230881423,0.493131915123295,
0.566120737653098),.UNSPECIFIED.);
#266=B_SPLINE_CURVE_WITH_KNOTS('',3,(#1820,#1821,#1822,#1823),
 .UNSPECIFIED.,.F.,.F.,(4,4),(-3.2982181962365E-17,5.72664315374031),
 .UNSPECIFIED.);
#267=B_SPLINE_CURVE_WITH_KNOTS('',3,(#1824,#1825,#1826,#1827,#1828,#1829,
#1830,#1831,#1832,#1833,#1834,#1835,#1836,#1837),.UNSPECIFIED.,.F.,.F.,
(4,2,2,2,2,2,4),(0.,0.126088233275479,0.260408839771042,0.40744131721022,
0.502438798050909,0.592344321090754,0.593294570876338),.UNSPECIFIED.);
#268=B_SPLINE_CURVE_WITH_KNOTS('',3,(#1850,#1851,#1852,#1853,#1854,#1855,
#1856,#1857,#1858,#1859,#1860,#1861),.UNSPECIFIED.,.F.,.F.,(4,2,2,2,2,4),
(-0.566120737652464,-0.493131915050441,-0.415382230755699,-0.274751599235043,
-0.135133718610587,0.),.UNSPECIFIED.);
#269=B_SPLINE_CURVE_WITH_KNOTS('',3,(#1862,#1863,#1864,#1865,#1866,#1867,
#1868,#1869,#1870,#1871),.UNSPECIFIED.,.F.,.F.,(4,2,2,2,4),(-0.567120006968967,
-0.433261494171611,-0.294547649787509,-0.147963159454185,0.),
 .UNSPECIFIED.);
#270=B_SPLINE_CURVE_WITH_KNOTS('',3,(#1880,#1881,#1882,#1883,#1884,#1885,
#1886,#1887,#1888,#1889,#1890,#1891),.UNSPECIFIED.,.F.,.F.,(4,2,2,2,2,4),
(-0.566120737652396,-0.493131915027937,-0.415382230716766,-0.27475159921268,
-0.135133718611899,0.),.UNSPECIFIED.);
#271=B_SPLINE_CURVE_WITH_KNOTS('',3,(#1892,#1893,#1894,#1895,#1896,#1897,
#1898,#1899,#1900,#1901),.UNSPECIFIED.,.F.,.F.,(4,2,2,2,4),(-0.567120006968984,
-0.433261494171626,-0.294547649787514,-0.147963159454187,0.),
 .UNSPECIFIED.);
#272=B_SPLINE_CURVE_WITH_KNOTS('',3,(#1910,#1911,#1912,#1913,#1914,#1915,
#1916,#1917,#1918,#1919,#1920,#1921),.UNSPECIFIED.,.F.,.F.,(4,2,2,2,2,4),
(-0.566120737652685,-0.493131915054689,-0.41538223076288,-0.274751599239162,
-0.135133718610364,0.),.UNSPECIFIED.);
#273=B_SPLINE_CURVE_WITH_KNOTS('',3,(#1922,#1923,#1924,#1925,#1926,#1927,
#1928,#1929,#1930,#1931),.UNSPECIFIED.,.F.,.F.,(4,2,2,2,4),(-0.567120006968968,
-0.433261494171639,-0.29454764978752,-0.147963159454186,0.),
 .UNSPECIFIED.);
#274=B_SPLINE_CURVE_WITH_KNOTS('',3,(#1940,#1941,#1942,#1943,#1944,#1945,
#1946,#1947,#1948,#1949,#1950,#1951),.UNSPECIFIED.,.F.,.F.,(4,2,2,2,2,4),
(-0.56612073765257,-0.493131915031829,-0.415382230723372,-0.274751599216468,
-0.135133718611694,0.),.UNSPECIFIED.);
#275=B_SPLINE_CURVE_WITH_KNOTS('',3,(#1952,#1953,#1954,#1955,#1956,#1957,
#1958,#1959,#1960,#1961),.UNSPECIFIED.,.F.,.F.,(4,2,2,2,4),(-0.567120006969018,
-0.433261494171629,-0.29454764978751,-0.147963159454185,0.),
 .UNSPECIFIED.);
#276=B_SPLINE_CURVE_WITH_KNOTS('',3,(#1991,#1992,#1993,#1994),
 .UNSPECIFIED.,.F.,.F.,(4,4),(-8.72955137398876E-15,5.72664315374031),
 .UNSPECIFIED.);
#277=B_SPLINE_CURVE_WITH_KNOTS('',3,(#1995,#1996,#1997,#1998,#1999,#2000,
#2001,#2002,#2003,#2004,#2005,#2006,#2007,#2008),.UNSPECIFIED.,.F.,.F.,
(4,2,2,2,2,2,4),(0.,0.12608830628664,0.260406734191057,0.407436184371169,
0.502436222633117,0.592344287661191,0.593294580267801),.UNSPECIFIED.);
#278=B_SPLINE_CURVE_WITH_KNOTS('',3,(#2038,#2039,#2040,#2041),
 .UNSPECIFIED.,.F.,.F.,(4,4),(-1.11023076052371E-14,1.802775637732),
 .UNSPECIFIED.);
#279=B_SPLINE_CURVE_WITH_KNOTS('',3,(#2042,#2043,#2044,#2045,#2046,#2047,
#2048,#2049,#2050,#2051,#2052,#2053,#2054,#2055),.UNSPECIFIED.,.F.,.F.,
(4,2,2,2,2,2,4),(0.,0.119935884768374,0.25031325585136,0.40094838139029,
0.508648255287403,0.610997930033164,0.612002997152766),.UNSPECIFIED.);
#280=B_SPLINE_CURVE_WITH_KNOTS('',3,(#2085,#2086,#2087,#2088),
 .UNSPECIFIED.,.F.,.F.,(4,4),(-1.802775637732,-8.88178419700125E-16),
 .UNSPECIFIED.);
#281=B_SPLINE_CURVE_WITH_KNOTS('',3,(#2089,#2090,#2091,#2092,#2093,#2094,
#2095,#2096,#2097,#2098,#2099,#2100,#2101,#2102),.UNSPECIFIED.,.F.,.F.,
(4,2,2,2,2,2,4),(0.,0.126088382812746,0.260404530813108,0.407430812236843,
0.502433525520571,0.592344252939818,0.593294590114891),.UNSPECIFIED.);
#282=B_SPLINE_CURVE_WITH_KNOTS('',3,(#2131,#2132,#2133,#2134),
 .UNSPECIFIED.,.F.,.F.,(4,4),(-5.72712443626391,6.55031584528842E-15),
 .UNSPECIFIED.);
#283=B_SPLINE_CURVE_WITH_KNOTS('',3,(#2164,#2165,#2166,#2167),
 .UNSPECIFIED.,.F.,.F.,(4,4),(-3.55131888128119E-15,5.72664315374031),
 .UNSPECIFIED.);
#284=B_SPLINE_CURVE_WITH_KNOTS('',3,(#2168,#2169,#2170,#2171,#2172,#2173,
#2174,#2175,#2176,#2177,#2178,#2179,#2180,#2181),.UNSPECIFIED.,.F.,.F.,
(4,2,2,2,2,2,4),(0.,0.126088284837393,0.260407351638633,0.407437689560222,
0.502436977851481,0.592344297443227,0.593294577516818),.UNSPECIFIED.);
#285=B_SPLINE_CURVE_WITH_KNOTS('',3,(#2211,#2212,#2213,#2214),
 .UNSPECIFIED.,.F.,.F.,(4,4),(-2.46894367621723E-15,1.802775637732),
 .UNSPECIFIED.);
#286=B_SPLINE_CURVE_WITH_KNOTS('',3,(#2215,#2216,#2217,#2218,#2219,#2220,
#2221,#2222,#2223,#2224,#2225,#2226,#2227,#2228),.UNSPECIFIED.,.F.,.F.,
(4,2,2,2,2,2,4),(0.,0.119935825138231,0.250315734984792,0.400955113393877,
0.508651518116499,0.610997828724046,0.612002960707598),.UNSPECIFIED.);
#287=B_SPLINE_CURVE_WITH_KNOTS('',3,(#2258,#2259,#2260,#2261),
 .UNSPECIFIED.,.F.,.F.,(4,4),(-1.80277563773199,4.86646843385785E-15),
 .UNSPECIFIED.);
#288=B_SPLINE_CURVE_WITH_KNOTS('',3,(#2262,#2263,#2264,#2265,#2266,#2267,
#2268,#2269,#2270,#2271,#2272,#2273,#2274,#2275),.UNSPECIFIED.,.F.,.F.,
(4,2,2,2,2,2,4),(0.,0.126088348618933,0.260405515287374,0.407433212185311,
0.502434729941408,0.592344268436605,0.593294585720791),.UNSPECIFIED.);
#289=B_SPLINE_CURVE_WITH_KNOTS('',3,(#2304,#2305,#2306,#2307),
 .UNSPECIFIED.,.F.,.F.,(4,4),(-5.72712443626391,8.88178419700125E-16),
 .UNSPECIFIED.);
#290=B_SPLINE_CURVE_WITH_KNOTS('',3,(#2337,#2338,#2339,#2340,#2341,#2342,
#2343,#2344,#2345,#2346),.UNSPECIFIED.,.F.,.F.,(4,2,2,2,4),(0.,0.161709210291581,
0.313829433101356,0.452841036802415,0.581508348922417),.UNSPECIFIED.);
#291=B_SPLINE_CURVE_WITH_KNOTS('',3,(#2348,#2349,#2350,#2351),
 .UNSPECIFIED.,.F.,.F.,(4,4),(-1.80277264019634,-1.11022302462516E-15),
 .UNSPECIFIED.);
#292=B_SPLINE_CURVE_WITH_KNOTS('',3,(#2352,#2353,#2354,#2355,#2356,#2357,
#2358,#2359,#2360,#2361,#2362,#2363,#2364,#2365),.UNSPECIFIED.,.F.,.F.,
(4,2,2,2,2,2,4),(0.,0.126088402097853,0.260403975557685,0.407429458671681,
0.502432846244535,0.592344244218654,0.593294592592455),.UNSPECIFIED.);
#293=B_SPLINE_CURVE_WITH_KNOTS('',3,(#2394,#2395,#2396,#2397),
 .UNSPECIFIED.,.F.,.F.,(4,4),(-5.72712443626391,1.80146459358108E-16),
 .UNSPECIFIED.);
#294=B_SPLINE_CURVE_WITH_KNOTS('',3,(#2400,#2401,#2402,#2403,#2404,#2405,
#2406,#2407,#2408,#2409,#2410,#2411),.UNSPECIFIED.,.F.,.F.,(4,2,2,2,2,4),
(0.,0.119935740826234,0.250319233736855,0.400964596815919,0.509197350973526,
0.612001471561285),.UNSPECIFIED.);
#295=B_SPLINE_CURVE_WITH_KNOTS('',3,(#2446,#2447,#2448,#2449,#2450,#2451,
#2452,#2453,#2454,#2455,#2456,#2457),.UNSPECIFIED.,.F.,.F.,(4,2,2,2,2,4),
(0.,0.135133662310618,0.274752564555969,0.415383911142539,0.493132887957455,
0.566120744230021),.UNSPECIFIED.);
#296=B_SPLINE_CURVE_WITH_KNOTS('',3,(#2458,#2459,#2460,#2461),
 .UNSPECIFIED.,.F.,.F.,(4,4),(-7.25336857510503E-15,5.7266363148672),
 .UNSPECIFIED.);
#297=B_SPLINE_CURVE_WITH_KNOTS('',3,(#2495,#2496,#2497,#2498),
 .UNSPECIFIED.,.F.,.F.,(4,4),(-1.33226762955019E-15,1.80277563773199),
 .UNSPECIFIED.);
#298=B_SPLINE_CURVE_WITH_KNOTS('',3,(#2499,#2500,#2501,#2502,#2503,#2504,
#2505,#2506,#2507,#2508,#2509,#2510,#2511,#2512),.UNSPECIFIED.,.F.,.F.,
(4,2,2,2,2,2,4),(0.,0.119935884768369,0.250313255851322,0.400948381390157,
0.508648255287113,0.610997930033045,0.612002997153142),.UNSPECIFIED.);
#299=B_SPLINE_CURVE_WITH_KNOTS('',3,(#2542,#2543,#2544,#2545),
 .UNSPECIFIED.,.F.,.F.,(4,4),(-1.802775637732,3.77475828372553E-15),
 .UNSPECIFIED.);
#300=B_SPLINE_CURVE_WITH_KNOTS('',3,(#2546,#2547,#2548,#2549,#2550,#2551,
#2552,#2553,#2554,#2555,#2556,#2557,#2558,#2559),.UNSPECIFIED.,.F.,.F.,
(4,2,2,2,2,2,4),(0.,0.126088382812759,0.260404530813147,0.407430812236924,
0.502433525520463,0.592344252939435,0.593294590114313),.UNSPECIFIED.);
#301=B_SPLINE_CURVE_WITH_KNOTS('',3,(#2589,#2590,#2591,#2592),
 .UNSPECIFIED.,.F.,.F.,(4,4),(-5.7271244362639,7.105427357601E-15),
 .UNSPECIFIED.);
#302=B_SPLINE_CURVE_WITH_KNOTS('',3,(#2593,#2594,#2595,#2596,#2597,#2598,
#2599,#2600,#2601,#2602),.UNSPECIFIED.,.F.,.F.,(4,2,2,2,4),(0.,0.1479631003673,
0.294547610650028,0.433260572335874,0.567120007311702),.UNSPECIFIED.);
#303=B_SPLINE_CURVE_WITH_KNOTS('',3,(#2632,#2633,#2634,#2635),
 .UNSPECIFIED.,.F.,.F.,(4,4),(-2.01633971663124E-15,5.72664315374031),
 .UNSPECIFIED.);
#304=B_SPLINE_CURVE_WITH_KNOTS('',3,(#2636,#2637,#2638,#2639,#2640,#2641,
#2642,#2643,#2644,#2645,#2646,#2647,#2648,#2649),.UNSPECIFIED.,.F.,.F.,
(4,2,2,2,2,2,4),(0.,0.12608830250951,0.260406842922959,0.407436449431132,
0.502436355624356,0.592344289382245,0.593294579786969),.UNSPECIFIED.);
#305=B_SPLINE_CURVE_WITH_KNOTS('',3,(#2679,#2680,#2681,#2682),
 .UNSPECIFIED.,.F.,.F.,(4,4),(6.80840824502556E-16,1.802775637732),
 .UNSPECIFIED.);
#306=B_SPLINE_CURVE_WITH_KNOTS('',3,(#2683,#2684,#2685,#2686,#2687,#2688,
#2689,#2690,#2691,#2692,#2693,#2694,#2695,#2696),.UNSPECIFIED.,.F.,.F.,
(4,2,2,2,2,2,4),(0.,0.11993582513826,0.250315734984893,0.400955113393958,
0.508651518116621,0.610997828724325,0.612002960708292),.UNSPECIFIED.);
#307=B_SPLINE_CURVE_WITH_KNOTS('',3,(#2725,#2726,#2727,#2728),
 .UNSPECIFIED.,.F.,.F.,(4,4),(-1.802775637732,6.66133814775094E-16),
 .UNSPECIFIED.);
#308=B_SPLINE_CURVE_WITH_KNOTS('',3,(#2758,#2759,#2760,#2761),
 .UNSPECIFIED.,.F.,.F.,(4,4),(-5.431862339802E-15,5.72664315374031),
 .UNSPECIFIED.);
#309=B_SPLINE_CURVE_WITH_KNOTS('',3,(#2762,#2763,#2764,#2765,#2766,#2767,
#2768,#2769,#2770,#2771,#2772,#2773,#2774,#2775),.UNSPECIFIED.,.F.,.F.,
(4,2,2,2,2,2,4),(0.,0.12608828125422,0.26040745478279,0.407437941004033,
0.502437104012729,0.59234429907841,0.593294577055758),.UNSPECIFIED.);
#310=B_SPLINE_CURVE_WITH_KNOTS('',3,(#2805,#2806,#2807,#2808),
 .UNSPECIFIED.,.F.,.F.,(4,4),(-3.54305346667209E-15,1.802775637732),
 .UNSPECIFIED.);
#311=B_SPLINE_CURVE_WITH_KNOTS('',3,(#2809,#2810,#2811,#2812,#2813,#2814,
#2815,#2816,#2817,#2818,#2819,#2820,#2821,#2822),.UNSPECIFIED.,.F.,.F.,
(4,2,2,2,2,2,4),(0.,0.119935858638303,0.250314342262375,0.400951331420226,
0.508649685079046,0.610997885633963,0.612002981183043),.UNSPECIFIED.);
#312=B_SPLINE_CURVE_WITH_KNOTS('',3,(#2852,#2853,#2854,#2855),
 .UNSPECIFIED.,.F.,.F.,(4,4),(-1.802775637732,-3.5527136788005E-15),
 .UNSPECIFIED.);
#313=B_SPLINE_CURVE_WITH_KNOTS('',3,(#2856,#2857,#2858,#2859,#2860,#2861,
#2862,#2863,#2864,#2865,#2866,#2867,#2868,#2869),.UNSPECIFIED.,.F.,.F.,
(4,2,2,2,2,2,4),(0.,0.126088402560159,0.260403962247976,0.407429426226359,
0.50243282996238,0.592344244010162,0.593294592652629),.UNSPECIFIED.);
#314=B_SPLINE_CURVE_WITH_KNOTS('',3,(#2898,#2899,#2900,#2901),
 .UNSPECIFIED.,.F.,.F.,(4,4),(-5.72712443626391,8.55140230055671E-16),
 .UNSPECIFIED.);
#315=LINE('',#1530,#389);
#316=LINE('',#1571,#390);
#317=LINE('',#1578,#391);
#318=LINE('',#1579,#392);
#319=LINE('',#1669,#393);
#320=LINE('',#1766,#394);
#321=LINE('',#1768,#395);
#322=LINE('',#1770,#396);
#323=LINE('',#1771,#397);
#324=LINE('',#1841,#398);
#325=LINE('',#1845,#399);
#326=LINE('',#1849,#400);
#327=LINE('',#1875,#401);
#328=LINE('',#1879,#402);
#329=LINE('',#1905,#403);
#330=LINE('',#1909,#404);
#331=LINE('',#1935,#405);
#332=LINE('',#1939,#406);
#333=LINE('',#2413,#407);
#334=LINE('',#2415,#408);
#335=LINE('',#2416,#409);
#336=LINE('',#2464,#410);
#337=LINE('',#2465,#411);
#338=LINE('',#2904,#412);
#339=LINE('',#2906,#413);
#340=LINE('',#2907,#414);
#341=LINE('',#2910,#415);
#342=LINE('',#2911,#416);
#343=LINE('',#2913,#417);
#344=LINE('',#2915,#418);
#345=LINE('',#2918,#419);
#346=LINE('',#2920,#420);
#347=LINE('',#2921,#421);
#348=LINE('',#2924,#422);
#349=LINE('',#2925,#423);
#350=LINE('',#2928,#424);
#351=LINE('',#2929,#425);
#352=LINE('',#2931,#426);
#353=LINE('',#2936,#427);
#354=LINE('',#2938,#428);
#355=LINE('',#2939,#429);
#356=LINE('',#2941,#430);
#357=LINE('',#2943,#431);
#358=LINE('',#2946,#432);
#359=LINE('',#2948,#433);
#360=LINE('',#2949,#434);
#361=LINE('',#2952,#435);
#362=LINE('',#2953,#436);
#363=LINE('',#2955,#437);
#364=LINE('',#2957,#438);
#365=LINE('',#2960,#439);
#366=LINE('',#2961,#440);
#367=LINE('',#2963,#441);
#368=LINE('',#2966,#442);
#369=LINE('',#2968,#443);
#370=LINE('',#2969,#444);
#371=LINE('',#2972,#445);
#372=LINE('',#2973,#446);
#373=LINE('',#2975,#447);
#374=LINE('',#2977,#448);
#375=LINE('',#2986,#449);
#376=LINE('',#2987,#450);
#377=LINE('',#2988,#451);
#378=LINE('',#2991,#452);
#379=LINE('',#2992,#453);
#380=LINE('',#2995,#454);
#381=LINE('',#2996,#455);
#382=LINE('',#2998,#456);
#383=LINE('',#3001,#457);
#384=LINE('',#3006,#458);
#385=LINE('',#3011,#459);
#386=LINE('',#3016,#460);
#387=LINE('',#3022,#461);
#388=LINE('',#3026,#462);
#389=VECTOR('',#1309,5.);
#390=VECTOR('',#1312,10.);
#391=VECTOR('',#1313,10.);
#392=VECTOR('',#1314,10.);
#393=VECTOR('',#1321,10.);
#394=VECTOR('',#1332,10.);
#395=VECTOR('',#1333,10.);
#396=VECTOR('',#1334,10.);
#397=VECTOR('',#1335,10.);
#398=VECTOR('',#1346,10.);
#399=VECTOR('',#1349,10.);
#400=VECTOR('',#1352,10.);
#401=VECTOR('',#1355,10.);
#402=VECTOR('',#1358,10.);
#403=VECTOR('',#1361,10.);
#404=VECTOR('',#1364,10.);
#405=VECTOR('',#1367,10.);
#406=VECTOR('',#1370,10.);
#407=VECTOR('',#1373,10.);
#408=VECTOR('',#1374,10.);
#409=VECTOR('',#1375,10.);
#410=VECTOR('',#1378,10.);
#411=VECTOR('',#1379,10.);
#412=VECTOR('',#1382,10.);
#413=VECTOR('',#1383,10.);
#414=VECTOR('',#1384,10.);
#415=VECTOR('',#1387,10.);
#416=VECTOR('',#1388,10.);
#417=VECTOR('',#1391,10.);
#418=VECTOR('',#1394,10.);
#419=VECTOR('',#1397,10.);
#420=VECTOR('',#1398,10.);
#421=VECTOR('',#1399,10.);
#422=VECTOR('',#1402,10.);
#423=VECTOR('',#1403,10.);
#424=VECTOR('',#1406,10.);
#425=VECTOR('',#1407,10.);
#426=VECTOR('',#1410,10.);
#427=VECTOR('',#1417,10.);
#428=VECTOR('',#1418,10.);
#429=VECTOR('',#1419,10.);
#430=VECTOR('',#1422,10.);
#431=VECTOR('',#1425,10.);
#432=VECTOR('',#1428,10.);
#433=VECTOR('',#1429,10.);
#434=VECTOR('',#1430,10.);
#435=VECTOR('',#1433,10.);
#436=VECTOR('',#1434,10.);
#437=VECTOR('',#1437,10.);
#438=VECTOR('',#1440,10.);
#439=VECTOR('',#1443,10.);
#440=VECTOR('',#1444,10.);
#441=VECTOR('',#1447,10.);
#442=VECTOR('',#1450,10.);
#443=VECTOR('',#1451,10.);
#444=VECTOR('',#1452,10.);
#445=VECTOR('',#1455,10.);
#446=VECTOR('',#1456,10.);
#447=VECTOR('',#1459,10.);
#448=VECTOR('',#1462,10.);
#449=VECTOR('',#1471,10.);
#450=VECTOR('',#1472,10.);
#451=VECTOR('',#1473,10.);
#452=VECTOR('',#1476,10.);
#453=VECTOR('',#1477,10.);
#454=VECTOR('',#1480,10.);
#455=VECTOR('',#1481,10.);
#456=VECTOR('',#1484,10.);
#457=VECTOR('',#1487,1.475);
#458=VECTOR('',#1494,1.475);
#459=VECTOR('',#1501,1.475);
#460=VECTOR('',#1508,1.475);
#461=VECTOR('',#1517,1.6);
#462=VECTOR('',#1522,1.6);
#463=CIRCLE('',#1231,5.);
#464=CIRCLE('',#1234,50.7192755072598);
#465=CIRCLE('',#1235,50.7192755072598);
#466=CIRCLE('',#1236,50.7192755072598);
#467=CIRCLE('',#1237,50.7192755072598);
#468=CIRCLE('',#1238,50.7192755072598);
#469=CIRCLE('',#1239,50.7192755072598);
#470=CIRCLE('',#1240,1.475);
#471=CIRCLE('',#1241,1.475);
#472=CIRCLE('',#1242,1.475);
#473=CIRCLE('',#1243,1.475);
#474=CIRCLE('',#1245,50.7192755072598);
#475=CIRCLE('',#1247,50.7192755072598);
#476=CIRCLE('',#1249,50.7192755072598);
#477=CIRCLE('',#1251,50.7192755072598);
#478=CIRCLE('',#1253,50.7192755072598);
#479=CIRCLE('',#1265,50.7192755072598);
#480=CIRCLE('',#1280,1.6);
#481=CIRCLE('',#1281,1.6);
#482=CIRCLE('',#1287,1.475);
#483=CIRCLE('',#1290,1.475);
#484=CIRCLE('',#1293,1.475);
#485=CIRCLE('',#1296,1.475);
#486=CIRCLE('',#1299,1.6);
#487=CIRCLE('',#1301,1.6);
#488=VERTEX_POINT('',#1527);
#489=VERTEX_POINT('',#1529);
#490=VERTEX_POINT('',#1531);
#491=VERTEX_POINT('',#1569);
#492=VERTEX_POINT('',#1570);
#493=VERTEX_POINT('',#1572);
#494=VERTEX_POINT('',#1577);
#495=VERTEX_POINT('',#1608);
#496=VERTEX_POINT('',#1619);
#497=VERTEX_POINT('',#1639);
#498=VERTEX_POINT('',#1641);
#499=VERTEX_POINT('',#1646);
#500=VERTEX_POINT('',#1651);
#501=VERTEX_POINT('',#1656);
#502=VERTEX_POINT('',#1661);
#503=VERTEX_POINT('',#1663);
#504=VERTEX_POINT('',#1668);
#505=VERTEX_POINT('',#1670);
#506=VERTEX_POINT('',#1675);
#507=VERTEX_POINT('',#1680);
#508=VERTEX_POINT('',#1682);
#509=VERTEX_POINT('',#1687);
#510=VERTEX_POINT('',#1692);
#511=VERTEX_POINT('',#1697);
#512=VERTEX_POINT('',#1702);
#513=VERTEX_POINT('',#1704);
#514=VERTEX_POINT('',#1709);
#515=VERTEX_POINT('',#1714);
#516=VERTEX_POINT('',#1719);
#517=VERTEX_POINT('',#1724);
#518=VERTEX_POINT('',#1726);
#519=VERTEX_POINT('',#1731);
#520=VERTEX_POINT('',#1736);
#521=VERTEX_POINT('',#1741);
#522=VERTEX_POINT('',#1746);
#523=VERTEX_POINT('',#1748);
#524=VERTEX_POINT('',#1753);
#525=VERTEX_POINT('',#1762);
#526=VERTEX_POINT('',#1764);
#527=VERTEX_POINT('',#1765);
#528=VERTEX_POINT('',#1767);
#529=VERTEX_POINT('',#1769);
#530=VERTEX_POINT('',#1772);
#531=VERTEX_POINT('',#1774);
#532=VERTEX_POINT('',#1776);
#533=VERTEX_POINT('',#1806);
#534=VERTEX_POINT('',#1819);
#535=VERTEX_POINT('',#1839);
#536=VERTEX_POINT('',#1843);
#537=VERTEX_POINT('',#1844);
#538=VERTEX_POINT('',#1846);
#539=VERTEX_POINT('',#1848);
#540=VERTEX_POINT('',#1873);
#541=VERTEX_POINT('',#1874);
#542=VERTEX_POINT('',#1876);
#543=VERTEX_POINT('',#1878);
#544=VERTEX_POINT('',#1903);
#545=VERTEX_POINT('',#1904);
#546=VERTEX_POINT('',#1906);
#547=VERTEX_POINT('',#1908);
#548=VERTEX_POINT('',#1933);
#549=VERTEX_POINT('',#1934);
#550=VERTEX_POINT('',#1936);
#551=VERTEX_POINT('',#1938);
#552=VERTEX_POINT('',#1990);
#553=VERTEX_POINT('',#2037);
#554=VERTEX_POINT('',#2084);
#555=VERTEX_POINT('',#2163);
#556=VERTEX_POINT('',#2210);
#557=VERTEX_POINT('',#2257);
#558=VERTEX_POINT('',#2336);
#559=VERTEX_POINT('',#2347);
#560=VERTEX_POINT('',#2399);
#561=VERTEX_POINT('',#2412);
#562=VERTEX_POINT('',#2414);
#563=VERTEX_POINT('',#2445);
#564=VERTEX_POINT('',#2463);
#565=VERTEX_POINT('',#2494);
#566=VERTEX_POINT('',#2541);
#567=VERTEX_POINT('',#2588);
#568=VERTEX_POINT('',#2631);
#569=VERTEX_POINT('',#2678);
#570=VERTEX_POINT('',#2757);
#571=VERTEX_POINT('',#2804);
#572=VERTEX_POINT('',#2851);
#573=VERTEX_POINT('',#2903);
#574=VERTEX_POINT('',#2905);
#575=VERTEX_POINT('',#2909);
#576=VERTEX_POINT('',#2917);
#577=VERTEX_POINT('',#2919);
#578=VERTEX_POINT('',#2923);
#579=VERTEX_POINT('',#2927);
#580=VERTEX_POINT('',#2935);
#581=VERTEX_POINT('',#2937);
#582=VERTEX_POINT('',#2945);
#583=VERTEX_POINT('',#2947);
#584=VERTEX_POINT('',#2951);
#585=VERTEX_POINT('',#2959);
#586=VERTEX_POINT('',#2965);
#587=VERTEX_POINT('',#2967);
#588=VERTEX_POINT('',#2971);
#589=VERTEX_POINT('',#2979);
#590=VERTEX_POINT('',#2981);
#591=VERTEX_POINT('',#2984);
#592=VERTEX_POINT('',#2985);
#593=VERTEX_POINT('',#2990);
#594=VERTEX_POINT('',#2994);
#595=VERTEX_POINT('',#3000);
#596=VERTEX_POINT('',#3005);
#597=VERTEX_POINT('',#3010);
#598=VERTEX_POINT('',#3015);
#599=VERTEX_POINT('',#3020);
#600=VERTEX_POINT('',#3024);
#601=EDGE_CURVE('',#488,#488,#463,.T.);
#602=EDGE_CURVE('',#488,#489,#315,.T.);
#603=EDGE_CURVE('',#490,#489,#237,.T.);
#604=EDGE_CURVE('',#489,#490,#238,.T.);
#605=EDGE_CURVE('',#491,#492,#316,.T.);
#606=EDGE_CURVE('',#493,#491,#239,.T.);
#607=EDGE_CURVE('',#493,#494,#317,.T.);
#608=EDGE_CURVE('',#492,#494,#318,.T.);
#609=EDGE_CURVE('',#495,#491,#240,.T.);
#610=EDGE_CURVE('',#495,#496,#241,.T.);
#611=EDGE_CURVE('',#493,#496,#242,.T.);
#612=EDGE_CURVE('',#495,#497,#464,.T.);
#613=EDGE_CURVE('',#498,#497,#243,.T.);
#614=EDGE_CURVE('',#499,#498,#244,.T.);
#615=EDGE_CURVE('',#500,#499,#245,.T.);
#616=EDGE_CURVE('',#501,#500,#246,.T.);
#617=EDGE_CURVE('',#501,#502,#465,.T.);
#618=EDGE_CURVE('',#503,#502,#247,.T.);
#619=EDGE_CURVE('',#503,#504,#319,.T.);
#620=EDGE_CURVE('',#505,#504,#248,.T.);
#621=EDGE_CURVE('',#506,#505,#249,.T.);
#622=EDGE_CURVE('',#506,#507,#466,.T.);
#623=EDGE_CURVE('',#508,#507,#250,.T.);
#624=EDGE_CURVE('',#509,#508,#251,.T.);
#625=EDGE_CURVE('',#510,#509,#252,.T.);
#626=EDGE_CURVE('',#511,#510,#253,.T.);
#627=EDGE_CURVE('',#511,#512,#467,.T.);
#628=EDGE_CURVE('',#513,#512,#254,.T.);
#629=EDGE_CURVE('',#514,#513,#255,.T.);
#630=EDGE_CURVE('',#515,#514,#256,.T.);
#631=EDGE_CURVE('',#516,#515,#257,.T.);
#632=EDGE_CURVE('',#516,#517,#468,.T.);
#633=EDGE_CURVE('',#518,#517,#258,.T.);
#634=EDGE_CURVE('',#519,#518,#259,.T.);
#635=EDGE_CURVE('',#520,#519,#260,.T.);
#636=EDGE_CURVE('',#521,#520,#261,.T.);
#637=EDGE_CURVE('',#521,#522,#469,.T.);
#638=EDGE_CURVE('',#523,#522,#262,.T.);
#639=EDGE_CURVE('',#524,#523,#263,.T.);
#640=EDGE_CURVE('',#496,#524,#264,.T.);
#641=EDGE_CURVE('',#525,#525,#470,.T.);
#642=EDGE_CURVE('',#526,#527,#320,.T.);
#643=EDGE_CURVE('',#527,#528,#321,.T.);
#644=EDGE_CURVE('',#528,#529,#322,.T.);
#645=EDGE_CURVE('',#529,#526,#323,.T.);
#646=EDGE_CURVE('',#530,#530,#471,.T.);
#647=EDGE_CURVE('',#531,#531,#472,.T.);
#648=EDGE_CURVE('',#532,#532,#473,.T.);
#649=EDGE_CURVE('',#533,#497,#265,.T.);
#650=EDGE_CURVE('',#533,#534,#266,.T.);
#651=EDGE_CURVE('',#534,#498,#267,.T.);
#652=EDGE_CURVE('',#535,#492,#474,.T.);
#653=EDGE_CURVE('',#535,#533,#324,.T.);
#654=EDGE_CURVE('',#536,#537,#325,.T.);
#655=EDGE_CURVE('',#538,#537,#475,.T.);
#656=EDGE_CURVE('',#538,#539,#326,.T.);
#657=EDGE_CURVE('',#507,#539,#268,.T.);
#658=EDGE_CURVE('',#536,#506,#269,.T.);
#659=EDGE_CURVE('',#540,#541,#327,.T.);
#660=EDGE_CURVE('',#542,#541,#476,.T.);
#661=EDGE_CURVE('',#542,#543,#328,.T.);
#662=EDGE_CURVE('',#512,#543,#270,.T.);
#663=EDGE_CURVE('',#540,#511,#271,.T.);
#664=EDGE_CURVE('',#544,#545,#329,.T.);
#665=EDGE_CURVE('',#546,#545,#477,.T.);
#666=EDGE_CURVE('',#546,#547,#330,.T.);
#667=EDGE_CURVE('',#517,#547,#272,.T.);
#668=EDGE_CURVE('',#544,#516,#273,.T.);
#669=EDGE_CURVE('',#548,#549,#331,.T.);
#670=EDGE_CURVE('',#550,#549,#478,.T.);
#671=EDGE_CURVE('',#550,#551,#332,.T.);
#672=EDGE_CURVE('',#522,#551,#274,.T.);
#673=EDGE_CURVE('',#548,#521,#275,.T.);
#674=EDGE_CURVE('',#543,#552,#276,.T.);
#675=EDGE_CURVE('',#552,#513,#277,.T.);
#676=EDGE_CURVE('',#552,#553,#278,.T.);
#677=EDGE_CURVE('',#553,#514,#279,.T.);
#678=EDGE_CURVE('',#553,#554,#280,.T.);
#679=EDGE_CURVE('',#554,#515,#281,.T.);
#680=EDGE_CURVE('',#554,#544,#282,.T.);
#681=EDGE_CURVE('',#539,#555,#283,.T.);
#682=EDGE_CURVE('',#555,#508,#284,.T.);
#683=EDGE_CURVE('',#555,#556,#285,.T.);
#684=EDGE_CURVE('',#556,#509,#286,.T.);
#685=EDGE_CURVE('',#556,#557,#287,.T.);
#686=EDGE_CURVE('',#557,#510,#288,.T.);
#687=EDGE_CURVE('',#557,#540,#289,.T.);
#688=EDGE_CURVE('',#504,#558,#290,.T.);
#689=EDGE_CURVE('',#558,#559,#291,.T.);
#690=EDGE_CURVE('',#559,#505,#292,.T.);
#691=EDGE_CURVE('',#559,#536,#293,.T.);
#692=EDGE_CURVE('',#560,#503,#294,.T.);
#693=EDGE_CURVE('',#560,#561,#333,.T.);
#694=EDGE_CURVE('',#562,#561,#334,.T.);
#695=EDGE_CURVE('',#558,#562,#335,.T.);
#696=EDGE_CURVE('',#502,#563,#295,.F.);
#697=EDGE_CURVE('',#563,#560,#296,.T.);
#698=EDGE_CURVE('',#564,#563,#336,.T.);
#699=EDGE_CURVE('',#561,#564,#337,.T.);
#700=EDGE_CURVE('',#534,#565,#297,.T.);
#701=EDGE_CURVE('',#565,#499,#298,.T.);
#702=EDGE_CURVE('',#565,#566,#299,.T.);
#703=EDGE_CURVE('',#566,#500,#300,.T.);
#704=EDGE_CURVE('',#566,#567,#301,.T.);
#705=EDGE_CURVE('',#567,#501,#302,.F.);
#706=EDGE_CURVE('',#551,#568,#303,.T.);
#707=EDGE_CURVE('',#568,#523,#304,.T.);
#708=EDGE_CURVE('',#568,#569,#305,.T.);
#709=EDGE_CURVE('',#569,#524,#306,.T.);
#710=EDGE_CURVE('',#569,#493,#307,.T.);
#711=EDGE_CURVE('',#547,#570,#308,.T.);
#712=EDGE_CURVE('',#570,#518,#309,.T.);
#713=EDGE_CURVE('',#570,#571,#310,.T.);
#714=EDGE_CURVE('',#571,#519,#311,.T.);
#715=EDGE_CURVE('',#571,#572,#312,.T.);
#716=EDGE_CURVE('',#572,#520,#313,.T.);
#717=EDGE_CURVE('',#572,#548,#314,.T.);
#718=EDGE_CURVE('',#555,#573,#338,.T.);
#719=EDGE_CURVE('',#574,#573,#339,.T.);
#720=EDGE_CURVE('',#556,#574,#340,.T.);
#721=EDGE_CURVE('',#575,#574,#341,.T.);
#722=EDGE_CURVE('',#557,#575,#342,.T.);
#723=EDGE_CURVE('',#541,#575,#343,.T.);
#724=EDGE_CURVE('',#573,#538,#344,.T.);
#725=EDGE_CURVE('',#534,#576,#345,.T.);
#726=EDGE_CURVE('',#577,#576,#346,.T.);
#727=EDGE_CURVE('',#565,#577,#347,.T.);
#728=EDGE_CURVE('',#578,#577,#348,.T.);
#729=EDGE_CURVE('',#566,#578,#349,.T.);
#730=EDGE_CURVE('',#579,#578,#350,.T.);
#731=EDGE_CURVE('',#567,#579,#351,.T.);
#732=EDGE_CURVE('',#576,#535,#352,.T.);
#733=EDGE_CURVE('',#564,#579,#479,.T.);
#734=EDGE_CURVE('',#568,#580,#353,.T.);
#735=EDGE_CURVE('',#581,#580,#354,.T.);
#736=EDGE_CURVE('',#569,#581,#355,.T.);
#737=EDGE_CURVE('',#494,#581,#356,.T.);
#738=EDGE_CURVE('',#580,#550,#357,.T.);
#739=EDGE_CURVE('',#552,#582,#358,.T.);
#740=EDGE_CURVE('',#583,#582,#359,.T.);
#741=EDGE_CURVE('',#553,#583,#360,.T.);
#742=EDGE_CURVE('',#584,#583,#361,.T.);
#743=EDGE_CURVE('',#554,#584,#362,.T.);
#744=EDGE_CURVE('',#545,#584,#363,.T.);
#745=EDGE_CURVE('',#582,#542,#364,.T.);
#746=EDGE_CURVE('',#585,#562,#365,.T.);
#747=EDGE_CURVE('',#559,#585,#366,.T.);
#748=EDGE_CURVE('',#537,#585,#367,.T.);
#749=EDGE_CURVE('',#570,#586,#368,.T.);
#750=EDGE_CURVE('',#587,#586,#369,.T.);
#751=EDGE_CURVE('',#571,#587,#370,.T.);
#752=EDGE_CURVE('',#588,#587,#371,.T.);
#753=EDGE_CURVE('',#572,#588,#372,.T.);
#754=EDGE_CURVE('',#549,#588,#373,.T.);
#755=EDGE_CURVE('',#586,#546,#374,.T.);
#756=EDGE_CURVE('',#589,#589,#480,.T.);
#757=EDGE_CURVE('',#590,#590,#481,.T.);
#758=EDGE_CURVE('',#591,#592,#375,.T.);
#759=EDGE_CURVE('',#529,#591,#376,.T.);
#760=EDGE_CURVE('',#592,#528,#377,.T.);
#761=EDGE_CURVE('',#593,#591,#378,.T.);
#762=EDGE_CURVE('',#526,#593,#379,.T.);
#763=EDGE_CURVE('',#592,#594,#380,.T.);
#764=EDGE_CURVE('',#594,#527,#381,.T.);
#765=EDGE_CURVE('',#594,#593,#382,.T.);
#766=EDGE_CURVE('',#532,#595,#383,.T.);
#767=EDGE_CURVE('',#595,#595,#482,.T.);
#768=EDGE_CURVE('',#530,#596,#384,.T.);
#769=EDGE_CURVE('',#596,#596,#483,.T.);
#770=EDGE_CURVE('',#531,#597,#385,.T.);
#771=EDGE_CURVE('',#597,#597,#484,.T.);
#772=EDGE_CURVE('',#525,#598,#386,.T.);
#773=EDGE_CURVE('',#598,#598,#485,.T.);
#774=EDGE_CURVE('',#599,#599,#486,.T.);
#775=EDGE_CURVE('',#599,#589,#387,.T.);
#776=EDGE_CURVE('',#600,#600,#487,.T.);
#777=EDGE_CURVE('',#600,#590,#388,.T.);
#778=ORIENTED_EDGE('',*,*,#601,.F.);
#779=ORIENTED_EDGE('',*,*,#602,.T.);
#780=ORIENTED_EDGE('',*,*,#603,.F.);
#781=ORIENTED_EDGE('',*,*,#604,.F.);
#782=ORIENTED_EDGE('',*,*,#602,.F.);
#783=ORIENTED_EDGE('',*,*,#605,.F.);
#784=ORIENTED_EDGE('',*,*,#606,.F.);
#785=ORIENTED_EDGE('',*,*,#607,.T.);
#786=ORIENTED_EDGE('',*,*,#608,.F.);
#787=ORIENTED_EDGE('',*,*,#609,.F.);
#788=ORIENTED_EDGE('',*,*,#610,.T.);
#789=ORIENTED_EDGE('',*,*,#611,.F.);
#790=ORIENTED_EDGE('',*,*,#606,.T.);
#791=ORIENTED_EDGE('',*,*,#612,.T.);
#792=ORIENTED_EDGE('',*,*,#613,.F.);
#793=ORIENTED_EDGE('',*,*,#614,.F.);
#794=ORIENTED_EDGE('',*,*,#615,.F.);
#795=ORIENTED_EDGE('',*,*,#616,.F.);
#796=ORIENTED_EDGE('',*,*,#617,.T.);
#797=ORIENTED_EDGE('',*,*,#618,.F.);
#798=ORIENTED_EDGE('',*,*,#619,.T.);
#799=ORIENTED_EDGE('',*,*,#620,.F.);
#800=ORIENTED_EDGE('',*,*,#621,.F.);
#801=ORIENTED_EDGE('',*,*,#622,.T.);
#802=ORIENTED_EDGE('',*,*,#623,.F.);
#803=ORIENTED_EDGE('',*,*,#624,.F.);
#804=ORIENTED_EDGE('',*,*,#625,.F.);
#805=ORIENTED_EDGE('',*,*,#626,.F.);
#806=ORIENTED_EDGE('',*,*,#627,.T.);
#807=ORIENTED_EDGE('',*,*,#628,.F.);
#808=ORIENTED_EDGE('',*,*,#629,.F.);
#809=ORIENTED_EDGE('',*,*,#630,.F.);
#810=ORIENTED_EDGE('',*,*,#631,.F.);
#811=ORIENTED_EDGE('',*,*,#632,.T.);
#812=ORIENTED_EDGE('',*,*,#633,.F.);
#813=ORIENTED_EDGE('',*,*,#634,.F.);
#814=ORIENTED_EDGE('',*,*,#635,.F.);
#815=ORIENTED_EDGE('',*,*,#636,.F.);
#816=ORIENTED_EDGE('',*,*,#637,.T.);
#817=ORIENTED_EDGE('',*,*,#638,.F.);
#818=ORIENTED_EDGE('',*,*,#639,.F.);
#819=ORIENTED_EDGE('',*,*,#640,.F.);
#820=ORIENTED_EDGE('',*,*,#610,.F.);
#821=ORIENTED_EDGE('',*,*,#641,.T.);
#822=ORIENTED_EDGE('',*,*,#642,.T.);
#823=ORIENTED_EDGE('',*,*,#643,.T.);
#824=ORIENTED_EDGE('',*,*,#644,.T.);
#825=ORIENTED_EDGE('',*,*,#645,.T.);
#826=ORIENTED_EDGE('',*,*,#646,.T.);
#827=ORIENTED_EDGE('',*,*,#647,.T.);
#828=ORIENTED_EDGE('',*,*,#648,.T.);
#829=ORIENTED_EDGE('',*,*,#649,.F.);
#830=ORIENTED_EDGE('',*,*,#650,.T.);
#831=ORIENTED_EDGE('',*,*,#651,.T.);
#832=ORIENTED_EDGE('',*,*,#613,.T.);
#833=ORIENTED_EDGE('',*,*,#605,.T.);
#834=ORIENTED_EDGE('',*,*,#652,.F.);
#835=ORIENTED_EDGE('',*,*,#653,.T.);
#836=ORIENTED_EDGE('',*,*,#649,.T.);
#837=ORIENTED_EDGE('',*,*,#612,.F.);
#838=ORIENTED_EDGE('',*,*,#609,.T.);
#839=ORIENTED_EDGE('',*,*,#654,.T.);
#840=ORIENTED_EDGE('',*,*,#655,.F.);
#841=ORIENTED_EDGE('',*,*,#656,.T.);
#842=ORIENTED_EDGE('',*,*,#657,.F.);
#843=ORIENTED_EDGE('',*,*,#622,.F.);
#844=ORIENTED_EDGE('',*,*,#658,.F.);
#845=ORIENTED_EDGE('',*,*,#659,.T.);
#846=ORIENTED_EDGE('',*,*,#660,.F.);
#847=ORIENTED_EDGE('',*,*,#661,.T.);
#848=ORIENTED_EDGE('',*,*,#662,.F.);
#849=ORIENTED_EDGE('',*,*,#627,.F.);
#850=ORIENTED_EDGE('',*,*,#663,.F.);
#851=ORIENTED_EDGE('',*,*,#664,.T.);
#852=ORIENTED_EDGE('',*,*,#665,.F.);
#853=ORIENTED_EDGE('',*,*,#666,.T.);
#854=ORIENTED_EDGE('',*,*,#667,.F.);
#855=ORIENTED_EDGE('',*,*,#632,.F.);
#856=ORIENTED_EDGE('',*,*,#668,.F.);
#857=ORIENTED_EDGE('',*,*,#603,.T.);
#858=ORIENTED_EDGE('',*,*,#604,.T.);
#859=ORIENTED_EDGE('',*,*,#669,.T.);
#860=ORIENTED_EDGE('',*,*,#670,.F.);
#861=ORIENTED_EDGE('',*,*,#671,.T.);
#862=ORIENTED_EDGE('',*,*,#672,.F.);
#863=ORIENTED_EDGE('',*,*,#637,.F.);
#864=ORIENTED_EDGE('',*,*,#673,.F.);
#865=ORIENTED_EDGE('',*,*,#662,.T.);
#866=ORIENTED_EDGE('',*,*,#674,.T.);
#867=ORIENTED_EDGE('',*,*,#675,.T.);
#868=ORIENTED_EDGE('',*,*,#628,.T.);
#869=ORIENTED_EDGE('',*,*,#676,.T.);
#870=ORIENTED_EDGE('',*,*,#677,.T.);
#871=ORIENTED_EDGE('',*,*,#629,.T.);
#872=ORIENTED_EDGE('',*,*,#675,.F.);
#873=ORIENTED_EDGE('',*,*,#678,.T.);
#874=ORIENTED_EDGE('',*,*,#679,.T.);
#875=ORIENTED_EDGE('',*,*,#630,.T.);
#876=ORIENTED_EDGE('',*,*,#677,.F.);
#877=ORIENTED_EDGE('',*,*,#668,.T.);
#878=ORIENTED_EDGE('',*,*,#631,.T.);
#879=ORIENTED_EDGE('',*,*,#679,.F.);
#880=ORIENTED_EDGE('',*,*,#680,.T.);
#881=ORIENTED_EDGE('',*,*,#657,.T.);
#882=ORIENTED_EDGE('',*,*,#681,.T.);
#883=ORIENTED_EDGE('',*,*,#682,.T.);
#884=ORIENTED_EDGE('',*,*,#623,.T.);
#885=ORIENTED_EDGE('',*,*,#624,.T.);
#886=ORIENTED_EDGE('',*,*,#682,.F.);
#887=ORIENTED_EDGE('',*,*,#683,.T.);
#888=ORIENTED_EDGE('',*,*,#684,.T.);
#889=ORIENTED_EDGE('',*,*,#625,.T.);
#890=ORIENTED_EDGE('',*,*,#684,.F.);
#891=ORIENTED_EDGE('',*,*,#685,.T.);
#892=ORIENTED_EDGE('',*,*,#686,.T.);
#893=ORIENTED_EDGE('',*,*,#663,.T.);
#894=ORIENTED_EDGE('',*,*,#626,.T.);
#895=ORIENTED_EDGE('',*,*,#686,.F.);
#896=ORIENTED_EDGE('',*,*,#687,.T.);
#897=ORIENTED_EDGE('',*,*,#620,.T.);
#898=ORIENTED_EDGE('',*,*,#688,.T.);
#899=ORIENTED_EDGE('',*,*,#689,.T.);
#900=ORIENTED_EDGE('',*,*,#690,.T.);
#901=ORIENTED_EDGE('',*,*,#658,.T.);
#902=ORIENTED_EDGE('',*,*,#621,.T.);
#903=ORIENTED_EDGE('',*,*,#690,.F.);
#904=ORIENTED_EDGE('',*,*,#691,.T.);
#905=ORIENTED_EDGE('',*,*,#688,.F.);
#906=ORIENTED_EDGE('',*,*,#619,.F.);
#907=ORIENTED_EDGE('',*,*,#692,.F.);
#908=ORIENTED_EDGE('',*,*,#693,.T.);
#909=ORIENTED_EDGE('',*,*,#694,.F.);
#910=ORIENTED_EDGE('',*,*,#695,.F.);
#911=ORIENTED_EDGE('',*,*,#692,.T.);
#912=ORIENTED_EDGE('',*,*,#618,.T.);
#913=ORIENTED_EDGE('',*,*,#696,.T.);
#914=ORIENTED_EDGE('',*,*,#697,.T.);
#915=ORIENTED_EDGE('',*,*,#697,.F.);
#916=ORIENTED_EDGE('',*,*,#698,.F.);
#917=ORIENTED_EDGE('',*,*,#699,.F.);
#918=ORIENTED_EDGE('',*,*,#693,.F.);
#919=ORIENTED_EDGE('',*,*,#614,.T.);
#920=ORIENTED_EDGE('',*,*,#651,.F.);
#921=ORIENTED_EDGE('',*,*,#700,.T.);
#922=ORIENTED_EDGE('',*,*,#701,.T.);
#923=ORIENTED_EDGE('',*,*,#615,.T.);
#924=ORIENTED_EDGE('',*,*,#701,.F.);
#925=ORIENTED_EDGE('',*,*,#702,.T.);
#926=ORIENTED_EDGE('',*,*,#703,.T.);
#927=ORIENTED_EDGE('',*,*,#704,.T.);
#928=ORIENTED_EDGE('',*,*,#705,.T.);
#929=ORIENTED_EDGE('',*,*,#616,.T.);
#930=ORIENTED_EDGE('',*,*,#703,.F.);
#931=ORIENTED_EDGE('',*,*,#672,.T.);
#932=ORIENTED_EDGE('',*,*,#706,.T.);
#933=ORIENTED_EDGE('',*,*,#707,.T.);
#934=ORIENTED_EDGE('',*,*,#638,.T.);
#935=ORIENTED_EDGE('',*,*,#639,.T.);
#936=ORIENTED_EDGE('',*,*,#707,.F.);
#937=ORIENTED_EDGE('',*,*,#708,.T.);
#938=ORIENTED_EDGE('',*,*,#709,.T.);
#939=ORIENTED_EDGE('',*,*,#640,.T.);
#940=ORIENTED_EDGE('',*,*,#709,.F.);
#941=ORIENTED_EDGE('',*,*,#710,.T.);
#942=ORIENTED_EDGE('',*,*,#611,.T.);
#943=ORIENTED_EDGE('',*,*,#667,.T.);
#944=ORIENTED_EDGE('',*,*,#711,.T.);
#945=ORIENTED_EDGE('',*,*,#712,.T.);
#946=ORIENTED_EDGE('',*,*,#633,.T.);
#947=ORIENTED_EDGE('',*,*,#713,.T.);
#948=ORIENTED_EDGE('',*,*,#714,.T.);
#949=ORIENTED_EDGE('',*,*,#634,.T.);
#950=ORIENTED_EDGE('',*,*,#712,.F.);
#951=ORIENTED_EDGE('',*,*,#715,.T.);
#952=ORIENTED_EDGE('',*,*,#716,.T.);
#953=ORIENTED_EDGE('',*,*,#635,.T.);
#954=ORIENTED_EDGE('',*,*,#714,.F.);
#955=ORIENTED_EDGE('',*,*,#673,.T.);
#956=ORIENTED_EDGE('',*,*,#636,.T.);
#957=ORIENTED_EDGE('',*,*,#716,.F.);
#958=ORIENTED_EDGE('',*,*,#717,.T.);
#959=ORIENTED_EDGE('',*,*,#683,.F.);
#960=ORIENTED_EDGE('',*,*,#718,.T.);
#961=ORIENTED_EDGE('',*,*,#719,.F.);
#962=ORIENTED_EDGE('',*,*,#720,.F.);
#963=ORIENTED_EDGE('',*,*,#685,.F.);
#964=ORIENTED_EDGE('',*,*,#720,.T.);
#965=ORIENTED_EDGE('',*,*,#721,.F.);
#966=ORIENTED_EDGE('',*,*,#722,.F.);
#967=ORIENTED_EDGE('',*,*,#659,.F.);
#968=ORIENTED_EDGE('',*,*,#687,.F.);
#969=ORIENTED_EDGE('',*,*,#722,.T.);
#970=ORIENTED_EDGE('',*,*,#723,.F.);
#971=ORIENTED_EDGE('',*,*,#656,.F.);
#972=ORIENTED_EDGE('',*,*,#724,.F.);
#973=ORIENTED_EDGE('',*,*,#718,.F.);
#974=ORIENTED_EDGE('',*,*,#681,.F.);
#975=ORIENTED_EDGE('',*,*,#700,.F.);
#976=ORIENTED_EDGE('',*,*,#725,.T.);
#977=ORIENTED_EDGE('',*,*,#726,.F.);
#978=ORIENTED_EDGE('',*,*,#727,.F.);
#979=ORIENTED_EDGE('',*,*,#702,.F.);
#980=ORIENTED_EDGE('',*,*,#727,.T.);
#981=ORIENTED_EDGE('',*,*,#728,.F.);
#982=ORIENTED_EDGE('',*,*,#729,.F.);
#983=ORIENTED_EDGE('',*,*,#704,.F.);
#984=ORIENTED_EDGE('',*,*,#729,.T.);
#985=ORIENTED_EDGE('',*,*,#730,.F.);
#986=ORIENTED_EDGE('',*,*,#731,.F.);
#987=ORIENTED_EDGE('',*,*,#653,.F.);
#988=ORIENTED_EDGE('',*,*,#732,.F.);
#989=ORIENTED_EDGE('',*,*,#725,.F.);
#990=ORIENTED_EDGE('',*,*,#650,.F.);
#991=ORIENTED_EDGE('',*,*,#731,.T.);
#992=ORIENTED_EDGE('',*,*,#733,.F.);
#993=ORIENTED_EDGE('',*,*,#698,.T.);
#994=ORIENTED_EDGE('',*,*,#696,.F.);
#995=ORIENTED_EDGE('',*,*,#617,.F.);
#996=ORIENTED_EDGE('',*,*,#705,.F.);
#997=ORIENTED_EDGE('',*,*,#708,.F.);
#998=ORIENTED_EDGE('',*,*,#734,.T.);
#999=ORIENTED_EDGE('',*,*,#735,.F.);
#1000=ORIENTED_EDGE('',*,*,#736,.F.);
#1001=ORIENTED_EDGE('',*,*,#710,.F.);
#1002=ORIENTED_EDGE('',*,*,#736,.T.);
#1003=ORIENTED_EDGE('',*,*,#737,.F.);
#1004=ORIENTED_EDGE('',*,*,#607,.F.);
#1005=ORIENTED_EDGE('',*,*,#671,.F.);
#1006=ORIENTED_EDGE('',*,*,#738,.F.);
#1007=ORIENTED_EDGE('',*,*,#734,.F.);
#1008=ORIENTED_EDGE('',*,*,#706,.F.);
#1009=ORIENTED_EDGE('',*,*,#676,.F.);
#1010=ORIENTED_EDGE('',*,*,#739,.T.);
#1011=ORIENTED_EDGE('',*,*,#740,.F.);
#1012=ORIENTED_EDGE('',*,*,#741,.F.);
#1013=ORIENTED_EDGE('',*,*,#678,.F.);
#1014=ORIENTED_EDGE('',*,*,#741,.T.);
#1015=ORIENTED_EDGE('',*,*,#742,.F.);
#1016=ORIENTED_EDGE('',*,*,#743,.F.);
#1017=ORIENTED_EDGE('',*,*,#664,.F.);
#1018=ORIENTED_EDGE('',*,*,#680,.F.);
#1019=ORIENTED_EDGE('',*,*,#743,.T.);
#1020=ORIENTED_EDGE('',*,*,#744,.F.);
#1021=ORIENTED_EDGE('',*,*,#661,.F.);
#1022=ORIENTED_EDGE('',*,*,#745,.F.);
#1023=ORIENTED_EDGE('',*,*,#739,.F.);
#1024=ORIENTED_EDGE('',*,*,#674,.F.);
#1025=ORIENTED_EDGE('',*,*,#689,.F.);
#1026=ORIENTED_EDGE('',*,*,#695,.T.);
#1027=ORIENTED_EDGE('',*,*,#746,.F.);
#1028=ORIENTED_EDGE('',*,*,#747,.F.);
#1029=ORIENTED_EDGE('',*,*,#654,.F.);
#1030=ORIENTED_EDGE('',*,*,#691,.F.);
#1031=ORIENTED_EDGE('',*,*,#747,.T.);
#1032=ORIENTED_EDGE('',*,*,#748,.F.);
#1033=ORIENTED_EDGE('',*,*,#713,.F.);
#1034=ORIENTED_EDGE('',*,*,#749,.T.);
#1035=ORIENTED_EDGE('',*,*,#750,.F.);
#1036=ORIENTED_EDGE('',*,*,#751,.F.);
#1037=ORIENTED_EDGE('',*,*,#715,.F.);
#1038=ORIENTED_EDGE('',*,*,#751,.T.);
#1039=ORIENTED_EDGE('',*,*,#752,.F.);
#1040=ORIENTED_EDGE('',*,*,#753,.F.);
#1041=ORIENTED_EDGE('',*,*,#669,.F.);
#1042=ORIENTED_EDGE('',*,*,#717,.F.);
#1043=ORIENTED_EDGE('',*,*,#753,.T.);
#1044=ORIENTED_EDGE('',*,*,#754,.F.);
#1045=ORIENTED_EDGE('',*,*,#666,.F.);
#1046=ORIENTED_EDGE('',*,*,#755,.F.);
#1047=ORIENTED_EDGE('',*,*,#749,.F.);
#1048=ORIENTED_EDGE('',*,*,#711,.F.);
#1049=ORIENTED_EDGE('',*,*,#665,.T.);
#1050=ORIENTED_EDGE('',*,*,#744,.T.);
#1051=ORIENTED_EDGE('',*,*,#742,.T.);
#1052=ORIENTED_EDGE('',*,*,#740,.T.);
#1053=ORIENTED_EDGE('',*,*,#745,.T.);
#1054=ORIENTED_EDGE('',*,*,#660,.T.);
#1055=ORIENTED_EDGE('',*,*,#723,.T.);
#1056=ORIENTED_EDGE('',*,*,#721,.T.);
#1057=ORIENTED_EDGE('',*,*,#719,.T.);
#1058=ORIENTED_EDGE('',*,*,#724,.T.);
#1059=ORIENTED_EDGE('',*,*,#655,.T.);
#1060=ORIENTED_EDGE('',*,*,#748,.T.);
#1061=ORIENTED_EDGE('',*,*,#746,.T.);
#1062=ORIENTED_EDGE('',*,*,#694,.T.);
#1063=ORIENTED_EDGE('',*,*,#699,.T.);
#1064=ORIENTED_EDGE('',*,*,#733,.T.);
#1065=ORIENTED_EDGE('',*,*,#730,.T.);
#1066=ORIENTED_EDGE('',*,*,#728,.T.);
#1067=ORIENTED_EDGE('',*,*,#726,.T.);
#1068=ORIENTED_EDGE('',*,*,#732,.T.);
#1069=ORIENTED_EDGE('',*,*,#652,.T.);
#1070=ORIENTED_EDGE('',*,*,#608,.T.);
#1071=ORIENTED_EDGE('',*,*,#737,.T.);
#1072=ORIENTED_EDGE('',*,*,#735,.T.);
#1073=ORIENTED_EDGE('',*,*,#738,.T.);
#1074=ORIENTED_EDGE('',*,*,#670,.T.);
#1075=ORIENTED_EDGE('',*,*,#754,.T.);
#1076=ORIENTED_EDGE('',*,*,#752,.T.);
#1077=ORIENTED_EDGE('',*,*,#750,.T.);
#1078=ORIENTED_EDGE('',*,*,#755,.T.);
#1079=ORIENTED_EDGE('',*,*,#756,.T.);
#1080=ORIENTED_EDGE('',*,*,#757,.T.);
#1081=ORIENTED_EDGE('',*,*,#758,.F.);
#1082=ORIENTED_EDGE('',*,*,#759,.F.);
#1083=ORIENTED_EDGE('',*,*,#644,.F.);
#1084=ORIENTED_EDGE('',*,*,#760,.F.);
#1085=ORIENTED_EDGE('',*,*,#601,.T.);
#1086=ORIENTED_EDGE('',*,*,#761,.F.);
#1087=ORIENTED_EDGE('',*,*,#762,.F.);
#1088=ORIENTED_EDGE('',*,*,#645,.F.);
#1089=ORIENTED_EDGE('',*,*,#759,.T.);
#1090=ORIENTED_EDGE('',*,*,#763,.F.);
#1091=ORIENTED_EDGE('',*,*,#760,.T.);
#1092=ORIENTED_EDGE('',*,*,#643,.F.);
#1093=ORIENTED_EDGE('',*,*,#764,.F.);
#1094=ORIENTED_EDGE('',*,*,#765,.F.);
#1095=ORIENTED_EDGE('',*,*,#764,.T.);
#1096=ORIENTED_EDGE('',*,*,#642,.F.);
#1097=ORIENTED_EDGE('',*,*,#762,.T.);
#1098=ORIENTED_EDGE('',*,*,#648,.F.);
#1099=ORIENTED_EDGE('',*,*,#766,.T.);
#1100=ORIENTED_EDGE('',*,*,#767,.T.);
#1101=ORIENTED_EDGE('',*,*,#766,.F.);
#1102=ORIENTED_EDGE('',*,*,#767,.F.);
#1103=ORIENTED_EDGE('',*,*,#646,.F.);
#1104=ORIENTED_EDGE('',*,*,#768,.T.);
#1105=ORIENTED_EDGE('',*,*,#769,.T.);
#1106=ORIENTED_EDGE('',*,*,#768,.F.);
#1107=ORIENTED_EDGE('',*,*,#769,.F.);
#1108=ORIENTED_EDGE('',*,*,#647,.F.);
#1109=ORIENTED_EDGE('',*,*,#770,.T.);
#1110=ORIENTED_EDGE('',*,*,#771,.T.);
#1111=ORIENTED_EDGE('',*,*,#770,.F.);
#1112=ORIENTED_EDGE('',*,*,#771,.F.);
#1113=ORIENTED_EDGE('',*,*,#641,.F.);
#1114=ORIENTED_EDGE('',*,*,#772,.T.);
#1115=ORIENTED_EDGE('',*,*,#773,.T.);
#1116=ORIENTED_EDGE('',*,*,#772,.F.);
#1117=ORIENTED_EDGE('',*,*,#773,.F.);
#1118=ORIENTED_EDGE('',*,*,#774,.F.);
#1119=ORIENTED_EDGE('',*,*,#775,.T.);
#1120=ORIENTED_EDGE('',*,*,#756,.F.);
#1121=ORIENTED_EDGE('',*,*,#775,.F.);
#1122=ORIENTED_EDGE('',*,*,#776,.F.);
#1123=ORIENTED_EDGE('',*,*,#777,.T.);
#1124=ORIENTED_EDGE('',*,*,#757,.F.);
#1125=ORIENTED_EDGE('',*,*,#777,.F.);
#1126=ORIENTED_EDGE('',*,*,#765,.T.);
#1127=ORIENTED_EDGE('',*,*,#761,.T.);
#1128=ORIENTED_EDGE('',*,*,#758,.T.);
#1129=ORIENTED_EDGE('',*,*,#763,.T.);
#1130=ORIENTED_EDGE('',*,*,#774,.T.);
#1131=ORIENTED_EDGE('',*,*,#776,.T.);
#1132=CYLINDRICAL_SURFACE('',#1230,5.);
#1133=CYLINDRICAL_SURFACE('',#1244,50.7192755072598);
#1134=CYLINDRICAL_SURFACE('',#1246,50.7192755072598);
#1135=CYLINDRICAL_SURFACE('',#1248,50.7192755072598);
#1136=CYLINDRICAL_SURFACE('',#1250,50.7192755072598);
#1137=CYLINDRICAL_SURFACE('',#1252,50.7192755072598);
#1138=CYLINDRICAL_SURFACE('',#1264,50.7192755072598);
#1139=CYLINDRICAL_SURFACE('',#1286,1.475);
#1140=CYLINDRICAL_SURFACE('',#1289,1.475);
#1141=CYLINDRICAL_SURFACE('',#1292,1.475);
#1142=CYLINDRICAL_SURFACE('',#1295,1.475);
#1143=CYLINDRICAL_SURFACE('',#1298,1.6);
#1144=CYLINDRICAL_SURFACE('',#1300,1.6);
#1145=ADVANCED_FACE('',(#84),#1132,.F.);
#1146=ADVANCED_FACE('',(#85),#49,.T.);
#1147=ADVANCED_FACE('',(#86),#26,.T.);
#1148=ADVANCED_FACE('',(#87,#15,#16,#17,#18,#19),#50,.T.);
#1149=ADVANCED_FACE('',(#88),#27,.T.);
#1150=ADVANCED_FACE('',(#89),#1133,.T.);
#1151=ADVANCED_FACE('',(#90),#1134,.T.);
#1152=ADVANCED_FACE('',(#91),#1135,.T.);
#1153=ADVANCED_FACE('',(#92,#20),#1136,.T.);
#1154=ADVANCED_FACE('',(#93),#1137,.T.);
#1155=ADVANCED_FACE('',(#94),#28,.T.);
#1156=ADVANCED_FACE('',(#95),#29,.T.);
#1157=ADVANCED_FACE('',(#96),#30,.T.);
#1158=ADVANCED_FACE('',(#97),#31,.T.);
#1159=ADVANCED_FACE('',(#98),#32,.T.);
#1160=ADVANCED_FACE('',(#99),#33,.T.);
#1161=ADVANCED_FACE('',(#100),#34,.T.);
#1162=ADVANCED_FACE('',(#101),#35,.T.);
#1163=ADVANCED_FACE('',(#102),#36,.T.);
#1164=ADVANCED_FACE('',(#103),#37,.T.);
#1165=ADVANCED_FACE('',(#104),#51,.T.);
#1166=ADVANCED_FACE('',(#105),#38,.T.);
#1167=ADVANCED_FACE('',(#106),#52,.T.);
#1168=ADVANCED_FACE('',(#107),#39,.T.);
#1169=ADVANCED_FACE('',(#108),#40,.T.);
#1170=ADVANCED_FACE('',(#109),#41,.T.);
#1171=ADVANCED_FACE('',(#110),#42,.T.);
#1172=ADVANCED_FACE('',(#111),#43,.T.);
#1173=ADVANCED_FACE('',(#112),#44,.T.);
#1174=ADVANCED_FACE('',(#113),#45,.T.);
#1175=ADVANCED_FACE('',(#114),#46,.T.);
#1176=ADVANCED_FACE('',(#115),#47,.T.);
#1177=ADVANCED_FACE('',(#116),#48,.T.);
#1178=ADVANCED_FACE('',(#117),#53,.T.);
#1179=ADVANCED_FACE('',(#118),#54,.T.);
#1180=ADVANCED_FACE('',(#119),#55,.T.);
#1181=ADVANCED_FACE('',(#120),#56,.T.);
#1182=ADVANCED_FACE('',(#121),#57,.T.);
#1183=ADVANCED_FACE('',(#122),#58,.T.);
#1184=ADVANCED_FACE('',(#123),#59,.T.);
#1185=ADVANCED_FACE('',(#124),#60,.T.);
#1186=ADVANCED_FACE('',(#125),#1138,.T.);
#1187=ADVANCED_FACE('',(#126),#61,.T.);
#1188=ADVANCED_FACE('',(#127),#62,.T.);
#1189=ADVANCED_FACE('',(#128),#63,.T.);
#1190=ADVANCED_FACE('',(#129),#64,.T.);
#1191=ADVANCED_FACE('',(#130),#65,.T.);
#1192=ADVANCED_FACE('',(#131),#66,.T.);
#1193=ADVANCED_FACE('',(#132),#67,.T.);
#1194=ADVANCED_FACE('',(#133),#68,.T.);
#1195=ADVANCED_FACE('',(#134),#69,.T.);
#1196=ADVANCED_FACE('',(#135),#70,.T.);
#1197=ADVANCED_FACE('',(#136),#71,.T.);
#1198=ADVANCED_FACE('',(#137),#72,.T.);
#1199=ADVANCED_FACE('',(#138),#73,.T.);
#1200=ADVANCED_FACE('',(#139,#21,#22),#74,.T.);
#1201=ADVANCED_FACE('',(#140,#23),#75,.F.);
#1202=ADVANCED_FACE('',(#141),#76,.F.);
#1203=ADVANCED_FACE('',(#142),#77,.F.);
#1204=ADVANCED_FACE('',(#143),#78,.F.);
#1205=ADVANCED_FACE('',(#144),#1139,.F.);
#1206=ADVANCED_FACE('',(#145),#79,.T.);
#1207=ADVANCED_FACE('',(#146),#1140,.F.);
#1208=ADVANCED_FACE('',(#147),#80,.T.);
#1209=ADVANCED_FACE('',(#148),#1141,.F.);
#1210=ADVANCED_FACE('',(#149),#81,.T.);
#1211=ADVANCED_FACE('',(#150),#1142,.F.);
#1212=ADVANCED_FACE('',(#151),#82,.T.);
#1213=ADVANCED_FACE('',(#152),#1143,.F.);
#1214=ADVANCED_FACE('',(#153),#1144,.F.);
#1215=ADVANCED_FACE('',(#154,#24,#25),#83,.F.);
#1216=CLOSED_SHELL('',(#1145,#1146,#1147,#1148,#1149,#1150,#1151,#1152,
#1153,#1154,#1155,#1156,#1157,#1158,#1159,#1160,#1161,#1162,#1163,#1164,
#1165,#1166,#1167,#1168,#1169,#1170,#1171,#1172,#1173,#1174,#1175,#1176,
#1177,#1178,#1179,#1180,#1181,#1182,#1183,#1184,#1185,#1186,#1187,#1188,
#1189,#1190,#1191,#1192,#1193,#1194,#1195,#1196,#1197,#1198,#1199,#1200,
#1201,#1202,#1203,#1204,#1205,#1206,#1207,#1208,#1209,#1210,#1211,#1212,
#1213,#1214,#1215));
#1217=DERIVED_UNIT_ELEMENT(#1219,1.);
#1218=DERIVED_UNIT_ELEMENT(#3033,-3.);
#1219=(
MASS_UNIT()
NAMED_UNIT(*)
SI_UNIT(.KILO.,.GRAM.)
);
#1220=DERIVED_UNIT((#1217,#1218));
#1221=MEASURE_REPRESENTATION_ITEM('density measure',
POSITIVE_RATIO_MEASURE(952.),#1220);
#1222=PROPERTY_DEFINITION_REPRESENTATION(#1227,#1224);
#1223=PROPERTY_DEFINITION_REPRESENTATION(#1228,#1225);
#1224=REPRESENTATION('material name',(#1226),#3030);
#1225=REPRESENTATION('density',(#1221),#3030);
#1226=DESCRIPTIVE_REPRESENTATION_ITEM('Plastic, Opaque White',
'Plastic, Opaque White');
#1227=PROPERTY_DEFINITION('material property','material name',#3040);
#1228=PROPERTY_DEFINITION('material property','density of part',#3040);
#1229=AXIS2_PLACEMENT_3D('',#1525,#1303,#1304);
#1230=AXIS2_PLACEMENT_3D('',#1526,#1305,#1306);
#1231=AXIS2_PLACEMENT_3D('',#1528,#1307,#1308);
#1232=AXIS2_PLACEMENT_3D('',#1568,#1310,#1311);
#1233=AXIS2_PLACEMENT_3D('',#1638,#1315,#1316);
#1234=AXIS2_PLACEMENT_3D('',#1640,#1317,#1318);
#1235=AXIS2_PLACEMENT_3D('',#1662,#1319,#1320);
#1236=AXIS2_PLACEMENT_3D('',#1681,#1322,#1323);
#1237=AXIS2_PLACEMENT_3D('',#1703,#1324,#1325);
#1238=AXIS2_PLACEMENT_3D('',#1725,#1326,#1327);
#1239=AXIS2_PLACEMENT_3D('',#1747,#1328,#1329);
#1240=AXIS2_PLACEMENT_3D('',#1763,#1330,#1331);
#1241=AXIS2_PLACEMENT_3D('',#1773,#1336,#1337);
#1242=AXIS2_PLACEMENT_3D('',#1775,#1338,#1339);
#1243=AXIS2_PLACEMENT_3D('',#1777,#1340,#1341);
#1244=AXIS2_PLACEMENT_3D('',#1838,#1342,#1343);
#1245=AXIS2_PLACEMENT_3D('',#1840,#1344,#1345);
#1246=AXIS2_PLACEMENT_3D('',#1842,#1347,#1348);
#1247=AXIS2_PLACEMENT_3D('',#1847,#1350,#1351);
#1248=AXIS2_PLACEMENT_3D('',#1872,#1353,#1354);
#1249=AXIS2_PLACEMENT_3D('',#1877,#1356,#1357);
#1250=AXIS2_PLACEMENT_3D('',#1902,#1359,#1360);
#1251=AXIS2_PLACEMENT_3D('',#1907,#1362,#1363);
#1252=AXIS2_PLACEMENT_3D('',#1932,#1365,#1366);
#1253=AXIS2_PLACEMENT_3D('',#1937,#1368,#1369);
#1254=AXIS2_PLACEMENT_3D('',#2398,#1371,#1372);
#1255=AXIS2_PLACEMENT_3D('',#2462,#1376,#1377);
#1256=AXIS2_PLACEMENT_3D('',#2902,#1380,#1381);
#1257=AXIS2_PLACEMENT_3D('',#2908,#1385,#1386);
#1258=AXIS2_PLACEMENT_3D('',#2912,#1389,#1390);
#1259=AXIS2_PLACEMENT_3D('',#2914,#1392,#1393);
#1260=AXIS2_PLACEMENT_3D('',#2916,#1395,#1396);
#1261=AXIS2_PLACEMENT_3D('',#2922,#1400,#1401);
#1262=AXIS2_PLACEMENT_3D('',#2926,#1404,#1405);
#1263=AXIS2_PLACEMENT_3D('',#2930,#1408,#1409);
#1264=AXIS2_PLACEMENT_3D('',#2932,#1411,#1412);
#1265=AXIS2_PLACEMENT_3D('',#2933,#1413,#1414);
#1266=AXIS2_PLACEMENT_3D('',#2934,#1415,#1416);
#1267=AXIS2_PLACEMENT_3D('',#2940,#1420,#1421);
#1268=AXIS2_PLACEMENT_3D('',#2942,#1423,#1424);
#1269=AXIS2_PLACEMENT_3D('',#2944,#1426,#1427);
#1270=AXIS2_PLACEMENT_3D('',#2950,#1431,#1432);
#1271=AXIS2_PLACEMENT_3D('',#2954,#1435,#1436);
#1272=AXIS2_PLACEMENT_3D('',#2956,#1438,#1439);
#1273=AXIS2_PLACEMENT_3D('',#2958,#1441,#1442);
#1274=AXIS2_PLACEMENT_3D('',#2962,#1445,#1446);
#1275=AXIS2_PLACEMENT_3D('',#2964,#1448,#1449);
#1276=AXIS2_PLACEMENT_3D('',#2970,#1453,#1454);
#1277=AXIS2_PLACEMENT_3D('',#2974,#1457,#1458);
#1278=AXIS2_PLACEMENT_3D('',#2976,#1460,#1461);
#1279=AXIS2_PLACEMENT_3D('',#2978,#1463,#1464);
#1280=AXIS2_PLACEMENT_3D('',#2980,#1465,#1466);
#1281=AXIS2_PLACEMENT_3D('',#2982,#1467,#1468);
#1282=AXIS2_PLACEMENT_3D('',#2983,#1469,#1470);
#1283=AXIS2_PLACEMENT_3D('',#2989,#1474,#1475);
#1284=AXIS2_PLACEMENT_3D('',#2993,#1478,#1479);
#1285=AXIS2_PLACEMENT_3D('',#2997,#1482,#1483);
#1286=AXIS2_PLACEMENT_3D('',#2999,#1485,#1486);
#1287=AXIS2_PLACEMENT_3D('',#3002,#1488,#1489);
#1288=AXIS2_PLACEMENT_3D('',#3003,#1490,#1491);
#1289=AXIS2_PLACEMENT_3D('',#3004,#1492,#1493);
#1290=AXIS2_PLACEMENT_3D('',#3007,#1495,#1496);
#1291=AXIS2_PLACEMENT_3D('',#3008,#1497,#1498);
#1292=AXIS2_PLACEMENT_3D('',#3009,#1499,#1500);
#1293=AXIS2_PLACEMENT_3D('',#3012,#1502,#1503);
#1294=AXIS2_PLACEMENT_3D('',#3013,#1504,#1505);
#1295=AXIS2_PLACEMENT_3D('',#3014,#1506,#1507);
#1296=AXIS2_PLACEMENT_3D('',#3017,#1509,#1510);
#1297=AXIS2_PLACEMENT_3D('',#3018,#1511,#1512);
#1298=AXIS2_PLACEMENT_3D('',#3019,#1513,#1514);
#1299=AXIS2_PLACEMENT_3D('',#3021,#1515,#1516);
#1300=AXIS2_PLACEMENT_3D('',#3023,#1518,#1519);
#1301=AXIS2_PLACEMENT_3D('',#3025,#1520,#1521);
#1302=AXIS2_PLACEMENT_3D('',#3027,#1523,#1524);
#1303=DIRECTION('axis',(0.,0.,1.));
#1304=DIRECTION('refdir',(1.,0.,0.));
#1305=DIRECTION('center_axis',(-1.,0.,0.));
#1306=DIRECTION('ref_axis',(0.,1.,0.));
#1307=DIRECTION('center_axis',(-1.,0.,0.));
#1308=DIRECTION('ref_axis',(0.,1.,0.));
#1309=DIRECTION('',(-1.,0.,0.));
#1310=DIRECTION('center_axis',(1.,-1.02482125350014E-16,0.));
#1311=DIRECTION('ref_axis',(1.02482125350014E-16,1.,0.));
#1312=DIRECTION('',(0.,0.,1.));
#1313=DIRECTION('',(0.,0.,1.));
#1314=DIRECTION('',(1.02482125350014E-16,1.,0.));
#1315=DIRECTION('center_axis',(0.,0.,-1.));
#1316=DIRECTION('ref_axis',(-1.,0.,0.));
#1317=DIRECTION('center_axis',(0.,0.,-1.));
#1318=DIRECTION('ref_axis',(-1.,0.,0.));
#1319=DIRECTION('center_axis',(0.,0.,-1.));
#1320=DIRECTION('ref_axis',(-1.,0.,0.));
#1321=DIRECTION('',(0.064359314246338,-0.997926790235507,0.));
#1322=DIRECTION('center_axis',(0.,0.,-1.));
#1323=DIRECTION('ref_axis',(-1.,0.,0.));
#1324=DIRECTION('center_axis',(0.,0.,-1.));
#1325=DIRECTION('ref_axis',(-1.,0.,0.));
#1326=DIRECTION('center_axis',(0.,0.,-1.));
#1327=DIRECTION('ref_axis',(-1.,0.,0.));
#1328=DIRECTION('center_axis',(0.,0.,-1.));
#1329=DIRECTION('ref_axis',(-1.,0.,0.));
#1330=DIRECTION('center_axis',(0.,0.,1.));
#1331=DIRECTION('ref_axis',(1.,0.,0.));
#1332=DIRECTION('',(0.,1.,0.));
#1333=DIRECTION('',(-1.,0.,0.));
#1334=DIRECTION('',(0.,-1.,0.));
#1335=DIRECTION('',(1.,0.,0.));
#1336=DIRECTION('center_axis',(0.,0.,1.));
#1337=DIRECTION('ref_axis',(1.,0.,0.));
#1338=DIRECTION('center_axis',(0.,0.,1.));
#1339=DIRECTION('ref_axis',(1.,0.,0.));
#1340=DIRECTION('center_axis',(0.,0.,1.));
#1341=DIRECTION('ref_axis',(1.,0.,0.));
#1342=DIRECTION('center_axis',(0.,0.,-1.));
#1343=DIRECTION('ref_axis',(-1.,0.,0.));
#1344=DIRECTION('center_axis',(0.,0.,1.));
#1345=DIRECTION('ref_axis',(-1.,0.,0.));
#1346=DIRECTION('',(0.,0.,-1.));
#1347=DIRECTION('center_axis',(0.,0.,-1.));
#1348=DIRECTION('ref_axis',(-1.,0.,0.));
#1349=DIRECTION('',(0.,0.,1.));
#1350=DIRECTION('center_axis',(0.,0.,1.));
#1351=DIRECTION('ref_axis',(-1.,0.,0.));
#1352=DIRECTION('',(0.,0.,-1.));
#1353=DIRECTION('center_axis',(0.,0.,-1.));
#1354=DIRECTION('ref_axis',(-1.,0.,0.));
#1355=DIRECTION('',(0.,0.,1.));
#1356=DIRECTION('center_axis',(0.,0.,1.));
#1357=DIRECTION('ref_axis',(-1.,0.,0.));
#1358=DIRECTION('',(0.,0.,-1.));
#1359=DIRECTION('center_axis',(0.,0.,-1.));
#1360=DIRECTION('ref_axis',(-1.,0.,0.));
#1361=DIRECTION('',(0.,0.,1.));
#1362=DIRECTION('center_axis',(0.,0.,1.));
#1363=DIRECTION('ref_axis',(-1.,0.,0.));
#1364=DIRECTION('',(0.,0.,-1.));
#1365=DIRECTION('center_axis',(0.,0.,-1.));
#1366=DIRECTION('ref_axis',(-1.,0.,0.));
#1367=DIRECTION('',(0.,0.,1.));
#1368=DIRECTION('center_axis',(0.,0.,1.));
#1369=DIRECTION('ref_axis',(-1.,0.,0.));
#1370=DIRECTION('',(0.,0.,-1.));
#1371=DIRECTION('center_axis',(0.997926790235507,0.064359314246338,0.));
#1372=DIRECTION('ref_axis',(-0.064359314246338,0.997926790235507,0.));
#1373=DIRECTION('',(0.,0.,1.));
#1374=DIRECTION('',(-0.064359314246338,0.997926790235507,0.));
#1375=DIRECTION('',(0.,0.,1.));
#1376=DIRECTION('center_axis',(0.499999999999999,0.866025403784439,0.));
#1377=DIRECTION('ref_axis',(-0.866025403784439,0.499999999999999,0.));
#1378=DIRECTION('',(0.,0.,-1.));
#1379=DIRECTION('',(-0.866025403784439,0.499999999999999,0.));
#1380=DIRECTION('center_axis',(0.554700196225228,-0.832050294337845,0.));
#1381=DIRECTION('ref_axis',(0.832050294337845,0.554700196225228,0.));
#1382=DIRECTION('',(0.,0.,1.));
#1383=DIRECTION('',(0.832050294337845,0.554700196225228,0.));
#1384=DIRECTION('',(0.,0.,1.));
#1385=DIRECTION('center_axis',(-0.554700196225229,-0.832050294337844,0.));
#1386=DIRECTION('ref_axis',(0.832050294337844,-0.554700196225229,0.));
#1387=DIRECTION('',(0.832050294337844,-0.554700196225229,0.));
#1388=DIRECTION('',(0.,0.,1.));
#1389=DIRECTION('center_axis',(-1.,2.04964250700029E-16,0.));
#1390=DIRECTION('ref_axis',(-2.04964250700029E-16,-1.,0.));
#1391=DIRECTION('',(-2.04964250700029E-16,-1.,0.));
#1392=DIRECTION('center_axis',(1.,4.78249918300067E-16,0.));
#1393=DIRECTION('ref_axis',(-4.78249918300067E-16,1.,0.));
#1394=DIRECTION('',(-4.78249918300067E-16,1.,0.));
#1395=DIRECTION('center_axis',(0.443226594010279,0.896409608584183,0.));
#1396=DIRECTION('ref_axis',(-0.896409608584183,0.443226594010279,0.));
#1397=DIRECTION('',(0.,0.,1.));
#1398=DIRECTION('',(-0.896409608584183,0.443226594010279,0.));
#1399=DIRECTION('',(0.,0.,1.));
#1400=DIRECTION('center_axis',(0.997926790235507,-0.0643593142463379,0.));
#1401=DIRECTION('ref_axis',(0.0643593142463379,0.997926790235507,0.));
#1402=DIRECTION('',(0.0643593142463379,0.997926790235507,0.));
#1403=DIRECTION('',(0.,0.,1.));
#1404=DIRECTION('center_axis',(0.5,-0.866025403784439,0.));
#1405=DIRECTION('ref_axis',(0.866025403784439,0.5,0.));
#1406=DIRECTION('',(0.866025403784439,0.5,0.));
#1407=DIRECTION('',(0.,0.,1.));
#1408=DIRECTION('center_axis',(-0.500000000000001,0.866025403784438,0.));
#1409=DIRECTION('ref_axis',(-0.866025403784438,-0.500000000000001,0.));
#1410=DIRECTION('',(-0.866025403784438,-0.500000000000001,0.));
#1411=DIRECTION('center_axis',(0.,0.,-1.));
#1412=DIRECTION('ref_axis',(0.999999987624768,-0.000157322802417593,0.));
#1413=DIRECTION('center_axis',(0.,0.,1.));
#1414=DIRECTION('ref_axis',(-1.,0.,0.));
#1415=DIRECTION('center_axis',(-0.554700196225228,0.832050294337845,0.));
#1416=DIRECTION('ref_axis',(-0.832050294337845,-0.554700196225228,0.));
#1417=DIRECTION('',(0.,0.,1.));
#1418=DIRECTION('',(-0.832050294337845,-0.554700196225228,0.));
#1419=DIRECTION('',(0.,0.,1.));
#1420=DIRECTION('center_axis',(0.554700196225229,0.832050294337844,0.));
#1421=DIRECTION('ref_axis',(-0.832050294337844,0.554700196225229,0.));
#1422=DIRECTION('',(-0.832050294337844,0.554700196225229,0.));
#1423=DIRECTION('center_axis',(-1.,-5.46571335200077E-16,0.));
#1424=DIRECTION('ref_axis',(5.46571335200077E-16,-1.,0.));
#1425=DIRECTION('',(5.46571335200077E-16,-1.,0.));
#1426=DIRECTION('center_axis',(-0.44322659401028,-0.896409608584182,0.));
#1427=DIRECTION('ref_axis',(0.896409608584182,-0.44322659401028,0.));
#1428=DIRECTION('',(0.,0.,1.));
#1429=DIRECTION('',(0.896409608584182,-0.44322659401028,0.));
#1430=DIRECTION('',(0.,0.,1.));
#1431=DIRECTION('center_axis',(-0.997926790235507,0.0643593142463389,0.));
#1432=DIRECTION('ref_axis',(-0.0643593142463389,-0.997926790235507,0.));
#1433=DIRECTION('',(-0.0643593142463389,-0.997926790235507,0.));
#1434=DIRECTION('',(0.,0.,1.));
#1435=DIRECTION('center_axis',(-0.5,0.866025403784439,0.));
#1436=DIRECTION('ref_axis',(-0.866025403784439,-0.5,0.));
#1437=DIRECTION('',(-0.866025403784439,-0.5,0.));
#1438=DIRECTION('center_axis',(0.500000000000001,-0.866025403784438,0.));
#1439=DIRECTION('ref_axis',(0.866025403784438,0.500000000000001,0.));
#1440=DIRECTION('',(0.866025403784438,0.500000000000001,0.));
#1441=DIRECTION('center_axis',(0.443226594010279,-0.896409608584182,0.));
#1442=DIRECTION('ref_axis',(0.896409608584182,0.443226594010279,0.));
#1443=DIRECTION('',(0.896409608584182,0.443226594010279,0.));
#1444=DIRECTION('',(0.,0.,1.));
#1445=DIRECTION('center_axis',(-0.499999999999999,-0.866025403784439,0.));
#1446=DIRECTION('ref_axis',(0.866025403784439,-0.499999999999999,0.));
#1447=DIRECTION('',(0.866025403784439,-0.499999999999999,0.));
#1448=DIRECTION('center_axis',(-0.997926790235507,-0.064359314246338,0.));
#1449=DIRECTION('ref_axis',(0.064359314246338,-0.997926790235507,0.));
#1450=DIRECTION('',(0.,0.,1.));
#1451=DIRECTION('',(0.0643593142463379,-0.997926790235507,0.));
#1452=DIRECTION('',(0.,0.,1.));
#1453=DIRECTION('center_axis',(-0.443226594010279,0.896409608584183,0.));
#1454=DIRECTION('ref_axis',(-0.896409608584183,-0.443226594010279,0.));
#1455=DIRECTION('',(-0.896409608584183,-0.443226594010279,0.));
#1456=DIRECTION('',(0.,0.,1.));
#1457=DIRECTION('center_axis',(0.5,0.866025403784439,0.));
#1458=DIRECTION('ref_axis',(-0.866025403784439,0.5,0.));
#1459=DIRECTION('',(-0.866025403784439,0.5,0.));
#1460=DIRECTION('center_axis',(-0.499999999999999,-0.866025403784439,0.));
#1461=DIRECTION('ref_axis',(0.866025403784439,-0.499999999999999,0.));
#1462=DIRECTION('',(0.866025403784439,-0.499999999999999,0.));
#1463=DIRECTION('center_axis',(0.,0.,1.));
#1464=DIRECTION('ref_axis',(1.,0.,0.));
#1465=DIRECTION('center_axis',(0.,0.,-1.));
#1466=DIRECTION('ref_axis',(1.,0.,0.));
#1467=DIRECTION('center_axis',(0.,0.,-1.));
#1468=DIRECTION('ref_axis',(1.,0.,0.));
#1469=DIRECTION('center_axis',(-1.,0.,0.));
#1470=DIRECTION('ref_axis',(0.,0.,1.));
#1471=DIRECTION('',(0.,1.,0.));
#1472=DIRECTION('',(0.,0.,1.));
#1473=DIRECTION('',(0.,0.,-1.));
#1474=DIRECTION('center_axis',(0.,-1.,0.));
#1475=DIRECTION('ref_axis',(0.,0.,-1.));
#1476=DIRECTION('',(-1.,0.,0.));
#1477=DIRECTION('',(0.,0.,1.));
#1478=DIRECTION('center_axis',(0.,1.,0.));
#1479=DIRECTION('ref_axis',(0.,0.,1.));
#1480=DIRECTION('',(1.,0.,0.));
#1481=DIRECTION('',(0.,0.,-1.));
#1482=DIRECTION('center_axis',(1.,0.,0.));
#1483=DIRECTION('ref_axis',(0.,0.,-1.));
#1484=DIRECTION('',(0.,-1.,0.));
#1485=DIRECTION('center_axis',(0.,0.,1.));
#1486=DIRECTION('ref_axis',(1.,0.,0.));
#1487=DIRECTION('',(0.,0.,1.));
#1488=DIRECTION('center_axis',(0.,0.,1.));
#1489=DIRECTION('ref_axis',(1.,0.,0.));
#1490=DIRECTION('center_axis',(0.,0.,-1.));
#1491=DIRECTION('ref_axis',(1.,0.,0.));
#1492=DIRECTION('center_axis',(0.,0.,1.));
#1493=DIRECTION('ref_axis',(1.,0.,0.));
#1494=DIRECTION('',(0.,0.,1.));
#1495=DIRECTION('center_axis',(0.,0.,1.));
#1496=DIRECTION('ref_axis',(1.,0.,0.));
#1497=DIRECTION('center_axis',(0.,0.,-1.));
#1498=DIRECTION('ref_axis',(1.,0.,0.));
#1499=DIRECTION('center_axis',(0.,0.,1.));
#1500=DIRECTION('ref_axis',(1.,0.,0.));
#1501=DIRECTION('',(0.,0.,1.));
#1502=DIRECTION('center_axis',(0.,0.,1.));
#1503=DIRECTION('ref_axis',(1.,0.,0.));
#1504=DIRECTION('center_axis',(0.,0.,-1.));
#1505=DIRECTION('ref_axis',(1.,0.,0.));
#1506=DIRECTION('center_axis',(0.,0.,1.));
#1507=DIRECTION('ref_axis',(1.,0.,0.));
#1508=DIRECTION('',(0.,0.,1.));
#1509=DIRECTION('center_axis',(0.,0.,1.));
#1510=DIRECTION('ref_axis',(1.,0.,0.));
#1511=DIRECTION('center_axis',(0.,0.,-1.));
#1512=DIRECTION('ref_axis',(1.,0.,0.));
#1513=DIRECTION('center_axis',(0.,0.,1.));
#1514=DIRECTION('ref_axis',(1.,0.,0.));
#1515=DIRECTION('center_axis',(0.,0.,1.));
#1516=DIRECTION('ref_axis',(1.,0.,0.));
#1517=DIRECTION('',(0.,0.,1.));
#1518=DIRECTION('center_axis',(0.,0.,1.));
#1519=DIRECTION('ref_axis',(1.,0.,0.));
#1520=DIRECTION('center_axis',(0.,0.,1.));
#1521=DIRECTION('ref_axis',(1.,0.,0.));
#1522=DIRECTION('',(0.,0.,1.));
#1523=DIRECTION('center_axis',(0.,0.,1.));
#1524=DIRECTION('ref_axis',(1.,0.,0.));
#1525=CARTESIAN_POINT('',(0.,0.,0.));
#1526=CARTESIAN_POINT('Origin',(-23.0000000000001,0.,-11.0000001639128));
#1527=CARTESIAN_POINT('',(-23.0000000000001,-5.,-11.0000001639128));
#1528=CARTESIAN_POINT('Origin',(-23.0000000000001,0.,-11.0000001639128));
#1529=CARTESIAN_POINT('',(-50.4722191703646,-5.,-11.0000001639128));
#1530=CARTESIAN_POINT('',(-23.0000000000001,-5.,-11.0000001639128));
#1531=CARTESIAN_POINT('',(-50.4722191703646,5.,-11.0000001639128));
#1532=CARTESIAN_POINT('Ctrl Pts',(-50.4722191703646,5.,-11.0000001639128));
#1533=CARTESIAN_POINT('Ctrl Pts',(-50.4722191703646,5.,-10.3717499421067));
#1534=CARTESIAN_POINT('Ctrl Pts',(-50.4851581044779,4.87436044024104,-9.70190413554451));
#1535=CARTESIAN_POINT('Ctrl Pts',(-50.5318353373346,4.36396559330522,-8.4701290949954));
#1536=CARTESIAN_POINT('Ctrl Pts',(-50.5648934120833,3.97923259221727,-7.90816494426456));
#1537=CARTESIAN_POINT('Ctrl Pts',(-50.6269027561762,3.09183664564879,-7.02076899769609));
#1538=CARTESIAN_POINT('Ctrl Pts',(-50.6598906037316,2.52987186936189,-6.63603488430738));
#1539=CARTESIAN_POINT('Ctrl Pts',(-50.7064070676339,1.29809473516895,-6.12563920579541));
#1540=CARTESIAN_POINT('Ctrl Pts',(-50.7192755072598,0.628248202676454,-6.00000016391277));
#1541=CARTESIAN_POINT('Ctrl Pts',(-50.7192755072598,-0.628248202676453,
-6.00000016391277));
#1542=CARTESIAN_POINT('Ctrl Pts',(-50.7064070676339,-1.29809473516895,-6.12563920579541));
#1543=CARTESIAN_POINT('Ctrl Pts',(-50.6598906037316,-2.52987186936189,-6.63603488430738));
#1544=CARTESIAN_POINT('Ctrl Pts',(-50.6269027561762,-3.09183664564879,-7.02076899769609));
#1545=CARTESIAN_POINT('Ctrl Pts',(-50.5648934120833,-3.97923259221727,-7.90816494426456));
#1546=CARTESIAN_POINT('Ctrl Pts',(-50.5318353373346,-4.36396559330522,-8.47012909499539));
#1547=CARTESIAN_POINT('Ctrl Pts',(-50.4851581044779,-4.87436044024104,-9.70190413554451));
#1548=CARTESIAN_POINT('Ctrl Pts',(-50.4722191703646,-5.,-10.3717499421067));
#1549=CARTESIAN_POINT('Ctrl Pts',(-50.4722191703646,-5.,-11.0000001639128));
#1550=CARTESIAN_POINT('Ctrl Pts',(-50.4722191703646,-5.,-11.0000001639128));
#1551=CARTESIAN_POINT('Ctrl Pts',(-50.4722191703646,-5.,-11.6282503857189));
#1552=CARTESIAN_POINT('Ctrl Pts',(-50.4851581044779,-4.87436044024104,-12.298096192281));
#1553=CARTESIAN_POINT('Ctrl Pts',(-50.5318353373346,-4.36396559330522,-13.5298712328301));
#1554=CARTESIAN_POINT('Ctrl Pts',(-50.5648934120833,-3.97923259221727,-14.091835383561));
#1555=CARTESIAN_POINT('Ctrl Pts',(-50.6269027561762,-3.09183664564879,-14.9792313301295));
#1556=CARTESIAN_POINT('Ctrl Pts',(-50.6598906037316,-2.52987186936189,-15.3639654435182));
#1557=CARTESIAN_POINT('Ctrl Pts',(-50.7064070676339,-1.29809473516895,-15.8743611220301));
#1558=CARTESIAN_POINT('Ctrl Pts',(-50.7192755072598,-0.628248202676454,
-16.0000001639128));
#1559=CARTESIAN_POINT('Ctrl Pts',(-50.7192755072598,0.628248202676451,-16.0000001639128));
#1560=CARTESIAN_POINT('Ctrl Pts',(-50.7064070676339,1.29809473516895,-15.8743611220301));
#1561=CARTESIAN_POINT('Ctrl Pts',(-50.6598906037316,2.52987186936189,-15.3639654435182));
#1562=CARTESIAN_POINT('Ctrl Pts',(-50.6269027561762,3.09183664564878,-14.9792313301295));
#1563=CARTESIAN_POINT('Ctrl Pts',(-50.5648934120833,3.97923259221726,-14.091835383561));
#1564=CARTESIAN_POINT('Ctrl Pts',(-50.5318353373346,4.36396559330522,-13.5298712328301));
#1565=CARTESIAN_POINT('Ctrl Pts',(-50.4851581044779,4.87436044024104,-12.298096192281));
#1566=CARTESIAN_POINT('Ctrl Pts',(-50.4722191703646,5.,-11.6282503857189));
#1567=CARTESIAN_POINT('Ctrl Pts',(-50.4722191703646,5.,-11.0000001639128));
#1568=CARTESIAN_POINT('Origin',(15.0077727828568,48.4480305490271,-17.));
#1569=CARTESIAN_POINT('',(15.0077727828568,48.4480305490271,-13.4644660940673));
#1570=CARTESIAN_POINT('',(15.0077727828568,48.4480305490271,5.));
#1571=CARTESIAN_POINT('',(15.0077727828568,48.4480305490271,5.));
#1572=CARTESIAN_POINT('',(15.0077727828568,105.719274911666,-13.4644660940673));
#1573=CARTESIAN_POINT('Ctrl Pts',(15.0077727828568,105.719274911666,-13.4644660940673));
#1574=CARTESIAN_POINT('Ctrl Pts',(15.0077727828568,86.6238620609606,-13.4644660940673));
#1575=CARTESIAN_POINT('Ctrl Pts',(15.0077727828568,67.5434433925934,-13.4644660940673));
#1576=CARTESIAN_POINT('Ctrl Pts',(15.0077727828568,48.4480305490271,-13.4644660940673));
#1577=CARTESIAN_POINT('',(15.0077727828568,105.719274911666,5.));
#1578=CARTESIAN_POINT('',(15.0077727828568,105.719274911666,-17.));
#1579=CARTESIAN_POINT('',(15.0077727828568,40.7192749116661,5.));
#1580=CARTESIAN_POINT('Ctrl Pts',(15.0077727828568,48.4480305490271,-13.4644660940673));
#1581=CARTESIAN_POINT('Ctrl Pts',(15.0077727828568,67.5434433925934,-13.4644660940673));
#1582=CARTESIAN_POINT('Ctrl Pts',(15.0077727828568,86.6238620609606,-13.4644660940673));
#1583=CARTESIAN_POINT('Ctrl Pts',(15.0077727828568,105.719274911666,-13.4644660940673));
#1584=CARTESIAN_POINT('Ctrl Pts',(15.0077727828568,48.4480305490271,-13.9406565702577));
#1585=CARTESIAN_POINT('Ctrl Pts',(15.0077727828568,67.5434433925933,-13.9406565702577));
#1586=CARTESIAN_POINT('Ctrl Pts',(15.0077727828568,86.6238620609606,-13.9406565702577));
#1587=CARTESIAN_POINT('Ctrl Pts',(15.0077727828568,105.719274911666,-13.9406565702577));
#1588=CARTESIAN_POINT('Ctrl Pts',(14.8089596616445,48.4480305490271,-14.984805619324));
#1589=CARTESIAN_POINT('Ctrl Pts',(14.8089596616445,67.5434433925934,-14.984805619324));
#1590=CARTESIAN_POINT('Ctrl Pts',(14.8089596616445,86.6238620609606,-14.984805619324));
#1591=CARTESIAN_POINT('Ctrl Pts',(14.8089596616445,105.719274911666,-14.984805619324));
#1592=CARTESIAN_POINT('Ctrl Pts',(13.8285246871021,48.4480305490271,-16.2411176354713));
#1593=CARTESIAN_POINT('Ctrl Pts',(13.8285246871021,67.5434433925933,-16.2411176354713));
#1594=CARTESIAN_POINT('Ctrl Pts',(13.8285246871021,86.6238620609607,-16.2411176354713));
#1595=CARTESIAN_POINT('Ctrl Pts',(13.8285246871021,105.719274911666,-16.2411176354713));
#1596=CARTESIAN_POINT('Ctrl Pts',(12.5908650238723,48.4480305490271,-16.8900265227359));
#1597=CARTESIAN_POINT('Ctrl Pts',(12.5908650238723,67.5434433925934,-16.8900265227359));
#1598=CARTESIAN_POINT('Ctrl Pts',(12.5908650238723,86.6238620609607,-16.8900265227359));
#1599=CARTESIAN_POINT('Ctrl Pts',(12.5908650238723,105.719274911666,-16.8900265227359));
#1600=CARTESIAN_POINT('Ctrl Pts',(11.8293817340669,48.4480305490271,-17.));
#1601=CARTESIAN_POINT('Ctrl Pts',(11.8293817340669,67.5434433925934,-17.));
#1602=CARTESIAN_POINT('Ctrl Pts',(11.8293817340669,86.6238620609606,-17.));
#1603=CARTESIAN_POINT('Ctrl Pts',(11.8293817340669,105.719274911666,-17.));
#1604=CARTESIAN_POINT('Ctrl Pts',(11.4722388769241,48.4480305490271,-17.));
#1605=CARTESIAN_POINT('Ctrl Pts',(11.4722388769241,67.5434433925934,-17.));
#1606=CARTESIAN_POINT('Ctrl Pts',(11.4722388769241,86.6238620609606,-17.));
#1607=CARTESIAN_POINT('Ctrl Pts',(11.4722388769241,105.719274911666,-17.));
#1608=CARTESIAN_POINT('',(11.4722388769241,49.4047836057614,-17.));
#1609=CARTESIAN_POINT('Ctrl Pts',(11.4722388769241,49.4047836057614,-17.));
#1610=CARTESIAN_POINT('Ctrl Pts',(11.9526668668318,49.2932238688063,-17.));
#1611=CARTESIAN_POINT('Ctrl Pts',(12.4275745590208,49.1752749156146,-16.9020777261812));
#1612=CARTESIAN_POINT('Ctrl Pts',(13.3044165702823,48.945285021892,-16.5252995941409));
#1613=CARTESIAN_POINT('Ctrl Pts',(13.700425608962,48.8350441951804,-16.2509635196427));
#1614=CARTESIAN_POINT('Ctrl Pts',(14.3437155526122,48.6498578126729,-15.5763453834985));
#1615=CARTESIAN_POINT('Ctrl Pts',(14.5925210585509,48.5750373225549,-15.1891536716567));
#1616=CARTESIAN_POINT('Ctrl Pts',(14.9235918201781,48.4743251195469,-14.3501175633827));
#1617=CARTESIAN_POINT('Ctrl Pts',(15.0077727828568,48.4480305490271,-13.9101126853736));
#1618=CARTESIAN_POINT('Ctrl Pts',(15.0077727828568,48.4480305490271,-13.4644660940673));
#1619=CARTESIAN_POINT('',(11.4722388769238,103.827114587628,-17.));
#1620=CARTESIAN_POINT('Ctrl Pts',(11.4722388769241,49.4047836057614,-17.));
#1621=CARTESIAN_POINT('Ctrl Pts',(11.4722388769241,67.5500705284279,-17.));
#1622=CARTESIAN_POINT('Ctrl Pts',(11.4722388769241,85.6822698512591,-17.));
#1623=CARTESIAN_POINT('Ctrl Pts',(11.4722388769241,103.827114587628,-17.));
#1624=CARTESIAN_POINT('Ctrl Pts',(15.0077727828568,105.719274911666,-13.4644660940673));
#1625=CARTESIAN_POINT('Ctrl Pts',(15.0077727828568,105.719274911666,-13.8847605894636));
#1626=CARTESIAN_POINT('Ctrl Pts',(14.9328832274576,105.679195238197,-14.298098481856));
#1627=CARTESIAN_POINT('Ctrl Pts',(14.6377757427532,105.521258505399,-15.0995278569847));
#1628=CARTESIAN_POINT('Ctrl Pts',(14.4129634146542,105.400942598544,-15.4722560111213));
#1629=CARTESIAN_POINT('Ctrl Pts',(13.829692606671,105.088785535345,-16.1397212024549));
#1630=CARTESIAN_POINT('Ctrl Pts',(13.4662059363261,104.894253372779,-16.4176350022518));
#1631=CARTESIAN_POINT('Ctrl Pts',(12.8142664980336,104.545345973887,-16.7479485438545));
#1632=CARTESIAN_POINT('Ctrl Pts',(12.5457928012322,104.401663211778,-16.8448480722608));
#1633=CARTESIAN_POINT('Ctrl Pts',(12.0111832309356,104.115548852623,-16.9688555495943));
#1634=CARTESIAN_POINT('Ctrl Pts',(11.7459979818986,103.973626014321,-16.9993585171143));
#1635=CARTESIAN_POINT('Ctrl Pts',(11.4778481306941,103.830116569143,-16.9999966627676));
#1636=CARTESIAN_POINT('Ctrl Pts',(11.4750435038639,103.828615578414,-17.));
#1637=CARTESIAN_POINT('Ctrl Pts',(11.4722388769238,103.827114587628,-17.));
#1638=CARTESIAN_POINT('Origin',(-7.54951656745106E-14,-1.46549439250521E-13,
-17.));
#1639=CARTESIAN_POINT('',(37.0605749803233,34.6259828757127,-17.));
#1640=CARTESIAN_POINT('Origin',(0.,0.,-17.));
#1641=CARTESIAN_POINT('',(84.188572178918,61.8353447446893,-17.));
#1642=CARTESIAN_POINT('Ctrl Pts',(84.1885721789182,61.8353447446894,-17.));
#1643=CARTESIAN_POINT('Ctrl Pts',(68.4757174864544,52.763523858258,-17.));
#1644=CARTESIAN_POINT('Ctrl Pts',(52.7738131201429,43.6980251455782,-17.));
#1645=CARTESIAN_POINT('Ctrl Pts',(37.0605749803233,34.6259828757127,-17.));
#1646=CARTESIAN_POINT('',(96.5398178114763,55.7283145644242,-17.));
#1647=CARTESIAN_POINT('Ctrl Pts',(96.5398178114767,55.728314564424,-17.));
#1648=CARTESIAN_POINT('Ctrl Pts',(92.4225147906836,57.7641006346968,-17.));
#1649=CARTESIAN_POINT('Ctrl Pts',(88.305925002367,59.7995340496675,-17.));
#1650=CARTESIAN_POINT('Ctrl Pts',(84.1885721789177,61.8353447446894,-17.));
#1651=CARTESIAN_POINT('',(95.6530382729851,41.9783069881144,-17.));
#1652=CARTESIAN_POINT('Ctrl Pts',(95.6530382729851,41.9783069881141,-17.));
#1653=CARTESIAN_POINT('Ctrl Pts',(95.9486509055702,46.5619444777798,-17.));
#1654=CARTESIAN_POINT('Ctrl Pts',(96.2442087545954,51.1447325180266,-17.));
#1655=CARTESIAN_POINT('Ctrl Pts',(96.5398178114766,55.7283145644245,-17.));
#1656=CARTESIAN_POINT('',(48.5219171095244,14.767141497181,-17.));
#1657=CARTESIAN_POINT('Ctrl Pts',(48.5219171095243,14.767141497181,-17.));
#1658=CARTESIAN_POINT('Ctrl Pts',(64.2361965441072,23.8397849588584,-17.));
#1659=CARTESIAN_POINT('Ctrl Pts',(79.939141787892,32.9058846224275,-17.));
#1660=CARTESIAN_POINT('Ctrl Pts',(95.6530382729855,41.9783069881142,-17.));
#1661=CARTESIAN_POINT('',(48.5172682915338,-14.7824079739616,-17.));
#1662=CARTESIAN_POINT('Origin',(0.,0.,-17.));
#1663=CARTESIAN_POINT('',(99.3251658510983,-44.116361306935,-17.));
#1664=CARTESIAN_POINT('Ctrl Pts',(99.3251658510984,-44.1163613069351,-17.));
#1665=CARTESIAN_POINT('Ctrl Pts',(82.3848753405063,-34.3358800204943,-17.));
#1666=CARTESIAN_POINT('Ctrl Pts',(65.4571559622675,-24.5626566807017,-17.));
#1667=CARTESIAN_POINT('Ctrl Pts',(48.5172682915338,-14.7824079739616,-17.));
#1668=CARTESIAN_POINT('',(99.9654388071025,-54.0441478805191,-17.));
#1669=CARTESIAN_POINT('',(99.0516913517454,-39.8759878264785,-17.));
#1670=CARTESIAN_POINT('',(84.1807993960615,-61.8488075995131,-17.));
#1671=CARTESIAN_POINT('Ctrl Pts',(84.1807993960612,-61.8488075995132,-17.));
#1672=CARTESIAN_POINT('Ctrl Pts',(89.4426208071091,-59.2471184163812,-17.));
#1673=CARTESIAN_POINT('Ctrl Pts',(94.7033558323104,-56.6459663929292,-17.));
#1674=CARTESIAN_POINT('Ctrl Pts',(99.9654388071025,-54.0441478805191,-17.));
#1675=CARTESIAN_POINT('',(37.0496782326003,-34.6376421085804,-17.));
#1676=CARTESIAN_POINT('Ctrl Pts',(37.0496782326003,-34.6376421085804,-17.));
#1677=CARTESIAN_POINT('Ctrl Pts',(52.7639576668621,-43.7102855700724,-17.));
#1678=CARTESIAN_POINT('Ctrl Pts',(68.4669029106758,-52.7763852336582,-17.));
#1679=CARTESIAN_POINT('Ctrl Pts',(84.1807993960615,-61.8488075995135,-17.));
#1680=CARTESIAN_POINT('',(11.4566933112105,-49.4083908496743,-17.));
#1681=CARTESIAN_POINT('Origin',(0.,0.,-17.));
#1682=CARTESIAN_POINT('',(11.4566933112105,-103.827114587628,-17.));
#1683=CARTESIAN_POINT('Ctrl Pts',(11.4566933112105,-103.827114587628,-17.));
#1684=CARTESIAN_POINT('Ctrl Pts',(11.4566933112105,-85.6834728160698,-17.));
#1685=CARTESIAN_POINT('Ctrl Pts',(11.4566933112105,-67.5524753899944,-17.));
#1686=CARTESIAN_POINT('Ctrl Pts',(11.4566933112105,-49.4083908496743,-17.));
#1687=CARTESIAN_POINT('',(-0.00777278285661352,-111.470091983672,-17.));
#1688=CARTESIAN_POINT('Ctrl Pts',(-0.0077727828569395,-111.470091983672,
-17.));
#1689=CARTESIAN_POINT('Ctrl Pts',(3.81392118117727,-108.922296007649,-17.));
#1690=CARTESIAN_POINT('Ctrl Pts',(7.63495311955028,-106.374941382067,-17.));
#1691=CARTESIAN_POINT('Ctrl Pts',(11.4566933112107,-103.827114587627,-17.));
#1692=CARTESIAN_POINT('',(-11.4722388769238,-103.827114587628,-17.));
#1693=CARTESIAN_POINT('Ctrl Pts',(-11.472238876924,-103.827114587627,-17.));
#1694=CARTESIAN_POINT('Ctrl Pts',(-7.65049868492391,-106.374941382294,-17.));
#1695=CARTESIAN_POINT('Ctrl Pts',(-3.82946674660416,-108.922296007841,-17.));
#1696=CARTESIAN_POINT('Ctrl Pts',(-0.00777278285640803,-111.470091983672,
-17.));
#1697=CARTESIAN_POINT('',(-11.4722388769241,-49.4047836057614,-17.));
#1698=CARTESIAN_POINT('Ctrl Pts',(-11.4722388769241,-49.4047836057614,-17.));
#1699=CARTESIAN_POINT('Ctrl Pts',(-11.4722388769241,-67.5500705284279,-17.));
#1700=CARTESIAN_POINT('Ctrl Pts',(-11.4722388769241,-85.6822698512577,-17.));
#1701=CARTESIAN_POINT('Ctrl Pts',(-11.4722388769241,-103.827114587628,-17.));
#1702=CARTESIAN_POINT('',(-37.0605749803234,-34.6259828757127,-17.));
#1703=CARTESIAN_POINT('Origin',(0.,0.,-17.));
#1704=CARTESIAN_POINT('',(-84.1885721789791,-61.8353447447246,-17.));
#1705=CARTESIAN_POINT('Ctrl Pts',(-84.1884684950854,-61.8352848828006,-17.));
#1706=CARTESIAN_POINT('Ctrl Pts',(-68.4756525295349,-52.7634863553629,-17.));
#1707=CARTESIAN_POINT('Ctrl Pts',(-52.7737867834929,-43.6980099401063,-17.));
#1708=CARTESIAN_POINT('Ctrl Pts',(-37.0605873295027,-34.6259900055147,-17.));
#1709=CARTESIAN_POINT('',(-96.5398178114764,-55.7283145644241,-17.));
#1710=CARTESIAN_POINT('Ctrl Pts',(-96.5398178114768,-55.7283145644239,-17.));
#1711=CARTESIAN_POINT('Ctrl Pts',(-92.4225147912743,-57.7641006344047,-17.));
#1712=CARTESIAN_POINT('Ctrl Pts',(-88.3059250032568,-59.7995340492275,-17.));
#1713=CARTESIAN_POINT('Ctrl Pts',(-84.1885721789527,-61.835344744672,-17.));
#1714=CARTESIAN_POINT('',(-95.6530382729852,-41.9783069881143,-17.));
#1715=CARTESIAN_POINT('Ctrl Pts',(-95.6530382729851,-41.978306988114,-17.));
#1716=CARTESIAN_POINT('Ctrl Pts',(-95.9486509056078,-46.5619444783633,-17.));
#1717=CARTESIAN_POINT('Ctrl Pts',(-96.2442087546389,-51.1447325187009,-17.));
#1718=CARTESIAN_POINT('Ctrl Pts',(-96.5398178114766,-55.7283145644244,-17.));
#1719=CARTESIAN_POINT('',(-48.5219171095244,-14.767141497181,-17.));
#1720=CARTESIAN_POINT('Ctrl Pts',(-48.5219295109865,-14.7671486571685,-17.));
#1721=CARTESIAN_POINT('Ctrl Pts',(-64.2361702464905,-23.8397697759223,-17.));
#1722=CARTESIAN_POINT('Ctrl Pts',(-79.9390768568602,-32.9058471344788,-17.));
#1723=CARTESIAN_POINT('Ctrl Pts',(-95.6529346016656,-41.9782471334497,-17.));
#1724=CARTESIAN_POINT('',(-48.5172682915338,14.7824079739616,-17.));
#1725=CARTESIAN_POINT('Origin',(0.,0.,-17.));
#1726=CARTESIAN_POINT('',(-95.6452654901286,41.9917698429382,-17.));
#1727=CARTESIAN_POINT('Ctrl Pts',(-95.6452654901287,41.9917698429383,-17.));
#1728=CARTESIAN_POINT('Ctrl Pts',(-79.9324107950175,32.9199489549784,-17.));
#1729=CARTESIAN_POINT('Ctrl Pts',(-64.2305064308537,23.8544502435387,-17.));
#1730=CARTESIAN_POINT('Ctrl Pts',(-48.5172682915338,14.7824079739617,-17.));
#1731=CARTESIAN_POINT('',(-96.5320450286198,55.7417774192479,-17.));
#1732=CARTESIAN_POINT('Ctrl Pts',(-96.5320450286198,55.7417774192482,-17.));
#1733=CARTESIAN_POINT('Ctrl Pts',(-96.2364359717087,51.1581953723863,-17.));
#1734=CARTESIAN_POINT('Ctrl Pts',(-95.9408781227099,46.5754073325485,-17.));
#1735=CARTESIAN_POINT('Ctrl Pts',(-95.6452654901284,41.9917698429379,-17.));
#1736=CARTESIAN_POINT('',(-84.1807993960614,61.8488075995132,-17.));
#1737=CARTESIAN_POINT('Ctrl Pts',(-84.1807993960612,61.8488075995133,-17.));
#1738=CARTESIAN_POINT('Ctrl Pts',(-88.2981522202027,59.8129969041492,-17.));
#1739=CARTESIAN_POINT('Ctrl Pts',(-92.414742007714,57.7775634895766,-17.));
#1740=CARTESIAN_POINT('Ctrl Pts',(-96.5320450286202,55.7417774192479,-17.));
#1741=CARTESIAN_POINT('',(-37.0496782326003,34.6376421085804,-17.));
#1742=CARTESIAN_POINT('Ctrl Pts',(-37.0496782326003,34.6376421085804,-17.));
#1743=CARTESIAN_POINT('Ctrl Pts',(-52.7639576663864,43.7102855697978,-17.));
#1744=CARTESIAN_POINT('Ctrl Pts',(-68.466902911865,52.7763852343448,-17.));
#1745=CARTESIAN_POINT('Ctrl Pts',(-84.1807993960614,61.8488075995135,-17.));
#1746=CARTESIAN_POINT('',(-11.4566933112105,49.4083908496744,-17.));
#1747=CARTESIAN_POINT('Origin',(0.,0.,-17.));
#1748=CARTESIAN_POINT('',(-11.4566933112105,103.827114587628,-17.));
#1749=CARTESIAN_POINT('Ctrl Pts',(-11.4566933112105,103.827114587628,-17.));
#1750=CARTESIAN_POINT('Ctrl Pts',(-11.4566933112105,85.6834728160684,-17.));
#1751=CARTESIAN_POINT('Ctrl Pts',(-11.4566933112105,67.5524753899952,-17.));
#1752=CARTESIAN_POINT('Ctrl Pts',(-11.4566933112105,49.4083908496744,-17.));
#1753=CARTESIAN_POINT('',(0.00777278285664957,111.470091983672,-17.));
#1754=CARTESIAN_POINT('Ctrl Pts',(0.00777278285695404,111.470091983672,
-17.));
#1755=CARTESIAN_POINT('Ctrl Pts',(-3.81392118108467,108.922296007711,-17.));
#1756=CARTESIAN_POINT('Ctrl Pts',(-7.63495311961512,106.374941382024,-17.));
#1757=CARTESIAN_POINT('Ctrl Pts',(-11.4566933112107,103.827114587627,-17.));
#1758=CARTESIAN_POINT('Ctrl Pts',(11.472238876924,103.827114587627,-17.));
#1759=CARTESIAN_POINT('Ctrl Pts',(7.65049868555742,106.374941381872,-17.));
#1760=CARTESIAN_POINT('Ctrl Pts',(3.82946674671032,108.92229600777,-17.));
#1761=CARTESIAN_POINT('Ctrl Pts',(0.00777278285641492,111.470091983672,
-17.));
#1762=CARTESIAN_POINT('',(24.1359127034739,27.1109127034739,-17.));
#1763=CARTESIAN_POINT('Origin',(25.6109127034739,27.1109127034739,-17.));
#1764=CARTESIAN_POINT('',(22.9999999999999,-24.5000000000002,-17.));
#1765=CARTESIAN_POINT('',(22.9999999999999,24.4999999999999,-17.));
#1766=CARTESIAN_POINT('',(22.9999999999999,-11.7500000000001,-17.));
#1767=CARTESIAN_POINT('',(-23.0000000000001,24.4999999999999,-17.));
#1768=CARTESIAN_POINT('',(-11.0000000000001,24.4999999999999,-17.));
#1769=CARTESIAN_POINT('',(-23.0000000000001,-24.5000000000001,-17.));
#1770=CARTESIAN_POINT('',(-23.0000000000001,11.7499999999999,-17.));
#1771=CARTESIAN_POINT('',(-11.0000000000001,-24.5000000000001,-17.));
#1772=CARTESIAN_POINT('',(-27.0859127034741,-27.1109127034741,-17.));
#1773=CARTESIAN_POINT('Origin',(-25.6109127034741,-27.1109127034741,-17.));
#1774=CARTESIAN_POINT('',(-27.0859127034741,27.1109127034738,-17.));
#1775=CARTESIAN_POINT('Origin',(-25.6109127034741,27.1109127034738,-17.));
#1776=CARTESIAN_POINT('',(24.1359127034739,-27.1109127034741,-17.));
#1777=CARTESIAN_POINT('Origin',(25.6109127034739,-27.1109127034741,-17.));
#1778=CARTESIAN_POINT('Ctrl Pts',(36.2330465920951,34.1482091380071,-17.));
#1779=CARTESIAN_POINT('Ctrl Pts',(52.7687693798047,43.6951131407363,-17.));
#1780=CARTESIAN_POINT('Ctrl Pts',(69.2915083013546,53.234520904843,-17.));
#1781=CARTESIAN_POINT('Ctrl Pts',(85.8272310875685,62.7814249067087,-17.));
#1782=CARTESIAN_POINT('Ctrl Pts',(35.9949513539998,34.5606021874282,-17.));
#1783=CARTESIAN_POINT('Ctrl Pts',(52.5306741417095,44.1075061901574,-17.));
#1784=CARTESIAN_POINT('Ctrl Pts',(69.0534130632594,53.6469139542641,-17.));
#1785=CARTESIAN_POINT('Ctrl Pts',(85.5891358494733,63.1938179561298,-17.));
#1786=CARTESIAN_POINT('Ctrl Pts',(35.4728681041344,35.4648769019758,-16.8011795617702));
#1787=CARTESIAN_POINT('Ctrl Pts',(52.008590891844,45.0117809047051,-16.8011795617702));
#1788=CARTESIAN_POINT('Ctrl Pts',(68.5313298133938,54.5511886688118,-16.8011795617702));
#1789=CARTESIAN_POINT('Ctrl Pts',(85.0670525996077,64.0980926706774,-16.8011795617702));
#1790=CARTESIAN_POINT('Ctrl Pts',(34.8447174454766,36.552865757579,-15.8207499612862));
#1791=CARTESIAN_POINT('Ctrl Pts',(51.3804402331862,46.0997697603082,-15.8207499612862));
#1792=CARTESIAN_POINT('Ctrl Pts',(67.9031791547361,55.6391775244149,-15.8207499612862));
#1793=CARTESIAN_POINT('Ctrl Pts',(84.43890194095,65.1860815262806,-15.8207499612862));
#1794=CARTESIAN_POINT('Ctrl Pts',(34.5202621971534,37.1148387324572,-14.5830918285502));
#1795=CARTESIAN_POINT('Ctrl Pts',(51.055984984863,46.6617427351865,-14.5830918285502));
#1796=CARTESIAN_POINT('Ctrl Pts',(67.5787239064128,56.2011504992932,-14.5830918285502));
#1797=CARTESIAN_POINT('Ctrl Pts',(84.1144466926268,65.7480545011588,-14.5830918285502));
#1798=CARTESIAN_POINT('Ctrl Pts',(34.4652796391287,37.210071316486,-13.8216089512101));
#1799=CARTESIAN_POINT('Ctrl Pts',(51.0010024268384,46.7569753192153,-13.8216089512101));
#1800=CARTESIAN_POINT('Ctrl Pts',(67.5237413483882,56.296383083322,-13.8216089512101));
#1801=CARTESIAN_POINT('Ctrl Pts',(84.0594641346021,65.8432870851876,-13.8216089512101));
#1802=CARTESIAN_POINT('Ctrl Pts',(34.4652796391287,37.210071316486,-13.4644660940673));
#1803=CARTESIAN_POINT('Ctrl Pts',(51.0010024268384,46.7569753192153,-13.4644660940673));
#1804=CARTESIAN_POINT('Ctrl Pts',(67.5237413483882,56.296383083322,-13.4644660940673));
#1805=CARTESIAN_POINT('Ctrl Pts',(84.0594641346021,65.8432870851876,-13.4644660940673));
#1806=CARTESIAN_POINT('',(34.4652796391287,37.210071316486,-13.4644660940673));
#1807=CARTESIAN_POINT('Ctrl Pts',(34.4652796391287,37.2100713164861,-13.4644660940673));
#1808=CARTESIAN_POINT('Ctrl Pts',(34.4652796391287,37.2100713164861,-13.9149118227552));
#1809=CARTESIAN_POINT('Ctrl Pts',(34.53152254859,37.1490101059363,-14.3595381616162));
#1810=CARTESIAN_POINT('Ctrl Pts',(34.7890350125975,36.9079947245915,-15.2048941547746));
#1811=CARTESIAN_POINT('Ctrl Pts',(34.9812111126223,36.7269498552534,-15.5937088348684));
#1812=CARTESIAN_POINT('Ctrl Pts',(35.4582389116194,36.2666356023064,-16.2526965542602));
#1813=CARTESIAN_POINT('Ctrl Pts',(35.7395535917152,35.9904934901907,-16.5164226791144));
#1814=CARTESIAN_POINT('Ctrl Pts',(36.2112455074889,35.5140476863177,-16.8019187747827));
#1815=CARTESIAN_POINT('Ctrl Pts',(36.3850548730586,35.3360647245136,-16.8785448485193));
#1816=CARTESIAN_POINT('Ctrl Pts',(36.7270591413218,34.9803534092901,-16.9761171464074));
#1817=CARTESIAN_POINT('Ctrl Pts',(36.8942959552052,34.8039531675645,-17.));
#1818=CARTESIAN_POINT('Ctrl Pts',(37.0605749803233,34.6259828757127,-17.));
#1819=CARTESIAN_POINT('',(84.0594641346021,65.8432870851876,-13.4644660940673));
#1820=CARTESIAN_POINT('Ctrl Pts',(34.4652796391287,37.210071316486,-13.4644660940673));
#1821=CARTESIAN_POINT('Ctrl Pts',(51.0010024268384,46.7569753192153,-13.4644660940673));
#1822=CARTESIAN_POINT('Ctrl Pts',(67.5237413483882,56.296383083322,-13.4644660940673));
#1823=CARTESIAN_POINT('Ctrl Pts',(84.0594641346021,65.8432870851876,-13.4644660940673));
#1824=CARTESIAN_POINT('Ctrl Pts',(84.0594641346021,65.8432870851876,-13.4644660940673));
#1825=CARTESIAN_POINT('Ctrl Pts',(84.0594641346021,65.8432870851876,-13.8847602049855));
#1826=CARTESIAN_POINT('Ctrl Pts',(84.0621988914496,65.7583911460982,-14.2980977316239));
#1827=CARTESIAN_POINT('Ctrl Pts',(84.0729755395705,65.4238482087822,-15.0995374528449));
#1828=CARTESIAN_POINT('Ctrl Pts',(84.0811853442198,65.168988619448,-15.4722740796626));
#1829=CARTESIAN_POINT('Ctrl Pts',(84.1024856172355,64.5077574261905,-16.1397529660233));
#1830=CARTESIAN_POINT('Ctrl Pts',(84.1157597321896,64.0956848319705,-16.4176700753304));
#1831=CARTESIAN_POINT('Ctrl Pts',(84.1395670627036,63.3566262513279,-16.7479705824764));
#1832=CARTESIAN_POINT('Ctrl Pts',(84.149370613435,63.0522914883665,-16.8448617843289));
#1833=CARTESIAN_POINT('Ctrl Pts',(84.1688922854327,62.4462739766648,-16.9688583534028));
#1834=CARTESIAN_POINT('Ctrl Pts',(84.1785756965516,62.1456687448882,-16.9993585913451));
#1835=CARTESIAN_POINT('Ctrl Pts',(84.1883673587982,61.8417030412694,-16.9999966632404));
#1836=CARTESIAN_POINT('Ctrl Pts',(84.1884697688554,61.838523893041,-17.));
#1837=CARTESIAN_POINT('Ctrl Pts',(84.188572178918,61.8353447446893,-17.));
#1838=CARTESIAN_POINT('Origin',(0.,0.,5.));
#1839=CARTESIAN_POINT('',(34.4652796391287,37.2100713164861,5.));
#1840=CARTESIAN_POINT('Origin',(0.,0.,5.));
#1841=CARTESIAN_POINT('',(34.4652796391287,37.2100713164861,5.));
#1842=CARTESIAN_POINT('Origin',(0.,0.,5.));
#1843=CARTESIAN_POINT('',(34.4533388273536,-37.2211277586922,-13.4644660940673));
#1844=CARTESIAN_POINT('',(34.4533388273536,-37.2211277586922,5.));
#1845=CARTESIAN_POINT('',(34.4533388273536,-37.2211277586922,5.));
#1846=CARTESIAN_POINT('',(14.9922272171432,-48.4528433742631,5.));
#1847=CARTESIAN_POINT('Origin',(0.,0.,5.));
#1848=CARTESIAN_POINT('',(14.9922272171432,-48.4528433742631,-13.4644660940673));
#1849=CARTESIAN_POINT('',(14.9922272171432,-48.4528433742631,5.));
#1850=CARTESIAN_POINT('Ctrl Pts',(11.4566933112105,-49.4083908496744,-17.));
#1851=CARTESIAN_POINT('Ctrl Pts',(11.6939596178668,-49.353374135677,-17.));
#1852=CARTESIAN_POINT('Ctrl Pts',(11.9303451156089,-49.2967429272112,-16.9761171463602));
#1853=CARTESIAN_POINT('Ctrl Pts',(12.4094022855152,-49.1784142002041,-16.8785448482963));
#1854=CARTESIAN_POINT('Ctrl Pts',(12.6504447348073,-49.1168823550654,-16.8019187744421));
#1855=CARTESIAN_POINT('Ctrl Pts',(13.2989048622763,-48.9466080751922,-16.5164226785512));
#1856=CARTESIAN_POINT('Ctrl Pts',(13.6787082862542,-48.8410534718836,-16.2526965536951));
#1857=CARTESIAN_POINT('Ctrl Pts',(14.3158660221065,-48.6580924062287,-15.5937088344783));
#1858=CARTESIAN_POINT('Ctrl Pts',(14.5687435280131,-48.5821854563291,-15.2048941545758));
#1859=CARTESIAN_POINT('Ctrl Pts',(14.9062252028853,-48.479680811404,-14.3595381616436));
#1860=CARTESIAN_POINT('Ctrl Pts',(14.9922272171432,-48.4528433742631,-13.9149118227692));
#1861=CARTESIAN_POINT('Ctrl Pts',(14.9922272171432,-48.4528433742631,-13.4644660940673));
#1862=CARTESIAN_POINT('Ctrl Pts',(34.4533388273536,-37.2211277586922,-13.4644660940673));
#1863=CARTESIAN_POINT('Ctrl Pts',(34.4533388273536,-37.2211277586922,-13.9101126853737));
#1864=CARTESIAN_POINT('Ctrl Pts',(34.5182010747448,-37.1613721917574,-14.3501175633828));
#1865=CARTESIAN_POINT('Ctrl Pts',(34.7709557818344,-36.9250126032419,-15.1891536716567));
#1866=CARTESIAN_POINT('Ctrl Pts',(34.9601549799695,-36.7469509595566,-15.5763453834985));
#1867=CARTESIAN_POINT('Ctrl Pts',(35.442176063481,-36.2824387176101,-16.2509635196427));
#1868=CARTESIAN_POINT('Ctrl Pts',(35.7356519392874,-35.9946052433411,-16.5252995941409));
#1869=CARTESIAN_POINT('Ctrl Pts',(36.3732500354955,-35.3502327333445,-16.9020777261812));
#1870=CARTESIAN_POINT('Ctrl Pts',(36.7128506714038,-34.997925084052,-17.));
#1871=CARTESIAN_POINT('Ctrl Pts',(37.0496782326003,-34.6376421085804,-17.));
#1872=CARTESIAN_POINT('Origin',(0.,0.,5.));
#1873=CARTESIAN_POINT('',(-15.0077727828568,-48.4480305490271,-13.4644660940673));
#1874=CARTESIAN_POINT('',(-15.0077727828568,-48.4480305490271,5.));
#1875=CARTESIAN_POINT('',(-15.0077727828568,-48.4480305490271,5.));
#1876=CARTESIAN_POINT('',(-34.4652796391287,-37.210071316486,5.));
#1877=CARTESIAN_POINT('Origin',(0.,0.,5.));
#1878=CARTESIAN_POINT('',(-34.4652796391287,-37.210071316486,-13.4644660940673));
#1879=CARTESIAN_POINT('',(-34.4652796391287,-37.210071316486,5.));
#1880=CARTESIAN_POINT('Ctrl Pts',(-37.0605749803234,-34.6259828757127,-17.));
#1881=CARTESIAN_POINT('Ctrl Pts',(-36.8942959549897,-34.8039531677951,-17.));
#1882=CARTESIAN_POINT('Ctrl Pts',(-36.7270591408887,-34.9803534097467,-16.9761171463455));
#1883=CARTESIAN_POINT('Ctrl Pts',(-36.3850548722646,-35.3360647253327,-16.8785448482271));
#1884=CARTESIAN_POINT('Ctrl Pts',(-36.211245506553,-35.5140476872731,-16.8019187743365));
#1885=CARTESIAN_POINT('Ctrl Pts',(-35.7395535908552,-35.9904934910411,-16.5164226783765));
#1886=CARTESIAN_POINT('Ctrl Pts',(-35.4582389109629,-36.2666356029461,-16.2526965535198));
#1887=CARTESIAN_POINT('Ctrl Pts',(-34.9812111123723,-36.7269498554888,-15.5937088343573));
#1888=CARTESIAN_POINT('Ctrl Pts',(-34.789035012524,-36.9079947246603,-15.2048941545142));
#1889=CARTESIAN_POINT('Ctrl Pts',(-34.5315225485955,-37.1490101059313,-14.3595381616522));
#1890=CARTESIAN_POINT('Ctrl Pts',(-34.4652796391287,-37.210071316486,-13.9149118227736));
#1891=CARTESIAN_POINT('Ctrl Pts',(-34.4652796391287,-37.210071316486,-13.4644660940673));
#1892=CARTESIAN_POINT('Ctrl Pts',(-15.0077727828568,-48.4480305490271,-13.4644660940673));
#1893=CARTESIAN_POINT('Ctrl Pts',(-15.0077727828568,-48.4480305490271,-13.9101126853736));
#1894=CARTESIAN_POINT('Ctrl Pts',(-14.9235918201781,-48.474325119547,-14.3501175633828));
#1895=CARTESIAN_POINT('Ctrl Pts',(-14.5925210585509,-48.575037322555,-15.1891536716567));
#1896=CARTESIAN_POINT('Ctrl Pts',(-14.3437155526123,-48.6498578126729,-15.5763453834985));
#1897=CARTESIAN_POINT('Ctrl Pts',(-13.700425608962,-48.8350441951804,-16.2509635196427));
#1898=CARTESIAN_POINT('Ctrl Pts',(-13.3044165702823,-48.945285021892,-16.5252995941409));
#1899=CARTESIAN_POINT('Ctrl Pts',(-12.4275745590208,-49.1752749156146,-16.9020777261812));
#1900=CARTESIAN_POINT('Ctrl Pts',(-11.9526668668318,-49.2932238688063,-17.));
#1901=CARTESIAN_POINT('Ctrl Pts',(-11.4722388769241,-49.4047836057614,-17.));
#1902=CARTESIAN_POINT('Origin',(0.,0.,5.));
#1903=CARTESIAN_POINT('',(-49.4611116102104,-11.2269027903349,-13.4644660940673));
#1904=CARTESIAN_POINT('',(-49.4611116102104,-11.2269027903349,5.));
#1905=CARTESIAN_POINT('',(-49.4611116102104,-11.2269027903349,5.));
#1906=CARTESIAN_POINT('',(-49.457506856272,11.242772057777,5.));
#1907=CARTESIAN_POINT('Origin',(0.,0.,5.));
#1908=CARTESIAN_POINT('',(-49.4575068562719,11.242772057777,-13.4644660940673));
#1909=CARTESIAN_POINT('',(-49.457506856272,11.242772057777,5.));
#1910=CARTESIAN_POINT('Ctrl Pts',(-48.5172682915338,14.7824079739616,-17.));
#1911=CARTESIAN_POINT('Ctrl Pts',(-48.5882555729036,14.5494209679494,-17.));
#1912=CARTESIAN_POINT('Ctrl Pts',(-48.6574042565926,14.3163895175985,-16.9761171463628));
#1913=CARTESIAN_POINT('Ctrl Pts',(-48.7944571579543,13.8423494751123,-16.8785448483088));
#1914=CARTESIAN_POINT('Ctrl Pts',(-48.8616902415665,13.6028346680737,-16.8019187744612));
#1915=CARTESIAN_POINT('Ctrl Pts',(-49.038458453322,12.9561145844025,-16.5164226785828));
#1916=CARTESIAN_POINT('Ctrl Pts',(-49.1369471973629,12.5744178691271,-16.2526965537269));
#1917=CARTESIAN_POINT('Ctrl Pts',(-49.2970771345346,11.93114255081,-15.5937088345003));
#1918=CARTESIAN_POINT('Ctrl Pts',(-49.3577785405535,11.6741907316893,-15.204894154587));
#1919=CARTESIAN_POINT('Ctrl Pts',(-49.4377477514795,11.3306707054712,-14.3595381616422));
#1920=CARTESIAN_POINT('Ctrl Pts',(-49.4575068562719,11.242772057777,-13.9149118227685));
#1921=CARTESIAN_POINT('Ctrl Pts',(-49.4575068562719,11.242772057777,-13.4644660940673));
#1922=CARTESIAN_POINT('Ctrl Pts',(-49.4611116102104,-11.2269027903349,-13.4644660940673));
#1923=CARTESIAN_POINT('Ctrl Pts',(-49.4611116102104,-11.2269027903349,-13.9101126853737));
#1924=CARTESIAN_POINT('Ctrl Pts',(-49.4417928949229,-11.3129529277896,-14.3501175633829));
#1925=CARTESIAN_POINT('Ctrl Pts',(-49.3634768403853,-11.650024719313,-15.1891536716567));
#1926=CARTESIAN_POINT('Ctrl Pts',(-49.3038705325817,-11.9029068531163,-15.5763453834985));
#1927=CARTESIAN_POINT('Ctrl Pts',(-49.142601672443,-12.5526054775702,-16.2509635196427));
#1928=CARTESIAN_POINT('Ctrl Pts',(-49.0400685095697,-12.9506797785509,-16.5252995941408));
#1929=CARTESIAN_POINT('Ctrl Pts',(-48.8008245945163,-13.8250421822701,-16.9020777261812));
#1930=CARTESIAN_POINT('Ctrl Pts',(-48.6655175382356,-14.2952987847543,-17.));
#1931=CARTESIAN_POINT('Ctrl Pts',(-48.5219171095244,-14.767141497181,-17.));
#1932=CARTESIAN_POINT('Origin',(0.,0.,5.));
#1933=CARTESIAN_POINT('',(-34.4533388273536,37.2211277586922,-13.4644660940673));
#1934=CARTESIAN_POINT('',(-34.4533388273536,37.2211277586922,5.));
#1935=CARTESIAN_POINT('',(-34.4533388273536,37.2211277586922,5.));
#1936=CARTESIAN_POINT('',(-14.9922272171432,48.4528433742631,5.));
#1937=CARTESIAN_POINT('Origin',(0.,0.,5.));
#1938=CARTESIAN_POINT('',(-14.9922272171432,48.4528433742631,-13.4644660940673));
#1939=CARTESIAN_POINT('',(-14.9922272171432,48.4528433742631,5.));
#1940=CARTESIAN_POINT('Ctrl Pts',(-11.4566933112105,49.4083908496744,-17.));
#1941=CARTESIAN_POINT('Ctrl Pts',(-11.6939596179274,49.353374135663,-17.));
#1942=CARTESIAN_POINT('Ctrl Pts',(-11.9303451157297,49.2967429271823,-16.976117146348));
#1943=CARTESIAN_POINT('Ctrl Pts',(-12.4094022857335,49.1784142001492,-16.8785448482387));
#1944=CARTESIAN_POINT('Ctrl Pts',(-12.6504447350629,49.1168823549997,-16.8019187743541));
#1945=CARTESIAN_POINT('Ctrl Pts',(-13.2989048625065,48.9466080751291,-16.5164226784056));
#1946=CARTESIAN_POINT('Ctrl Pts',(-13.6787082864283,48.8410534718346,-16.2526965535491));
#1947=CARTESIAN_POINT('Ctrl Pts',(-14.3158660221713,48.6580924062092,-15.5937088343775));
#1948=CARTESIAN_POINT('Ctrl Pts',(-14.5687435280321,48.5821854563233,-15.2048941545245));
#1949=CARTESIAN_POINT('Ctrl Pts',(-14.9062252028839,48.4796808114044,-14.3595381616509));
#1950=CARTESIAN_POINT('Ctrl Pts',(-14.9922272171432,48.4528433742631,-13.9149118227729));
#1951=CARTESIAN_POINT('Ctrl Pts',(-14.9922272171432,48.4528433742631,-13.4644660940673));
#1952=CARTESIAN_POINT('Ctrl Pts',(-34.4533388273536,37.2211277586922,-13.4644660940673));
#1953=CARTESIAN_POINT('Ctrl Pts',(-34.4533388273536,37.2211277586922,-13.9101126853736));
#1954=CARTESIAN_POINT('Ctrl Pts',(-34.5182010747448,37.1613721917574,-14.3501175633828));
#1955=CARTESIAN_POINT('Ctrl Pts',(-34.7709557818344,36.9250126032419,-15.1891536716567));
#1956=CARTESIAN_POINT('Ctrl Pts',(-34.9601549799694,36.7469509595566,-15.5763453834985));
#1957=CARTESIAN_POINT('Ctrl Pts',(-35.442176063481,36.2824387176101,-16.2509635196427));
#1958=CARTESIAN_POINT('Ctrl Pts',(-35.7356519392873,35.9946052433411,-16.5252995941409));
#1959=CARTESIAN_POINT('Ctrl Pts',(-36.3732500354955,35.3502327333445,-16.9020777261812));
#1960=CARTESIAN_POINT('Ctrl Pts',(-36.7128506714038,34.997925084052,-17.));
#1961=CARTESIAN_POINT('Ctrl Pts',(-37.0496782326003,34.6376421085804,-17.));
#1962=CARTESIAN_POINT('Ctrl Pts',(-36.2330465920951,-34.148209138007,-17.));
#1963=CARTESIAN_POINT('Ctrl Pts',(-52.7687693782791,-43.6951131398554,-17.));
#1964=CARTESIAN_POINT('Ctrl Pts',(-69.2915083027985,-53.2345209056766,-17.));
#1965=CARTESIAN_POINT('Ctrl Pts',(-85.8272310875685,-62.7814249067087,-17.));
#1966=CARTESIAN_POINT('Ctrl Pts',(-35.9949513539998,-34.5606021874282,-17.));
#1967=CARTESIAN_POINT('Ctrl Pts',(-52.5306741401838,-44.1075061892766,-17.));
#1968=CARTESIAN_POINT('Ctrl Pts',(-69.0534130647033,-53.6469139550978,-17.));
#1969=CARTESIAN_POINT('Ctrl Pts',(-85.5891358494733,-63.1938179561298,-17.));
#1970=CARTESIAN_POINT('Ctrl Pts',(-35.4728681041344,-35.4648769019758,-16.8011795617702));
#1971=CARTESIAN_POINT('Ctrl Pts',(-52.0085908903184,-45.0117809038242,-16.8011795617702));
#1972=CARTESIAN_POINT('Ctrl Pts',(-68.5313298148378,-54.5511886696454,-16.8011795617702));
#1973=CARTESIAN_POINT('Ctrl Pts',(-85.0670525996079,-64.0980926706774,-16.8011795617702));
#1974=CARTESIAN_POINT('Ctrl Pts',(-34.8447174454766,-36.552865757579,-15.8207499612862));
#1975=CARTESIAN_POINT('Ctrl Pts',(-51.3804402316605,-46.0997697594273,-15.8207499612862));
#1976=CARTESIAN_POINT('Ctrl Pts',(-67.9031791561801,-55.6391775252485,-15.8207499612862));
#1977=CARTESIAN_POINT('Ctrl Pts',(-84.4389019409501,-65.1860815262806,-15.8207499612862));
#1978=CARTESIAN_POINT('Ctrl Pts',(-34.5202621971534,-37.1148387324572,-14.5830918285502));
#1979=CARTESIAN_POINT('Ctrl Pts',(-51.0559849833374,-46.6617427343056,-14.5830918285502));
#1980=CARTESIAN_POINT('Ctrl Pts',(-67.5787239078568,-56.2011505001268,-14.5830918285502));
#1981=CARTESIAN_POINT('Ctrl Pts',(-84.1144466926268,-65.7480545011588,-14.5830918285502));
#1982=CARTESIAN_POINT('Ctrl Pts',(-34.4652796391287,-37.210071316486,-13.8216089512101));
#1983=CARTESIAN_POINT('Ctrl Pts',(-51.0010024253127,-46.7569753183344,-13.8216089512101));
#1984=CARTESIAN_POINT('Ctrl Pts',(-67.5237413498322,-56.2963830841556,-13.8216089512101));
#1985=CARTESIAN_POINT('Ctrl Pts',(-84.0594641346022,-65.8432870851876,-13.8216089512101));
#1986=CARTESIAN_POINT('Ctrl Pts',(-34.4652796391287,-37.210071316486,-13.4644660940673));
#1987=CARTESIAN_POINT('Ctrl Pts',(-51.0010024253127,-46.7569753183344,-13.4644660940673));
#1988=CARTESIAN_POINT('Ctrl Pts',(-67.5237413498321,-56.2963830841556,-13.4644660940673));
#1989=CARTESIAN_POINT('Ctrl Pts',(-84.0594641346022,-65.8432870851876,-13.4644660940673));
#1990=CARTESIAN_POINT('',(-84.0594641346022,-65.8432870851876,-13.4644660940673));
#1991=CARTESIAN_POINT('Ctrl Pts',(-34.4652796391287,-37.210071316486,-13.4644660940673));
#1992=CARTESIAN_POINT('Ctrl Pts',(-51.0010024253127,-46.7569753183344,-13.4644660940673));
#1993=CARTESIAN_POINT('Ctrl Pts',(-67.5237413498321,-56.2963830841556,-13.4644660940673));
#1994=CARTESIAN_POINT('Ctrl Pts',(-84.0594641346022,-65.8432870851876,-13.4644660940673));
#1995=CARTESIAN_POINT('Ctrl Pts',(-84.0594641346021,-65.8432870851876,-13.4644660940673));
#1996=CARTESIAN_POINT('Ctrl Pts',(-84.0594641346021,-65.8432870851876,-13.8847604483561));
#1997=CARTESIAN_POINT('Ctrl Pts',(-84.0621988946128,-65.758391047916,-14.2980982065134));
#1998=CARTESIAN_POINT('Ctrl Pts',(-84.0729754612783,-65.4238506392437,-15.0995313750429));
#1999=CARTESIAN_POINT('Ctrl Pts',(-84.0811850935559,-65.1689964008755,-15.4722626357885));
#2000=CARTESIAN_POINT('Ctrl Pts',(-84.1024848499319,-64.5077812458266,-16.1397328497052));
#2001=CARTESIAN_POINT('Ctrl Pts',(-84.1157586013204,-64.0957199379078,-16.4176478636885));
#2002=CARTESIAN_POINT('Ctrl Pts',(-84.1395657531166,-63.3566669052599,-16.7479566269404));
#2003=CARTESIAN_POINT('Ctrl Pts',(-84.1493695418055,-63.0523247553047,-16.8448531024734));
#2004=CARTESIAN_POINT('Ctrl Pts',(-84.1688917266007,-62.4462913246643,-16.9688565783368));
#2005=CARTESIAN_POINT('Ctrl Pts',(-84.1785754098951,-62.1456776418269,-16.9993585442878));
#2006=CARTESIAN_POINT('Ctrl Pts',(-84.188367349594,-61.8417033270815,-16.9999966629404));
#2007=CARTESIAN_POINT('Ctrl Pts',(-84.1884697643138,-61.8385240359561,-17.));
#2008=CARTESIAN_POINT('Ctrl Pts',(-84.1885721789791,-61.8353447447246,-17.));
#2009=CARTESIAN_POINT('Ctrl Pts',(-82.4924214834676,-62.6740005204344,-17.));
#2010=CARTESIAN_POINT('Ctrl Pts',(-87.879723889845,-60.010267698278,-17.));
#2011=CARTESIAN_POINT('Ctrl Pts',(-93.2653731160413,-57.3473522852769,-17.));
#2012=CARTESIAN_POINT('Ctrl Pts',(-98.6526755213122,-54.6836194636677,-17.));
#2013=CARTESIAN_POINT('Ctrl Pts',(-82.7034817663297,-63.1008622388078,-17.));
#2014=CARTESIAN_POINT('Ctrl Pts',(-88.090784172707,-60.4371294166515,-17.));
#2015=CARTESIAN_POINT('Ctrl Pts',(-93.4764333989034,-57.7742140036503,-17.));
#2016=CARTESIAN_POINT('Ctrl Pts',(-98.8637358041743,-55.1104811820411,-17.));
#2017=CARTESIAN_POINT('Ctrl Pts',(-83.1662855374985,-64.0368659736267,-16.8011782328994));
#2018=CARTESIAN_POINT('Ctrl Pts',(-88.5535879438759,-61.3731331514704,-16.8011782328994));
#2019=CARTESIAN_POINT('Ctrl Pts',(-93.9392371700721,-58.7102177384693,-16.8011782328994));
#2020=CARTESIAN_POINT('Ctrl Pts',(-99.326539575343,-56.04648491686,-16.8011782328994));
#2021=CARTESIAN_POINT('Ctrl Pts',(-83.7231108340373,-65.1630248117144,-15.8207496037186));
#2022=CARTESIAN_POINT('Ctrl Pts',(-89.1104132404146,-62.499291989558,-15.8207496037186));
#2023=CARTESIAN_POINT('Ctrl Pts',(-94.496062466611,-59.8363765765569,-15.8207496037186));
#2024=CARTESIAN_POINT('Ctrl Pts',(-99.8833648718819,-57.1726437549477,-15.8207496037186));
#2025=CARTESIAN_POINT('Ctrl Pts',(-84.0107253512144,-65.7447146747551,-14.5830917458629));
#2026=CARTESIAN_POINT('Ctrl Pts',(-89.3980277575917,-63.0809818525987,-14.5830917458629));
#2027=CARTESIAN_POINT('Ctrl Pts',(-94.7836769837881,-60.4180664395976,-14.5830917458629));
#2028=CARTESIAN_POINT('Ctrl Pts',(-100.170979389059,-57.7543336179884,-14.5830917458629));
#2029=CARTESIAN_POINT('Ctrl Pts',(-84.0594641346021,-65.8432870851877,-13.8216089512101));
#2030=CARTESIAN_POINT('Ctrl Pts',(-89.4467665409794,-63.1795542630313,-13.8216089512101));
#2031=CARTESIAN_POINT('Ctrl Pts',(-94.8324157671758,-60.5166388500302,-13.8216089512101));
#2032=CARTESIAN_POINT('Ctrl Pts',(-100.219718172447,-57.8529060284209,-13.8216089512101));
#2033=CARTESIAN_POINT('Ctrl Pts',(-84.0594641346021,-65.8432870851877,-13.4644660940673));
#2034=CARTESIAN_POINT('Ctrl Pts',(-89.4467665409794,-63.1795542630313,-13.4644660940673));
#2035=CARTESIAN_POINT('Ctrl Pts',(-94.8324157671758,-60.5166388500302,-13.4644660940673));
#2036=CARTESIAN_POINT('Ctrl Pts',(-100.219718172447,-57.8529060284209,-13.4644660940673));
#2037=CARTESIAN_POINT('',(-100.219718172447,-57.852906028421,-13.4644660940673));
#2038=CARTESIAN_POINT('Ctrl Pts',(-84.0594641346021,-65.8432870851877,-13.4644660940673));
#2039=CARTESIAN_POINT('Ctrl Pts',(-89.4467665409794,-63.1795542630313,-13.4644660940673));
#2040=CARTESIAN_POINT('Ctrl Pts',(-94.8324157671758,-60.5166388500302,-13.4644660940673));
#2041=CARTESIAN_POINT('Ctrl Pts',(-100.219718172447,-57.8529060284209,-13.4644660940673));
#2042=CARTESIAN_POINT('Ctrl Pts',(-100.219718172447,-57.852906028421,-13.4644660940673));
#2043=CARTESIAN_POINT('Ctrl Pts',(-100.219718172447,-57.852906028421,-13.8642523766285));
#2044=CARTESIAN_POINT('Ctrl Pts',(-100.149205083058,-57.8121952774621,-14.2564192095182));
#2045=CARTESIAN_POINT('Ctrl Pts',(-99.8704002367864,-57.6512272244307,-15.026836276142));
#2046=CARTESIAN_POINT('Ctrl Pts',(-99.6554477991995,-57.5271243765684,-15.3882082866799));
#2047=CARTESIAN_POINT('Ctrl Pts',(-99.0860351504242,-57.1983738305262,-16.0588278287054));
#2048=CARTESIAN_POINT('Ctrl Pts',(-98.7201044322503,-56.9871036318383,-16.3458009051121));
#2049=CARTESIAN_POINT('Ctrl Pts',(-98.0393799067104,-56.5940871437738,-16.7081449745933));
#2050=CARTESIAN_POINT('Ctrl Pts',(-97.7400550721354,-56.4212718699568,-16.8203787991742));
#2051=CARTESIAN_POINT('Ctrl Pts',(-97.1430937663691,-56.0766160993769,-16.9640454571605));
#2052=CARTESIAN_POINT('Ctrl Pts',(-96.8457451722986,-55.9049418085051,-16.9993107403968));
#2053=CARTESIAN_POINT('Ctrl Pts',(-96.5456542561428,-55.7316842373249,-16.9999966648846));
#2054=CARTESIAN_POINT('Ctrl Pts',(-96.5427360336903,-55.7299994008048,-17.));
#2055=CARTESIAN_POINT('Ctrl Pts',(-96.5398178114764,-55.7283145644241,-17.));
#2056=CARTESIAN_POINT('Ctrl Pts',(-99.0594641346021,-39.8625249716544,-13.4644660940673));
#2057=CARTESIAN_POINT('Ctrl Pts',(-99.44625504495,-45.8599321251608,-13.4644660940673));
#2058=CARTESIAN_POINT('Ctrl Pts',(-99.8329272621923,-51.8554988763676,-13.4644660940673));
#2059=CARTESIAN_POINT('Ctrl Pts',(-100.219718172447,-57.852906028421,-13.4644660940673));
#2060=CARTESIAN_POINT('Ctrl Pts',(-99.0594641346021,-39.8625249716544,-13.9406565702577));
#2061=CARTESIAN_POINT('Ctrl Pts',(-99.44625504495,-45.8599321251608,-13.9406565702577));
#2062=CARTESIAN_POINT('Ctrl Pts',(-99.8329272621923,-51.8554988763676,-13.9406565702577));
#2063=CARTESIAN_POINT('Ctrl Pts',(-100.219718172447,-57.852906028421,-13.9406565702577));
#2064=CARTESIAN_POINT('Ctrl Pts',(-98.8610544997898,-39.8753210085594,-14.9848264116807));
#2065=CARTESIAN_POINT('Ctrl Pts',(-99.2478454101377,-45.8727281620658,-14.9848264116807));
#2066=CARTESIAN_POINT('Ctrl Pts',(-99.6345176273799,-51.8682949132727,-14.9848264116807));
#2067=CARTESIAN_POINT('Ctrl Pts',(-100.021308537634,-57.865702065326,-14.9848264116807));
#2068=CARTESIAN_POINT('Ctrl Pts',(-97.8826585537065,-39.9384207196479,-16.2411256970011));
#2069=CARTESIAN_POINT('Ctrl Pts',(-98.2694494640544,-45.9358278731543,-16.2411256970011));
#2070=CARTESIAN_POINT('Ctrl Pts',(-98.6561216812968,-51.9313946243612,-16.2411256970011));
#2071=CARTESIAN_POINT('Ctrl Pts',(-99.042912591551,-57.9288017764145,-16.2411256970011));
#2072=CARTESIAN_POINT('Ctrl Pts',(-96.6475666340288,-40.0180755297597,-16.8900364968236));
#2073=CARTESIAN_POINT('Ctrl Pts',(-97.0343575443767,-46.015482683266,-16.8900364968236));
#2074=CARTESIAN_POINT('Ctrl Pts',(-97.4210297616189,-52.0110494344729,-16.8900364968236));
#2075=CARTESIAN_POINT('Ctrl Pts',(-97.8078206718731,-58.0084565865263,-16.8900364968236));
#2076=CARTESIAN_POINT('Ctrl Pts',(-95.88766255717,-40.0670840399612,-17.));
#2077=CARTESIAN_POINT('Ctrl Pts',(-96.2744534675179,-46.0644911934676,-17.));
#2078=CARTESIAN_POINT('Ctrl Pts',(-96.6611256847602,-52.0600579446745,-17.));
#2079=CARTESIAN_POINT('Ctrl Pts',(-97.0479165950144,-58.0574650967278,-17.));
#2080=CARTESIAN_POINT('Ctrl Pts',(-95.5312601320859,-40.0900695093349,-17.));
#2081=CARTESIAN_POINT('Ctrl Pts',(-95.9180510424338,-46.0874766628413,-17.));
#2082=CARTESIAN_POINT('Ctrl Pts',(-96.304723259676,-52.0830434140481,-17.));
#2083=CARTESIAN_POINT('Ctrl Pts',(-96.6915141699302,-58.0804505661015,-17.));
#2084=CARTESIAN_POINT('',(-99.0594641346021,-39.8625249716544,-13.4644660940673));
#2085=CARTESIAN_POINT('Ctrl Pts',(-100.219718172447,-57.852906028421,-13.4644660940673));
#2086=CARTESIAN_POINT('Ctrl Pts',(-99.8329272621923,-51.8554988763676,-13.4644660940673));
#2087=CARTESIAN_POINT('Ctrl Pts',(-99.44625504495,-45.8599321251608,-13.4644660940673));
#2088=CARTESIAN_POINT('Ctrl Pts',(-99.0594641346021,-39.8625249716544,-13.4644660940673));
#2089=CARTESIAN_POINT('Ctrl Pts',(-99.0594641346021,-39.8625249716544,-13.4644660940673));
#2090=CARTESIAN_POINT('Ctrl Pts',(-99.0594641346021,-39.8625249716544,-13.8847607034431));
#2091=CARTESIAN_POINT('Ctrl Pts',(-98.9873093024216,-39.9073414166477,-14.2980987042644));
#2092=CARTESIAN_POINT('Ctrl Pts',(-98.7029793420018,-40.0839430047994,-15.0995250155944));
#2093=CARTESIAN_POINT('Ctrl Pts',(-98.4863786725718,-40.2184769178288,-15.4722506606035));
#2094=CARTESIAN_POINT('Ctrl Pts',(-97.9244136953857,-40.567521764548,-16.1397117967144));
#2095=CARTESIAN_POINT('Ctrl Pts',(-97.5742050507064,-40.7850415879409,-16.4176246166441));
#2096=CARTESIAN_POINT('Ctrl Pts',(-96.9460748660366,-41.1751826339254,-16.7479420181381));
#2097=CARTESIAN_POINT('Ctrl Pts',(-96.6874021607283,-41.3358481174185,-16.8448440122713));
#2098=CARTESIAN_POINT('Ctrl Pts',(-96.172308745785,-41.6557803362329,-16.9688547195272));
#2099=CARTESIAN_POINT('Ctrl Pts',(-95.9168039784566,-41.8144781660828,-16.9993584951996));
#2100=CARTESIAN_POINT('Ctrl Pts',(-95.6584428049404,-41.9749501525389,-16.9999966626282));
#2101=CARTESIAN_POINT('Ctrl Pts',(-95.655740539015,-41.976628570294,-17.));
#2102=CARTESIAN_POINT('Ctrl Pts',(-95.6530382729851,-41.9783069881143,-17.));
#2103=CARTESIAN_POINT('Ctrl Pts',(-49.4611116102104,-11.2269027903349,-13.4644660940673));
#2104=CARTESIAN_POINT('Ctrl Pts',(-65.9982242276571,-20.7746092116369,-13.4644660940673));
#2105=CARTESIAN_POINT('Ctrl Pts',(-82.5223515167303,-30.3148185501069,-13.4644660940673));
#2106=CARTESIAN_POINT('Ctrl Pts',(-99.0594641346022,-39.8625249716544,-13.4644660940673));
#2107=CARTESIAN_POINT('Ctrl Pts',(-49.4611116102104,-11.2269027903349,-13.9406565702577));
#2108=CARTESIAN_POINT('Ctrl Pts',(-65.9982242276571,-20.7746092116369,-13.9406565702577));
#2109=CARTESIAN_POINT('Ctrl Pts',(-82.5223515167303,-30.3148185501069,-13.9406565702577));
#2110=CARTESIAN_POINT('Ctrl Pts',(-99.0594641346022,-39.8625249716544,-13.9406565702577));
#2111=CARTESIAN_POINT('Ctrl Pts',(-49.3617023015305,-11.3990847637138,-14.9848187171084));
#2112=CARTESIAN_POINT('Ctrl Pts',(-65.8988149189772,-20.9467911850159,-14.9848187171084));
#2113=CARTESIAN_POINT('Ctrl Pts',(-82.4229422080504,-30.4870005234859,-14.9848187171084));
#2114=CARTESIAN_POINT('Ctrl Pts',(-98.9600548259223,-40.0347069450333,-14.9848187171084));
#2115=CARTESIAN_POINT('Ctrl Pts',(-48.8714868346539,-12.2481628590001,-16.2411226893382));
#2116=CARTESIAN_POINT('Ctrl Pts',(-65.4085994521007,-21.795869280302,-16.2411226893382));
#2117=CARTESIAN_POINT('Ctrl Pts',(-81.9327267411739,-31.3360786187721,-16.2411226893382));
#2118=CARTESIAN_POINT('Ctrl Pts',(-98.4698393590457,-40.8837850403196,-16.2411226893382));
#2119=CARTESIAN_POINT('Ctrl Pts',(-48.2526575791937,-13.3200065706672,-16.8900327886754));
#2120=CARTESIAN_POINT('Ctrl Pts',(-64.7897701966404,-22.8677129919693,-16.8900327886754));
#2121=CARTESIAN_POINT('Ctrl Pts',(-81.3138974857136,-32.4079223304393,-16.8900327886754));
#2122=CARTESIAN_POINT('Ctrl Pts',(-97.8510101035855,-41.9556287519868,-16.8900327886754));
#2123=CARTESIAN_POINT('Ctrl Pts',(-47.8719160858154,-13.979470181748,-17.));
#2124=CARTESIAN_POINT('Ctrl Pts',(-64.4090287032622,-23.52717660305,-17.));
#2125=CARTESIAN_POINT('Ctrl Pts',(-80.9331559923354,-33.06738594152,-17.));
#2126=CARTESIAN_POINT('Ctrl Pts',(-97.4702686102072,-42.6150923630675,-17.));
#2127=CARTESIAN_POINT('Ctrl Pts',(-47.693344657244,-14.2887649688138,-17.));
#2128=CARTESIAN_POINT('Ctrl Pts',(-64.2304572746907,-23.8364713901159,-17.));
#2129=CARTESIAN_POINT('Ctrl Pts',(-80.7545845637639,-33.3766807285859,-17.));
#2130=CARTESIAN_POINT('Ctrl Pts',(-97.2916971816358,-42.9243871501334,-17.));
#2131=CARTESIAN_POINT('Ctrl Pts',(-99.0594641346022,-39.8625249716544,-13.4644660940673));
#2132=CARTESIAN_POINT('Ctrl Pts',(-82.5223515167303,-30.3148185501069,-13.4644660940673));
#2133=CARTESIAN_POINT('Ctrl Pts',(-65.9982242276571,-20.7746092116369,-13.4644660940673));
#2134=CARTESIAN_POINT('Ctrl Pts',(-49.4611116102104,-11.2269027903349,-13.4644660940673));
#2135=CARTESIAN_POINT('Ctrl Pts',(11.4566933112105,-48.452843374263,-17.));
#2136=CARTESIAN_POINT('Ctrl Pts',(11.4566933112105,-67.5466513803734,-17.));
#2137=CARTESIAN_POINT('Ctrl Pts',(11.4566933112105,-86.6254669094211,-17.));
#2138=CARTESIAN_POINT('Ctrl Pts',(11.4566933112105,-105.719274911666,-17.));
#2139=CARTESIAN_POINT('Ctrl Pts',(11.9328837874009,-48.452843374263,-17.));
#2140=CARTESIAN_POINT('Ctrl Pts',(11.932883787401,-67.5466513803734,-17.));
#2141=CARTESIAN_POINT('Ctrl Pts',(11.932883787401,-86.6254669094212,-17.));
#2142=CARTESIAN_POINT('Ctrl Pts',(11.932883787401,-105.719274911666,-17.));
#2143=CARTESIAN_POINT('Ctrl Pts',(12.9770328256517,-48.452843374263,-16.8011868833368));
#2144=CARTESIAN_POINT('Ctrl Pts',(12.9770328256517,-67.5466513803735,-16.8011868833368));
#2145=CARTESIAN_POINT('Ctrl Pts',(12.9770328256517,-86.625466909421,-16.8011868833368));
#2146=CARTESIAN_POINT('Ctrl Pts',(12.9770328256517,-105.719274911666,-16.8011868833368));
#2147=CARTESIAN_POINT('Ctrl Pts',(14.2333448484758,-48.452843374263,-15.8207519054397));
#2148=CARTESIAN_POINT('Ctrl Pts',(14.2333448484758,-67.5466513803734,-15.8207519054397));
#2149=CARTESIAN_POINT('Ctrl Pts',(14.2333448484758,-86.6254669094212,-15.8207519054397));
#2150=CARTESIAN_POINT('Ctrl Pts',(14.2333448484759,-105.719274911666,-15.8207519054397));
#2151=CARTESIAN_POINT('Ctrl Pts',(14.8822537347291,-48.452843374263,-14.5830922412494));
#2152=CARTESIAN_POINT('Ctrl Pts',(14.8822537347291,-67.5466513803735,-14.5830922412494));
#2153=CARTESIAN_POINT('Ctrl Pts',(14.8822537347291,-86.6254669094211,-14.5830922412494));
#2154=CARTESIAN_POINT('Ctrl Pts',(14.8822537347291,-105.719274911666,-14.5830922412494));
#2155=CARTESIAN_POINT('Ctrl Pts',(14.9922272171432,-48.452843374263,-13.8216089512101));
#2156=CARTESIAN_POINT('Ctrl Pts',(14.9922272171432,-67.5466513803734,-13.8216089512101));
#2157=CARTESIAN_POINT('Ctrl Pts',(14.9922272171432,-86.6254669094211,-13.8216089512101));
#2158=CARTESIAN_POINT('Ctrl Pts',(14.9922272171432,-105.719274911666,-13.8216089512101));
#2159=CARTESIAN_POINT('Ctrl Pts',(14.9922272171432,-48.452843374263,-13.4644660940673));
#2160=CARTESIAN_POINT('Ctrl Pts',(14.9922272171432,-67.5466513803735,-13.4644660940673));
#2161=CARTESIAN_POINT('Ctrl Pts',(14.9922272171432,-86.6254669094211,-13.4644660940673));
#2162=CARTESIAN_POINT('Ctrl Pts',(14.9922272171432,-105.719274911666,-13.4644660940673));
#2163=CARTESIAN_POINT('',(14.9922272171432,-105.719274911666,-13.4644660940673));
#2164=CARTESIAN_POINT('Ctrl Pts',(14.9922272171432,-48.452843374263,-13.4644660940673));
#2165=CARTESIAN_POINT('Ctrl Pts',(14.9922272171432,-67.5466513803735,-13.4644660940673));
#2166=CARTESIAN_POINT('Ctrl Pts',(14.9922272171432,-86.6254669094211,-13.4644660940673));
#2167=CARTESIAN_POINT('Ctrl Pts',(14.9922272171432,-105.719274911666,-13.4644660940673));
#2168=CARTESIAN_POINT('Ctrl Pts',(14.9922272171432,-105.719274911666,-13.4644660940673));
#2169=CARTESIAN_POINT('Ctrl Pts',(14.9922272171432,-105.719274911666,-13.8847603768586));
#2170=CARTESIAN_POINT('Ctrl Pts',(14.9173377376244,-105.67919527829,-14.2980980670001));
#2171=CARTESIAN_POINT('Ctrl Pts',(14.6222283077642,-105.521257504428,-15.0995331571022));
#2172=CARTESIAN_POINT('Ctrl Pts',(14.3974118627061,-105.400939394535,-15.4722659915392));
#2173=CARTESIAN_POINT('Ctrl Pts',(13.8141287140164,-105.088775726723,-16.1397387487436));
#2174=CARTESIAN_POINT('Ctrl Pts',(13.4506333581711,-104.894238916159,-16.417654377208));
#2175=CARTESIAN_POINT('Ctrl Pts',(12.7986896460984,-104.54532923001,-16.7479607193775));
#2176=CARTESIAN_POINT('Ctrl Pts',(12.5302216293739,-104.401649507785,-16.8448556483955));
#2177=CARTESIAN_POINT('Ctrl Pts',(11.9956243085075,-104.115541704326,-16.9688570988505));
#2178=CARTESIAN_POINT('Ctrl Pts',(11.7304455668888,-103.973622348775,-16.9993585580733));
#2179=CARTESIAN_POINT('Ctrl Pts',(11.462302345936,-103.830116451911,-16.9999966630282));
#2180=CARTESIAN_POINT('Ctrl Pts',(11.4594978286264,-103.828615519799,-17.));
#2181=CARTESIAN_POINT('Ctrl Pts',(11.4566933112105,-103.827114587628,-17.));
#2182=CARTESIAN_POINT('Ctrl Pts',(13.0310658657614,-102.777532884593,-17.));
#2183=CARTESIAN_POINT('Ctrl Pts',(8.030554369677,-106.111207215316,-17.));
#2184=CARTESIAN_POINT('Ctrl Pts',(3.031577362123,-109.443858553686,-17.));
#2185=CARTESIAN_POINT('Ctrl Pts',(-1.96893413423864,-112.777532884593,-17.));
#2186=CARTESIAN_POINT('Ctrl Pts',(13.2952088163449,-103.173747310469,-17.));
#2187=CARTESIAN_POINT('Ctrl Pts',(8.29469732026047,-106.507421641191,-17.));
#2188=CARTESIAN_POINT('Ctrl Pts',(3.29572031270643,-109.840072979561,-17.));
#2189=CARTESIAN_POINT('Ctrl Pts',(-1.7047911836552,-113.173747310469,-17.));
#2190=CARTESIAN_POINT('Ctrl Pts',(13.8743983676282,-104.042531637394,-16.8011869782173));
#2191=CARTESIAN_POINT('Ctrl Pts',(8.87388687154375,-107.376205968116,-16.8011869782173));
#2192=CARTESIAN_POINT('Ctrl Pts',(3.87490986398979,-110.708857306486,-16.8011869782173));
#2193=CARTESIAN_POINT('Ctrl Pts',(-1.12560163237186,-114.042531637394,-16.8011869782173));
#2194=CARTESIAN_POINT('Ctrl Pts',(14.5712749704588,-105.087846541639,-15.8207519303474));
#2195=CARTESIAN_POINT('Ctrl Pts',(9.57076347437437,-108.421520872362,-15.8207519303474));
#2196=CARTESIAN_POINT('Ctrl Pts',(4.57178646682033,-111.754172210732,-15.8207519303474));
#2197=CARTESIAN_POINT('Ctrl Pts',(-0.428725029541295,-115.087846541639,
-15.8207519303474));
#2198=CARTESIAN_POINT('Ctrl Pts',(14.9312248452943,-105.627771353893,-14.5830922461217));
#2199=CARTESIAN_POINT('Ctrl Pts',(9.93071334920982,-108.961445684616,-14.5830922461217));
#2200=CARTESIAN_POINT('Ctrl Pts',(4.93173634165585,-112.294097022985,-14.5830922461217));
#2201=CARTESIAN_POINT('Ctrl Pts',(-0.0687751547058025,-115.627771353893,
-14.5830922461217));
#2202=CARTESIAN_POINT('Ctrl Pts',(14.9922272171433,-105.719274911666,-13.8216089512101));
#2203=CARTESIAN_POINT('Ctrl Pts',(9.99171572105885,-109.052949242389,-13.8216089512101));
#2204=CARTESIAN_POINT('Ctrl Pts',(4.99273871350482,-112.385600580758,-13.8216089512101));
#2205=CARTESIAN_POINT('Ctrl Pts',(-0.00777278285680192,-115.719274911666,
-13.8216089512101));
#2206=CARTESIAN_POINT('Ctrl Pts',(14.9922272171433,-105.719274911666,-13.4644660940673));
#2207=CARTESIAN_POINT('Ctrl Pts',(9.99171572105883,-109.052949242389,-13.4644660940673));
#2208=CARTESIAN_POINT('Ctrl Pts',(4.99273871350484,-112.385600580758,-13.4644660940673));
#2209=CARTESIAN_POINT('Ctrl Pts',(-0.00777278285680192,-115.719274911666,
-13.4644660940673));
#2210=CARTESIAN_POINT('',(-0.00777278285679784,-115.719274911666,-13.4644660940673));
#2211=CARTESIAN_POINT('Ctrl Pts',(14.9922272171433,-105.719274911666,-13.4644660940673));
#2212=CARTESIAN_POINT('Ctrl Pts',(9.99171572105883,-109.052949242389,-13.4644660940673));
#2213=CARTESIAN_POINT('Ctrl Pts',(4.99273871350484,-112.385600580758,-13.4644660940673));
#2214=CARTESIAN_POINT('Ctrl Pts',(-0.00777278285680192,-115.719274911666,
-13.4644660940673));
#2215=CARTESIAN_POINT('Ctrl Pts',(-0.00777278285679543,-115.719274911666,
-13.4644660940673));
#2216=CARTESIAN_POINT('Ctrl Pts',(-0.00777278285679564,-115.719274911666,
-13.8642521778614));
#2217=CARTESIAN_POINT('Ctrl Pts',(-0.00777278270008674,-115.637853490302,
-14.2564188230172));
#2218=CARTESIAN_POINT('Ctrl Pts',(-0.00777278268700568,-115.31591433951,
-15.0268435788258));
#2219=CARTESIAN_POINT('Ctrl Pts',(-0.00777278282480862,-115.067702352884,
-15.3882218104945));
#2220=CARTESIAN_POINT('Ctrl Pts',(-0.0077727828177785,-114.410180898299,
-16.0588533181299));
#2221=CARTESIAN_POINT('Ctrl Pts',(-0.00777278285676501,-113.987624923909,
-16.3458299710172));
#2222=CARTESIAN_POINT('Ctrl Pts',(-0.00777278285674614,-113.201583975185,
-16.7081635971386));
#2223=CARTESIAN_POINT('Ctrl Pts',(-0.00777278285681244,-112.855963476045,
-16.8203902347633));
#2224=CARTESIAN_POINT('Ctrl Pts',(-0.00777278285684587,-112.166673258186,
-16.9640476724282));
#2225=CARTESIAN_POINT('Ctrl Pts',(-0.00777278282449858,-111.823335914031,
-16.9993107173284));
#2226=CARTESIAN_POINT('Ctrl Pts',(-0.00777278285811326,-111.476831765716,
-16.9999966644528));
#2227=CARTESIAN_POINT('Ctrl Pts',(-0.0077727828566264,-111.473461874557,
-17.));
#2228=CARTESIAN_POINT('Ctrl Pts',(-0.00777278285662637,-111.470091983672,
-17.));
#2229=CARTESIAN_POINT('Ctrl Pts',(-15.0077727828569,-105.719274911666,-13.4644660940673));
#2230=CARTESIAN_POINT('Ctrl Pts',(-10.0072612861815,-109.052949242783,-13.4644660940673));
#2231=CARTESIAN_POINT('Ctrl Pts',(-5.00828427874676,-112.385600581073,-13.4644660940673));
#2232=CARTESIAN_POINT('Ctrl Pts',(-0.00777278285679861,-115.719274911666,
-13.4644660940673));
#2233=CARTESIAN_POINT('Ctrl Pts',(-15.0077727828569,-105.719274911666,-13.9406565702577));
#2234=CARTESIAN_POINT('Ctrl Pts',(-10.0072612861815,-109.052949242783,-13.9406565702577));
#2235=CARTESIAN_POINT('Ctrl Pts',(-5.00828427874676,-112.385600581073,-13.9406565702577));
#2236=CARTESIAN_POINT('Ctrl Pts',(-0.00777278285679857,-115.719274911666,
-13.9406565702577));
#2237=CARTESIAN_POINT('Ctrl Pts',(-14.8974911588817,-105.553852475703,-14.9848053905696));
#2238=CARTESIAN_POINT('Ctrl Pts',(-9.89697966220628,-108.88752680682,-14.9848053905696));
#2239=CARTESIAN_POINT('Ctrl Pts',(-4.89800265477158,-112.22017814511,-14.9848053905696));
#2240=CARTESIAN_POINT('Ctrl Pts',(0.102508841118382,-115.553852475703,-14.9848053905696));
#2241=CARTESIAN_POINT('Ctrl Pts',(-14.3536436467551,-104.738081207513,-16.2411175479473));
#2242=CARTESIAN_POINT('Ctrl Pts',(-9.35313215007968,-108.07175553863,-16.2411175479473));
#2243=CARTESIAN_POINT('Ctrl Pts',(-4.35415514264497,-111.40440687692,-16.2411175479473));
#2244=CARTESIAN_POINT('Ctrl Pts',(0.646356353244991,-114.738081207513,-16.2411175479473));
#2245=CARTESIAN_POINT('Ctrl Pts',(-13.667113577431,-103.708286103527,-16.890026413819));
#2246=CARTESIAN_POINT('Ctrl Pts',(-8.6666020807556,-107.041960434644,-16.890026413819));
#2247=CARTESIAN_POINT('Ctrl Pts',(-3.66762507332089,-110.374611772934,-16.890026413819));
#2248=CARTESIAN_POINT('Ctrl Pts',(1.33288642256907,-113.708286103527,-16.890026413819));
#2249=CARTESIAN_POINT('Ctrl Pts',(-13.2447186444126,-103.074693704,-17.));
#2250=CARTESIAN_POINT('Ctrl Pts',(-8.24420714773721,-106.408368035117,-17.));
#2251=CARTESIAN_POINT('Ctrl Pts',(-3.2452301403025,-109.741019373406,-17.));
#2252=CARTESIAN_POINT('Ctrl Pts',(1.75528135558746,-113.074693704,-17.));
#2253=CARTESIAN_POINT('Ctrl Pts',(-13.046611431475,-102.777532884593,-17.));
#2254=CARTESIAN_POINT('Ctrl Pts',(-8.04609993479963,-106.11120721571,-17.));
#2255=CARTESIAN_POINT('Ctrl Pts',(-3.04712292736492,-109.443858554,-17.));
#2256=CARTESIAN_POINT('Ctrl Pts',(1.95338856852504,-112.777532884593,-17.));
#2257=CARTESIAN_POINT('',(-15.0077727828568,-105.719274911666,-13.4644660940673));
#2258=CARTESIAN_POINT('Ctrl Pts',(-0.00777278285679861,-115.719274911666,
-13.4644660940673));
#2259=CARTESIAN_POINT('Ctrl Pts',(-5.00828427874676,-112.385600581073,-13.4644660940673));
#2260=CARTESIAN_POINT('Ctrl Pts',(-10.0072612861815,-109.052949242783,-13.4644660940673));
#2261=CARTESIAN_POINT('Ctrl Pts',(-15.0077727828569,-105.719274911666,-13.4644660940673));
#2262=CARTESIAN_POINT('Ctrl Pts',(-15.0077727828568,-105.719274911666,-13.4644660940673));
#2263=CARTESIAN_POINT('Ctrl Pts',(-15.0077727828568,-105.719274911666,-13.8847605894637));
#2264=CARTESIAN_POINT('Ctrl Pts',(-14.9328832274575,-105.679195238197,-14.2980984818562));
#2265=CARTESIAN_POINT('Ctrl Pts',(-14.6377757427532,-105.521258505399,-15.0995278569846));
#2266=CARTESIAN_POINT('Ctrl Pts',(-14.4129634146543,-105.400942598544,-15.4722560111212));
#2267=CARTESIAN_POINT('Ctrl Pts',(-13.829692606671,-105.088785535345,-16.1397212024549));
#2268=CARTESIAN_POINT('Ctrl Pts',(-13.466205936326,-104.894253372779,-16.4176350022518));
#2269=CARTESIAN_POINT('Ctrl Pts',(-12.8142664980339,-104.545345973888,-16.7479485438543));
#2270=CARTESIAN_POINT('Ctrl Pts',(-12.5457928012326,-104.401663211778,-16.8448480722606));
#2271=CARTESIAN_POINT('Ctrl Pts',(-12.011183230937,-104.115548852624,-16.9688555495941));
#2272=CARTESIAN_POINT('Ctrl Pts',(-11.7459979819028,-103.973626014324,-16.9993585171143));
#2273=CARTESIAN_POINT('Ctrl Pts',(-11.4778481306951,-103.830116569144,-16.9999966627676));
#2274=CARTESIAN_POINT('Ctrl Pts',(-11.4750435038638,-103.828615578414,-17.));
#2275=CARTESIAN_POINT('Ctrl Pts',(-11.4722388769237,-103.827114587628,-17.));
#2276=CARTESIAN_POINT('Ctrl Pts',(-15.0077727828568,-48.448030549027,-13.4644660940673));
#2277=CARTESIAN_POINT('Ctrl Pts',(-15.0077727828568,-67.5434433925934,-13.4644660940673));
#2278=CARTESIAN_POINT('Ctrl Pts',(-15.0077727828568,-86.6238620609591,-13.4644660940673));
#2279=CARTESIAN_POINT('Ctrl Pts',(-15.0077727828568,-105.719274911666,-13.4644660940673));
#2280=CARTESIAN_POINT('Ctrl Pts',(-15.0077727828568,-48.448030549027,-13.9406565702577));
#2281=CARTESIAN_POINT('Ctrl Pts',(-15.0077727828568,-67.5434433925933,-13.9406565702577));
#2282=CARTESIAN_POINT('Ctrl Pts',(-15.0077727828568,-86.6238620609591,-13.9406565702577));
#2283=CARTESIAN_POINT('Ctrl Pts',(-15.0077727828568,-105.719274911666,-13.9406565702577));
#2284=CARTESIAN_POINT('Ctrl Pts',(-14.8089596616445,-48.448030549027,-14.984805619324));
#2285=CARTESIAN_POINT('Ctrl Pts',(-14.8089596616445,-67.5434433925935,-14.984805619324));
#2286=CARTESIAN_POINT('Ctrl Pts',(-14.8089596616445,-86.623862060959,-14.984805619324));
#2287=CARTESIAN_POINT('Ctrl Pts',(-14.8089596616445,-105.719274911666,-14.984805619324));
#2288=CARTESIAN_POINT('Ctrl Pts',(-13.828524687102,-48.448030549027,-16.2411176354713));
#2289=CARTESIAN_POINT('Ctrl Pts',(-13.8285246871021,-67.5434433925933,-16.2411176354713));
#2290=CARTESIAN_POINT('Ctrl Pts',(-13.8285246871021,-86.6238620609591,-16.2411176354713));
#2291=CARTESIAN_POINT('Ctrl Pts',(-13.8285246871021,-105.719274911666,-16.2411176354713));
#2292=CARTESIAN_POINT('Ctrl Pts',(-12.5908650238723,-48.448030549027,-16.8900265227359));
#2293=CARTESIAN_POINT('Ctrl Pts',(-12.5908650238723,-67.5434433925935,-16.8900265227359));
#2294=CARTESIAN_POINT('Ctrl Pts',(-12.5908650238723,-86.6238620609591,-16.8900265227359));
#2295=CARTESIAN_POINT('Ctrl Pts',(-12.5908650238723,-105.719274911666,-16.8900265227359));
#2296=CARTESIAN_POINT('Ctrl Pts',(-11.8293817340669,-48.448030549027,-17.));
#2297=CARTESIAN_POINT('Ctrl Pts',(-11.8293817340669,-67.5434433925933,-17.));
#2298=CARTESIAN_POINT('Ctrl Pts',(-11.8293817340669,-86.6238620609591,-17.));
#2299=CARTESIAN_POINT('Ctrl Pts',(-11.8293817340669,-105.719274911666,-17.));
#2300=CARTESIAN_POINT('Ctrl Pts',(-11.4722388769241,-48.448030549027,-17.));
#2301=CARTESIAN_POINT('Ctrl Pts',(-11.4722388769241,-67.5434433925934,-17.));
#2302=CARTESIAN_POINT('Ctrl Pts',(-11.4722388769241,-86.6238620609591,-17.));
#2303=CARTESIAN_POINT('Ctrl Pts',(-11.4722388769241,-105.719274911666,-17.));
#2304=CARTESIAN_POINT('Ctrl Pts',(-15.0077727828568,-105.719274911666,-13.4644660940673));
#2305=CARTESIAN_POINT('Ctrl Pts',(-15.0077727828568,-86.6238620609591,-13.4644660940673));
#2306=CARTESIAN_POINT('Ctrl Pts',(-15.0077727828568,-67.5434433925934,-13.4644660940673));
#2307=CARTESIAN_POINT('Ctrl Pts',(-15.0077727828568,-48.448030549027,-13.4644660940673));
#2308=CARTESIAN_POINT('Ctrl Pts',(84.0516913517453,-65.8567499400117,-13.4644660940673));
#2309=CARTESIAN_POINT('Ctrl Pts',(89.8791724468549,-62.9753723056017,-13.4644660940673));
#2310=CARTESIAN_POINT('Ctrl Pts',(95.7050003627907,-60.0948120798489,-13.4644660940673));
#2311=CARTESIAN_POINT('Ctrl Pts',(101.532481458237,-57.2134344452724,-13.4644660940673));
#2312=CARTESIAN_POINT('Ctrl Pts',(84.0516913517453,-65.8567499400117,-13.9406565702577));
#2313=CARTESIAN_POINT('Ctrl Pts',(89.8791724468549,-62.9753723056017,-13.9406565702577));
#2314=CARTESIAN_POINT('Ctrl Pts',(95.7050003627907,-60.0948120798489,-13.9406565702577));
#2315=CARTESIAN_POINT('Ctrl Pts',(101.532481458237,-57.2134344452724,-13.9406565702577));
#2316=CARTESIAN_POINT('Ctrl Pts',(83.9635682017685,-65.6785240856845,-14.984826550022));
#2317=CARTESIAN_POINT('Ctrl Pts',(89.791049296878,-62.7971464512745,-14.984826550022));
#2318=CARTESIAN_POINT('Ctrl Pts',(95.6168772128137,-59.9165862255217,-14.984826550022));
#2319=CARTESIAN_POINT('Ctrl Pts',(101.44435830826,-57.0352085909452,-14.984826550022));
#2320=CARTESIAN_POINT('Ctrl Pts',(83.5290162001953,-64.7996585236812,-16.241125751336));
#2321=CARTESIAN_POINT('Ctrl Pts',(89.3564972953049,-61.9182808892712,-16.241125751336));
#2322=CARTESIAN_POINT('Ctrl Pts',(95.1823252112407,-59.0377206635184,-16.241125751336));
#2323=CARTESIAN_POINT('Ctrl Pts',(101.009806306687,-56.1563430289419,-16.241125751336));
#2324=CARTESIAN_POINT('Ctrl Pts',(82.9804533347315,-63.6902101508636,-16.8900365636754));
#2325=CARTESIAN_POINT('Ctrl Pts',(88.8079344298411,-60.8088325164535,-16.8900365636754));
#2326=CARTESIAN_POINT('Ctrl Pts',(94.6337623457769,-57.9282722907008,-16.8900365636754));
#2327=CARTESIAN_POINT('Ctrl Pts',(100.461243441223,-55.0468946561243,-16.8900365636754));
#2328=CARTESIAN_POINT('Ctrl Pts',(82.6429439127575,-63.0076096640385,-17.));
#2329=CARTESIAN_POINT('Ctrl Pts',(88.4704250078671,-60.1262320296285,-17.));
#2330=CARTESIAN_POINT('Ctrl Pts',(94.2962529238028,-57.2456718038757,-17.));
#2331=CARTESIAN_POINT('Ctrl Pts',(100.123734019249,-54.3642941692992,-17.));
#2332=CARTESIAN_POINT('Ctrl Pts',(82.4846487006109,-62.6874633752584,-17.));
#2333=CARTESIAN_POINT('Ctrl Pts',(88.3121297957205,-59.8060857408484,-17.));
#2334=CARTESIAN_POINT('Ctrl Pts',(94.1379577116563,-56.9255255150956,-17.));
#2335=CARTESIAN_POINT('Ctrl Pts',(99.9654388071025,-54.0441478805191,-17.));
#2336=CARTESIAN_POINT('',(100.21194538959,-57.8663688832451,-13.4644660940673));
#2337=CARTESIAN_POINT('Ctrl Pts',(99.9654388071025,-54.0441478805191,-17.));
#2338=CARTESIAN_POINT('Ctrl Pts',(100.000130453375,-54.5820610577784,-17.));
#2339=CARTESIAN_POINT('Ctrl Pts',(100.034646268991,-55.1172478833892,-16.8949637899358));
#2340=CARTESIAN_POINT('Ctrl Pts',(100.096776408148,-56.080610080023,-16.4936608797807));
#2341=CARTESIAN_POINT('Ctrl Pts',(100.124295859494,-56.5073144051506,-16.211492817559));
#2342=CARTESIAN_POINT('Ctrl Pts',(100.168198349213,-57.1880468082332,-15.5238854293955));
#2343=CARTESIAN_POINT('Ctrl Pts',(100.184934202619,-57.4475454785914,-15.1372592987529));
#2344=CARTESIAN_POINT('Ctrl Pts',(100.206543543854,-57.7826102751987,-14.3134806348243));
#2345=CARTESIAN_POINT('Ctrl Pts',(100.21194538959,-57.8663688832451,-13.8919037013448));
#2346=CARTESIAN_POINT('Ctrl Pts',(100.21194538959,-57.8663688832451,-13.4644660940673));
#2347=CARTESIAN_POINT('',(84.0516913517454,-65.8567499400117,-13.4644660940673));
#2348=CARTESIAN_POINT('Ctrl Pts',(100.21194538959,-57.8663688832451,-13.4644660940673));
#2349=CARTESIAN_POINT('Ctrl Pts',(94.8248653865985,-60.5299917388255,-13.4644660940673));
#2350=CARTESIAN_POINT('Ctrl Pts',(89.4389847996825,-63.1930215473248,-13.4644660940673));
#2351=CARTESIAN_POINT('Ctrl Pts',(84.0516913517453,-65.8567499400117,-13.4644660940673));
#2352=CARTESIAN_POINT('Ctrl Pts',(84.0516913517454,-65.8567499400117,-13.4644660940673));
#2353=CARTESIAN_POINT('Ctrl Pts',(84.0516913517454,-65.8567499400117,-13.8847607677268));
#2354=CARTESIAN_POINT('Ctrl Pts',(84.0544261163619,-65.7718537739072,-14.2980988297013));
#2355=CARTESIAN_POINT('Ctrl Pts',(84.0652025763622,-65.4373166777957,-15.0995234130125));
#2356=CARTESIAN_POINT('Ctrl Pts',(84.0734119825451,-65.1824694501907,-15.472247642843));
#2357=CARTESIAN_POINT('Ctrl Pts',(84.0947110620288,-64.5212753099601,-16.1397064918292));
#2358=CARTESIAN_POINT('Ctrl Pts',(84.1079843367002,-64.1092287915881,-16.4176187591351));
#2359=CARTESIAN_POINT('Ctrl Pts',(84.1317912541044,-63.3701830352479,-16.7479383376325));
#2360=CARTESIAN_POINT('Ctrl Pts',(84.1415953544037,-63.0658312118699,-16.8448417224532));
#2361=CARTESIAN_POINT('Ctrl Pts',(84.1611182111507,-62.4597769216166,-16.9688542513892));
#2362=CARTESIAN_POINT('Ctrl Pts',(84.170802251424,-62.1591521580707,-16.9993584828529));
#2363=CARTESIAN_POINT('Ctrl Pts',(84.1805945547493,-61.8551665540029,-16.9999966625498));
#2364=CARTESIAN_POINT('Ctrl Pts',(84.1806969754023,-61.8519870768186,-17.));
#2365=CARTESIAN_POINT('Ctrl Pts',(84.1807993960615,-61.8488075995131,-17.));
#2366=CARTESIAN_POINT('Ctrl Pts',(34.4533388273536,-37.2211277586922,-13.4644660940673));
#2367=CARTESIAN_POINT('Ctrl Pts',(50.9904514459365,-46.7688341806502,-13.4644660940673));
#2368=CARTESIAN_POINT('Ctrl Pts',(67.5145787319658,-56.3090435173628,-13.4644660940673));
#2369=CARTESIAN_POINT('Ctrl Pts',(84.0516913517454,-65.8567499400117,-13.4644660940673));
#2370=CARTESIAN_POINT('Ctrl Pts',(34.4533388273536,-37.2211277586922,-13.9406565702577));
#2371=CARTESIAN_POINT('Ctrl Pts',(50.9904514459365,-46.7688341806502,-13.9406565702577));
#2372=CARTESIAN_POINT('Ctrl Pts',(67.5145787319657,-56.3090435173628,-13.9406565702577));
#2373=CARTESIAN_POINT('Ctrl Pts',(84.0516913517454,-65.8567499400117,-13.9406565702577));
#2374=CARTESIAN_POINT('Ctrl Pts',(34.5527490470852,-37.0489442073255,-14.9848230729393));
#2375=CARTESIAN_POINT('Ctrl Pts',(51.0898616656681,-46.5966506292835,-14.9848230729393));
#2376=CARTESIAN_POINT('Ctrl Pts',(67.6139889516973,-56.1368599659961,-14.9848230729393));
#2377=CARTESIAN_POINT('Ctrl Pts',(84.151101571477,-65.6845663886451,-14.9848230729393));
#2378=CARTESIAN_POINT('Ctrl Pts',(35.0429638468761,-36.1998672674654,-16.2411243884583));
#2379=CARTESIAN_POINT('Ctrl Pts',(51.580076465459,-45.7475736894234,-16.2411243884583));
#2380=CARTESIAN_POINT('Ctrl Pts',(68.1042037514882,-55.287783026136,-16.2411243884583));
#2381=CARTESIAN_POINT('Ctrl Pts',(84.6413163712679,-64.835489448785,-16.2411243884583));
#2382=CARTESIAN_POINT('Ctrl Pts',(35.6617929131164,-35.128023883537,-16.8900348853732));
#2383=CARTESIAN_POINT('Ctrl Pts',(52.1989055316993,-44.6757303054949,-16.8900348853732));
#2384=CARTESIAN_POINT('Ctrl Pts',(68.7230328177285,-54.2159396422075,-16.8900348853732));
#2385=CARTESIAN_POINT('Ctrl Pts',(85.2601454375082,-63.7636460648565,-16.8900348853732));
#2386=CARTESIAN_POINT('Ctrl Pts',(36.0425343517486,-34.4685603672791,-17.));
#2387=CARTESIAN_POINT('Ctrl Pts',(52.5796469703315,-44.0162667892371,-17.));
#2388=CARTESIAN_POINT('Ctrl Pts',(69.1037742563607,-53.5564761259497,-17.));
#2389=CARTESIAN_POINT('Ctrl Pts',(85.6408868761404,-63.1041825485986,-17.));
#2390=CARTESIAN_POINT('Ctrl Pts',(36.22110578032,-34.1592655802132,-17.));
#2391=CARTESIAN_POINT('Ctrl Pts',(52.7582183989029,-43.7069720021712,-17.));
#2392=CARTESIAN_POINT('Ctrl Pts',(69.2823456849321,-53.2471813388838,-17.));
#2393=CARTESIAN_POINT('Ctrl Pts',(85.8194583047118,-62.7948877615327,-17.));
#2394=CARTESIAN_POINT('Ctrl Pts',(84.0516913517454,-65.8567499400117,-13.4644660940673));
#2395=CARTESIAN_POINT('Ctrl Pts',(67.5145787319658,-56.3090435173628,-13.4644660940673));
#2396=CARTESIAN_POINT('Ctrl Pts',(50.9904514459365,-46.7688341806502,-13.4644660940673));
#2397=CARTESIAN_POINT('Ctrl Pts',(34.4533388273536,-37.2211277586922,-13.4644660940673));
#2398=CARTESIAN_POINT('Origin',(100.21194538959,-57.8663688832451,-17.));
#2399=CARTESIAN_POINT('',(99.0516913517454,-39.8759878264785,-13.4644660940673));
#2400=CARTESIAN_POINT('Ctrl Pts',(99.0516913517454,-39.8759878264785,-13.4644660940673));
#2401=CARTESIAN_POINT('Ctrl Pts',(99.0516913517454,-39.8759878264785,-13.8642518968214));
#2402=CARTESIAN_POINT('Ctrl Pts',(99.056931571222,-39.9572403299208,-14.2564182765599));
#2403=CARTESIAN_POINT('Ctrl Pts',(99.0776516307682,-40.2785163217259,-15.0268538854734));
#2404=CARTESIAN_POINT('Ctrl Pts',(99.0936269555075,-40.5262225741434,-15.3882408978348));
#2405=CARTESIAN_POINT('Ctrl Pts',(99.1359464324162,-41.1824094874197,-16.0588892508521));
#2406=CARTESIAN_POINT('Ctrl Pts',(99.1631432564258,-41.6041112971167,-16.345870926014));
#2407=CARTESIAN_POINT('Ctrl Pts',(99.2138390240796,-42.3901772346694,-16.7089489181264));
#2408=CARTESIAN_POINT('Ctrl Pts',(99.2361996069391,-42.7368904484781,-16.8215335920988));
#2409=CARTESIAN_POINT('Ctrl Pts',(99.2807823927877,-43.4281712196084,-16.965106217394));
#2410=CARTESIAN_POINT('Ctrl Pts',(99.3029829813746,-43.7724036336614,-17.));
#2411=CARTESIAN_POINT('Ctrl Pts',(99.3251658510983,-44.116361306935,-17.));
#2412=CARTESIAN_POINT('',(99.0516913517454,-39.8759878264785,5.));
#2413=CARTESIAN_POINT('',(99.0516913517454,-39.8759878264785,-17.));
#2414=CARTESIAN_POINT('',(100.21194538959,-57.8663688832451,5.));
#2415=CARTESIAN_POINT('',(99.0516913517454,-39.8759878264785,5.));
#2416=CARTESIAN_POINT('',(100.21194538959,-57.8663688832451,-17.));
#2417=CARTESIAN_POINT('Ctrl Pts',(47.6897399033056,-14.304634236256,-17.));
#2418=CARTESIAN_POINT('Ctrl Pts',(64.9058765105762,-24.244375340869,-17.));
#2419=CARTESIAN_POINT('Ctrl Pts',(82.109029246844,-34.1766202040635,-17.));
#2420=CARTESIAN_POINT('Ctrl Pts',(99.3251658510984,-44.1163613069351,-17.));
#2421=CARTESIAN_POINT('Ctrl Pts',(47.9278351414008,-13.8922411868348,-17.));
#2422=CARTESIAN_POINT('Ctrl Pts',(65.1439717486714,-23.8319822914478,-17.));
#2423=CARTESIAN_POINT('Ctrl Pts',(82.3471244849393,-33.7642271546423,-17.));
#2424=CARTESIAN_POINT('Ctrl Pts',(99.5632610891936,-43.7039682575139,-17.));
#2425=CARTESIAN_POINT('Ctrl Pts',(48.4499170545161,-12.9879687876063,-16.8011806797958));
#2426=CARTESIAN_POINT('Ctrl Pts',(65.6660536617868,-22.9277098922194,-16.8011806797958));
#2427=CARTESIAN_POINT('Ctrl Pts',(82.8692063980546,-32.8599547554139,-16.8011806797958));
#2428=CARTESIAN_POINT('Ctrl Pts',(100.085343002309,-42.7996958582854,-16.8011806797958));
#2429=CARTESIAN_POINT('Ctrl Pts',(49.078068527946,-11.8999785207765,-15.8207502609981));
#2430=CARTESIAN_POINT('Ctrl Pts',(66.2942051352166,-21.8397196253895,-15.8207502609981));
#2431=CARTESIAN_POINT('Ctrl Pts',(83.4973578714845,-31.771964488584,-15.8207502609981));
#2432=CARTESIAN_POINT('Ctrl Pts',(100.713494475739,-41.7117055914556,-15.8207502609981));
#2433=CARTESIAN_POINT('Ctrl Pts',(49.4025236544184,-11.3380057569501,-14.5830918962647));
#2434=CARTESIAN_POINT('Ctrl Pts',(66.6186602616891,-21.2777468615631,-14.5830918962647));
#2435=CARTESIAN_POINT('Ctrl Pts',(83.8218129979569,-31.2099917247576,-14.5830918962647));
#2436=CARTESIAN_POINT('Ctrl Pts',(101.037949602211,-41.1497328276292,-14.5830918962647));
#2437=CARTESIAN_POINT('Ctrl Pts',(49.4575068562719,-11.242772057777,-13.8216089512101));
#2438=CARTESIAN_POINT('Ctrl Pts',(66.6736434635426,-21.18251316239,-13.8216089512101));
#2439=CARTESIAN_POINT('Ctrl Pts',(83.8767961998104,-31.1147580255845,-13.8216089512101));
#2440=CARTESIAN_POINT('Ctrl Pts',(101.092932804065,-41.0544991284561,-13.8216089512101));
#2441=CARTESIAN_POINT('Ctrl Pts',(49.4575068562719,-11.242772057777,-13.4644660940673));
#2442=CARTESIAN_POINT('Ctrl Pts',(66.6736434635426,-21.18251316239,-13.4644660940673));
#2443=CARTESIAN_POINT('Ctrl Pts',(83.8767961998104,-31.1147580255845,-13.4644660940673));
#2444=CARTESIAN_POINT('Ctrl Pts',(101.092932804065,-41.0544991284561,-13.4644660940673));
#2445=CARTESIAN_POINT('',(49.4575068562719,-11.242772057777,-13.4644660940673));
#2446=CARTESIAN_POINT('Ctrl Pts',(49.457506856272,-11.242772057777,-13.4644660940673));
#2447=CARTESIAN_POINT('Ctrl Pts',(49.457506856272,-11.242772057777,-13.9149116351027));
#2448=CARTESIAN_POINT('Ctrl Pts',(49.437747767779,-11.3306706322219,-14.3595377934681));
#2449=CARTESIAN_POINT('Ctrl Pts',(49.3577783082105,-11.6741917330939,-15.204896813062));
#2450=CARTESIAN_POINT('Ctrl Pts',(49.297076330792,-11.9311459626636,-15.5937140509893));
#2451=CARTESIAN_POINT('Ctrl Pts',(49.1369448937125,-12.574426938987,-16.2527041113075));
#2452=CARTESIAN_POINT('Ctrl Pts',(49.0384553242837,-12.9561265283975,-16.5164302114943));
#2453=CARTESIAN_POINT('Ctrl Pts',(48.8616865720667,-13.6028478188977,-16.8019233302904));
#2454=CARTESIAN_POINT('Ctrl Pts',(48.7944539689936,-13.8423606760892,-16.8785478311677));
#2455=CARTESIAN_POINT('Ctrl Pts',(48.6574024296011,-14.3163956763138,-16.976117778127));
#2456=CARTESIAN_POINT('Ctrl Pts',(48.5882546339608,-14.5494240496492,-17.));
#2457=CARTESIAN_POINT('Ctrl Pts',(48.5172682915338,-14.7824079739616,-17.));
#2458=CARTESIAN_POINT('Ctrl Pts',(49.4575068562719,-11.242772057777,-13.4644660940673));
#2459=CARTESIAN_POINT('Ctrl Pts',(65.9932098986889,-20.7896646605561,-13.4644660940673));
#2460=CARTESIAN_POINT('Ctrl Pts',(82.5169351117736,-30.3296418603459,-13.4644660940673));
#2461=CARTESIAN_POINT('Ctrl Pts',(99.0516913517454,-39.8759878264785,-13.4644660940673));
#2462=CARTESIAN_POINT('Origin',(99.0516913517454,-39.8759878264785,-17.));
#2463=CARTESIAN_POINT('',(49.457506856272,-11.242772057777,5.));
#2464=CARTESIAN_POINT('',(49.457506856272,-11.242772057777,5.));
#2465=CARTESIAN_POINT('',(42.7600401057568,-7.37598782647854,5.));
#2466=CARTESIAN_POINT('Ctrl Pts',(82.4924214834677,62.6740005204343,-17.));
#2467=CARTESIAN_POINT('Ctrl Pts',(87.8797238883112,60.0102676990364,-17.));
#2468=CARTESIAN_POINT('Ctrl Pts',(93.2653731151511,57.3473522857171,-17.));
#2469=CARTESIAN_POINT('Ctrl Pts',(98.6526755213121,54.6836194636678,-17.));
#2470=CARTESIAN_POINT('Ctrl Pts',(82.7034817663298,63.1008622388078,-17.));
#2471=CARTESIAN_POINT('Ctrl Pts',(88.0907841711733,60.4371294174098,-17.));
#2472=CARTESIAN_POINT('Ctrl Pts',(93.4764333980132,57.7742140040905,-17.));
#2473=CARTESIAN_POINT('Ctrl Pts',(98.8637358041741,55.1104811820412,-17.));
#2474=CARTESIAN_POINT('Ctrl Pts',(83.1662855374985,64.0368659736267,-16.8011782328994));
#2475=CARTESIAN_POINT('Ctrl Pts',(88.553587942342,61.3731331522287,-16.8011782328994));
#2476=CARTESIAN_POINT('Ctrl Pts',(93.9392371691819,58.7102177389095,-16.8011782328994));
#2477=CARTESIAN_POINT('Ctrl Pts',(99.3265395753429,56.0464849168601,-16.8011782328994));
#2478=CARTESIAN_POINT('Ctrl Pts',(83.7231108340374,65.1630248117144,-15.8207496037186));
#2479=CARTESIAN_POINT('Ctrl Pts',(89.110413238881,62.4992919903165,-15.8207496037186));
#2480=CARTESIAN_POINT('Ctrl Pts',(94.4960624657208,59.8363765769971,-15.8207496037186));
#2481=CARTESIAN_POINT('Ctrl Pts',(99.8833648718818,57.1726437549478,-15.8207496037186));
#2482=CARTESIAN_POINT('Ctrl Pts',(84.0107253512145,65.744714674755,-14.5830917458629));
#2483=CARTESIAN_POINT('Ctrl Pts',(89.398027756058,63.0809818533571,-14.5830917458629));
#2484=CARTESIAN_POINT('Ctrl Pts',(94.7836769828979,60.4180664400378,-14.5830917458629));
#2485=CARTESIAN_POINT('Ctrl Pts',(100.170979389059,57.7543336179885,-14.5830917458629));
#2486=CARTESIAN_POINT('Ctrl Pts',(84.0594641346021,65.8432870851876,-13.8216089512101));
#2487=CARTESIAN_POINT('Ctrl Pts',(89.4467665394457,63.1795542637897,-13.8216089512101));
#2488=CARTESIAN_POINT('Ctrl Pts',(94.8324157662855,60.5166388504704,-13.8216089512101));
#2489=CARTESIAN_POINT('Ctrl Pts',(100.219718172446,57.852906028421,-13.8216089512101));
#2490=CARTESIAN_POINT('Ctrl Pts',(84.0594641346021,65.8432870851876,-13.4644660940673));
#2491=CARTESIAN_POINT('Ctrl Pts',(89.4467665394456,63.1795542637897,-13.4644660940673));
#2492=CARTESIAN_POINT('Ctrl Pts',(94.8324157662855,60.5166388504704,-13.4644660940673));
#2493=CARTESIAN_POINT('Ctrl Pts',(100.219718172446,57.852906028421,-13.4644660940673));
#2494=CARTESIAN_POINT('',(100.219718172446,57.852906028421,-13.4644660940673));
#2495=CARTESIAN_POINT('Ctrl Pts',(84.0594641346021,65.8432870851876,-13.4644660940673));
#2496=CARTESIAN_POINT('Ctrl Pts',(89.4467665394456,63.1795542637897,-13.4644660940673));
#2497=CARTESIAN_POINT('Ctrl Pts',(94.8324157662855,60.5166388504704,-13.4644660940673));
#2498=CARTESIAN_POINT('Ctrl Pts',(100.219718172446,57.852906028421,-13.4644660940673));
#2499=CARTESIAN_POINT('Ctrl Pts',(100.219718172446,57.852906028421,-13.4644660940673));
#2500=CARTESIAN_POINT('Ctrl Pts',(100.219718172446,57.852906028421,-13.8642523766285));
#2501=CARTESIAN_POINT('Ctrl Pts',(100.149205083058,57.8121952774621,-14.2564192095181));
#2502=CARTESIAN_POINT('Ctrl Pts',(99.8704002367864,57.6512272244307,-15.0268362761419));
#2503=CARTESIAN_POINT('Ctrl Pts',(99.6554477991996,57.5271243765685,-15.3882082866797));
#2504=CARTESIAN_POINT('Ctrl Pts',(99.0860351504242,57.1983738305262,-16.0588278287054));
#2505=CARTESIAN_POINT('Ctrl Pts',(98.7201044322503,56.9871036318382,-16.3458009051121));
#2506=CARTESIAN_POINT('Ctrl Pts',(98.0393799067107,56.594087143774,-16.7081449745931));
#2507=CARTESIAN_POINT('Ctrl Pts',(97.7400550721361,56.4212718699573,-16.820378799174));
#2508=CARTESIAN_POINT('Ctrl Pts',(97.1430937663696,56.0766160993772,-16.9640454571604));
#2509=CARTESIAN_POINT('Ctrl Pts',(96.845745172253,55.9049418085737,-16.9993107403966));
#2510=CARTESIAN_POINT('Ctrl Pts',(96.5456542561465,55.7316842373232,-16.9999966648846));
#2511=CARTESIAN_POINT('Ctrl Pts',(96.5427360336915,55.7299994008056,-17.));
#2512=CARTESIAN_POINT('Ctrl Pts',(96.5398178114763,55.7283145644242,-17.));
#2513=CARTESIAN_POINT('Ctrl Pts',(99.0594641346021,39.8625249716544,-13.4644660940673));
#2514=CARTESIAN_POINT('Ctrl Pts',(99.4462550448866,45.859932124178,-13.4644660940673));
#2515=CARTESIAN_POINT('Ctrl Pts',(99.8329272621158,51.8554988751816,-13.4644660940673));
#2516=CARTESIAN_POINT('Ctrl Pts',(100.219718172446,57.8529060284211,-13.4644660940673));
#2517=CARTESIAN_POINT('Ctrl Pts',(99.0594641346021,39.8625249716544,-13.9406565702577));
#2518=CARTESIAN_POINT('Ctrl Pts',(99.4462550448866,45.859932124178,-13.9406565702577));
#2519=CARTESIAN_POINT('Ctrl Pts',(99.8329272621158,51.8554988751816,-13.9406565702577));
#2520=CARTESIAN_POINT('Ctrl Pts',(100.219718172446,57.8529060284211,-13.9406565702577));
#2521=CARTESIAN_POINT('Ctrl Pts',(98.8610544997897,39.8753210085595,-14.9848264116807));
#2522=CARTESIAN_POINT('Ctrl Pts',(99.2478454100743,45.8727281610831,-14.9848264116807));
#2523=CARTESIAN_POINT('Ctrl Pts',(99.6345176273034,51.8682949120866,-14.9848264116807));
#2524=CARTESIAN_POINT('Ctrl Pts',(100.021308537634,57.8657020653261,-14.9848264116807));
#2525=CARTESIAN_POINT('Ctrl Pts',(97.8826585537065,39.938420719648,-16.2411256970011));
#2526=CARTESIAN_POINT('Ctrl Pts',(98.2694494639911,45.9358278721716,-16.2411256970011));
#2527=CARTESIAN_POINT('Ctrl Pts',(98.6561216812202,51.9313946231751,-16.2411256970011));
#2528=CARTESIAN_POINT('Ctrl Pts',(99.0429125915509,57.9288017764146,-16.2411256970011));
#2529=CARTESIAN_POINT('Ctrl Pts',(96.6475666340288,40.0180755297597,-16.8900364968236));
#2530=CARTESIAN_POINT('Ctrl Pts',(97.0343575443133,46.0154826822833,-16.8900364968236));
#2531=CARTESIAN_POINT('Ctrl Pts',(97.4210297615424,52.0110494332869,-16.8900364968236));
#2532=CARTESIAN_POINT('Ctrl Pts',(97.8078206718731,58.0084565865264,-16.8900364968236));
#2533=CARTESIAN_POINT('Ctrl Pts',(95.88766255717,40.0670840399612,-17.));
#2534=CARTESIAN_POINT('Ctrl Pts',(96.2744534674545,46.0644911924849,-17.));
#2535=CARTESIAN_POINT('Ctrl Pts',(96.6611256846836,52.0600579434884,-17.));
#2536=CARTESIAN_POINT('Ctrl Pts',(97.0479165950143,58.0574650967279,-17.));
#2537=CARTESIAN_POINT('Ctrl Pts',(95.5312601320858,40.0900695093349,-17.));
#2538=CARTESIAN_POINT('Ctrl Pts',(95.9180510423704,46.0874766618585,-17.));
#2539=CARTESIAN_POINT('Ctrl Pts',(96.3047232595995,52.0830434128621,-17.));
#2540=CARTESIAN_POINT('Ctrl Pts',(96.6915141699302,58.0804505661016,-17.));
#2541=CARTESIAN_POINT('',(99.0594641346021,39.8625249716544,-13.4644660940673));
#2542=CARTESIAN_POINT('Ctrl Pts',(100.219718172446,57.8529060284211,-13.4644660940673));
#2543=CARTESIAN_POINT('Ctrl Pts',(99.8329272621158,51.8554988751816,-13.4644660940673));
#2544=CARTESIAN_POINT('Ctrl Pts',(99.4462550448866,45.859932124178,-13.4644660940673));
#2545=CARTESIAN_POINT('Ctrl Pts',(99.0594641346021,39.8625249716544,-13.4644660940673));
#2546=CARTESIAN_POINT('Ctrl Pts',(99.0594641346021,39.8625249716544,-13.4644660940673));
#2547=CARTESIAN_POINT('Ctrl Pts',(99.0594641346021,39.8625249716544,-13.8847607034431));
#2548=CARTESIAN_POINT('Ctrl Pts',(98.9873093024216,39.9073414166477,-14.2980987042645));
#2549=CARTESIAN_POINT('Ctrl Pts',(98.7029793420019,40.0839430047994,-15.0995250155944));
#2550=CARTESIAN_POINT('Ctrl Pts',(98.4863786725718,40.2184769178287,-15.4722506606035));
#2551=CARTESIAN_POINT('Ctrl Pts',(97.9244136953856,40.567521764548,-16.1397117967144));
#2552=CARTESIAN_POINT('Ctrl Pts',(97.5742050507063,40.785041587941,-16.4176246166442));
#2553=CARTESIAN_POINT('Ctrl Pts',(96.9460748660372,41.175182633925,-16.7479420181378));
#2554=CARTESIAN_POINT('Ctrl Pts',(96.6874021607296,41.3358481174177,-16.8448440122708));
#2555=CARTESIAN_POINT('Ctrl Pts',(96.1723087457877,41.6557803362312,-16.9688547195267));
#2556=CARTESIAN_POINT('Ctrl Pts',(95.9168039784452,41.8144781660539,-16.9993584951993));
#2557=CARTESIAN_POINT('Ctrl Pts',(95.6584428049447,41.9749501525378,-16.9999966626282));
#2558=CARTESIAN_POINT('Ctrl Pts',(95.6557405390146,41.9766285702944,-17.));
#2559=CARTESIAN_POINT('Ctrl Pts',(95.6530382729852,41.9783069881144,-17.));
#2560=CARTESIAN_POINT('Ctrl Pts',(49.4611116102103,11.2269027903349,-13.4644660940673));
#2561=CARTESIAN_POINT('Ctrl Pts',(65.9982242291488,20.7746092124982,-13.4644660940673));
#2562=CARTESIAN_POINT('Ctrl Pts',(82.5223515151444,30.3148185491913,-13.4644660940673));
#2563=CARTESIAN_POINT('Ctrl Pts',(99.0594641346022,39.8625249716545,-13.4644660940673));
#2564=CARTESIAN_POINT('Ctrl Pts',(49.4611116102103,11.2269027903349,-13.9406565702577));
#2565=CARTESIAN_POINT('Ctrl Pts',(65.9982242291488,20.7746092124982,-13.9406565702577));
#2566=CARTESIAN_POINT('Ctrl Pts',(82.5223515151444,30.3148185491914,-13.9406565702577));
#2567=CARTESIAN_POINT('Ctrl Pts',(99.0594641346022,39.8625249716545,-13.9406565702577));
#2568=CARTESIAN_POINT('Ctrl Pts',(49.3617023015304,11.3990847637138,-14.9848187171084));
#2569=CARTESIAN_POINT('Ctrl Pts',(65.898814920469,20.9467911858771,-14.9848187171084));
#2570=CARTESIAN_POINT('Ctrl Pts',(82.4229422064644,30.4870005225702,-14.9848187171084));
#2571=CARTESIAN_POINT('Ctrl Pts',(98.9600548259222,40.0347069450334,-14.9848187171084));
#2572=CARTESIAN_POINT('Ctrl Pts',(48.8714868346539,12.2481628590001,-16.2411226893382));
#2573=CARTESIAN_POINT('Ctrl Pts',(65.4085994535923,21.7958692811634,-16.2411226893382));
#2574=CARTESIAN_POINT('Ctrl Pts',(81.9327267395879,31.3360786178566,-16.2411226893382));
#2575=CARTESIAN_POINT('Ctrl Pts',(98.4698393590457,40.8837850403197,-16.2411226893382));
#2576=CARTESIAN_POINT('Ctrl Pts',(48.2526575791936,13.3200065706672,-16.8900327886754));
#2577=CARTESIAN_POINT('Ctrl Pts',(64.7897701981322,22.8677129928306,-16.8900327886754));
#2578=CARTESIAN_POINT('Ctrl Pts',(81.3138974841277,32.4079223295237,-16.8900327886754));
#2579=CARTESIAN_POINT('Ctrl Pts',(97.8510101035855,41.9556287519868,-16.8900327886754));
#2580=CARTESIAN_POINT('Ctrl Pts',(47.8719160858154,13.979470181748,-17.));
#2581=CARTESIAN_POINT('Ctrl Pts',(64.4090287047539,23.5271766039113,-17.));
#2582=CARTESIAN_POINT('Ctrl Pts',(80.9331559907494,33.0673859406044,-17.));
#2583=CARTESIAN_POINT('Ctrl Pts',(97.4702686102072,42.6150923630675,-17.));
#2584=CARTESIAN_POINT('Ctrl Pts',(47.693344657244,14.2887649688138,-17.));
#2585=CARTESIAN_POINT('Ctrl Pts',(64.2304572761825,23.8364713909772,-17.));
#2586=CARTESIAN_POINT('Ctrl Pts',(80.754584562178,33.3766807276703,-17.));
#2587=CARTESIAN_POINT('Ctrl Pts',(97.2916971816358,42.9243871501334,-17.));
#2588=CARTESIAN_POINT('',(49.4611116102104,11.2269027903349,-13.4644660940673));
#2589=CARTESIAN_POINT('Ctrl Pts',(99.0594641346022,39.8625249716545,-13.4644660940673));
#2590=CARTESIAN_POINT('Ctrl Pts',(82.5223515151444,30.3148185491913,-13.4644660940673));
#2591=CARTESIAN_POINT('Ctrl Pts',(65.9982242291488,20.7746092124982,-13.4644660940673));
#2592=CARTESIAN_POINT('Ctrl Pts',(49.4611116102103,11.2269027903349,-13.4644660940673));
#2593=CARTESIAN_POINT('Ctrl Pts',(48.5219171095244,14.767141497181,-17.));
#2594=CARTESIAN_POINT('Ctrl Pts',(48.6655174808909,14.2952989731777,-17.));
#2595=CARTESIAN_POINT('Ctrl Pts',(48.8008244870739,13.8250425565199,-16.9020778044064));
#2596=CARTESIAN_POINT('Ctrl Pts',(49.0400683953015,12.9506802144131,-16.5252998642333));
#2597=CARTESIAN_POINT('Ctrl Pts',(49.1426015846006,12.5526058237668,-16.2509638054321));
#2598=CARTESIAN_POINT('Ctrl Pts',(49.3038699779639,11.9029090947651,-15.5763477808556));
#2599=CARTESIAN_POINT('Ctrl Pts',(49.3634760410618,11.6500281063019,-15.1891589155266));
#2600=CARTESIAN_POINT('Ctrl Pts',(49.4417926312306,11.3129541141479,-14.3501235918743));
#2601=CARTESIAN_POINT('Ctrl Pts',(49.4611116102104,11.2269027903349,-13.9101157570357));
#2602=CARTESIAN_POINT('Ctrl Pts',(49.4611116102104,11.2269027903349,-13.4644660940673));
#2603=CARTESIAN_POINT('Ctrl Pts',(-11.4566933112105,48.4528433742631,-17.));
#2604=CARTESIAN_POINT('Ctrl Pts',(-11.4566933112105,67.5466513803744,-17.));
#2605=CARTESIAN_POINT('Ctrl Pts',(-11.4566933112105,86.6254669094195,-17.));
#2606=CARTESIAN_POINT('Ctrl Pts',(-11.4566933112105,105.719274911666,-17.));
#2607=CARTESIAN_POINT('Ctrl Pts',(-11.932883787401,48.4528433742631,-17.));
#2608=CARTESIAN_POINT('Ctrl Pts',(-11.932883787401,67.5466513803744,-17.));
#2609=CARTESIAN_POINT('Ctrl Pts',(-11.932883787401,86.6254669094195,-17.));
#2610=CARTESIAN_POINT('Ctrl Pts',(-11.932883787401,105.719274911666,-17.));
#2611=CARTESIAN_POINT('Ctrl Pts',(-12.9770328256517,48.4528433742631,-16.8011868833368));
#2612=CARTESIAN_POINT('Ctrl Pts',(-12.9770328256517,67.5466513803745,-16.8011868833368));
#2613=CARTESIAN_POINT('Ctrl Pts',(-12.9770328256517,86.6254669094195,-16.8011868833368));
#2614=CARTESIAN_POINT('Ctrl Pts',(-12.9770328256517,105.719274911666,-16.8011868833368));
#2615=CARTESIAN_POINT('Ctrl Pts',(-14.2333448484758,48.4528433742631,-15.8207519054397));
#2616=CARTESIAN_POINT('Ctrl Pts',(-14.2333448484758,67.5466513803744,-15.8207519054397));
#2617=CARTESIAN_POINT('Ctrl Pts',(-14.2333448484758,86.6254669094195,-15.8207519054397));
#2618=CARTESIAN_POINT('Ctrl Pts',(-14.2333448484759,105.719274911666,-15.8207519054397));
#2619=CARTESIAN_POINT('Ctrl Pts',(-14.8822537347291,48.4528433742631,-14.5830922412494));
#2620=CARTESIAN_POINT('Ctrl Pts',(-14.8822537347291,67.5466513803745,-14.5830922412494));
#2621=CARTESIAN_POINT('Ctrl Pts',(-14.8822537347291,86.6254669094195,-14.5830922412494));
#2622=CARTESIAN_POINT('Ctrl Pts',(-14.8822537347291,105.719274911666,-14.5830922412494));
#2623=CARTESIAN_POINT('Ctrl Pts',(-14.9922272171432,48.4528433742631,-13.8216089512101));
#2624=CARTESIAN_POINT('Ctrl Pts',(-14.9922272171432,67.5466513803744,-13.8216089512101));
#2625=CARTESIAN_POINT('Ctrl Pts',(-14.9922272171432,86.6254669094195,-13.8216089512101));
#2626=CARTESIAN_POINT('Ctrl Pts',(-14.9922272171432,105.719274911666,-13.8216089512101));
#2627=CARTESIAN_POINT('Ctrl Pts',(-14.9922272171432,48.4528433742631,-13.4644660940673));
#2628=CARTESIAN_POINT('Ctrl Pts',(-14.9922272171432,67.5466513803744,-13.4644660940673));
#2629=CARTESIAN_POINT('Ctrl Pts',(-14.9922272171432,86.6254669094195,-13.4644660940673));
#2630=CARTESIAN_POINT('Ctrl Pts',(-14.9922272171432,105.719274911666,-13.4644660940673));
#2631=CARTESIAN_POINT('',(-14.9922272171432,105.719274911666,-13.4644660940673));
#2632=CARTESIAN_POINT('Ctrl Pts',(-14.9922272171432,48.4528433742631,-13.4644660940673));
#2633=CARTESIAN_POINT('Ctrl Pts',(-14.9922272171432,67.5466513803744,-13.4644660940673));
#2634=CARTESIAN_POINT('Ctrl Pts',(-14.9922272171432,86.6254669094195,-13.4644660940673));
#2635=CARTESIAN_POINT('Ctrl Pts',(-14.9922272171432,105.719274911666,-13.4644660940673));
#2636=CARTESIAN_POINT('Ctrl Pts',(-14.9922272171432,105.719274911666,-13.4644660940673));
#2637=CARTESIAN_POINT('Ctrl Pts',(-14.9922272171432,105.719274911666,-13.8847604357656));
#2638=CARTESIAN_POINT('Ctrl Pts',(-14.9173377166607,105.679195267071,-14.2980981819456));
#2639=CARTESIAN_POINT('Ctrl Pts',(-14.6222288256522,105.521257781594,-15.0995316888617));
#2640=CARTESIAN_POINT('Ctrl Pts',(-14.3974135210634,105.400940282061,-15.4722632267326));
#2641=CARTESIAN_POINT('Ctrl Pts',(-13.8141337906312,105.088778443645,-16.1397338885149));
#2642=CARTESIAN_POINT('Ctrl Pts',(-13.4506408402353,104.894242920439,-16.4176490107055));
#2643=CARTESIAN_POINT('Ctrl Pts',(-12.7986983105969,104.545333867108,-16.7479573476091));
#2644=CARTESIAN_POINT('Ctrl Pts',(-12.5302287194597,104.401653302284,-16.8448535508034));
#2645=CARTESIAN_POINT('Ctrl Pts',(-11.9956280057599,104.115543683036,-16.9688566699965));
#2646=CARTESIAN_POINT('Ctrl Pts',(-11.7304474629771,103.973623363502,-16.9993585467148));
#2647=CARTESIAN_POINT('Ctrl Pts',(-11.4623024067517,103.830116484459,-16.9999966629558));
#2648=CARTESIAN_POINT('Ctrl Pts',(-11.4594978590349,103.828615536073,-17.));
#2649=CARTESIAN_POINT('Ctrl Pts',(-11.4566933112105,103.827114587628,-17.));
#2650=CARTESIAN_POINT('Ctrl Pts',(-13.0310658657614,102.777532884593,-17.));
#2651=CARTESIAN_POINT('Ctrl Pts',(-8.03055436981587,106.111207215224,-17.));
#2652=CARTESIAN_POINT('Ctrl Pts',(-3.03157736190929,109.443858553828,-17.));
#2653=CARTESIAN_POINT('Ctrl Pts',(1.96893413423864,112.777532884593,-17.));
#2654=CARTESIAN_POINT('Ctrl Pts',(-13.2952088163449,103.173747310469,-17.));
#2655=CARTESIAN_POINT('Ctrl Pts',(-8.29469732039932,106.507421641099,-17.));
#2656=CARTESIAN_POINT('Ctrl Pts',(-3.29572031249272,109.840072979703,-17.));
#2657=CARTESIAN_POINT('Ctrl Pts',(1.7047911836552,113.173747310469,-17.));
#2658=CARTESIAN_POINT('Ctrl Pts',(-13.8743983676282,104.042531637394,-16.8011869782173));
#2659=CARTESIAN_POINT('Ctrl Pts',(-8.87388687168262,107.376205968024,-16.8011869782173));
#2660=CARTESIAN_POINT('Ctrl Pts',(-3.87490986377608,110.708857306628,-16.8011869782173));
#2661=CARTESIAN_POINT('Ctrl Pts',(1.12560163237187,114.042531637394,-16.8011869782173));
#2662=CARTESIAN_POINT('Ctrl Pts',(-14.5712749704588,105.087846541639,-15.8207519303474));
#2663=CARTESIAN_POINT('Ctrl Pts',(-9.57076347451323,108.42152087227,-15.8207519303474));
#2664=CARTESIAN_POINT('Ctrl Pts',(-4.57178646660662,111.754172210874,-15.8207519303474));
#2665=CARTESIAN_POINT('Ctrl Pts',(0.4287250295413,115.087846541639,-15.8207519303474));
#2666=CARTESIAN_POINT('Ctrl Pts',(-14.9312248452942,105.627771353893,-14.5830922461217));
#2667=CARTESIAN_POINT('Ctrl Pts',(-9.93071334934868,108.961445684523,-14.5830922461217));
#2668=CARTESIAN_POINT('Ctrl Pts',(-4.93173634144213,112.294097023127,-14.5830922461217));
#2669=CARTESIAN_POINT('Ctrl Pts',(0.0687751547058081,115.627771353893,-14.5830922461217));
#2670=CARTESIAN_POINT('Ctrl Pts',(-14.9922272171432,105.719274911666,-13.8216089512101));
#2671=CARTESIAN_POINT('Ctrl Pts',(-9.99171572119771,109.052949242297,-13.8216089512101));
#2672=CARTESIAN_POINT('Ctrl Pts',(-4.99273871329112,112.385600580901,-13.8216089512101));
#2673=CARTESIAN_POINT('Ctrl Pts',(0.00777278285680762,115.719274911666,
-13.8216089512101));
#2674=CARTESIAN_POINT('Ctrl Pts',(-14.9922272171432,105.719274911666,-13.4644660940673));
#2675=CARTESIAN_POINT('Ctrl Pts',(-9.9917157211977,109.052949242297,-13.4644660940673));
#2676=CARTESIAN_POINT('Ctrl Pts',(-4.99273871329113,112.385600580901,-13.4644660940673));
#2677=CARTESIAN_POINT('Ctrl Pts',(0.00777278285680764,115.719274911666,
-13.4644660940673));
#2678=CARTESIAN_POINT('',(0.00777278285677726,115.719274911666,-13.4644660940673));
#2679=CARTESIAN_POINT('Ctrl Pts',(-14.9922272171432,105.719274911666,-13.4644660940673));
#2680=CARTESIAN_POINT('Ctrl Pts',(-9.9917157211977,109.052949242297,-13.4644660940673));
#2681=CARTESIAN_POINT('Ctrl Pts',(-4.99273871329113,112.385600580901,-13.4644660940673));
#2682=CARTESIAN_POINT('Ctrl Pts',(0.00777278285680764,115.719274911666,
-13.4644660940673));
#2683=CARTESIAN_POINT('Ctrl Pts',(0.00777278285678056,115.719274911666,
-13.4644660940673));
#2684=CARTESIAN_POINT('Ctrl Pts',(0.00777278285677723,115.719274911666,
-13.8642521778615));
#2685=CARTESIAN_POINT('Ctrl Pts',(0.00777278270005131,115.637853490301,
-14.2564188230173));
#2686=CARTESIAN_POINT('Ctrl Pts',(0.0077727826869753,115.31591433951,-15.0268435788257));
#2687=CARTESIAN_POINT('Ctrl Pts',(0.00777278282475586,115.067702352884,
-15.3882218104944));
#2688=CARTESIAN_POINT('Ctrl Pts',(0.00777278281770444,114.410180898299,
-16.0588533181298));
#2689=CARTESIAN_POINT('Ctrl Pts',(0.00777278285677417,113.987624923909,
-16.3458299710171));
#2690=CARTESIAN_POINT('Ctrl Pts',(0.00777278285677482,113.201583975184,
-16.7081635971388));
#2691=CARTESIAN_POINT('Ctrl Pts',(0.00777278285678245,112.855963476044,
-16.8203902347634));
#2692=CARTESIAN_POINT('Ctrl Pts',(0.00777278285680297,112.166673258185,
-16.9640476724283));
#2693=CARTESIAN_POINT('Ctrl Pts',(0.00777278285089494,111.82333591403,-16.9993107173285));
#2694=CARTESIAN_POINT('Ctrl Pts',(0.00777278285700626,111.476831765713,
-16.9999966644528));
#2695=CARTESIAN_POINT('Ctrl Pts',(0.00777278285661607,111.473461874559,
-17.));
#2696=CARTESIAN_POINT('Ctrl Pts',(0.00777278285661609,111.470091983672,
-17.));
#2697=CARTESIAN_POINT('Ctrl Pts',(15.0077727828568,105.719274911666,-13.4644660940673));
#2698=CARTESIAN_POINT('Ctrl Pts',(10.0072612873593,109.052949241998,-13.4644660940673));
#2699=CARTESIAN_POINT('Ctrl Pts',(5.0082842787436,112.385600581075,-13.4644660940673));
#2700=CARTESIAN_POINT('Ctrl Pts',(0.00777278285677196,115.719274911666,
-13.4644660940673));
#2701=CARTESIAN_POINT('Ctrl Pts',(15.0077727828568,105.719274911666,-13.9406565702577));
#2702=CARTESIAN_POINT('Ctrl Pts',(10.0072612873593,109.052949241998,-13.9406565702577));
#2703=CARTESIAN_POINT('Ctrl Pts',(5.0082842787436,112.385600581075,-13.9406565702577));
#2704=CARTESIAN_POINT('Ctrl Pts',(0.007772782856772,115.719274911666,-13.9406565702577));
#2705=CARTESIAN_POINT('Ctrl Pts',(14.8974911588817,105.553852475703,-14.9848053905696));
#2706=CARTESIAN_POINT('Ctrl Pts',(9.89697966338413,108.887526806035,-14.9848053905696));
#2707=CARTESIAN_POINT('Ctrl Pts',(4.89800265476842,112.220178145112,-14.9848053905696));
#2708=CARTESIAN_POINT('Ctrl Pts',(-0.102508841118409,115.553852475703,-14.9848053905696));
#2709=CARTESIAN_POINT('Ctrl Pts',(14.353643646755,104.738081207513,-16.2411175479473));
#2710=CARTESIAN_POINT('Ctrl Pts',(9.35313215125755,108.071755537845,-16.2411175479473));
#2711=CARTESIAN_POINT('Ctrl Pts',(4.3541551426418,111.404406876922,-16.2411175479473));
#2712=CARTESIAN_POINT('Ctrl Pts',(-0.646356353245018,114.738081207513,-16.2411175479473));
#2713=CARTESIAN_POINT('Ctrl Pts',(13.667113577431,103.708286103527,-16.890026413819));
#2714=CARTESIAN_POINT('Ctrl Pts',(8.66660208193346,107.041960433859,-16.890026413819));
#2715=CARTESIAN_POINT('Ctrl Pts',(3.66762507331773,110.374611772936,-16.890026413819));
#2716=CARTESIAN_POINT('Ctrl Pts',(-1.33288642256909,113.708286103527,-16.890026413819));
#2717=CARTESIAN_POINT('Ctrl Pts',(13.2447186444126,103.074693704,-17.));
#2718=CARTESIAN_POINT('Ctrl Pts',(8.24420714891509,106.408368034331,-17.));
#2719=CARTESIAN_POINT('Ctrl Pts',(3.24523014029934,109.741019373409,-17.));
#2720=CARTESIAN_POINT('Ctrl Pts',(-1.75528135558748,113.074693704,-17.));
#2721=CARTESIAN_POINT('Ctrl Pts',(13.046611431475,102.777532884593,-17.));
#2722=CARTESIAN_POINT('Ctrl Pts',(8.0460999359775,106.111207214925,-17.));
#2723=CARTESIAN_POINT('Ctrl Pts',(3.04712292736176,109.443858554002,-17.));
#2724=CARTESIAN_POINT('Ctrl Pts',(-1.95338856852507,112.777532884593,-17.));
#2725=CARTESIAN_POINT('Ctrl Pts',(0.00777278285677196,115.719274911666,
-13.4644660940673));
#2726=CARTESIAN_POINT('Ctrl Pts',(5.0082842787436,112.385600581075,-13.4644660940673));
#2727=CARTESIAN_POINT('Ctrl Pts',(10.0072612873593,109.052949241998,-13.4644660940673));
#2728=CARTESIAN_POINT('Ctrl Pts',(15.0077727828568,105.719274911666,-13.4644660940673));
#2729=CARTESIAN_POINT('Ctrl Pts',(-47.6897399033056,14.304634236256,-17.));
#2730=CARTESIAN_POINT('Ctrl Pts',(-64.2254626904628,23.8515382386662,-17.));
#2731=CARTESIAN_POINT('Ctrl Pts',(-80.74820160951,33.390946001328,-17.));
#2732=CARTESIAN_POINT('Ctrl Pts',(-97.283924398779,42.9378500049575,-17.));
#2733=CARTESIAN_POINT('Ctrl Pts',(-47.9278351414008,13.8922411868348,-17.));
#2734=CARTESIAN_POINT('Ctrl Pts',(-64.463557928558,23.4391451892451,-17.));
#2735=CARTESIAN_POINT('Ctrl Pts',(-80.9862968476052,32.9785529519069,-17.));
#2736=CARTESIAN_POINT('Ctrl Pts',(-97.5220196368742,42.5254569555363,-17.));
#2737=CARTESIAN_POINT('Ctrl Pts',(-48.4499162163355,12.9879702393778,-16.8011813813764));
#2738=CARTESIAN_POINT('Ctrl Pts',(-64.9856390034928,22.534874241788,-16.8011813813764));
#2739=CARTESIAN_POINT('Ctrl Pts',(-81.5083779225399,32.0742820044499,-16.8011813813764));
#2740=CARTESIAN_POINT('Ctrl Pts',(-98.0441007118089,41.6211860080793,-16.8011813813764));
#2741=CARTESIAN_POINT('Ctrl Pts',(-49.0780682015282,11.8999790861488,-15.8207504485496));
#2742=CARTESIAN_POINT('Ctrl Pts',(-65.6137909886854,21.446883088559,-15.8207504485496));
#2743=CARTESIAN_POINT('Ctrl Pts',(-82.1365299077326,30.9862908512208,-15.8207504485496));
#2744=CARTESIAN_POINT('Ctrl Pts',(-98.6722526970016,40.5331948548503,-15.8207504485496));
#2745=CARTESIAN_POINT('Ctrl Pts',(-49.4025232513351,11.338006455111,-14.5830919378922));
#2746=CARTESIAN_POINT('Ctrl Pts',(-65.9382460384923,20.8849104575212,-14.5830919378922));
#2747=CARTESIAN_POINT('Ctrl Pts',(-82.4609849575396,30.424318220183,-14.5830919378922));
#2748=CARTESIAN_POINT('Ctrl Pts',(-98.9967077468085,39.9712222238125,-14.5830919378922));
#2749=CARTESIAN_POINT('Ctrl Pts',(-49.4575068562719,11.242772057777,-13.8216089512101));
#2750=CARTESIAN_POINT('Ctrl Pts',(-65.9932296434291,20.7896760601873,-13.8216089512101));
#2751=CARTESIAN_POINT('Ctrl Pts',(-82.5159685624763,30.329083822849,-13.8216089512101));
#2752=CARTESIAN_POINT('Ctrl Pts',(-99.0516913517453,39.8759878264785,-13.8216089512101));
#2753=CARTESIAN_POINT('Ctrl Pts',(-49.4575068562719,11.242772057777,-13.4644660940673));
#2754=CARTESIAN_POINT('Ctrl Pts',(-65.9932296434292,20.7896760601873,-13.4644660940673));
#2755=CARTESIAN_POINT('Ctrl Pts',(-82.5159685624764,30.3290838228491,-13.4644660940673));
#2756=CARTESIAN_POINT('Ctrl Pts',(-99.0516913517453,39.8759878264785,-13.4644660940673));
#2757=CARTESIAN_POINT('',(-99.0516913517454,39.8759878264785,-13.4644660940673));
#2758=CARTESIAN_POINT('Ctrl Pts',(-49.4575068562719,11.242772057777,-13.4644660940673));
#2759=CARTESIAN_POINT('Ctrl Pts',(-65.9932296434292,20.7896760601873,-13.4644660940673));
#2760=CARTESIAN_POINT('Ctrl Pts',(-82.5159685624764,30.3290838228491,-13.4644660940673));
#2761=CARTESIAN_POINT('Ctrl Pts',(-99.0516913517453,39.8759878264785,-13.4644660940673));
#2762=CARTESIAN_POINT('Ctrl Pts',(-99.0516913517454,39.8759878264785,-13.4644660940673));
#2763=CARTESIAN_POINT('Ctrl Pts',(-99.0516913517454,39.8759878264785,-13.8847603649147));
#2764=CARTESIAN_POINT('Ctrl Pts',(-98.9795366354032,39.9208041989863,-14.298098043694));
#2765=CARTESIAN_POINT('Ctrl Pts',(-98.6952036908271,40.0974076405923,-15.099533454794));
#2766=CARTESIAN_POINT('Ctrl Pts',(-98.478596705804,40.2319454766334,-15.4722665521153));
#2767=CARTESIAN_POINT('Ctrl Pts',(-97.9166127972321,40.5810020818499,-16.1397397341806));
#2768=CARTESIAN_POINT('Ctrl Pts',(-97.5663908294773,40.7985301807574,-16.4176554652966));
#2769=CARTESIAN_POINT('Ctrl Pts',(-96.9382540906126,41.1886752976503,-16.7479614030237));
#2770=CARTESIAN_POINT('Ctrl Pts',(-96.6795901003577,41.3493353680935,-16.844856073696));
#2771=CARTESIAN_POINT('Ctrl Pts',(-96.1645154767033,41.6692559153575,-16.9688571858045));
#2772=CARTESIAN_POINT('Ctrl Pts',(-95.9090206905319,41.8279475457673,-16.9993585603772));
#2773=CARTESIAN_POINT('Ctrl Pts',(-95.6506696863337,41.9884132159021,-16.9999966630429));
#2774=CARTESIAN_POINT('Ctrl Pts',(-95.6479675882816,41.9900915293887,-17.));
#2775=CARTESIAN_POINT('Ctrl Pts',(-95.6452654901286,41.9917698429382,-17.));
#2776=CARTESIAN_POINT('Ctrl Pts',(-95.5234873492291,40.103532364159,-17.));
#2777=CARTESIAN_POINT('Ctrl Pts',(-95.9102782595122,46.1009395166606,-17.));
#2778=CARTESIAN_POINT('Ctrl Pts',(-96.2969504766823,52.0965062667483,-17.));
#2779=CARTESIAN_POINT('Ctrl Pts',(-96.6837413870735,58.0939134209256,-17.));
#2780=CARTESIAN_POINT('Ctrl Pts',(-95.9986905826746,40.0728850716607,-17.));
#2781=CARTESIAN_POINT('Ctrl Pts',(-96.3854814929577,46.0702922241624,-17.));
#2782=CARTESIAN_POINT('Ctrl Pts',(-96.7721537101278,52.0658589742501,-17.));
#2783=CARTESIAN_POINT('Ctrl Pts',(-97.1589446205189,58.0632661284274,-17.));
#2784=CARTESIAN_POINT('Ctrl Pts',(-97.0406956435075,40.0056830165475,-16.8011781647649));
#2785=CARTESIAN_POINT('Ctrl Pts',(-97.4274865537906,46.0030901690491,-16.8011781647649));
#2786=CARTESIAN_POINT('Ctrl Pts',(-97.8141587709607,51.9986569191367,-16.8011781647649));
#2787=CARTESIAN_POINT('Ctrl Pts',(-98.2009496813519,57.9960640733141,-16.8011781647649));
#2788=CARTESIAN_POINT('Ctrl Pts',(-98.2943903553515,39.9248284561548,-15.8207495853462));
#2789=CARTESIAN_POINT('Ctrl Pts',(-98.6811812656346,45.9222356086565,-15.8207495853462));
#2790=CARTESIAN_POINT('Ctrl Pts',(-99.0678534828047,51.9178023587441,-15.8207495853462));
#2791=CARTESIAN_POINT('Ctrl Pts',(-99.4546443931959,57.9152095129214,-15.8207495853462));
#2792=CARTESIAN_POINT('Ctrl Pts',(-98.9419558271957,39.8830650020565,-14.5830917415588));
#2793=CARTESIAN_POINT('Ctrl Pts',(-99.3287467374788,45.8804721545581,-14.5830917415588));
#2794=CARTESIAN_POINT('Ctrl Pts',(-99.7154189546489,51.8760389046458,-14.5830917415588));
#2795=CARTESIAN_POINT('Ctrl Pts',(-100.10220986504,57.8734460588231,-14.5830917415588));
#2796=CARTESIAN_POINT('Ctrl Pts',(-99.0516913517454,39.8759878264785,-13.8216089512101));
#2797=CARTESIAN_POINT('Ctrl Pts',(-99.4384822620285,45.8733949789802,-13.8216089512101));
#2798=CARTESIAN_POINT('Ctrl Pts',(-99.8251544791985,51.8689617290678,-13.8216089512101));
#2799=CARTESIAN_POINT('Ctrl Pts',(-100.21194538959,57.8663688832451,-13.8216089512101));
#2800=CARTESIAN_POINT('Ctrl Pts',(-99.0516913517454,39.8759878264785,-13.4644660940673));
#2801=CARTESIAN_POINT('Ctrl Pts',(-99.4384822620285,45.8733949789801,-13.4644660940673));
#2802=CARTESIAN_POINT('Ctrl Pts',(-99.8251544791985,51.8689617290678,-13.4644660940673));
#2803=CARTESIAN_POINT('Ctrl Pts',(-100.21194538959,57.8663688832451,-13.4644660940673));
#2804=CARTESIAN_POINT('',(-100.21194538959,57.8663688832451,-13.4644660940673));
#2805=CARTESIAN_POINT('Ctrl Pts',(-99.0516913517454,39.8759878264785,-13.4644660940673));
#2806=CARTESIAN_POINT('Ctrl Pts',(-99.4384822620285,45.8733949789801,-13.4644660940673));
#2807=CARTESIAN_POINT('Ctrl Pts',(-99.8251544791985,51.8689617290678,-13.4644660940673));
#2808=CARTESIAN_POINT('Ctrl Pts',(-100.21194538959,57.8663688832451,-13.4644660940673));
#2809=CARTESIAN_POINT('Ctrl Pts',(-100.21194538959,57.8663688832451,-13.4644660940673));
#2810=CARTESIAN_POINT('Ctrl Pts',(-100.21194538959,57.8663688832451,-13.8642522895283));
#2811=CARTESIAN_POINT('Ctrl Pts',(-100.141432331031,57.8256581497238,-14.2564190401525));
#2812=CARTESIAN_POINT('Ctrl Pts',(-99.8626263292682,57.6646894295395,-15.0268394763457));
#2813=CARTESIAN_POINT('Ctrl Pts',(-99.6476715039917,57.5405852034613,-15.388214213121));
#2814=CARTESIAN_POINT('Ctrl Pts',(-99.0782511276144,57.2118301958696,-16.0588389985676));
#2815=CARTESIAN_POINT('Ctrl Pts',(-98.7123144979684,57.0005565842825,-16.3458136421827));
#2816=CARTESIAN_POINT('Ctrl Pts',(-98.0315869469165,56.6075383494378,-16.7081531352311));
#2817=CARTESIAN_POINT('Ctrl Pts',(-97.7322659257777,56.4347252773093,-16.8203838103808));
#2818=CARTESIAN_POINT('Ctrl Pts',(-97.1353127122278,56.0900741787726,-16.9640464279092));
#2819=CARTESIAN_POINT('Ctrl Pts',(-96.837968382784,55.9184023500822,-16.9993107302841));
#2820=CARTESIAN_POINT('Ctrl Pts',(-96.5378816388699,55.745147187749,-16.9999966646954));
#2821=CARTESIAN_POINT('Ctrl Pts',(-96.5349633336275,55.7434623034297,-17.));
#2822=CARTESIAN_POINT('Ctrl Pts',(-96.5320450286198,55.7417774192479,-17.));
#2823=CARTESIAN_POINT('Ctrl Pts',(-84.0516913517453,65.8567499400117,-13.4644660940673));
#2824=CARTESIAN_POINT('Ctrl Pts',(-89.4389937579163,63.1930171179574,-13.4644660940673));
#2825=CARTESIAN_POINT('Ctrl Pts',(-94.8246429829528,60.5301017055298,-13.4644660940673));
#2826=CARTESIAN_POINT('Ctrl Pts',(-100.21194538959,57.8663688832451,-13.4644660940673));
#2827=CARTESIAN_POINT('Ctrl Pts',(-84.0516913517453,65.8567499400117,-13.9406565702577));
#2828=CARTESIAN_POINT('Ctrl Pts',(-89.4389937579163,63.1930171179574,-13.9406565702577));
#2829=CARTESIAN_POINT('Ctrl Pts',(-94.8246429829528,60.5301017055298,-13.9406565702577));
#2830=CARTESIAN_POINT('Ctrl Pts',(-100.21194538959,57.8663688832451,-13.9406565702577));
#2831=CARTESIAN_POINT('Ctrl Pts',(-83.963568256629,65.6785241966379,-14.9848262535464));
#2832=CARTESIAN_POINT('Ctrl Pts',(-89.3508706628,63.0147913745836,-14.9848262535464));
#2833=CARTESIAN_POINT('Ctrl Pts',(-94.7365198878365,60.351875962156,-14.9848262535464));
#2834=CARTESIAN_POINT('Ctrl Pts',(-100.123822294473,57.6881431398713,-14.9848262535464));
#2835=CARTESIAN_POINT('Ctrl Pts',(-83.5290162149898,64.7996585536025,-16.2411256349036));
#2836=CARTESIAN_POINT('Ctrl Pts',(-88.9163186211607,62.1359257315482,-16.2411256349036));
#2837=CARTESIAN_POINT('Ctrl Pts',(-94.3019678461972,59.4730103191206,-16.2411256349036));
#2838=CARTESIAN_POINT('Ctrl Pts',(-99.6892702528342,56.8092774968358,-16.2411256349036));
#2839=CARTESIAN_POINT('Ctrl Pts',(-82.9804533381992,63.6902101578769,-16.8900364204151));
#2840=CARTESIAN_POINT('Ctrl Pts',(-88.3677557443702,61.0264773358226,-16.8900364204151));
#2841=CARTESIAN_POINT('Ctrl Pts',(-93.7534049694067,58.363561923395,-16.8900364204151));
#2842=CARTESIAN_POINT('Ctrl Pts',(-99.1407073760437,55.6998291011103,-16.8900364204151));
#2843=CARTESIAN_POINT('Ctrl Pts',(-82.6429439127575,63.0076096640385,-17.));
#2844=CARTESIAN_POINT('Ctrl Pts',(-88.0302463189284,60.3438768419842,-17.));
#2845=CARTESIAN_POINT('Ctrl Pts',(-93.4158955439649,57.6809614295566,-17.));
#2846=CARTESIAN_POINT('Ctrl Pts',(-98.8031979506019,55.0172286072719,-17.));
#2847=CARTESIAN_POINT('Ctrl Pts',(-82.4846487006109,62.6874633752584,-17.));
#2848=CARTESIAN_POINT('Ctrl Pts',(-87.8719511067819,60.0237305532041,-17.));
#2849=CARTESIAN_POINT('Ctrl Pts',(-93.2576003318184,57.3608151407765,-17.));
#2850=CARTESIAN_POINT('Ctrl Pts',(-98.6449027384554,54.6970823184918,-17.));
#2851=CARTESIAN_POINT('',(-84.0516913517453,65.8567499400117,-13.4644660940673));
#2852=CARTESIAN_POINT('Ctrl Pts',(-100.21194538959,57.8663688832451,-13.4644660940673));
#2853=CARTESIAN_POINT('Ctrl Pts',(-94.8246429829528,60.5301017055298,-13.4644660940673));
#2854=CARTESIAN_POINT('Ctrl Pts',(-89.4389937579163,63.1930171179574,-13.4644660940673));
#2855=CARTESIAN_POINT('Ctrl Pts',(-84.0516913517453,65.8567499400117,-13.4644660940673));
#2856=CARTESIAN_POINT('Ctrl Pts',(-84.0516913517453,65.8567499400117,-13.4644660940673));
#2857=CARTESIAN_POINT('Ctrl Pts',(-84.0516913517453,65.8567499400117,-13.8847607692678));
#2858=CARTESIAN_POINT('Ctrl Pts',(-84.0544261163819,65.7718537732855,-14.2980988327083));
#2859=CARTESIAN_POINT('Ctrl Pts',(-84.0652025758673,65.4373166931564,-15.0995233745975));
#2860=CARTESIAN_POINT('Ctrl Pts',(-84.0734119809606,65.1824694993767,-15.4722475705052));
#2861=CARTESIAN_POINT('Ctrl Pts',(-84.0947110571785,64.5212754605273,-16.1397063646679));
#2862=CARTESIAN_POINT('Ctrl Pts',(-84.1079843295518,64.109229013497,-16.4176186187273));
#2863=CARTESIAN_POINT('Ctrl Pts',(-84.131791245826,63.370183292236,-16.7479382494088));
#2864=CARTESIAN_POINT('Ctrl Pts',(-84.1415953476291,63.0658314221736,-16.8448416675651));
#2865=CARTESIAN_POINT('Ctrl Pts',(-84.1611182076179,62.4597770312873,-16.9688542401679));
#2866=CARTESIAN_POINT('Ctrl Pts',(-84.1708022496844,62.1591522143032,-16.9993584825569));
#2867=CARTESIAN_POINT('Ctrl Pts',(-84.1805945546884,61.8551665557941,-16.9999966625479));
#2868=CARTESIAN_POINT('Ctrl Pts',(-84.1806969753733,61.8519870777151,-17.));
#2869=CARTESIAN_POINT('Ctrl Pts',(-84.1807993960614,61.8488075995132,-17.));
#2870=CARTESIAN_POINT('Ctrl Pts',(-34.4533388273536,37.2211277586922,-13.4644660940673));
#2871=CARTESIAN_POINT('Ctrl Pts',(-50.9904514454091,46.7688341803457,-13.4644660940673));
#2872=CARTESIAN_POINT('Ctrl Pts',(-67.5145787333784,56.3090435181784,-13.4644660940673));
#2873=CARTESIAN_POINT('Ctrl Pts',(-84.0516913517453,65.8567499400117,-13.4644660940673));
#2874=CARTESIAN_POINT('Ctrl Pts',(-34.4533388273536,37.2211277586922,-13.9406565702577));
#2875=CARTESIAN_POINT('Ctrl Pts',(-50.990451445409,46.7688341803457,-13.9406565702577));
#2876=CARTESIAN_POINT('Ctrl Pts',(-67.5145787333784,56.3090435181784,-13.9406565702577));
#2877=CARTESIAN_POINT('Ctrl Pts',(-84.0516913517453,65.8567499400117,-13.9406565702577));
#2878=CARTESIAN_POINT('Ctrl Pts',(-34.5527490470851,37.0489442073255,-14.9848230729393));
#2879=CARTESIAN_POINT('Ctrl Pts',(-51.0898616651406,46.596650628979,-14.9848230729393));
#2880=CARTESIAN_POINT('Ctrl Pts',(-67.61398895311,56.1368599668118,-14.9848230729393));
#2881=CARTESIAN_POINT('Ctrl Pts',(-84.1511015714769,65.6845663886451,-14.9848230729393));
#2882=CARTESIAN_POINT('Ctrl Pts',(-35.042963846876,36.1998672674654,-16.2411243884583));
#2883=CARTESIAN_POINT('Ctrl Pts',(-51.5800764649315,45.7475736891189,-16.2411243884583));
#2884=CARTESIAN_POINT('Ctrl Pts',(-68.1042037529009,55.2877830269517,-16.2411243884583));
#2885=CARTESIAN_POINT('Ctrl Pts',(-84.6413163712679,64.835489448785,-16.2411243884583));
#2886=CARTESIAN_POINT('Ctrl Pts',(-35.6617929131163,35.1280238835369,-16.8900348853732));
#2887=CARTESIAN_POINT('Ctrl Pts',(-52.1989055311718,44.6757303051904,-16.8900348853732));
#2888=CARTESIAN_POINT('Ctrl Pts',(-68.7230328191412,54.2159396430232,-16.8900348853732));
#2889=CARTESIAN_POINT('Ctrl Pts',(-85.2601454375081,63.7636460648565,-16.8900348853732));
#2890=CARTESIAN_POINT('Ctrl Pts',(-36.0425343517485,34.4685603672791,-17.));
#2891=CARTESIAN_POINT('Ctrl Pts',(-52.579646969804,44.0162667889326,-17.));
#2892=CARTESIAN_POINT('Ctrl Pts',(-69.1037742577733,53.5564761267653,-17.));
#2893=CARTESIAN_POINT('Ctrl Pts',(-85.6408868761403,63.1041825485986,-17.));
#2894=CARTESIAN_POINT('Ctrl Pts',(-36.2211057803199,34.1592655802132,-17.));
#2895=CARTESIAN_POINT('Ctrl Pts',(-52.7582183983754,43.7069720018667,-17.));
#2896=CARTESIAN_POINT('Ctrl Pts',(-69.2823456863448,53.2471813396994,-17.));
#2897=CARTESIAN_POINT('Ctrl Pts',(-85.8194583047117,62.7948877615327,-17.));
#2898=CARTESIAN_POINT('Ctrl Pts',(-84.0516913517453,65.8567499400117,-13.4644660940673));
#2899=CARTESIAN_POINT('Ctrl Pts',(-67.5145787333784,56.3090435181784,-13.4644660940673));
#2900=CARTESIAN_POINT('Ctrl Pts',(-50.9904514454091,46.7688341803457,-13.4644660940673));
#2901=CARTESIAN_POINT('Ctrl Pts',(-34.4533388273536,37.2211277586922,-13.4644660940673));
#2902=CARTESIAN_POINT('Origin',(-0.00777278285679639,-115.719274911666,
-17.));
#2903=CARTESIAN_POINT('',(14.9922272171432,-105.719274911666,5.));
#2904=CARTESIAN_POINT('',(14.9922272171432,-105.719274911666,-17.));
#2905=CARTESIAN_POINT('',(-0.00777278285679639,-115.719274911666,5.));
#2906=CARTESIAN_POINT('',(14.9922272171432,-105.719274911666,5.));
#2907=CARTESIAN_POINT('',(-0.00777278285679639,-115.719274911666,-17.));
#2908=CARTESIAN_POINT('Origin',(-15.0077727828568,-105.719274911666,-17.));
#2909=CARTESIAN_POINT('',(-15.0077727828568,-105.719274911666,5.));
#2910=CARTESIAN_POINT('',(-15.0077727828568,-105.719274911666,5.));
#2911=CARTESIAN_POINT('',(-15.0077727828568,-105.719274911666,-17.));
#2912=CARTESIAN_POINT('Origin',(-15.0077727828568,-48.4480305490271,-17.));
#2913=CARTESIAN_POINT('',(-15.0077727828568,-40.7192749116661,5.));
#2914=CARTESIAN_POINT('Origin',(14.9922272171432,-105.719274911666,-17.));
#2915=CARTESIAN_POINT('',(14.9922272171432,-40.7192749116661,5.));
#2916=CARTESIAN_POINT('Origin',(100.219718172446,57.852906028421,-17.));
#2917=CARTESIAN_POINT('',(84.0594641346021,65.8432870851876,5.));
#2918=CARTESIAN_POINT('',(84.0594641346021,65.8432870851876,-17.));
#2919=CARTESIAN_POINT('',(100.219718172446,57.852906028421,5.));
#2920=CARTESIAN_POINT('',(84.0594641346021,65.8432870851876,5.));
#2921=CARTESIAN_POINT('',(100.219718172446,57.852906028421,-17.));
#2922=CARTESIAN_POINT('Origin',(99.0594641346021,39.8625249716544,-17.));
#2923=CARTESIAN_POINT('',(99.0594641346021,39.8625249716544,5.));
#2924=CARTESIAN_POINT('',(99.0594641346021,39.8625249716544,5.));
#2925=CARTESIAN_POINT('',(99.0594641346021,39.8625249716544,-17.));
#2926=CARTESIAN_POINT('Origin',(49.4611116102104,11.2269027903349,-17.));
#2927=CARTESIAN_POINT('',(49.4611116102104,11.2269027903349,5.));
#2928=CARTESIAN_POINT('',(42.7678128886136,7.36252497165442,5.));
#2929=CARTESIAN_POINT('',(49.4611116102104,11.2269027903349,5.));
#2930=CARTESIAN_POINT('Origin',(84.0594641346021,65.8432870851876,-17.));
#2931=CARTESIAN_POINT('',(27.7678128886136,33.3432870851876,5.));
#2932=CARTESIAN_POINT('Origin',(0.,0.,5.));
#2933=CARTESIAN_POINT('Origin',(0.,0.,5.));
#2934=CARTESIAN_POINT('Origin',(0.00777278285678307,115.719274911666,-17.));
#2935=CARTESIAN_POINT('',(-14.9922272171432,105.719274911666,5.));
#2936=CARTESIAN_POINT('',(-14.9922272171432,105.719274911666,-17.));
#2937=CARTESIAN_POINT('',(0.00777278285678307,115.719274911666,5.));
#2938=CARTESIAN_POINT('',(-14.9922272171432,105.719274911666,5.));
#2939=CARTESIAN_POINT('',(0.00777278285678307,115.719274911666,-17.));
#2940=CARTESIAN_POINT('Origin',(15.0077727828568,105.719274911666,-17.));
#2941=CARTESIAN_POINT('',(15.0077727828568,105.719274911666,5.));
#2942=CARTESIAN_POINT('Origin',(-14.9922272171432,105.719274911666,-17.));
#2943=CARTESIAN_POINT('',(-14.9922272171432,40.7192749116661,5.));
#2944=CARTESIAN_POINT('Origin',(-100.219718172447,-57.852906028421,-17.));
#2945=CARTESIAN_POINT('',(-84.0594641346021,-65.8432870851876,5.));
#2946=CARTESIAN_POINT('',(-84.0594641346021,-65.8432870851876,-17.));
#2947=CARTESIAN_POINT('',(-100.219718172447,-57.852906028421,5.));
#2948=CARTESIAN_POINT('',(-84.0594641346021,-65.8432870851876,5.));
#2949=CARTESIAN_POINT('',(-100.219718172447,-57.852906028421,-17.));
#2950=CARTESIAN_POINT('Origin',(-99.0594641346021,-39.8625249716544,-17.));
#2951=CARTESIAN_POINT('',(-99.0594641346021,-39.8625249716544,5.));
#2952=CARTESIAN_POINT('',(-99.0594641346021,-39.8625249716544,5.));
#2953=CARTESIAN_POINT('',(-99.0594641346021,-39.8625249716544,-17.));
#2954=CARTESIAN_POINT('Origin',(-49.4611116102104,-11.2269027903349,-17.));
#2955=CARTESIAN_POINT('',(-42.7678128886136,-7.36252497165441,5.));
#2956=CARTESIAN_POINT('Origin',(-84.0594641346021,-65.8432870851876,-17.));
#2957=CARTESIAN_POINT('',(-27.7678128886136,-33.3432870851876,5.));
#2958=CARTESIAN_POINT('Origin',(84.0516913517454,-65.8567499400117,-17.));
#2959=CARTESIAN_POINT('',(84.0516913517454,-65.8567499400117,5.));
#2960=CARTESIAN_POINT('',(84.0516913517454,-65.8567499400117,5.));
#2961=CARTESIAN_POINT('',(84.0516913517454,-65.8567499400117,-17.));
#2962=CARTESIAN_POINT('Origin',(34.4533388273536,-37.2211277586922,-17.));
#2963=CARTESIAN_POINT('',(27.7600401057569,-33.3567499400117,5.));
#2964=CARTESIAN_POINT('Origin',(-100.21194538959,57.8663688832451,-17.));
#2965=CARTESIAN_POINT('',(-99.0516913517454,39.8759878264785,5.));
#2966=CARTESIAN_POINT('',(-99.0516913517454,39.8759878264785,-17.));
#2967=CARTESIAN_POINT('',(-100.21194538959,57.8663688832451,5.));
#2968=CARTESIAN_POINT('',(-99.0516913517454,39.8759878264785,5.));
#2969=CARTESIAN_POINT('',(-100.21194538959,57.8663688832451,-17.));
#2970=CARTESIAN_POINT('Origin',(-84.0516913517453,65.8567499400117,-17.));
#2971=CARTESIAN_POINT('',(-84.0516913517453,65.8567499400117,5.));
#2972=CARTESIAN_POINT('',(-84.0516913517453,65.8567499400117,5.));
#2973=CARTESIAN_POINT('',(-84.0516913517453,65.8567499400117,-17.));
#2974=CARTESIAN_POINT('Origin',(-34.4533388273536,37.2211277586922,-17.));
#2975=CARTESIAN_POINT('',(-27.7600401057568,33.3567499400117,5.));
#2976=CARTESIAN_POINT('Origin',(-99.0516913517454,39.8759878264785,-17.));
#2977=CARTESIAN_POINT('',(-42.7600401057568,7.37598782647857,5.));
#2978=CARTESIAN_POINT('Origin',(-7.54951656745106E-14,-1.46549439250521E-13,
5.));
#2979=CARTESIAN_POINT('',(-19.0999724445289,18.9999724445287,5.));
#2980=CARTESIAN_POINT('Origin',(-17.4999724445289,18.9999724445287,5.));
#2981=CARTESIAN_POINT('',(15.8999724445287,18.9999724445287,5.));
#2982=CARTESIAN_POINT('Origin',(17.4999724445287,18.9999724445287,5.));
#2983=CARTESIAN_POINT('Origin',(-23.0000000000001,23.4999999999999,0.));
#2984=CARTESIAN_POINT('',(-23.0000000000001,-24.5000000000001,0.));
#2985=CARTESIAN_POINT('',(-23.0000000000001,24.4999999999999,0.));
#2986=CARTESIAN_POINT('',(-23.0000000000001,23.4999999999999,0.));
#2987=CARTESIAN_POINT('',(-23.0000000000001,-24.5000000000001,0.));
#2988=CARTESIAN_POINT('',(-23.0000000000001,24.4999999999999,0.));
#2989=CARTESIAN_POINT('Origin',(-22.0000000000001,-24.5000000000002,0.));
#2990=CARTESIAN_POINT('',(22.9999999999999,-24.5000000000002,0.));
#2991=CARTESIAN_POINT('',(-22.0000000000001,-24.5000000000001,0.));
#2992=CARTESIAN_POINT('',(22.9999999999999,-24.5000000000002,0.));
#2993=CARTESIAN_POINT('Origin',(21.9999999999999,24.4999999999999,0.));
#2994=CARTESIAN_POINT('',(22.9999999999999,24.4999999999999,0.));
#2995=CARTESIAN_POINT('',(10.9999999999999,24.4999999999999,0.));
#2996=CARTESIAN_POINT('',(22.9999999999999,24.4999999999999,0.));
#2997=CARTESIAN_POINT('Origin',(22.9999999999999,-23.5000000000002,0.));
#2998=CARTESIAN_POINT('',(22.9999999999999,-23.5000000000002,0.));
#2999=CARTESIAN_POINT('Origin',(25.6109127034739,-27.1109127034741,-17.));
#3000=CARTESIAN_POINT('',(24.1359127034739,-27.1109127034741,-11.));
#3001=CARTESIAN_POINT('',(24.1359127034739,-27.1109127034741,-17.));
#3002=CARTESIAN_POINT('Origin',(25.6109127034739,-27.1109127034741,-11.));
#3003=CARTESIAN_POINT('Origin',(25.6109127034739,-27.1109127034741,-11.));
#3004=CARTESIAN_POINT('Origin',(-25.6109127034741,-27.1109127034741,-17.));
#3005=CARTESIAN_POINT('',(-27.0859127034741,-27.1109127034741,-11.));
#3006=CARTESIAN_POINT('',(-27.0859127034741,-27.1109127034741,-17.));
#3007=CARTESIAN_POINT('Origin',(-25.6109127034741,-27.1109127034741,-11.));
#3008=CARTESIAN_POINT('Origin',(-25.6109127034741,-27.1109127034741,-11.));
#3009=CARTESIAN_POINT('Origin',(-25.6109127034741,27.1109127034738,-17.));
#3010=CARTESIAN_POINT('',(-27.0859127034741,27.1109127034738,-11.));
#3011=CARTESIAN_POINT('',(-27.0859127034741,27.1109127034738,-17.));
#3012=CARTESIAN_POINT('Origin',(-25.6109127034741,27.1109127034738,-11.));
#3013=CARTESIAN_POINT('Origin',(-25.6109127034741,27.1109127034738,-11.));
#3014=CARTESIAN_POINT('Origin',(25.6109127034739,27.1109127034739,-17.));
#3015=CARTESIAN_POINT('',(24.1359127034739,27.1109127034739,-11.));
#3016=CARTESIAN_POINT('',(24.1359127034739,27.1109127034739,-17.));
#3017=CARTESIAN_POINT('Origin',(25.6109127034739,27.1109127034739,-11.));
#3018=CARTESIAN_POINT('Origin',(25.6109127034739,27.1109127034739,-11.));
#3019=CARTESIAN_POINT('Origin',(-17.4999724445289,18.9999724445287,0.));
#3020=CARTESIAN_POINT('',(-19.0999724445289,18.9999724445287,0.));
#3021=CARTESIAN_POINT('Origin',(-17.4999724445289,18.9999724445287,0.));
#3022=CARTESIAN_POINT('',(-19.0999724445289,18.9999724445287,0.));
#3023=CARTESIAN_POINT('Origin',(17.4999724445287,18.9999724445287,0.));
#3024=CARTESIAN_POINT('',(15.8999724445287,18.9999724445287,0.));
#3025=CARTESIAN_POINT('Origin',(17.4999724445287,18.9999724445287,0.));
#3026=CARTESIAN_POINT('',(15.8999724445287,18.9999724445287,0.));
#3027=CARTESIAN_POINT('Origin',(-7.54951656745106E-14,-1.46549439250521E-13,
0.));
#3028=UNCERTAINTY_MEASURE_WITH_UNIT(LENGTH_MEASURE(0.01),#3032,
'DISTANCE_ACCURACY_VALUE',
'Maximum model space distance between geometric entities at asserted c
onnectivities');
#3029=UNCERTAINTY_MEASURE_WITH_UNIT(LENGTH_MEASURE(0.01),#3032,
'DISTANCE_ACCURACY_VALUE',
'Maximum model space distance between geometric entities at asserted c
onnectivities');
#3030=(
GEOMETRIC_REPRESENTATION_CONTEXT(3)
GLOBAL_UNCERTAINTY_ASSIGNED_CONTEXT((#3028))
GLOBAL_UNIT_ASSIGNED_CONTEXT((#3032,#3034,#3035))
REPRESENTATION_CONTEXT('','3D')
);
#3031=(
GEOMETRIC_REPRESENTATION_CONTEXT(3)
GLOBAL_UNCERTAINTY_ASSIGNED_CONTEXT((#3029))
GLOBAL_UNIT_ASSIGNED_CONTEXT((#3032,#3034,#3035))
REPRESENTATION_CONTEXT('','3D')
);
#3032=(
LENGTH_UNIT()
NAMED_UNIT(*)
SI_UNIT(.MILLI.,.METRE.)
);
#3033=(
LENGTH_UNIT()
NAMED_UNIT(*)
SI_UNIT($,.METRE.)
);
#3034=(
NAMED_UNIT(*)
PLANE_ANGLE_UNIT()
SI_UNIT($,.RADIAN.)
);
#3035=(
NAMED_UNIT(*)
SI_UNIT($,.STERADIAN.)
SOLID_ANGLE_UNIT()
);
#3036=SHAPE_DEFINITION_REPRESENTATION(#3037,#3038);
#3037=PRODUCT_DEFINITION_SHAPE('',$,#3040);
#3038=SHAPE_REPRESENTATION('',(#1229),#3030);
#3039=PRODUCT_DEFINITION_CONTEXT('part definition',#3044,'design');
#3040=PRODUCT_DEFINITION('GYRA BASE PCB ENCLOSYRE',
'GYRA BASE PCB ENCLOSYRE v9',#3041,#3039);
#3041=PRODUCT_DEFINITION_FORMATION('',$,#3046);
#3042=PRODUCT_RELATED_PRODUCT_CATEGORY('GYRA BASE PCB ENCLOSYRE v9',
'GYRA BASE PCB ENCLOSYRE v9',(#3046));
#3043=APPLICATION_PROTOCOL_DEFINITION('international standard',
'automotive_design',2009,#3044);
#3044=APPLICATION_CONTEXT(
'Core Data for Automotive Mechanical Design Process');
#3045=PRODUCT_CONTEXT('part definition',#3044,'mechanical');
#3046=PRODUCT('GYRA BASE PCB ENCLOSYRE','GYRA BASE PCB ENCLOSYRE v9',$,
(#3045));
#3047=PRESENTATION_STYLE_ASSIGNMENT((#3048));
#3048=SURFACE_STYLE_USAGE(.BOTH.,#3049);
#3049=SURFACE_SIDE_STYLE('',(#3050));
#3050=SURFACE_STYLE_FILL_AREA(#3051);
#3051=FILL_AREA_STYLE('Plastic - Glossy (White)',(#3052));
#3052=FILL_AREA_STYLE_COLOUR('Plastic - Glossy (White)',#3053);
#3053=COLOUR_RGB('Plastic - Glossy (White)',0.964705882352941,0.964705882352941,
0.952941176470588);
ENDSEC;
END-ISO-10303-21;
