ISO-10303-21;
HEADER;
/* Generated by software containing ST-Developer
 * from STEP Tools, Inc. (www.steptools.com) 
 */

FILE_DESCRIPTION(
/* description */ (''),
/* implementation_level */ '2;1');

FILE_NAME(
/* name */ 'GYRA ROLL PITCH BRAKET PROTOTYPE V2 v7.step',
/* time_stamp */ '2026-05-28T20:24:30+05:30',
/* author */ (''),
/* organization */ (''),
/* preprocessor_version */ 'ST-DEVELOPER v20.1',
/* originating_system */ 'Autodesk Translation Framework v15.8.0.0',
/* authorisation */ '');

FILE_SCHEMA (('AUTOMOTIVE_DESIGN { 1 0 10303 214 3 1 1 }'));
ENDSEC;

DATA;
#10=MECHANICAL_DESIGN_GEOMETRIC_PRESENTATION_REPRESENTATION('',(#13),#3864);
#11=SHAPE_REPRESENTATION_RELATIONSHIP('SRR','None',#3871,#12);
#12=ADVANCED_BREP_SHAPE_REPRESENTATION('',(#14),#3863);
#13=STYLED_ITEM('',(#3880),#14);
#14=MANIFOLD_SOLID_BREP('HEAD',#2270);
#15=(
BOUNDED_CURVE()
B_SPLINE_CURVE(2,(#3805,#3806,#3807),.UNSPECIFIED.,.F.,.F.)
B_SPLINE_CURVE_WITH_KNOTS((3,3),(0.,0.4000123849198),.UNSPECIFIED.)
CURVE()
GEOMETRIC_REPRESENTATION_ITEM()
RATIONAL_B_SPLINE_CURVE((1.,0.999994368217257,1.))
REPRESENTATION_ITEM('')
);
#16=(
BOUNDED_CURVE()
B_SPLINE_CURVE(2,(#3811,#3812,#3813),.UNSPECIFIED.,.F.,.F.)
B_SPLINE_CURVE_WITH_KNOTS((3,3),(0.,0.4000031019403),.UNSPECIFIED.)
CURVE()
GEOMETRIC_REPRESENTATION_ITEM()
RATIONAL_B_SPLINE_CURVE((1.,0.999996532646454,1.))
REPRESENTATION_ITEM('')
);
#17=(
BOUNDED_CURVE()
B_SPLINE_CURVE(2,(#3830,#3831,#3832),.UNSPECIFIED.,.F.,.F.)
B_SPLINE_CURVE_WITH_KNOTS((3,3),(0.,0.400009985812389),.UNSPECIFIED.)
CURVE()
GEOMETRIC_REPRESENTATION_ITEM()
RATIONAL_B_SPLINE_CURVE((1.,0.999993447008987,1.))
REPRESENTATION_ITEM('')
);
#18=(
BOUNDED_CURVE()
B_SPLINE_CURVE(2,(#3835,#3836,#3837),.UNSPECIFIED.,.F.,.F.)
B_SPLINE_CURVE_WITH_KNOTS((3,3),(0.,0.400008854006619),.UNSPECIFIED.)
CURVE()
GEOMETRIC_REPRESENTATION_ITEM()
RATIONAL_B_SPLINE_CURVE((1.,0.999993788123899,1.))
REPRESENTATION_ITEM('')
);
#19=B_SPLINE_CURVE_WITH_KNOTS('',3,(#3776,#3777,#3778,#3779,#3780,#3781,
#3782,#3783,#3784,#3785),.UNSPECIFIED.,.F.,.F.,(4,2,2,2,4),(0.173231112511713,
0.215805386843895,0.258379661176077,0.296945903032025,0.335512144887973),
 .UNSPECIFIED.);
#20=B_SPLINE_CURVE_WITH_KNOTS('',3,(#3787,#3788,#3789,#3790,#3791,#3792,
#3793,#3794,#3795,#3796),.UNSPECIFIED.,.F.,.F.,(4,2,2,2,4),(0.335369610505555,
0.373935852361504,0.412502094217452,0.455076368549633,0.497650642881815),
 .UNSPECIFIED.);
#21=ELLIPSE('',#2399,31.1126983722081,22.);
#22=ELLIPSE('',#2400,31.1126983722081,22.);
#23=ELLIPSE('',#2403,31.1126983722081,22.);
#24=ELLIPSE('',#2404,31.1126983722081,22.);
#25=ELLIPSE('',#2449,1.00772279516469,1.);
#26=ELLIPSE('',#2455,1.4142135623731,1.);
#27=ELLIPSE('',#2456,1.41421356237282,1.);
#28=ELLIPSE('',#2458,1.4142135623731,1.);
#29=ELLIPSE('',#2460,1.41421356237309,1.);
#30=ELLIPSE('',#2487,6.54871527887774,6.54852254653654);
#31=ELLIPSE('',#2488,6.54871527887774,6.54852254653654);
#32=ELLIPSE('',#2489,6.54871527887774,6.54852254653654);
#33=ELLIPSE('',#2496,5.76160910501803,5.76143953765029);
#34=ELLIPSE('',#2497,5.76160910501803,5.76143953765029);
#35=CYLINDRICAL_SURFACE('',#2293,2.5);
#36=CYLINDRICAL_SURFACE('',#2295,2.5);
#37=CYLINDRICAL_SURFACE('',#2301,1.5);
#38=CYLINDRICAL_SURFACE('',#2303,1.5);
#39=CYLINDRICAL_SURFACE('',#2305,5.);
#40=CYLINDRICAL_SURFACE('',#2321,2.);
#41=CYLINDRICAL_SURFACE('',#2323,2.);
#42=CYLINDRICAL_SURFACE('',#2328,2.);
#43=CYLINDRICAL_SURFACE('',#2331,2.);
#44=CYLINDRICAL_SURFACE('',#2338,1.25);
#45=CYLINDRICAL_SURFACE('',#2340,1.25);
#46=CYLINDRICAL_SURFACE('',#2342,3.53553390593274);
#47=CYLINDRICAL_SURFACE('',#2347,31.0243207225634);
#48=CYLINDRICAL_SURFACE('',#2350,7.65);
#49=CYLINDRICAL_SURFACE('',#2353,7.65);
#50=CYLINDRICAL_SURFACE('',#2356,7.65);
#51=CYLINDRICAL_SURFACE('',#2359,31.0243207225631);
#52=CYLINDRICAL_SURFACE('',#2368,1.515);
#53=CYLINDRICAL_SURFACE('',#2371,1.515);
#54=CYLINDRICAL_SURFACE('',#2375,1.515);
#55=CYLINDRICAL_SURFACE('',#2378,1.515);
#56=CYLINDRICAL_SURFACE('',#2380,2.);
#57=CYLINDRICAL_SURFACE('',#2386,2.);
#58=CYLINDRICAL_SURFACE('',#2398,22.);
#59=CYLINDRICAL_SURFACE('',#2422,6.5);
#60=CYLINDRICAL_SURFACE('',#2425,5.);
#61=CYLINDRICAL_SURFACE('',#2434,5.);
#62=CYLINDRICAL_SURFACE('',#2437,5.);
#63=CYLINDRICAL_SURFACE('',#2440,5.);
#64=CYLINDRICAL_SURFACE('',#2446,5.);
#65=CYLINDRICAL_SURFACE('',#2454,1.);
#66=CYLINDRICAL_SURFACE('',#2457,1.);
#67=CYLINDRICAL_SURFACE('',#2459,1.);
#68=CYLINDRICAL_SURFACE('',#2461,5.);
#69=CYLINDRICAL_SURFACE('',#2464,5.);
#70=CYLINDRICAL_SURFACE('',#2466,5.);
#71=CYLINDRICAL_SURFACE('',#2470,1.45);
#72=CYLINDRICAL_SURFACE('',#2472,1.45);
#73=CYLINDRICAL_SURFACE('',#2484,1.);
#74=CYLINDRICAL_SURFACE('',#2485,1.);
#75=CYLINDRICAL_SURFACE('',#2486,6.54852254653654);
#76=CYLINDRICAL_SURFACE('',#2490,1.45);
#77=CYLINDRICAL_SURFACE('',#2491,1.45);
#78=CYLINDRICAL_SURFACE('',#2494,5.76143953765029);
#79=FACE_BOUND('',#317,.T.);
#80=FACE_BOUND('',#318,.T.);
#81=FACE_BOUND('',#319,.T.);
#82=FACE_BOUND('',#320,.T.);
#83=FACE_BOUND('',#321,.T.);
#84=FACE_BOUND('',#322,.T.);
#85=FACE_BOUND('',#328,.T.);
#86=FACE_BOUND('',#330,.T.);
#87=FACE_BOUND('',#339,.T.);
#88=FACE_BOUND('',#343,.T.);
#89=FACE_BOUND('',#347,.T.);
#90=FACE_BOUND('',#361,.T.);
#91=FACE_BOUND('',#362,.T.);
#92=FACE_BOUND('',#363,.T.);
#93=FACE_BOUND('',#364,.T.);
#94=FACE_BOUND('',#385,.T.);
#95=FACE_BOUND('',#386,.T.);
#96=FACE_BOUND('',#387,.T.);
#97=FACE_BOUND('',#388,.T.);
#98=FACE_BOUND('',#389,.T.);
#99=FACE_BOUND('',#399,.T.);
#100=FACE_BOUND('',#400,.T.);
#101=FACE_BOUND('',#439,.T.);
#102=FACE_BOUND('',#445,.T.);
#103=FACE_BOUND('',#447,.T.);
#104=CIRCLE('',#2285,1.515);
#105=CIRCLE('',#2286,1.515);
#106=CIRCLE('',#2287,1.515);
#107=CIRCLE('',#2288,2.5);
#108=CIRCLE('',#2289,1.515);
#109=CIRCLE('',#2290,2.5);
#110=CIRCLE('',#2294,2.5);
#111=CIRCLE('',#2296,2.5);
#112=CIRCLE('',#2298,1.5);
#113=CIRCLE('',#2300,1.5);
#114=CIRCLE('',#2302,1.5);
#115=CIRCLE('',#2304,1.5);
#116=CIRCLE('',#2306,5.);
#117=CIRCLE('',#2307,5.);
#118=CIRCLE('',#2309,2.);
#119=CIRCLE('',#2311,6.5);
#120=CIRCLE('',#2314,2.);
#121=CIRCLE('',#2315,22.);
#122=CIRCLE('',#2316,22.);
#123=CIRCLE('',#2317,2.);
#124=CIRCLE('',#2318,2.);
#125=CIRCLE('',#2320,22.);
#126=CIRCLE('',#2322,2.);
#127=CIRCLE('',#2324,2.);
#128=CIRCLE('',#2325,2.);
#129=CIRCLE('',#2327,1.25);
#130=CIRCLE('',#2329,2.);
#131=CIRCLE('',#2330,2.);
#132=CIRCLE('',#2332,2.);
#133=CIRCLE('',#2334,1.25);
#134=CIRCLE('',#2337,6.5);
#135=CIRCLE('',#2339,1.25);
#136=CIRCLE('',#2341,1.25);
#137=CIRCLE('',#2343,3.53553390593274);
#138=CIRCLE('',#2344,3.53553390593274);
#139=CIRCLE('',#2348,31.0243207225634);
#140=CIRCLE('',#2349,31.0243207225634);
#141=CIRCLE('',#2351,7.65);
#142=CIRCLE('',#2352,7.65);
#143=CIRCLE('',#2354,7.65);
#144=CIRCLE('',#2355,7.65);
#145=CIRCLE('',#2357,7.65);
#146=CIRCLE('',#2358,7.65);
#147=CIRCLE('',#2360,31.0243207225631);
#148=CIRCLE('',#2361,31.0243207225631);
#149=CIRCLE('',#2363,1.515);
#150=CIRCLE('',#2364,1.515);
#151=CIRCLE('',#2365,1.515);
#152=CIRCLE('',#2366,1.515);
#153=CIRCLE('',#2367,1.515);
#154=CIRCLE('',#2369,1.515);
#155=CIRCLE('',#2370,1.515);
#156=CIRCLE('',#2372,1.515);
#157=CIRCLE('',#2373,1.515);
#158=CIRCLE('',#2376,1.515);
#159=CIRCLE('',#2377,1.515);
#160=CIRCLE('',#2379,1.515);
#161=CIRCLE('',#2381,2.);
#162=CIRCLE('',#2382,2.);
#163=CIRCLE('',#2385,2.);
#164=CIRCLE('',#2387,2.);
#165=CIRCLE('',#2397,22.);
#166=CIRCLE('',#2401,22.);
#167=CIRCLE('',#2402,22.);
#168=CIRCLE('',#2406,5.);
#169=CIRCLE('',#2407,5.);
#170=CIRCLE('',#2408,5.);
#171=CIRCLE('',#2409,5.);
#172=CIRCLE('',#2410,6.54852254653654);
#173=CIRCLE('',#2411,1.45);
#174=CIRCLE('',#2412,1.45);
#175=CIRCLE('',#2413,1.45);
#176=CIRCLE('',#2414,1.45);
#177=CIRCLE('',#2426,5.);
#178=CIRCLE('',#2427,5.);
#179=CIRCLE('',#2429,5.);
#180=CIRCLE('',#2430,5.);
#181=CIRCLE('',#2431,5.);
#182=CIRCLE('',#2432,5.76143953765029);
#183=CIRCLE('',#2435,5.);
#184=CIRCLE('',#2438,5.);
#185=CIRCLE('',#2441,5.);
#186=CIRCLE('',#2447,5.);
#187=CIRCLE('',#2451,1.);
#188=CIRCLE('',#2462,5.);
#189=CIRCLE('',#2465,5.);
#190=CIRCLE('',#2467,5.);
#191=CIRCLE('',#2471,1.45);
#192=CIRCLE('',#2473,1.45);
#193=CIRCLE('',#2476,1.45);
#194=CIRCLE('',#2478,1.45);
#195=CIRCLE('',#2482,6.54852254653654);
#196=CIRCLE('',#2483,6.54852254653654);
#197=CIRCLE('',#2495,5.76143953765029);
#198=FACE_OUTER_BOUND('',#316,.T.);
#199=FACE_OUTER_BOUND('',#323,.T.);
#200=FACE_OUTER_BOUND('',#324,.T.);
#201=FACE_OUTER_BOUND('',#325,.T.);
#202=FACE_OUTER_BOUND('',#326,.T.);
#203=FACE_OUTER_BOUND('',#327,.T.);
#204=FACE_OUTER_BOUND('',#329,.T.);
#205=FACE_OUTER_BOUND('',#331,.T.);
#206=FACE_OUTER_BOUND('',#332,.T.);
#207=FACE_OUTER_BOUND('',#333,.T.);
#208=FACE_OUTER_BOUND('',#334,.T.);
#209=FACE_OUTER_BOUND('',#335,.T.);
#210=FACE_OUTER_BOUND('',#336,.T.);
#211=FACE_OUTER_BOUND('',#337,.T.);
#212=FACE_OUTER_BOUND('',#338,.T.);
#213=FACE_OUTER_BOUND('',#340,.T.);
#214=FACE_OUTER_BOUND('',#341,.T.);
#215=FACE_OUTER_BOUND('',#342,.T.);
#216=FACE_OUTER_BOUND('',#344,.T.);
#217=FACE_OUTER_BOUND('',#345,.T.);
#218=FACE_OUTER_BOUND('',#346,.T.);
#219=FACE_OUTER_BOUND('',#348,.T.);
#220=FACE_OUTER_BOUND('',#349,.T.);
#221=FACE_OUTER_BOUND('',#350,.T.);
#222=FACE_OUTER_BOUND('',#351,.T.);
#223=FACE_OUTER_BOUND('',#352,.T.);
#224=FACE_OUTER_BOUND('',#353,.T.);
#225=FACE_OUTER_BOUND('',#354,.T.);
#226=FACE_OUTER_BOUND('',#355,.T.);
#227=FACE_OUTER_BOUND('',#356,.T.);
#228=FACE_OUTER_BOUND('',#357,.T.);
#229=FACE_OUTER_BOUND('',#358,.T.);
#230=FACE_OUTER_BOUND('',#359,.T.);
#231=FACE_OUTER_BOUND('',#360,.T.);
#232=FACE_OUTER_BOUND('',#365,.T.);
#233=FACE_OUTER_BOUND('',#366,.T.);
#234=FACE_OUTER_BOUND('',#367,.T.);
#235=FACE_OUTER_BOUND('',#368,.T.);
#236=FACE_OUTER_BOUND('',#369,.T.);
#237=FACE_OUTER_BOUND('',#370,.T.);
#238=FACE_OUTER_BOUND('',#371,.T.);
#239=FACE_OUTER_BOUND('',#372,.T.);
#240=FACE_OUTER_BOUND('',#373,.T.);
#241=FACE_OUTER_BOUND('',#374,.T.);
#242=FACE_OUTER_BOUND('',#375,.T.);
#243=FACE_OUTER_BOUND('',#376,.T.);
#244=FACE_OUTER_BOUND('',#377,.T.);
#245=FACE_OUTER_BOUND('',#378,.T.);
#246=FACE_OUTER_BOUND('',#379,.T.);
#247=FACE_OUTER_BOUND('',#380,.T.);
#248=FACE_OUTER_BOUND('',#381,.T.);
#249=FACE_OUTER_BOUND('',#382,.T.);
#250=FACE_OUTER_BOUND('',#383,.T.);
#251=FACE_OUTER_BOUND('',#384,.T.);
#252=FACE_OUTER_BOUND('',#390,.T.);
#253=FACE_OUTER_BOUND('',#391,.T.);
#254=FACE_OUTER_BOUND('',#392,.T.);
#255=FACE_OUTER_BOUND('',#393,.T.);
#256=FACE_OUTER_BOUND('',#394,.T.);
#257=FACE_OUTER_BOUND('',#395,.T.);
#258=FACE_OUTER_BOUND('',#396,.T.);
#259=FACE_OUTER_BOUND('',#397,.T.);
#260=FACE_OUTER_BOUND('',#398,.T.);
#261=FACE_OUTER_BOUND('',#401,.T.);
#262=FACE_OUTER_BOUND('',#402,.T.);
#263=FACE_OUTER_BOUND('',#403,.T.);
#264=FACE_OUTER_BOUND('',#404,.T.);
#265=FACE_OUTER_BOUND('',#405,.T.);
#266=FACE_OUTER_BOUND('',#406,.T.);
#267=FACE_OUTER_BOUND('',#407,.T.);
#268=FACE_OUTER_BOUND('',#408,.T.);
#269=FACE_OUTER_BOUND('',#409,.T.);
#270=FACE_OUTER_BOUND('',#410,.T.);
#271=FACE_OUTER_BOUND('',#411,.T.);
#272=FACE_OUTER_BOUND('',#412,.T.);
#273=FACE_OUTER_BOUND('',#413,.T.);
#274=FACE_OUTER_BOUND('',#414,.T.);
#275=FACE_OUTER_BOUND('',#415,.T.);
#276=FACE_OUTER_BOUND('',#416,.T.);
#277=FACE_OUTER_BOUND('',#417,.T.);
#278=FACE_OUTER_BOUND('',#418,.T.);
#279=FACE_OUTER_BOUND('',#419,.T.);
#280=FACE_OUTER_BOUND('',#420,.T.);
#281=FACE_OUTER_BOUND('',#421,.T.);
#282=FACE_OUTER_BOUND('',#422,.T.);
#283=FACE_OUTER_BOUND('',#423,.T.);
#284=FACE_OUTER_BOUND('',#424,.T.);
#285=FACE_OUTER_BOUND('',#425,.T.);
#286=FACE_OUTER_BOUND('',#426,.T.);
#287=FACE_OUTER_BOUND('',#427,.T.);
#288=FACE_OUTER_BOUND('',#428,.T.);
#289=FACE_OUTER_BOUND('',#429,.T.);
#290=FACE_OUTER_BOUND('',#430,.T.);
#291=FACE_OUTER_BOUND('',#431,.T.);
#292=FACE_OUTER_BOUND('',#432,.T.);
#293=FACE_OUTER_BOUND('',#433,.T.);
#294=FACE_OUTER_BOUND('',#434,.T.);
#295=FACE_OUTER_BOUND('',#435,.T.);
#296=FACE_OUTER_BOUND('',#436,.T.);
#297=FACE_OUTER_BOUND('',#437,.T.);
#298=FACE_OUTER_BOUND('',#438,.T.);
#299=FACE_OUTER_BOUND('',#440,.T.);
#300=FACE_OUTER_BOUND('',#441,.T.);
#301=FACE_OUTER_BOUND('',#442,.T.);
#302=FACE_OUTER_BOUND('',#443,.T.);
#303=FACE_OUTER_BOUND('',#444,.T.);
#304=FACE_OUTER_BOUND('',#446,.T.);
#305=FACE_OUTER_BOUND('',#448,.T.);
#306=FACE_OUTER_BOUND('',#449,.T.);
#307=FACE_OUTER_BOUND('',#450,.T.);
#308=FACE_OUTER_BOUND('',#451,.T.);
#309=FACE_OUTER_BOUND('',#452,.T.);
#310=FACE_OUTER_BOUND('',#453,.T.);
#311=FACE_OUTER_BOUND('',#454,.T.);
#312=FACE_OUTER_BOUND('',#455,.T.);
#313=FACE_OUTER_BOUND('',#456,.T.);
#314=FACE_OUTER_BOUND('',#457,.T.);
#315=FACE_OUTER_BOUND('',#458,.T.);
#316=EDGE_LOOP('',(#1424,#1425,#1426,#1427));
#317=EDGE_LOOP('',(#1428));
#318=EDGE_LOOP('',(#1429));
#319=EDGE_LOOP('',(#1430));
#320=EDGE_LOOP('',(#1431));
#321=EDGE_LOOP('',(#1432));
#322=EDGE_LOOP('',(#1433));
#323=EDGE_LOOP('',(#1434,#1435,#1436,#1437));
#324=EDGE_LOOP('',(#1438,#1439,#1440,#1441));
#325=EDGE_LOOP('',(#1442,#1443,#1444,#1445));
#326=EDGE_LOOP('',(#1446,#1447,#1448,#1449));
#327=EDGE_LOOP('',(#1450));
#328=EDGE_LOOP('',(#1451));
#329=EDGE_LOOP('',(#1452));
#330=EDGE_LOOP('',(#1453));
#331=EDGE_LOOP('',(#1454,#1455,#1456,#1457));
#332=EDGE_LOOP('',(#1458,#1459,#1460,#1461));
#333=EDGE_LOOP('',(#1462,#1463,#1464,#1465));
#334=EDGE_LOOP('',(#1466,#1467,#1468,#1469,#1470,#1471));
#335=EDGE_LOOP('',(#1472,#1473,#1474,#1475,#1476,#1477,#1478,#1479,#1480,
#1481,#1482,#1483,#1484,#1485));
#336=EDGE_LOOP('',(#1486,#1487,#1488,#1489));
#337=EDGE_LOOP('',(#1490,#1491,#1492,#1493,#1494,#1495,#1496,#1497,#1498,
#1499,#1500,#1501));
#338=EDGE_LOOP('',(#1502,#1503,#1504,#1505));
#339=EDGE_LOOP('',(#1506,#1507,#1508,#1509));
#340=EDGE_LOOP('',(#1510,#1511,#1512,#1513,#1514,#1515,#1516,#1517));
#341=EDGE_LOOP('',(#1518,#1519,#1520,#1521));
#342=EDGE_LOOP('',(#1522,#1523));
#343=EDGE_LOOP('',(#1524));
#344=EDGE_LOOP('',(#1525,#1526,#1527,#1528));
#345=EDGE_LOOP('',(#1529,#1530,#1531,#1532,#1533,#1534));
#346=EDGE_LOOP('',(#1535,#1536));
#347=EDGE_LOOP('',(#1537));
#348=EDGE_LOOP('',(#1538,#1539));
#349=EDGE_LOOP('',(#1540,#1541,#1542,#1543,#1544,#1545,#1546,#1547,#1548,
#1549,#1550,#1551,#1552,#1553));
#350=EDGE_LOOP('',(#1554,#1555,#1556,#1557));
#351=EDGE_LOOP('',(#1558,#1559,#1560,#1561));
#352=EDGE_LOOP('',(#1562,#1563,#1564,#1565));
#353=EDGE_LOOP('',(#1566,#1567,#1568,#1569,#1570));
#354=EDGE_LOOP('',(#1571,#1572,#1573,#1574,#1575));
#355=EDGE_LOOP('',(#1576,#1577,#1578,#1579));
#356=EDGE_LOOP('',(#1580,#1581,#1582,#1583));
#357=EDGE_LOOP('',(#1584,#1585,#1586,#1587));
#358=EDGE_LOOP('',(#1588,#1589,#1590,#1591));
#359=EDGE_LOOP('',(#1592,#1593,#1594,#1595));
#360=EDGE_LOOP('',(#1596,#1597,#1598,#1599,#1600,#1601,#1602,#1603,#1604,
#1605,#1606,#1607,#1608));
#361=EDGE_LOOP('',(#1609));
#362=EDGE_LOOP('',(#1610));
#363=EDGE_LOOP('',(#1611));
#364=EDGE_LOOP('',(#1612));
#365=EDGE_LOOP('',(#1613,#1614,#1615,#1616,#1617,#1618,#1619,#1620));
#366=EDGE_LOOP('',(#1621,#1622,#1623,#1624,#1625,#1626,#1627,#1628));
#367=EDGE_LOOP('',(#1629,#1630,#1631,#1632,#1633,#1634,#1635,#1636));
#368=EDGE_LOOP('',(#1637,#1638,#1639,#1640,#1641,#1642,#1643,#1644));
#369=EDGE_LOOP('',(#1645,#1646,#1647,#1648,#1649,#1650,#1651,#1652));
#370=EDGE_LOOP('',(#1653,#1654,#1655,#1656));
#371=EDGE_LOOP('',(#1657,#1658,#1659,#1660));
#372=EDGE_LOOP('',(#1661,#1662,#1663,#1664,#1665,#1666,#1667,#1668,#1669,
#1670));
#373=EDGE_LOOP('',(#1671,#1672,#1673,#1674));
#374=EDGE_LOOP('',(#1675,#1676,#1677,#1678));
#375=EDGE_LOOP('',(#1679,#1680,#1681,#1682));
#376=EDGE_LOOP('',(#1683,#1684,#1685,#1686));
#377=EDGE_LOOP('',(#1687,#1688,#1689,#1690));
#378=EDGE_LOOP('',(#1691,#1692,#1693,#1694));
#379=EDGE_LOOP('',(#1695,#1696,#1697,#1698,#1699,#1700,#1701,#1702,#1703,
#1704));
#380=EDGE_LOOP('',(#1705,#1706,#1707,#1708));
#381=EDGE_LOOP('',(#1709,#1710,#1711,#1712));
#382=EDGE_LOOP('',(#1713,#1714,#1715,#1716,#1717,#1718,#1719,#1720,#1721,
#1722,#1723,#1724,#1725,#1726,#1727,#1728,#1729,#1730,#1731));
#383=EDGE_LOOP('',(#1732,#1733,#1734,#1735,#1736,#1737,#1738,#1739,#1740,
#1741,#1742,#1743,#1744,#1745,#1746,#1747));
#384=EDGE_LOOP('',(#1748,#1749,#1750,#1751,#1752,#1753,#1754,#1755,#1756,
#1757,#1758,#1759));
#385=EDGE_LOOP('',(#1760,#1761,#1762,#1763,#1764,#1765,#1766,#1767));
#386=EDGE_LOOP('',(#1768));
#387=EDGE_LOOP('',(#1769));
#388=EDGE_LOOP('',(#1770));
#389=EDGE_LOOP('',(#1771));
#390=EDGE_LOOP('',(#1772,#1773,#1774,#1775));
#391=EDGE_LOOP('',(#1776,#1777,#1778,#1779));
#392=EDGE_LOOP('',(#1780,#1781,#1782,#1783));
#393=EDGE_LOOP('',(#1784,#1785,#1786,#1787));
#394=EDGE_LOOP('',(#1788,#1789,#1790,#1791));
#395=EDGE_LOOP('',(#1792,#1793,#1794,#1795));
#396=EDGE_LOOP('',(#1796,#1797,#1798,#1799));
#397=EDGE_LOOP('',(#1800,#1801,#1802,#1803));
#398=EDGE_LOOP('',(#1804,#1805,#1806,#1807));
#399=EDGE_LOOP('',(#1808,#1809,#1810,#1811));
#400=EDGE_LOOP('',(#1812,#1813,#1814,#1815));
#401=EDGE_LOOP('',(#1816,#1817,#1818,#1819,#1820,#1821,#1822,#1823));
#402=EDGE_LOOP('',(#1824,#1825,#1826,#1827));
#403=EDGE_LOOP('',(#1828,#1829,#1830,#1831,#1832,#1833,#1834,#1835,#1836,
#1837));
#404=EDGE_LOOP('',(#1838,#1839,#1840,#1841));
#405=EDGE_LOOP('',(#1842,#1843,#1844,#1845));
#406=EDGE_LOOP('',(#1846,#1847,#1848,#1849));
#407=EDGE_LOOP('',(#1850,#1851,#1852,#1853));
#408=EDGE_LOOP('',(#1854,#1855,#1856,#1857));
#409=EDGE_LOOP('',(#1858,#1859,#1860,#1861));
#410=EDGE_LOOP('',(#1862,#1863,#1864,#1865));
#411=EDGE_LOOP('',(#1866,#1867,#1868,#1869));
#412=EDGE_LOOP('',(#1870,#1871,#1872,#1873));
#413=EDGE_LOOP('',(#1874,#1875,#1876,#1877));
#414=EDGE_LOOP('',(#1878,#1879,#1880,#1881));
#415=EDGE_LOOP('',(#1882,#1883,#1884,#1885));
#416=EDGE_LOOP('',(#1886,#1887,#1888,#1889,#1890,#1891));
#417=EDGE_LOOP('',(#1892,#1893,#1894,#1895));
#418=EDGE_LOOP('',(#1896,#1897,#1898,#1899));
#419=EDGE_LOOP('',(#1900,#1901,#1902,#1903,#1904,#1905));
#420=EDGE_LOOP('',(#1906,#1907,#1908,#1909));
#421=EDGE_LOOP('',(#1910,#1911,#1912,#1913));
#422=EDGE_LOOP('',(#1914,#1915,#1916,#1917));
#423=EDGE_LOOP('',(#1918,#1919,#1920,#1921));
#424=EDGE_LOOP('',(#1922,#1923,#1924,#1925));
#425=EDGE_LOOP('',(#1926,#1927,#1928,#1929));
#426=EDGE_LOOP('',(#1930,#1931,#1932,#1933));
#427=EDGE_LOOP('',(#1934,#1935,#1936,#1937));
#428=EDGE_LOOP('',(#1938,#1939,#1940,#1941));
#429=EDGE_LOOP('',(#1942,#1943,#1944,#1945));
#430=EDGE_LOOP('',(#1946));
#431=EDGE_LOOP('',(#1947));
#432=EDGE_LOOP('',(#1948));
#433=EDGE_LOOP('',(#1949));
#434=EDGE_LOOP('',(#1950,#1951,#1952,#1953));
#435=EDGE_LOOP('',(#1954,#1955,#1956,#1957,#1958,#1959,#1960,#1961));
#436=EDGE_LOOP('',(#1962,#1963,#1964,#1965,#1966,#1967));
#437=EDGE_LOOP('',(#1968,#1969,#1970,#1971));
#438=EDGE_LOOP('',(#1972,#1973,#1974,#1975,#1976,#1977,#1978,#1979,#1980,
#1981,#1982,#1983));
#439=EDGE_LOOP('',(#1984,#1985,#1986,#1987));
#440=EDGE_LOOP('',(#1988,#1989,#1990,#1991));
#441=EDGE_LOOP('',(#1992,#1993,#1994,#1995));
#442=EDGE_LOOP('',(#1996,#1997,#1998,#1999));
#443=EDGE_LOOP('',(#2000,#2001));
#444=EDGE_LOOP('',(#2002,#2003,#2004,#2005));
#445=EDGE_LOOP('',(#2006,#2007,#2008,#2009));
#446=EDGE_LOOP('',(#2010,#2011,#2012,#2013,#2014,#2015,#2016,#2017));
#447=EDGE_LOOP('',(#2018,#2019,#2020,#2021,#2022,#2023,#2024,#2025,#2026,
#2027));
#448=EDGE_LOOP('',(#2028,#2029,#2030,#2031));
#449=EDGE_LOOP('',(#2032,#2033,#2034,#2035));
#450=EDGE_LOOP('',(#2036,#2037,#2038,#2039));
#451=EDGE_LOOP('',(#2040,#2041,#2042,#2043));
#452=EDGE_LOOP('',(#2044,#2045,#2046,#2047));
#453=EDGE_LOOP('',(#2048,#2049,#2050));
#454=EDGE_LOOP('',(#2051,#2052,#2053));
#455=EDGE_LOOP('',(#2054,#2055,#2056,#2057,#2058,#2059,#2060,#2061,#2062,
#2063,#2064,#2065));
#456=EDGE_LOOP('',(#2066,#2067,#2068,#2069));
#457=EDGE_LOOP('',(#2070,#2071,#2072,#2073));
#458=EDGE_LOOP('',(#2074,#2075,#2076,#2077));
#459=LINE('',#3181,#672);
#460=LINE('',#3183,#673);
#461=LINE('',#3185,#674);
#462=LINE('',#3186,#675);
#463=LINE('',#3201,#676);
#464=LINE('',#3203,#677);
#465=LINE('',#3204,#678);
#466=LINE('',#3207,#679);
#467=LINE('',#3208,#680);
#468=LINE('',#3211,#681);
#469=LINE('',#3215,#682);
#470=LINE('',#3226,#683);
#471=LINE('',#3230,#684);
#472=LINE('',#3236,#685);
#473=LINE('',#3239,#686);
#474=LINE('',#3242,#687);
#475=LINE('',#3244,#688);
#476=LINE('',#3248,#689);
#477=LINE('',#3249,#690);
#478=LINE('',#3253,#691);
#479=LINE('',#3257,#692);
#480=LINE('',#3259,#693);
#481=LINE('',#3261,#694);
#482=LINE('',#3263,#695);
#483=LINE('',#3264,#696);
#484=LINE('',#3266,#697);
#485=LINE('',#3268,#698);
#486=LINE('',#3270,#699);
#487=LINE('',#3272,#700);
#488=LINE('',#3273,#701);
#489=LINE('',#3276,#702);
#490=LINE('',#3277,#703);
#491=LINE('',#3282,#704);
#492=LINE('',#3284,#705);
#493=LINE('',#3288,#706);
#494=LINE('',#3291,#707);
#495=LINE('',#3298,#708);
#496=LINE('',#3299,#709);
#497=LINE('',#3302,#710);
#498=LINE('',#3304,#711);
#499=LINE('',#3308,#712);
#500=LINE('',#3309,#713);
#501=LINE('',#3312,#714);
#502=LINE('',#3314,#715);
#503=LINE('',#3330,#716);
#504=LINE('',#3332,#717);
#505=LINE('',#3334,#718);
#506=LINE('',#3335,#719);
#507=LINE('',#3337,#720);
#508=LINE('',#3339,#721);
#509=LINE('',#3341,#722);
#510=LINE('',#3343,#723);
#511=LINE('',#3346,#724);
#512=LINE('',#3350,#725);
#513=LINE('',#3354,#726);
#514=LINE('',#3360,#727);
#515=LINE('',#3363,#728);
#516=LINE('',#3366,#729);
#517=LINE('',#3368,#730);
#518=LINE('',#3370,#731);
#519=LINE('',#3371,#732);
#520=LINE('',#3375,#733);
#521=LINE('',#3377,#734);
#522=LINE('',#3378,#735);
#523=LINE('',#3379,#736);
#524=LINE('',#3384,#737);
#525=LINE('',#3391,#738);
#526=LINE('',#3394,#739);
#527=LINE('',#3400,#740);
#528=LINE('',#3403,#741);
#529=LINE('',#3409,#742);
#530=LINE('',#3412,#743);
#531=LINE('',#3418,#744);
#532=LINE('',#3428,#745);
#533=LINE('',#3433,#746);
#534=LINE('',#3437,#747);
#535=LINE('',#3438,#748);
#536=LINE('',#3439,#749);
#537=LINE('',#3442,#750);
#538=LINE('',#3446,#751);
#539=LINE('',#3453,#752);
#540=LINE('',#3456,#753);
#541=LINE('',#3459,#754);
#542=LINE('',#3461,#755);
#543=LINE('',#3462,#756);
#544=LINE('',#3465,#757);
#545=LINE('',#3469,#758);
#546=LINE('',#3471,#759);
#547=LINE('',#3473,#760);
#548=LINE('',#3475,#761);
#549=LINE('',#3477,#762);
#550=LINE('',#3478,#763);
#551=LINE('',#3481,#764);
#552=LINE('',#3484,#765);
#553=LINE('',#3487,#766);
#554=LINE('',#3488,#767);
#555=LINE('',#3490,#768);
#556=LINE('',#3493,#769);
#557=LINE('',#3495,#770);
#558=LINE('',#3496,#771);
#559=LINE('',#3499,#772);
#560=LINE('',#3500,#773);
#561=LINE('',#3503,#774);
#562=LINE('',#3504,#775);
#563=LINE('',#3506,#776);
#564=LINE('',#3507,#777);
#565=LINE('',#3509,#778);
#566=LINE('',#3515,#779);
#567=LINE('',#3517,#780);
#568=LINE('',#3521,#781);
#569=LINE('',#3525,#782);
#570=LINE('',#3530,#783);
#571=LINE('',#3534,#784);
#572=LINE('',#3537,#785);
#573=LINE('',#3539,#786);
#574=LINE('',#3543,#787);
#575=LINE('',#3547,#788);
#576=LINE('',#3551,#789);
#577=LINE('',#3554,#790);
#578=LINE('',#3557,#791);
#579=LINE('',#3559,#792);
#580=LINE('',#3561,#793);
#581=LINE('',#3563,#794);
#582=LINE('',#3565,#795);
#583=LINE('',#3567,#796);
#584=LINE('',#3570,#797);
#585=LINE('',#3582,#798);
#586=LINE('',#3583,#799);
#587=LINE('',#3584,#800);
#588=LINE('',#3588,#801);
#589=LINE('',#3589,#802);
#590=LINE('',#3590,#803);
#591=LINE('',#3593,#804);
#592=LINE('',#3594,#805);
#593=LINE('',#3597,#806);
#594=LINE('',#3598,#807);
#595=LINE('',#3601,#808);
#596=LINE('',#3602,#809);
#597=LINE('',#3605,#810);
#598=LINE('',#3606,#811);
#599=LINE('',#3609,#812);
#600=LINE('',#3611,#813);
#601=LINE('',#3614,#814);
#602=LINE('',#3616,#815);
#603=LINE('',#3617,#816);
#604=LINE('',#3623,#817);
#605=LINE('',#3626,#818);
#606=LINE('',#3629,#819);
#607=LINE('',#3633,#820);
#608=LINE('',#3637,#821);
#609=LINE('',#3641,#822);
#610=LINE('',#3644,#823);
#611=LINE('',#3647,#824);
#612=LINE('',#3648,#825);
#613=LINE('',#3651,#826);
#614=LINE('',#3654,#827);
#615=LINE('',#3657,#828);
#616=LINE('',#3658,#829);
#617=LINE('',#3662,#830);
#618=LINE('',#3665,#831);
#619=LINE('',#3666,#832);
#620=LINE('',#3670,#833);
#621=LINE('',#3672,#834);
#622=LINE('',#3676,#835);
#623=LINE('',#3678,#836);
#624=LINE('',#3680,#837);
#625=LINE('',#3681,#838);
#626=LINE('',#3685,#839);
#627=LINE('',#3687,#840);
#628=LINE('',#3689,#841);
#629=LINE('',#3690,#842);
#630=LINE('',#3693,#843);
#631=LINE('',#3695,#844);
#632=LINE('',#3696,#845);
#633=LINE('',#3700,#846);
#634=LINE('',#3703,#847);
#635=LINE('',#3709,#848);
#636=LINE('',#3711,#849);
#637=LINE('',#3713,#850);
#638=LINE('',#3714,#851);
#639=LINE('',#3716,#852);
#640=LINE('',#3717,#853);
#641=LINE('',#3727,#854);
#642=LINE('',#3730,#855);
#643=LINE('',#3733,#856);
#644=LINE('',#3734,#857);
#645=LINE('',#3740,#858);
#646=LINE('',#3743,#859);
#647=LINE('',#3745,#860);
#648=LINE('',#3746,#861);
#649=LINE('',#3750,#862);
#650=LINE('',#3754,#863);
#651=LINE('',#3766,#864);
#652=LINE('',#3767,#865);
#653=LINE('',#3768,#866);
#654=LINE('',#3774,#867);
#655=LINE('',#3801,#868);
#656=LINE('',#3802,#869);
#657=LINE('',#3816,#870);
#658=LINE('',#3818,#871);
#659=LINE('',#3820,#872);
#660=LINE('',#3825,#873);
#661=LINE('',#3839,#874);
#662=LINE('',#3842,#875);
#663=LINE('',#3843,#876);
#664=LINE('',#3845,#877);
#665=LINE('',#3847,#878);
#666=LINE('',#3850,#879);
#667=LINE('',#3852,#880);
#668=LINE('',#3854,#881);
#669=LINE('',#3855,#882);
#670=LINE('',#3857,#883);
#671=LINE('',#3859,#884);
#672=VECTOR('',#2514,10.);
#673=VECTOR('',#2515,10.);
#674=VECTOR('',#2516,10.);
#675=VECTOR('',#2517,10.);
#676=VECTOR('',#2532,10.);
#677=VECTOR('',#2533,10.);
#678=VECTOR('',#2534,10.);
#679=VECTOR('',#2537,10.);
#680=VECTOR('',#2538,10.);
#681=VECTOR('',#2541,2.5);
#682=VECTOR('',#2546,2.5);
#683=VECTOR('',#2561,1.5);
#684=VECTOR('',#2566,1.5);
#685=VECTOR('',#2571,10.);
#686=VECTOR('',#2574,10.);
#687=VECTOR('',#2577,10.);
#688=VECTOR('',#2578,10.);
#689=VECTOR('',#2581,10.);
#690=VECTOR('',#2582,10.);
#691=VECTOR('',#2585,10.);
#692=VECTOR('',#2588,10.);
#693=VECTOR('',#2589,10.);
#694=VECTOR('',#2590,10.);
#695=VECTOR('',#2591,10.);
#696=VECTOR('',#2592,10.);
#697=VECTOR('',#2593,10.);
#698=VECTOR('',#2594,10.);
#699=VECTOR('',#2595,10.);
#700=VECTOR('',#2596,10.);
#701=VECTOR('',#2597,10.);
#702=VECTOR('',#2600,10.);
#703=VECTOR('',#2601,10.);
#704=VECTOR('',#2606,10.);
#705=VECTOR('',#2607,10.);
#706=VECTOR('',#2610,10.);
#707=VECTOR('',#2613,10.);
#708=VECTOR('',#2622,10.);
#709=VECTOR('',#2623,10.);
#710=VECTOR('',#2626,10.);
#711=VECTOR('',#2627,10.);
#712=VECTOR('',#2630,10.);
#713=VECTOR('',#2631,10.);
#714=VECTOR('',#2636,10.);
#715=VECTOR('',#2639,10.);
#716=VECTOR('',#2662,10.);
#717=VECTOR('',#2663,10.);
#718=VECTOR('',#2664,10.);
#719=VECTOR('',#2665,10.);
#720=VECTOR('',#2666,10.);
#721=VECTOR('',#2667,10.);
#722=VECTOR('',#2668,10.);
#723=VECTOR('',#2669,10.);
#724=VECTOR('',#2672,10.);
#725=VECTOR('',#2677,1.25);
#726=VECTOR('',#2682,1.25);
#727=VECTOR('',#2687,10.);
#728=VECTOR('',#2690,10.);
#729=VECTOR('',#2693,10.);
#730=VECTOR('',#2694,10.);
#731=VECTOR('',#2695,10.);
#732=VECTOR('',#2696,10.);
#733=VECTOR('',#2699,10.);
#734=VECTOR('',#2700,10.);
#735=VECTOR('',#2701,10.);
#736=VECTOR('',#2702,10.);
#737=VECTOR('',#2707,10.);
#738=VECTOR('',#2714,10.);
#739=VECTOR('',#2717,10.);
#740=VECTOR('',#2722,10.);
#741=VECTOR('',#2725,10.);
#742=VECTOR('',#2730,10.);
#743=VECTOR('',#2733,10.);
#744=VECTOR('',#2740,10.);
#745=VECTOR('',#2755,1.515);
#746=VECTOR('',#2762,1.515);
#747=VECTOR('',#2769,10.);
#748=VECTOR('',#2770,10.);
#749=VECTOR('',#2771,10.);
#750=VECTOR('',#2774,1.515);
#751=VECTOR('',#2781,1.515);
#752=VECTOR('',#2788,10.);
#753=VECTOR('',#2791,10.);
#754=VECTOR('',#2794,10.);
#755=VECTOR('',#2795,10.);
#756=VECTOR('',#2796,10.);
#757=VECTOR('',#2799,10.);
#758=VECTOR('',#2802,10.);
#759=VECTOR('',#2803,10.);
#760=VECTOR('',#2804,10.);
#761=VECTOR('',#2805,10.);
#762=VECTOR('',#2806,10.);
#763=VECTOR('',#2807,10.);
#764=VECTOR('',#2810,10.);
#765=VECTOR('',#2813,10.);
#766=VECTOR('',#2816,10.);
#767=VECTOR('',#2817,10.);
#768=VECTOR('',#2820,10.);
#769=VECTOR('',#2823,10.);
#770=VECTOR('',#2824,10.);
#771=VECTOR('',#2825,10.);
#772=VECTOR('',#2828,10.);
#773=VECTOR('',#2829,10.);
#774=VECTOR('',#2832,10.);
#775=VECTOR('',#2833,10.);
#776=VECTOR('',#2836,10.);
#777=VECTOR('',#2837,10.);
#778=VECTOR('',#2840,10.);
#779=VECTOR('',#2849,10.);
#780=VECTOR('',#2850,10.);
#781=VECTOR('',#2853,10.);
#782=VECTOR('',#2856,10.);
#783=VECTOR('',#2861,10.);
#784=VECTOR('',#2864,10.);
#785=VECTOR('',#2869,10.);
#786=VECTOR('',#2870,10.);
#787=VECTOR('',#2873,10.);
#788=VECTOR('',#2876,10.);
#789=VECTOR('',#2879,10.);
#790=VECTOR('',#2882,10.);
#791=VECTOR('',#2883,10.);
#792=VECTOR('',#2884,10.);
#793=VECTOR('',#2885,10.);
#794=VECTOR('',#2886,10.);
#795=VECTOR('',#2887,10.);
#796=VECTOR('',#2888,10.);
#797=VECTOR('',#2891,10.);
#798=VECTOR('',#2902,10.);
#799=VECTOR('',#2903,10.);
#800=VECTOR('',#2904,10.);
#801=VECTOR('',#2907,10.);
#802=VECTOR('',#2908,10.);
#803=VECTOR('',#2909,10.);
#804=VECTOR('',#2912,10.);
#805=VECTOR('',#2913,10.);
#806=VECTOR('',#2916,10.);
#807=VECTOR('',#2917,10.);
#808=VECTOR('',#2920,10.);
#809=VECTOR('',#2921,10.);
#810=VECTOR('',#2924,10.);
#811=VECTOR('',#2925,10.);
#812=VECTOR('',#2930,10.);
#813=VECTOR('',#2933,10.);
#814=VECTOR('',#2936,10.);
#815=VECTOR('',#2937,10.);
#816=VECTOR('',#2938,10.);
#817=VECTOR('',#2943,10.);
#818=VECTOR('',#2946,10.);
#819=VECTOR('',#2949,10.);
#820=VECTOR('',#2952,10.);
#821=VECTOR('',#2955,10.);
#822=VECTOR('',#2958,10.);
#823=VECTOR('',#2961,10.);
#824=VECTOR('',#2964,10.);
#825=VECTOR('',#2965,10.);
#826=VECTOR('',#2968,10.);
#827=VECTOR('',#2971,10.);
#828=VECTOR('',#2974,10.);
#829=VECTOR('',#2975,10.);
#830=VECTOR('',#2980,10.);
#831=VECTOR('',#2983,10.);
#832=VECTOR('',#2984,10.);
#833=VECTOR('',#2989,10.);
#834=VECTOR('',#2992,10.);
#835=VECTOR('',#2995,10.);
#836=VECTOR('',#2996,10.);
#837=VECTOR('',#2997,10.);
#838=VECTOR('',#2998,10.);
#839=VECTOR('',#3001,10.);
#840=VECTOR('',#3002,10.);
#841=VECTOR('',#3003,10.);
#842=VECTOR('',#3004,10.);
#843=VECTOR('',#3007,10.);
#844=VECTOR('',#3008,10.);
#845=VECTOR('',#3009,10.);
#846=VECTOR('',#3014,5.);
#847=VECTOR('',#3019,10.);
#848=VECTOR('',#3026,10.);
#849=VECTOR('',#3027,10.);
#850=VECTOR('',#3028,10.);
#851=VECTOR('',#3029,10.);
#852=VECTOR('',#3032,10.);
#853=VECTOR('',#3033,10.);
#854=VECTOR('',#3050,10.);
#855=VECTOR('',#3053,10.);
#856=VECTOR('',#3056,10.);
#857=VECTOR('',#3057,10.);
#858=VECTOR('',#3068,10.);
#859=VECTOR('',#3071,10.);
#860=VECTOR('',#3072,10.);
#861=VECTOR('',#3073,10.);
#862=VECTOR('',#3078,1.45);
#863=VECTOR('',#3083,1.45);
#864=VECTOR('',#3098,10.);
#865=VECTOR('',#3099,10.);
#866=VECTOR('',#3100,10.);
#867=VECTOR('',#3107,10.);
#868=VECTOR('',#3116,10.);
#869=VECTOR('',#3117,10.);
#870=VECTOR('',#3124,1.45);
#871=VECTOR('',#3127,1.45);
#872=VECTOR('',#3130,10.);
#873=VECTOR('',#3137,10.);
#874=VECTOR('',#3144,10.);
#875=VECTOR('',#3149,10.);
#876=VECTOR('',#3150,10.);
#877=VECTOR('',#3153,10.);
#878=VECTOR('',#3156,10.);
#879=VECTOR('',#3161,10.);
#880=VECTOR('',#3164,10.);
#881=VECTOR('',#3167,10.);
#882=VECTOR('',#3168,10.);
#883=VECTOR('',#3171,10.);
#884=VECTOR('',#3174,10.);
#885=VERTEX_POINT('',#3179);
#886=VERTEX_POINT('',#3180);
#887=VERTEX_POINT('',#3182);
#888=VERTEX_POINT('',#3184);
#889=VERTEX_POINT('',#3187);
#890=VERTEX_POINT('',#3189);
#891=VERTEX_POINT('',#3191);
#892=VERTEX_POINT('',#3193);
#893=VERTEX_POINT('',#3195);
#894=VERTEX_POINT('',#3197);
#895=VERTEX_POINT('',#3200);
#896=VERTEX_POINT('',#3202);
#897=VERTEX_POINT('',#3206);
#898=VERTEX_POINT('',#3210);
#899=VERTEX_POINT('',#3214);
#900=VERTEX_POINT('',#3218);
#901=VERTEX_POINT('',#3221);
#902=VERTEX_POINT('',#3224);
#903=VERTEX_POINT('',#3228);
#904=VERTEX_POINT('',#3232);
#905=VERTEX_POINT('',#3233);
#906=VERTEX_POINT('',#3235);
#907=VERTEX_POINT('',#3237);
#908=VERTEX_POINT('',#3241);
#909=VERTEX_POINT('',#3243);
#910=VERTEX_POINT('',#3245);
#911=VERTEX_POINT('',#3247);
#912=VERTEX_POINT('',#3251);
#913=VERTEX_POINT('',#3252);
#914=VERTEX_POINT('',#3254);
#915=VERTEX_POINT('',#3256);
#916=VERTEX_POINT('',#3258);
#917=VERTEX_POINT('',#3260);
#918=VERTEX_POINT('',#3262);
#919=VERTEX_POINT('',#3265);
#920=VERTEX_POINT('',#3267);
#921=VERTEX_POINT('',#3269);
#922=VERTEX_POINT('',#3271);
#923=VERTEX_POINT('',#3275);
#924=VERTEX_POINT('',#3279);
#925=VERTEX_POINT('',#3281);
#926=VERTEX_POINT('',#3283);
#927=VERTEX_POINT('',#3285);
#928=VERTEX_POINT('',#3287);
#929=VERTEX_POINT('',#3289);
#930=VERTEX_POINT('',#3292);
#931=VERTEX_POINT('',#3297);
#932=VERTEX_POINT('',#3301);
#933=VERTEX_POINT('',#3303);
#934=VERTEX_POINT('',#3305);
#935=VERTEX_POINT('',#3307);
#936=VERTEX_POINT('',#3316);
#937=VERTEX_POINT('',#3324);
#938=VERTEX_POINT('',#3328);
#939=VERTEX_POINT('',#3329);
#940=VERTEX_POINT('',#3331);
#941=VERTEX_POINT('',#3333);
#942=VERTEX_POINT('',#3336);
#943=VERTEX_POINT('',#3338);
#944=VERTEX_POINT('',#3340);
#945=VERTEX_POINT('',#3342);
#946=VERTEX_POINT('',#3344);
#947=VERTEX_POINT('',#3348);
#948=VERTEX_POINT('',#3352);
#949=VERTEX_POINT('',#3356);
#950=VERTEX_POINT('',#3357);
#951=VERTEX_POINT('',#3359);
#952=VERTEX_POINT('',#3361);
#953=VERTEX_POINT('',#3365);
#954=VERTEX_POINT('',#3367);
#955=VERTEX_POINT('',#3369);
#956=VERTEX_POINT('',#3373);
#957=VERTEX_POINT('',#3374);
#958=VERTEX_POINT('',#3376);
#959=VERTEX_POINT('',#3381);
#960=VERTEX_POINT('',#3383);
#961=VERTEX_POINT('',#3387);
#962=VERTEX_POINT('',#3388);
#963=VERTEX_POINT('',#3390);
#964=VERTEX_POINT('',#3392);
#965=VERTEX_POINT('',#3396);
#966=VERTEX_POINT('',#3397);
#967=VERTEX_POINT('',#3399);
#968=VERTEX_POINT('',#3401);
#969=VERTEX_POINT('',#3405);
#970=VERTEX_POINT('',#3406);
#971=VERTEX_POINT('',#3408);
#972=VERTEX_POINT('',#3410);
#973=VERTEX_POINT('',#3414);
#974=VERTEX_POINT('',#3416);
#975=VERTEX_POINT('',#3423);
#976=VERTEX_POINT('',#3427);
#977=VERTEX_POINT('',#3432);
#978=VERTEX_POINT('',#3441);
#979=VERTEX_POINT('',#3449);
#980=VERTEX_POINT('',#3450);
#981=VERTEX_POINT('',#3452);
#982=VERTEX_POINT('',#3454);
#983=VERTEX_POINT('',#3458);
#984=VERTEX_POINT('',#3460);
#985=VERTEX_POINT('',#3464);
#986=VERTEX_POINT('',#3466);
#987=VERTEX_POINT('',#3468);
#988=VERTEX_POINT('',#3470);
#989=VERTEX_POINT('',#3472);
#990=VERTEX_POINT('',#3474);
#991=VERTEX_POINT('',#3476);
#992=VERTEX_POINT('',#3480);
#993=VERTEX_POINT('',#3482);
#994=VERTEX_POINT('',#3486);
#995=VERTEX_POINT('',#3492);
#996=VERTEX_POINT('',#3494);
#997=VERTEX_POINT('',#3498);
#998=VERTEX_POINT('',#3502);
#999=VERTEX_POINT('',#3514);
#1000=VERTEX_POINT('',#3516);
#1001=VERTEX_POINT('',#3518);
#1002=VERTEX_POINT('',#3520);
#1003=VERTEX_POINT('',#3522);
#1004=VERTEX_POINT('',#3524);
#1005=VERTEX_POINT('',#3527);
#1006=VERTEX_POINT('',#3529);
#1007=VERTEX_POINT('',#3531);
#1008=VERTEX_POINT('',#3533);
#1009=VERTEX_POINT('',#3538);
#1010=VERTEX_POINT('',#3540);
#1011=VERTEX_POINT('',#3542);
#1012=VERTEX_POINT('',#3544);
#1013=VERTEX_POINT('',#3546);
#1014=VERTEX_POINT('',#3548);
#1015=VERTEX_POINT('',#3550);
#1016=VERTEX_POINT('',#3552);
#1017=VERTEX_POINT('',#3555);
#1018=VERTEX_POINT('',#3556);
#1019=VERTEX_POINT('',#3558);
#1020=VERTEX_POINT('',#3560);
#1021=VERTEX_POINT('',#3562);
#1022=VERTEX_POINT('',#3564);
#1023=VERTEX_POINT('',#3566);
#1024=VERTEX_POINT('',#3568);
#1025=VERTEX_POINT('',#3571);
#1026=VERTEX_POINT('',#3573);
#1027=VERTEX_POINT('',#3575);
#1028=VERTEX_POINT('',#3577);
#1029=VERTEX_POINT('',#3580);
#1030=VERTEX_POINT('',#3581);
#1031=VERTEX_POINT('',#3586);
#1032=VERTEX_POINT('',#3587);
#1033=VERTEX_POINT('',#3592);
#1034=VERTEX_POINT('',#3596);
#1035=VERTEX_POINT('',#3600);
#1036=VERTEX_POINT('',#3604);
#1037=VERTEX_POINT('',#3613);
#1038=VERTEX_POINT('',#3615);
#1039=VERTEX_POINT('',#3619);
#1040=VERTEX_POINT('',#3620);
#1041=VERTEX_POINT('',#3622);
#1042=VERTEX_POINT('',#3624);
#1043=VERTEX_POINT('',#3628);
#1044=VERTEX_POINT('',#3630);
#1045=VERTEX_POINT('',#3632);
#1046=VERTEX_POINT('',#3634);
#1047=VERTEX_POINT('',#3636);
#1048=VERTEX_POINT('',#3638);
#1049=VERTEX_POINT('',#3640);
#1050=VERTEX_POINT('',#3642);
#1051=VERTEX_POINT('',#3646);
#1052=VERTEX_POINT('',#3650);
#1053=VERTEX_POINT('',#3652);
#1054=VERTEX_POINT('',#3656);
#1055=VERTEX_POINT('',#3660);
#1056=VERTEX_POINT('',#3664);
#1057=VERTEX_POINT('',#3668);
#1058=VERTEX_POINT('',#3674);
#1059=VERTEX_POINT('',#3675);
#1060=VERTEX_POINT('',#3677);
#1061=VERTEX_POINT('',#3679);
#1062=VERTEX_POINT('',#3683);
#1063=VERTEX_POINT('',#3684);
#1064=VERTEX_POINT('',#3686);
#1065=VERTEX_POINT('',#3688);
#1066=VERTEX_POINT('',#3692);
#1067=VERTEX_POINT('',#3694);
#1068=VERTEX_POINT('',#3698);
#1069=VERTEX_POINT('',#3707);
#1070=VERTEX_POINT('',#3708);
#1071=VERTEX_POINT('',#3710);
#1072=VERTEX_POINT('',#3712);
#1073=VERTEX_POINT('',#3726);
#1074=VERTEX_POINT('',#3728);
#1075=VERTEX_POINT('',#3732);
#1076=VERTEX_POINT('',#3742);
#1077=VERTEX_POINT('',#3744);
#1078=VERTEX_POINT('',#3748);
#1079=VERTEX_POINT('',#3752);
#1080=VERTEX_POINT('',#3757);
#1081=VERTEX_POINT('',#3760);
#1082=VERTEX_POINT('',#3764);
#1083=VERTEX_POINT('',#3765);
#1084=VERTEX_POINT('',#3770);
#1085=VERTEX_POINT('',#3772);
#1086=VERTEX_POINT('',#3798);
#1087=VERTEX_POINT('',#3799);
#1088=VERTEX_POINT('',#3803);
#1089=VERTEX_POINT('',#3804);
#1090=VERTEX_POINT('',#3808);
#1091=VERTEX_POINT('',#3810);
#1092=VERTEX_POINT('',#3823);
#1093=VERTEX_POINT('',#3826);
#1094=VERTEX_POINT('',#3827);
#1095=VERTEX_POINT('',#3829);
#1096=VERTEX_POINT('',#3833);
#1097=EDGE_CURVE('',#885,#886,#459,.T.);
#1098=EDGE_CURVE('',#887,#885,#460,.T.);
#1099=EDGE_CURVE('',#888,#887,#461,.T.);
#1100=EDGE_CURVE('',#886,#888,#462,.T.);
#1101=EDGE_CURVE('',#889,#889,#104,.T.);
#1102=EDGE_CURVE('',#890,#890,#105,.T.);
#1103=EDGE_CURVE('',#891,#891,#106,.T.);
#1104=EDGE_CURVE('',#892,#892,#107,.T.);
#1105=EDGE_CURVE('',#893,#893,#108,.T.);
#1106=EDGE_CURVE('',#894,#894,#109,.T.);
#1107=EDGE_CURVE('',#895,#885,#463,.T.);
#1108=EDGE_CURVE('',#896,#895,#464,.T.);
#1109=EDGE_CURVE('',#887,#896,#465,.T.);
#1110=EDGE_CURVE('',#897,#886,#466,.T.);
#1111=EDGE_CURVE('',#895,#897,#467,.T.);
#1112=EDGE_CURVE('',#894,#898,#468,.T.);
#1113=EDGE_CURVE('',#898,#898,#110,.T.);
#1114=EDGE_CURVE('',#892,#899,#469,.T.);
#1115=EDGE_CURVE('',#899,#899,#111,.T.);
#1116=EDGE_CURVE('',#900,#900,#112,.T.);
#1117=EDGE_CURVE('',#901,#901,#113,.T.);
#1118=EDGE_CURVE('',#902,#902,#114,.T.);
#1119=EDGE_CURVE('',#902,#901,#470,.T.);
#1120=EDGE_CURVE('',#903,#903,#115,.T.);
#1121=EDGE_CURVE('',#903,#900,#471,.T.);
#1122=EDGE_CURVE('',#904,#905,#116,.T.);
#1123=EDGE_CURVE('',#905,#906,#472,.T.);
#1124=EDGE_CURVE('',#906,#907,#117,.T.);
#1125=EDGE_CURVE('',#907,#904,#473,.T.);
#1126=EDGE_CURVE('',#908,#905,#474,.T.);
#1127=EDGE_CURVE('',#908,#909,#475,.T.);
#1128=EDGE_CURVE('',#909,#910,#118,.T.);
#1129=EDGE_CURVE('',#910,#911,#476,.T.);
#1130=EDGE_CURVE('',#911,#906,#477,.T.);
#1131=EDGE_CURVE('',#912,#913,#478,.T.);
#1132=EDGE_CURVE('',#913,#914,#119,.T.);
#1133=EDGE_CURVE('',#914,#915,#479,.T.);
#1134=EDGE_CURVE('',#916,#915,#480,.T.);
#1135=EDGE_CURVE('',#916,#917,#481,.T.);
#1136=EDGE_CURVE('',#917,#918,#482,.T.);
#1137=EDGE_CURVE('',#918,#907,#483,.T.);
#1138=EDGE_CURVE('',#919,#911,#484,.T.);
#1139=EDGE_CURVE('',#920,#919,#485,.T.);
#1140=EDGE_CURVE('',#920,#921,#486,.T.);
#1141=EDGE_CURVE('',#922,#921,#487,.T.);
#1142=EDGE_CURVE('',#912,#922,#488,.T.);
#1143=EDGE_CURVE('',#918,#923,#489,.T.);
#1144=EDGE_CURVE('',#904,#923,#490,.T.);
#1145=EDGE_CURVE('',#924,#909,#120,.T.);
#1146=EDGE_CURVE('',#908,#925,#491,.T.);
#1147=EDGE_CURVE('',#925,#926,#492,.T.);
#1148=EDGE_CURVE('',#927,#926,#121,.T.);
#1149=EDGE_CURVE('',#928,#927,#493,.T.);
#1150=EDGE_CURVE('',#929,#928,#122,.T.);
#1151=EDGE_CURVE('',#929,#919,#494,.T.);
#1152=EDGE_CURVE('',#910,#930,#123,.T.);
#1153=EDGE_CURVE('',#930,#924,#124,.T.);
#1154=EDGE_CURVE('',#926,#929,#125,.T.);
#1155=EDGE_CURVE('',#897,#931,#495,.T.);
#1156=EDGE_CURVE('',#931,#896,#496,.T.);
#1157=EDGE_CURVE('',#932,#924,#497,.T.);
#1158=EDGE_CURVE('',#932,#933,#498,.T.);
#1159=EDGE_CURVE('',#933,#934,#126,.T.);
#1160=EDGE_CURVE('',#935,#934,#499,.T.);
#1161=EDGE_CURVE('',#935,#930,#500,.T.);
#1162=EDGE_CURVE('',#935,#932,#127,.T.);
#1163=EDGE_CURVE('',#935,#934,#501,.T.);
#1164=EDGE_CURVE('',#934,#933,#128,.T.);
#1165=EDGE_CURVE('',#932,#933,#502,.T.);
#1166=EDGE_CURVE('',#936,#936,#129,.T.);
#1167=EDGE_CURVE('',#932,#935,#130,.T.);
#1168=EDGE_CURVE('',#933,#934,#131,.T.);
#1169=EDGE_CURVE('',#934,#933,#132,.T.);
#1170=EDGE_CURVE('',#937,#937,#133,.T.);
#1171=EDGE_CURVE('',#938,#939,#503,.T.);
#1172=EDGE_CURVE('',#940,#938,#504,.T.);
#1173=EDGE_CURVE('',#941,#940,#505,.T.);
#1174=EDGE_CURVE('',#925,#941,#506,.T.);
#1175=EDGE_CURVE('',#923,#942,#507,.T.);
#1176=EDGE_CURVE('',#942,#943,#508,.T.);
#1177=EDGE_CURVE('',#943,#944,#509,.T.);
#1178=EDGE_CURVE('',#944,#945,#510,.T.);
#1179=EDGE_CURVE('',#945,#946,#134,.T.);
#1180=EDGE_CURVE('',#946,#939,#511,.T.);
#1181=EDGE_CURVE('',#947,#947,#135,.T.);
#1182=EDGE_CURVE('',#947,#937,#512,.T.);
#1183=EDGE_CURVE('',#948,#948,#136,.T.);
#1184=EDGE_CURVE('',#948,#936,#513,.T.);
#1185=EDGE_CURVE('',#949,#950,#137,.T.);
#1186=EDGE_CURVE('',#949,#951,#514,.T.);
#1187=EDGE_CURVE('',#951,#952,#138,.T.);
#1188=EDGE_CURVE('',#950,#952,#515,.T.);
#1189=EDGE_CURVE('',#950,#953,#516,.T.);
#1190=EDGE_CURVE('',#952,#954,#517,.T.);
#1191=EDGE_CURVE('',#955,#954,#518,.T.);
#1192=EDGE_CURVE('',#953,#955,#519,.T.);
#1193=EDGE_CURVE('',#956,#957,#520,.T.);
#1194=EDGE_CURVE('',#956,#958,#521,.T.);
#1195=EDGE_CURVE('',#958,#951,#522,.T.);
#1196=EDGE_CURVE('',#957,#949,#523,.T.);
#1197=EDGE_CURVE('',#959,#956,#139,.T.);
#1198=EDGE_CURVE('',#960,#959,#524,.T.);
#1199=EDGE_CURVE('',#960,#958,#140,.T.);
#1200=EDGE_CURVE('',#961,#962,#141,.T.);
#1201=EDGE_CURVE('',#963,#961,#525,.T.);
#1202=EDGE_CURVE('',#963,#964,#142,.T.);
#1203=EDGE_CURVE('',#962,#964,#526,.T.);
#1204=EDGE_CURVE('',#965,#966,#143,.T.);
#1205=EDGE_CURVE('',#967,#965,#527,.T.);
#1206=EDGE_CURVE('',#967,#968,#144,.T.);
#1207=EDGE_CURVE('',#966,#968,#528,.T.);
#1208=EDGE_CURVE('',#969,#970,#145,.T.);
#1209=EDGE_CURVE('',#971,#969,#529,.T.);
#1210=EDGE_CURVE('',#971,#972,#146,.T.);
#1211=EDGE_CURVE('',#970,#972,#530,.T.);
#1212=EDGE_CURVE('',#955,#973,#147,.T.);
#1213=EDGE_CURVE('',#954,#974,#148,.T.);
#1214=EDGE_CURVE('',#973,#974,#531,.T.);
#1215=EDGE_CURVE('',#964,#960,#149,.T.);
#1216=EDGE_CURVE('',#968,#963,#150,.T.);
#1217=EDGE_CURVE('',#972,#967,#151,.T.);
#1218=EDGE_CURVE('',#975,#971,#152,.T.);
#1219=EDGE_CURVE('',#974,#975,#153,.T.);
#1220=EDGE_CURVE('',#893,#976,#532,.T.);
#1221=EDGE_CURVE('',#966,#976,#154,.T.);
#1222=EDGE_CURVE('',#976,#961,#155,.T.);
#1223=EDGE_CURVE('',#890,#977,#533,.T.);
#1224=EDGE_CURVE('',#962,#977,#156,.T.);
#1225=EDGE_CURVE('',#977,#959,#157,.T.);
#1226=EDGE_CURVE('',#953,#939,#534,.T.);
#1227=EDGE_CURVE('',#913,#946,#535,.T.);
#1228=EDGE_CURVE('',#957,#912,#536,.T.);
#1229=EDGE_CURVE('',#889,#978,#537,.T.);
#1230=EDGE_CURVE('',#970,#978,#158,.T.);
#1231=EDGE_CURVE('',#978,#965,#159,.T.);
#1232=EDGE_CURVE('',#891,#975,#538,.T.);
#1233=EDGE_CURVE('',#973,#969,#160,.T.);
#1234=EDGE_CURVE('',#979,#980,#161,.T.);
#1235=EDGE_CURVE('',#980,#981,#539,.T.);
#1236=EDGE_CURVE('',#981,#982,#162,.T.);
#1237=EDGE_CURVE('',#982,#979,#540,.T.);
#1238=EDGE_CURVE('',#983,#982,#541,.T.);
#1239=EDGE_CURVE('',#984,#983,#542,.T.);
#1240=EDGE_CURVE('',#984,#979,#543,.T.);
#1241=EDGE_CURVE('',#985,#981,#544,.T.);
#1242=EDGE_CURVE('',#986,#985,#163,.T.);
#1243=EDGE_CURVE('',#987,#986,#545,.T.);
#1244=EDGE_CURVE('',#988,#987,#546,.T.);
#1245=EDGE_CURVE('',#988,#989,#547,.T.);
#1246=EDGE_CURVE('',#990,#989,#548,.T.);
#1247=EDGE_CURVE('',#991,#990,#549,.T.);
#1248=EDGE_CURVE('',#983,#991,#550,.T.);
#1249=EDGE_CURVE('',#985,#992,#551,.T.);
#1250=EDGE_CURVE('',#992,#993,#164,.T.);
#1251=EDGE_CURVE('',#993,#986,#552,.T.);
#1252=EDGE_CURVE('',#994,#993,#553,.T.);
#1253=EDGE_CURVE('',#987,#994,#554,.T.);
#1254=EDGE_CURVE('',#980,#992,#555,.T.);
#1255=EDGE_CURVE('',#995,#989,#556,.T.);
#1256=EDGE_CURVE('',#996,#995,#557,.T.);
#1257=EDGE_CURVE('',#990,#996,#558,.T.);
#1258=EDGE_CURVE('',#997,#996,#559,.T.);
#1259=EDGE_CURVE('',#991,#997,#560,.T.);
#1260=EDGE_CURVE('',#998,#988,#561,.T.);
#1261=EDGE_CURVE('',#998,#995,#562,.T.);
#1262=EDGE_CURVE('',#997,#984,#563,.T.);
#1263=EDGE_CURVE('',#994,#998,#564,.T.);
#1264=EDGE_CURVE('',#931,#888,#565,.T.);
#1265=EDGE_CURVE('',#922,#938,#165,.T.);
#1266=EDGE_CURVE('',#999,#929,#566,.T.);
#1267=EDGE_CURVE('',#1000,#926,#567,.T.);
#1268=EDGE_CURVE('',#1000,#1001,#21,.T.);
#1269=EDGE_CURVE('',#1001,#1002,#568,.T.);
#1270=EDGE_CURVE('',#1002,#1003,#22,.T.);
#1271=EDGE_CURVE('',#1003,#1004,#569,.T.);
#1272=EDGE_CURVE('',#1004,#940,#166,.T.);
#1273=EDGE_CURVE('',#921,#1005,#167,.T.);
#1274=EDGE_CURVE('',#1005,#1006,#570,.T.);
#1275=EDGE_CURVE('',#1006,#1007,#23,.T.);
#1276=EDGE_CURVE('',#1007,#1008,#571,.T.);
#1277=EDGE_CURVE('',#1008,#999,#24,.T.);
#1278=EDGE_CURVE('',#917,#942,#572,.T.);
#1279=EDGE_CURVE('',#916,#1009,#573,.T.);
#1280=EDGE_CURVE('',#1009,#1010,#168,.T.);
#1281=EDGE_CURVE('',#1010,#1011,#574,.T.);
#1282=EDGE_CURVE('',#1011,#1012,#169,.T.);
#1283=EDGE_CURVE('',#1012,#1013,#575,.T.);
#1284=EDGE_CURVE('',#1013,#1014,#170,.T.);
#1285=EDGE_CURVE('',#1014,#1015,#576,.T.);
#1286=EDGE_CURVE('',#1015,#1016,#171,.T.);
#1287=EDGE_CURVE('',#1016,#943,#577,.T.);
#1288=EDGE_CURVE('',#1017,#1018,#578,.T.);
#1289=EDGE_CURVE('',#1018,#1019,#579,.T.);
#1290=EDGE_CURVE('',#1019,#1020,#580,.T.);
#1291=EDGE_CURVE('',#1020,#1021,#581,.T.);
#1292=EDGE_CURVE('',#1021,#1022,#582,.T.);
#1293=EDGE_CURVE('',#1022,#1023,#583,.T.);
#1294=EDGE_CURVE('',#1023,#1024,#172,.T.);
#1295=EDGE_CURVE('',#1024,#1017,#584,.T.);
#1296=EDGE_CURVE('',#1025,#1025,#173,.T.);
#1297=EDGE_CURVE('',#1026,#1026,#174,.T.);
#1298=EDGE_CURVE('',#1027,#1027,#175,.T.);
#1299=EDGE_CURVE('',#1028,#1028,#176,.T.);
#1300=EDGE_CURVE('',#1029,#1030,#585,.T.);
#1301=EDGE_CURVE('',#1029,#1017,#586,.T.);
#1302=EDGE_CURVE('',#1030,#1024,#587,.T.);
#1303=EDGE_CURVE('',#1031,#1032,#588,.T.);
#1304=EDGE_CURVE('',#1031,#1023,#589,.T.);
#1305=EDGE_CURVE('',#1032,#1022,#590,.T.);
#1306=EDGE_CURVE('',#1032,#1033,#591,.T.);
#1307=EDGE_CURVE('',#1033,#1021,#592,.T.);
#1308=EDGE_CURVE('',#1033,#1034,#593,.T.);
#1309=EDGE_CURVE('',#1034,#1020,#594,.T.);
#1310=EDGE_CURVE('',#1034,#1035,#595,.T.);
#1311=EDGE_CURVE('',#1035,#1019,#596,.T.);
#1312=EDGE_CURVE('',#1036,#1029,#597,.T.);
#1313=EDGE_CURVE('',#1036,#1018,#598,.T.);
#1314=EDGE_CURVE('',#914,#945,#599,.T.);
#1315=EDGE_CURVE('',#915,#944,#600,.T.);
#1316=EDGE_CURVE('',#1037,#1016,#601,.T.);
#1317=EDGE_CURVE('',#1038,#1037,#602,.T.);
#1318=EDGE_CURVE('',#1009,#1038,#603,.T.);
#1319=EDGE_CURVE('',#1039,#1040,#177,.T.);
#1320=EDGE_CURVE('',#1040,#1041,#604,.T.);
#1321=EDGE_CURVE('',#1041,#1042,#178,.F.);
#1322=EDGE_CURVE('',#1042,#1039,#605,.T.);
#1323=EDGE_CURVE('',#1039,#1043,#606,.T.);
#1324=EDGE_CURVE('',#1044,#1043,#179,.T.);
#1325=EDGE_CURVE('',#1044,#1045,#607,.T.);
#1326=EDGE_CURVE('',#1046,#1045,#180,.T.);
#1327=EDGE_CURVE('',#1046,#1047,#608,.T.);
#1328=EDGE_CURVE('',#1048,#1047,#181,.T.);
#1329=EDGE_CURVE('',#1048,#1049,#609,.T.);
#1330=EDGE_CURVE('',#1049,#1050,#182,.T.);
#1331=EDGE_CURVE('',#1050,#1040,#610,.T.);
#1332=EDGE_CURVE('',#1051,#1042,#611,.T.);
#1333=EDGE_CURVE('',#1043,#1051,#612,.T.);
#1334=EDGE_CURVE('',#1047,#1052,#613,.T.);
#1335=EDGE_CURVE('',#1052,#1053,#183,.F.);
#1336=EDGE_CURVE('',#1053,#1048,#614,.T.);
#1337=EDGE_CURVE('',#1054,#1053,#615,.T.);
#1338=EDGE_CURVE('',#1054,#1049,#616,.T.);
#1339=EDGE_CURVE('',#1051,#1055,#184,.F.);
#1340=EDGE_CURVE('',#1055,#1044,#617,.T.);
#1341=EDGE_CURVE('',#1056,#1055,#618,.T.);
#1342=EDGE_CURVE('',#1045,#1056,#619,.T.);
#1343=EDGE_CURVE('',#1056,#1057,#185,.F.);
#1344=EDGE_CURVE('',#1057,#1046,#620,.T.);
#1345=EDGE_CURVE('',#1052,#1057,#621,.T.);
#1346=EDGE_CURVE('',#1058,#1059,#622,.T.);
#1347=EDGE_CURVE('',#1059,#1060,#623,.T.);
#1348=EDGE_CURVE('',#1061,#1060,#624,.F.);
#1349=EDGE_CURVE('',#1058,#1061,#625,.T.);
#1350=EDGE_CURVE('',#1062,#1063,#626,.T.);
#1351=EDGE_CURVE('',#1064,#1062,#627,.T.);
#1352=EDGE_CURVE('',#1065,#1064,#628,.T.);
#1353=EDGE_CURVE('',#1065,#1063,#629,.T.);
#1354=EDGE_CURVE('',#1066,#1010,#630,.T.);
#1355=EDGE_CURVE('',#1067,#1066,#631,.T.);
#1356=EDGE_CURVE('',#1011,#1067,#632,.T.);
#1357=EDGE_CURVE('',#1067,#1068,#186,.T.);
#1358=EDGE_CURVE('',#1068,#1012,#633,.T.);
#1359=EDGE_CURVE('',#1059,#1029,#25,.F.);
#1360=EDGE_CURVE('',#1036,#1058,#634,.T.);
#1361=EDGE_CURVE('',#1061,#1035,#187,.T.);
#1362=EDGE_CURVE('',#1069,#1070,#635,.T.);
#1363=EDGE_CURVE('',#1071,#1069,#636,.T.);
#1364=EDGE_CURVE('',#1072,#1071,#637,.T.);
#1365=EDGE_CURVE('',#1072,#1070,#638,.T.);
#1366=EDGE_CURVE('',#1070,#1062,#639,.T.);
#1367=EDGE_CURVE('',#1064,#1072,#640,.T.);
#1368=EDGE_CURVE('',#1069,#1060,#26,.F.);
#1369=EDGE_CURVE('',#1034,#1070,#27,.T.);
#1370=EDGE_CURVE('',#1033,#1062,#28,.T.);
#1371=EDGE_CURVE('',#1032,#1063,#29,.F.);
#1372=EDGE_CURVE('',#1013,#1073,#641,.T.);
#1373=EDGE_CURVE('',#1074,#1073,#188,.T.);
#1374=EDGE_CURVE('',#1074,#1014,#642,.T.);
#1375=EDGE_CURVE('',#1075,#1074,#643,.T.);
#1376=EDGE_CURVE('',#1015,#1075,#644,.T.);
#1377=EDGE_CURVE('',#1037,#1075,#189,.T.);
#1378=EDGE_CURVE('',#1066,#1038,#190,.T.);
#1379=EDGE_CURVE('',#1073,#1068,#645,.T.);
#1380=EDGE_CURVE('',#1063,#1076,#646,.T.);
#1381=EDGE_CURVE('',#1077,#1065,#647,.T.);
#1382=EDGE_CURVE('',#1076,#1077,#648,.T.);
#1383=EDGE_CURVE('',#1078,#1078,#191,.T.);
#1384=EDGE_CURVE('',#1078,#1027,#649,.T.);
#1385=EDGE_CURVE('',#1079,#1079,#192,.T.);
#1386=EDGE_CURVE('',#1079,#1028,#650,.T.);
#1387=EDGE_CURVE('',#1080,#1080,#193,.T.);
#1388=EDGE_CURVE('',#1081,#1081,#194,.T.);
#1389=EDGE_CURVE('',#1082,#1083,#651,.T.);
#1390=EDGE_CURVE('',#1071,#1083,#652,.T.);
#1391=EDGE_CURVE('',#1082,#1069,#653,.T.);
#1392=EDGE_CURVE('',#1077,#1084,#195,.T.);
#1393=EDGE_CURVE('',#1083,#1085,#196,.T.);
#1394=EDGE_CURVE('',#1085,#1084,#654,.T.);
#1395=EDGE_CURVE('',#1030,#1082,#19,.T.);
#1396=EDGE_CURVE('',#1076,#1031,#20,.T.);
#1397=EDGE_CURVE('',#1086,#1087,#30,.T.);
#1398=EDGE_CURVE('',#1085,#1087,#655,.T.);
#1399=EDGE_CURVE('',#1084,#1086,#656,.T.);
#1400=EDGE_CURVE('',#1088,#1089,#15,.T.);
#1401=EDGE_CURVE('',#1089,#1090,#31,.T.);
#1402=EDGE_CURVE('',#1090,#1091,#16,.T.);
#1403=EDGE_CURVE('',#1091,#1088,#32,.T.);
#1404=EDGE_CURVE('',#1080,#1025,#657,.T.);
#1405=EDGE_CURVE('',#1081,#1026,#658,.T.);
#1406=EDGE_CURVE('',#1087,#1086,#659,.T.);
#1407=EDGE_CURVE('',#1092,#1054,#197,.T.);
#1408=EDGE_CURVE('',#1050,#1092,#660,.T.);
#1409=EDGE_CURVE('',#1093,#1094,#33,.T.);
#1410=EDGE_CURVE('',#1094,#1095,#17,.T.);
#1411=EDGE_CURVE('',#1095,#1096,#34,.T.);
#1412=EDGE_CURVE('',#1096,#1093,#18,.T.);
#1413=EDGE_CURVE('',#1041,#1092,#661,.T.);
#1414=EDGE_CURVE('',#1095,#1088,#662,.T.);
#1415=EDGE_CURVE('',#1096,#1091,#663,.T.);
#1416=EDGE_CURVE('',#1094,#1089,#664,.T.);
#1417=EDGE_CURVE('',#1093,#1090,#665,.T.);
#1418=EDGE_CURVE('',#941,#1004,#666,.T.);
#1419=EDGE_CURVE('',#1005,#920,#667,.T.);
#1420=EDGE_CURVE('',#1006,#1003,#668,.T.);
#1421=EDGE_CURVE('',#999,#1000,#669,.T.);
#1422=EDGE_CURVE('',#1007,#1002,#670,.T.);
#1423=EDGE_CURVE('',#1008,#1001,#671,.T.);
#1424=ORIENTED_EDGE('',*,*,#1097,.F.);
#1425=ORIENTED_EDGE('',*,*,#1098,.F.);
#1426=ORIENTED_EDGE('',*,*,#1099,.F.);
#1427=ORIENTED_EDGE('',*,*,#1100,.F.);
#1428=ORIENTED_EDGE('',*,*,#1101,.T.);
#1429=ORIENTED_EDGE('',*,*,#1102,.T.);
#1430=ORIENTED_EDGE('',*,*,#1103,.T.);
#1431=ORIENTED_EDGE('',*,*,#1104,.T.);
#1432=ORIENTED_EDGE('',*,*,#1105,.T.);
#1433=ORIENTED_EDGE('',*,*,#1106,.T.);
#1434=ORIENTED_EDGE('',*,*,#1098,.T.);
#1435=ORIENTED_EDGE('',*,*,#1107,.F.);
#1436=ORIENTED_EDGE('',*,*,#1108,.F.);
#1437=ORIENTED_EDGE('',*,*,#1109,.F.);
#1438=ORIENTED_EDGE('',*,*,#1097,.T.);
#1439=ORIENTED_EDGE('',*,*,#1110,.F.);
#1440=ORIENTED_EDGE('',*,*,#1111,.F.);
#1441=ORIENTED_EDGE('',*,*,#1107,.T.);
#1442=ORIENTED_EDGE('',*,*,#1106,.F.);
#1443=ORIENTED_EDGE('',*,*,#1112,.T.);
#1444=ORIENTED_EDGE('',*,*,#1113,.F.);
#1445=ORIENTED_EDGE('',*,*,#1112,.F.);
#1446=ORIENTED_EDGE('',*,*,#1104,.F.);
#1447=ORIENTED_EDGE('',*,*,#1114,.T.);
#1448=ORIENTED_EDGE('',*,*,#1115,.F.);
#1449=ORIENTED_EDGE('',*,*,#1114,.F.);
#1450=ORIENTED_EDGE('',*,*,#1115,.T.);
#1451=ORIENTED_EDGE('',*,*,#1116,.T.);
#1452=ORIENTED_EDGE('',*,*,#1113,.T.);
#1453=ORIENTED_EDGE('',*,*,#1117,.T.);
#1454=ORIENTED_EDGE('',*,*,#1118,.F.);
#1455=ORIENTED_EDGE('',*,*,#1119,.T.);
#1456=ORIENTED_EDGE('',*,*,#1117,.F.);
#1457=ORIENTED_EDGE('',*,*,#1119,.F.);
#1458=ORIENTED_EDGE('',*,*,#1120,.F.);
#1459=ORIENTED_EDGE('',*,*,#1121,.T.);
#1460=ORIENTED_EDGE('',*,*,#1116,.F.);
#1461=ORIENTED_EDGE('',*,*,#1121,.F.);
#1462=ORIENTED_EDGE('',*,*,#1122,.T.);
#1463=ORIENTED_EDGE('',*,*,#1123,.T.);
#1464=ORIENTED_EDGE('',*,*,#1124,.T.);
#1465=ORIENTED_EDGE('',*,*,#1125,.T.);
#1466=ORIENTED_EDGE('',*,*,#1123,.F.);
#1467=ORIENTED_EDGE('',*,*,#1126,.F.);
#1468=ORIENTED_EDGE('',*,*,#1127,.T.);
#1469=ORIENTED_EDGE('',*,*,#1128,.T.);
#1470=ORIENTED_EDGE('',*,*,#1129,.T.);
#1471=ORIENTED_EDGE('',*,*,#1130,.T.);
#1472=ORIENTED_EDGE('',*,*,#1131,.T.);
#1473=ORIENTED_EDGE('',*,*,#1132,.T.);
#1474=ORIENTED_EDGE('',*,*,#1133,.T.);
#1475=ORIENTED_EDGE('',*,*,#1134,.F.);
#1476=ORIENTED_EDGE('',*,*,#1135,.T.);
#1477=ORIENTED_EDGE('',*,*,#1136,.T.);
#1478=ORIENTED_EDGE('',*,*,#1137,.T.);
#1479=ORIENTED_EDGE('',*,*,#1124,.F.);
#1480=ORIENTED_EDGE('',*,*,#1130,.F.);
#1481=ORIENTED_EDGE('',*,*,#1138,.F.);
#1482=ORIENTED_EDGE('',*,*,#1139,.F.);
#1483=ORIENTED_EDGE('',*,*,#1140,.T.);
#1484=ORIENTED_EDGE('',*,*,#1141,.F.);
#1485=ORIENTED_EDGE('',*,*,#1142,.F.);
#1486=ORIENTED_EDGE('',*,*,#1125,.F.);
#1487=ORIENTED_EDGE('',*,*,#1137,.F.);
#1488=ORIENTED_EDGE('',*,*,#1143,.T.);
#1489=ORIENTED_EDGE('',*,*,#1144,.F.);
#1490=ORIENTED_EDGE('',*,*,#1145,.T.);
#1491=ORIENTED_EDGE('',*,*,#1127,.F.);
#1492=ORIENTED_EDGE('',*,*,#1146,.T.);
#1493=ORIENTED_EDGE('',*,*,#1147,.T.);
#1494=ORIENTED_EDGE('',*,*,#1148,.F.);
#1495=ORIENTED_EDGE('',*,*,#1149,.F.);
#1496=ORIENTED_EDGE('',*,*,#1150,.F.);
#1497=ORIENTED_EDGE('',*,*,#1151,.T.);
#1498=ORIENTED_EDGE('',*,*,#1138,.T.);
#1499=ORIENTED_EDGE('',*,*,#1129,.F.);
#1500=ORIENTED_EDGE('',*,*,#1152,.T.);
#1501=ORIENTED_EDGE('',*,*,#1153,.T.);
#1502=ORIENTED_EDGE('',*,*,#1149,.T.);
#1503=ORIENTED_EDGE('',*,*,#1148,.T.);
#1504=ORIENTED_EDGE('',*,*,#1154,.T.);
#1505=ORIENTED_EDGE('',*,*,#1150,.T.);
#1506=ORIENTED_EDGE('',*,*,#1155,.T.);
#1507=ORIENTED_EDGE('',*,*,#1156,.T.);
#1508=ORIENTED_EDGE('',*,*,#1108,.T.);
#1509=ORIENTED_EDGE('',*,*,#1111,.T.);
#1510=ORIENTED_EDGE('',*,*,#1145,.F.);
#1511=ORIENTED_EDGE('',*,*,#1157,.F.);
#1512=ORIENTED_EDGE('',*,*,#1158,.T.);
#1513=ORIENTED_EDGE('',*,*,#1159,.T.);
#1514=ORIENTED_EDGE('',*,*,#1160,.F.);
#1515=ORIENTED_EDGE('',*,*,#1161,.T.);
#1516=ORIENTED_EDGE('',*,*,#1152,.F.);
#1517=ORIENTED_EDGE('',*,*,#1128,.F.);
#1518=ORIENTED_EDGE('',*,*,#1162,.F.);
#1519=ORIENTED_EDGE('',*,*,#1163,.T.);
#1520=ORIENTED_EDGE('',*,*,#1164,.T.);
#1521=ORIENTED_EDGE('',*,*,#1165,.F.);
#1522=ORIENTED_EDGE('',*,*,#1159,.F.);
#1523=ORIENTED_EDGE('',*,*,#1164,.F.);
#1524=ORIENTED_EDGE('',*,*,#1166,.F.);
#1525=ORIENTED_EDGE('',*,*,#1167,.F.);
#1526=ORIENTED_EDGE('',*,*,#1165,.T.);
#1527=ORIENTED_EDGE('',*,*,#1168,.T.);
#1528=ORIENTED_EDGE('',*,*,#1163,.F.);
#1529=ORIENTED_EDGE('',*,*,#1160,.T.);
#1530=ORIENTED_EDGE('',*,*,#1169,.T.);
#1531=ORIENTED_EDGE('',*,*,#1158,.F.);
#1532=ORIENTED_EDGE('',*,*,#1157,.T.);
#1533=ORIENTED_EDGE('',*,*,#1153,.F.);
#1534=ORIENTED_EDGE('',*,*,#1161,.F.);
#1535=ORIENTED_EDGE('',*,*,#1169,.F.);
#1536=ORIENTED_EDGE('',*,*,#1168,.F.);
#1537=ORIENTED_EDGE('',*,*,#1170,.F.);
#1538=ORIENTED_EDGE('',*,*,#1162,.T.);
#1539=ORIENTED_EDGE('',*,*,#1167,.T.);
#1540=ORIENTED_EDGE('',*,*,#1171,.F.);
#1541=ORIENTED_EDGE('',*,*,#1172,.F.);
#1542=ORIENTED_EDGE('',*,*,#1173,.F.);
#1543=ORIENTED_EDGE('',*,*,#1174,.F.);
#1544=ORIENTED_EDGE('',*,*,#1146,.F.);
#1545=ORIENTED_EDGE('',*,*,#1126,.T.);
#1546=ORIENTED_EDGE('',*,*,#1122,.F.);
#1547=ORIENTED_EDGE('',*,*,#1144,.T.);
#1548=ORIENTED_EDGE('',*,*,#1175,.T.);
#1549=ORIENTED_EDGE('',*,*,#1176,.T.);
#1550=ORIENTED_EDGE('',*,*,#1177,.T.);
#1551=ORIENTED_EDGE('',*,*,#1178,.T.);
#1552=ORIENTED_EDGE('',*,*,#1179,.T.);
#1553=ORIENTED_EDGE('',*,*,#1180,.T.);
#1554=ORIENTED_EDGE('',*,*,#1181,.F.);
#1555=ORIENTED_EDGE('',*,*,#1182,.T.);
#1556=ORIENTED_EDGE('',*,*,#1170,.T.);
#1557=ORIENTED_EDGE('',*,*,#1182,.F.);
#1558=ORIENTED_EDGE('',*,*,#1183,.F.);
#1559=ORIENTED_EDGE('',*,*,#1184,.T.);
#1560=ORIENTED_EDGE('',*,*,#1166,.T.);
#1561=ORIENTED_EDGE('',*,*,#1184,.F.);
#1562=ORIENTED_EDGE('',*,*,#1185,.F.);
#1563=ORIENTED_EDGE('',*,*,#1186,.T.);
#1564=ORIENTED_EDGE('',*,*,#1187,.T.);
#1565=ORIENTED_EDGE('',*,*,#1188,.F.);
#1566=ORIENTED_EDGE('',*,*,#1189,.F.);
#1567=ORIENTED_EDGE('',*,*,#1188,.T.);
#1568=ORIENTED_EDGE('',*,*,#1190,.T.);
#1569=ORIENTED_EDGE('',*,*,#1191,.F.);
#1570=ORIENTED_EDGE('',*,*,#1192,.F.);
#1571=ORIENTED_EDGE('',*,*,#1193,.F.);
#1572=ORIENTED_EDGE('',*,*,#1194,.T.);
#1573=ORIENTED_EDGE('',*,*,#1195,.T.);
#1574=ORIENTED_EDGE('',*,*,#1186,.F.);
#1575=ORIENTED_EDGE('',*,*,#1196,.F.);
#1576=ORIENTED_EDGE('',*,*,#1197,.F.);
#1577=ORIENTED_EDGE('',*,*,#1198,.F.);
#1578=ORIENTED_EDGE('',*,*,#1199,.T.);
#1579=ORIENTED_EDGE('',*,*,#1194,.F.);
#1580=ORIENTED_EDGE('',*,*,#1200,.F.);
#1581=ORIENTED_EDGE('',*,*,#1201,.F.);
#1582=ORIENTED_EDGE('',*,*,#1202,.T.);
#1583=ORIENTED_EDGE('',*,*,#1203,.F.);
#1584=ORIENTED_EDGE('',*,*,#1204,.F.);
#1585=ORIENTED_EDGE('',*,*,#1205,.F.);
#1586=ORIENTED_EDGE('',*,*,#1206,.T.);
#1587=ORIENTED_EDGE('',*,*,#1207,.F.);
#1588=ORIENTED_EDGE('',*,*,#1208,.F.);
#1589=ORIENTED_EDGE('',*,*,#1209,.F.);
#1590=ORIENTED_EDGE('',*,*,#1210,.T.);
#1591=ORIENTED_EDGE('',*,*,#1211,.F.);
#1592=ORIENTED_EDGE('',*,*,#1212,.F.);
#1593=ORIENTED_EDGE('',*,*,#1191,.T.);
#1594=ORIENTED_EDGE('',*,*,#1213,.T.);
#1595=ORIENTED_EDGE('',*,*,#1214,.F.);
#1596=ORIENTED_EDGE('',*,*,#1190,.F.);
#1597=ORIENTED_EDGE('',*,*,#1187,.F.);
#1598=ORIENTED_EDGE('',*,*,#1195,.F.);
#1599=ORIENTED_EDGE('',*,*,#1199,.F.);
#1600=ORIENTED_EDGE('',*,*,#1215,.F.);
#1601=ORIENTED_EDGE('',*,*,#1202,.F.);
#1602=ORIENTED_EDGE('',*,*,#1216,.F.);
#1603=ORIENTED_EDGE('',*,*,#1206,.F.);
#1604=ORIENTED_EDGE('',*,*,#1217,.F.);
#1605=ORIENTED_EDGE('',*,*,#1210,.F.);
#1606=ORIENTED_EDGE('',*,*,#1218,.F.);
#1607=ORIENTED_EDGE('',*,*,#1219,.F.);
#1608=ORIENTED_EDGE('',*,*,#1213,.F.);
#1609=ORIENTED_EDGE('',*,*,#1118,.T.);
#1610=ORIENTED_EDGE('',*,*,#1120,.T.);
#1611=ORIENTED_EDGE('',*,*,#1181,.T.);
#1612=ORIENTED_EDGE('',*,*,#1183,.T.);
#1613=ORIENTED_EDGE('',*,*,#1105,.F.);
#1614=ORIENTED_EDGE('',*,*,#1220,.T.);
#1615=ORIENTED_EDGE('',*,*,#1221,.F.);
#1616=ORIENTED_EDGE('',*,*,#1207,.T.);
#1617=ORIENTED_EDGE('',*,*,#1216,.T.);
#1618=ORIENTED_EDGE('',*,*,#1201,.T.);
#1619=ORIENTED_EDGE('',*,*,#1222,.F.);
#1620=ORIENTED_EDGE('',*,*,#1220,.F.);
#1621=ORIENTED_EDGE('',*,*,#1102,.F.);
#1622=ORIENTED_EDGE('',*,*,#1223,.T.);
#1623=ORIENTED_EDGE('',*,*,#1224,.F.);
#1624=ORIENTED_EDGE('',*,*,#1203,.T.);
#1625=ORIENTED_EDGE('',*,*,#1215,.T.);
#1626=ORIENTED_EDGE('',*,*,#1198,.T.);
#1627=ORIENTED_EDGE('',*,*,#1225,.F.);
#1628=ORIENTED_EDGE('',*,*,#1223,.F.);
#1629=ORIENTED_EDGE('',*,*,#1196,.T.);
#1630=ORIENTED_EDGE('',*,*,#1185,.T.);
#1631=ORIENTED_EDGE('',*,*,#1189,.T.);
#1632=ORIENTED_EDGE('',*,*,#1226,.T.);
#1633=ORIENTED_EDGE('',*,*,#1180,.F.);
#1634=ORIENTED_EDGE('',*,*,#1227,.F.);
#1635=ORIENTED_EDGE('',*,*,#1131,.F.);
#1636=ORIENTED_EDGE('',*,*,#1228,.F.);
#1637=ORIENTED_EDGE('',*,*,#1101,.F.);
#1638=ORIENTED_EDGE('',*,*,#1229,.T.);
#1639=ORIENTED_EDGE('',*,*,#1230,.F.);
#1640=ORIENTED_EDGE('',*,*,#1211,.T.);
#1641=ORIENTED_EDGE('',*,*,#1217,.T.);
#1642=ORIENTED_EDGE('',*,*,#1205,.T.);
#1643=ORIENTED_EDGE('',*,*,#1231,.F.);
#1644=ORIENTED_EDGE('',*,*,#1229,.F.);
#1645=ORIENTED_EDGE('',*,*,#1103,.F.);
#1646=ORIENTED_EDGE('',*,*,#1232,.T.);
#1647=ORIENTED_EDGE('',*,*,#1218,.T.);
#1648=ORIENTED_EDGE('',*,*,#1209,.T.);
#1649=ORIENTED_EDGE('',*,*,#1233,.F.);
#1650=ORIENTED_EDGE('',*,*,#1214,.T.);
#1651=ORIENTED_EDGE('',*,*,#1219,.T.);
#1652=ORIENTED_EDGE('',*,*,#1232,.F.);
#1653=ORIENTED_EDGE('',*,*,#1234,.T.);
#1654=ORIENTED_EDGE('',*,*,#1235,.T.);
#1655=ORIENTED_EDGE('',*,*,#1236,.T.);
#1656=ORIENTED_EDGE('',*,*,#1237,.T.);
#1657=ORIENTED_EDGE('',*,*,#1237,.F.);
#1658=ORIENTED_EDGE('',*,*,#1238,.F.);
#1659=ORIENTED_EDGE('',*,*,#1239,.F.);
#1660=ORIENTED_EDGE('',*,*,#1240,.T.);
#1661=ORIENTED_EDGE('',*,*,#1236,.F.);
#1662=ORIENTED_EDGE('',*,*,#1241,.F.);
#1663=ORIENTED_EDGE('',*,*,#1242,.F.);
#1664=ORIENTED_EDGE('',*,*,#1243,.F.);
#1665=ORIENTED_EDGE('',*,*,#1244,.F.);
#1666=ORIENTED_EDGE('',*,*,#1245,.T.);
#1667=ORIENTED_EDGE('',*,*,#1246,.F.);
#1668=ORIENTED_EDGE('',*,*,#1247,.F.);
#1669=ORIENTED_EDGE('',*,*,#1248,.F.);
#1670=ORIENTED_EDGE('',*,*,#1238,.T.);
#1671=ORIENTED_EDGE('',*,*,#1242,.T.);
#1672=ORIENTED_EDGE('',*,*,#1249,.T.);
#1673=ORIENTED_EDGE('',*,*,#1250,.T.);
#1674=ORIENTED_EDGE('',*,*,#1251,.T.);
#1675=ORIENTED_EDGE('',*,*,#1251,.F.);
#1676=ORIENTED_EDGE('',*,*,#1252,.F.);
#1677=ORIENTED_EDGE('',*,*,#1253,.F.);
#1678=ORIENTED_EDGE('',*,*,#1243,.T.);
#1679=ORIENTED_EDGE('',*,*,#1235,.F.);
#1680=ORIENTED_EDGE('',*,*,#1254,.T.);
#1681=ORIENTED_EDGE('',*,*,#1249,.F.);
#1682=ORIENTED_EDGE('',*,*,#1241,.T.);
#1683=ORIENTED_EDGE('',*,*,#1255,.F.);
#1684=ORIENTED_EDGE('',*,*,#1256,.F.);
#1685=ORIENTED_EDGE('',*,*,#1257,.F.);
#1686=ORIENTED_EDGE('',*,*,#1246,.T.);
#1687=ORIENTED_EDGE('',*,*,#1257,.T.);
#1688=ORIENTED_EDGE('',*,*,#1258,.F.);
#1689=ORIENTED_EDGE('',*,*,#1259,.F.);
#1690=ORIENTED_EDGE('',*,*,#1247,.T.);
#1691=ORIENTED_EDGE('',*,*,#1255,.T.);
#1692=ORIENTED_EDGE('',*,*,#1245,.F.);
#1693=ORIENTED_EDGE('',*,*,#1260,.F.);
#1694=ORIENTED_EDGE('',*,*,#1261,.T.);
#1695=ORIENTED_EDGE('',*,*,#1234,.F.);
#1696=ORIENTED_EDGE('',*,*,#1240,.F.);
#1697=ORIENTED_EDGE('',*,*,#1262,.F.);
#1698=ORIENTED_EDGE('',*,*,#1258,.T.);
#1699=ORIENTED_EDGE('',*,*,#1256,.T.);
#1700=ORIENTED_EDGE('',*,*,#1261,.F.);
#1701=ORIENTED_EDGE('',*,*,#1263,.F.);
#1702=ORIENTED_EDGE('',*,*,#1252,.T.);
#1703=ORIENTED_EDGE('',*,*,#1250,.F.);
#1704=ORIENTED_EDGE('',*,*,#1254,.F.);
#1705=ORIENTED_EDGE('',*,*,#1099,.T.);
#1706=ORIENTED_EDGE('',*,*,#1109,.T.);
#1707=ORIENTED_EDGE('',*,*,#1156,.F.);
#1708=ORIENTED_EDGE('',*,*,#1264,.T.);
#1709=ORIENTED_EDGE('',*,*,#1100,.T.);
#1710=ORIENTED_EDGE('',*,*,#1264,.F.);
#1711=ORIENTED_EDGE('',*,*,#1155,.F.);
#1712=ORIENTED_EDGE('',*,*,#1110,.T.);
#1713=ORIENTED_EDGE('',*,*,#1204,.T.);
#1714=ORIENTED_EDGE('',*,*,#1221,.T.);
#1715=ORIENTED_EDGE('',*,*,#1222,.T.);
#1716=ORIENTED_EDGE('',*,*,#1200,.T.);
#1717=ORIENTED_EDGE('',*,*,#1224,.T.);
#1718=ORIENTED_EDGE('',*,*,#1225,.T.);
#1719=ORIENTED_EDGE('',*,*,#1197,.T.);
#1720=ORIENTED_EDGE('',*,*,#1193,.T.);
#1721=ORIENTED_EDGE('',*,*,#1228,.T.);
#1722=ORIENTED_EDGE('',*,*,#1142,.T.);
#1723=ORIENTED_EDGE('',*,*,#1265,.T.);
#1724=ORIENTED_EDGE('',*,*,#1171,.T.);
#1725=ORIENTED_EDGE('',*,*,#1226,.F.);
#1726=ORIENTED_EDGE('',*,*,#1192,.T.);
#1727=ORIENTED_EDGE('',*,*,#1212,.T.);
#1728=ORIENTED_EDGE('',*,*,#1233,.T.);
#1729=ORIENTED_EDGE('',*,*,#1208,.T.);
#1730=ORIENTED_EDGE('',*,*,#1230,.T.);
#1731=ORIENTED_EDGE('',*,*,#1231,.T.);
#1732=ORIENTED_EDGE('',*,*,#1266,.T.);
#1733=ORIENTED_EDGE('',*,*,#1154,.F.);
#1734=ORIENTED_EDGE('',*,*,#1267,.F.);
#1735=ORIENTED_EDGE('',*,*,#1268,.T.);
#1736=ORIENTED_EDGE('',*,*,#1269,.T.);
#1737=ORIENTED_EDGE('',*,*,#1270,.T.);
#1738=ORIENTED_EDGE('',*,*,#1271,.T.);
#1739=ORIENTED_EDGE('',*,*,#1272,.T.);
#1740=ORIENTED_EDGE('',*,*,#1172,.T.);
#1741=ORIENTED_EDGE('',*,*,#1265,.F.);
#1742=ORIENTED_EDGE('',*,*,#1141,.T.);
#1743=ORIENTED_EDGE('',*,*,#1273,.T.);
#1744=ORIENTED_EDGE('',*,*,#1274,.T.);
#1745=ORIENTED_EDGE('',*,*,#1275,.T.);
#1746=ORIENTED_EDGE('',*,*,#1276,.T.);
#1747=ORIENTED_EDGE('',*,*,#1277,.T.);
#1748=ORIENTED_EDGE('',*,*,#1176,.F.);
#1749=ORIENTED_EDGE('',*,*,#1278,.F.);
#1750=ORIENTED_EDGE('',*,*,#1135,.F.);
#1751=ORIENTED_EDGE('',*,*,#1279,.T.);
#1752=ORIENTED_EDGE('',*,*,#1280,.T.);
#1753=ORIENTED_EDGE('',*,*,#1281,.T.);
#1754=ORIENTED_EDGE('',*,*,#1282,.T.);
#1755=ORIENTED_EDGE('',*,*,#1283,.T.);
#1756=ORIENTED_EDGE('',*,*,#1284,.T.);
#1757=ORIENTED_EDGE('',*,*,#1285,.T.);
#1758=ORIENTED_EDGE('',*,*,#1286,.T.);
#1759=ORIENTED_EDGE('',*,*,#1287,.T.);
#1760=ORIENTED_EDGE('',*,*,#1288,.T.);
#1761=ORIENTED_EDGE('',*,*,#1289,.T.);
#1762=ORIENTED_EDGE('',*,*,#1290,.T.);
#1763=ORIENTED_EDGE('',*,*,#1291,.T.);
#1764=ORIENTED_EDGE('',*,*,#1292,.T.);
#1765=ORIENTED_EDGE('',*,*,#1293,.T.);
#1766=ORIENTED_EDGE('',*,*,#1294,.T.);
#1767=ORIENTED_EDGE('',*,*,#1295,.T.);
#1768=ORIENTED_EDGE('',*,*,#1296,.T.);
#1769=ORIENTED_EDGE('',*,*,#1297,.T.);
#1770=ORIENTED_EDGE('',*,*,#1298,.T.);
#1771=ORIENTED_EDGE('',*,*,#1299,.T.);
#1772=ORIENTED_EDGE('',*,*,#1300,.F.);
#1773=ORIENTED_EDGE('',*,*,#1301,.T.);
#1774=ORIENTED_EDGE('',*,*,#1295,.F.);
#1775=ORIENTED_EDGE('',*,*,#1302,.F.);
#1776=ORIENTED_EDGE('',*,*,#1303,.F.);
#1777=ORIENTED_EDGE('',*,*,#1304,.T.);
#1778=ORIENTED_EDGE('',*,*,#1293,.F.);
#1779=ORIENTED_EDGE('',*,*,#1305,.F.);
#1780=ORIENTED_EDGE('',*,*,#1306,.F.);
#1781=ORIENTED_EDGE('',*,*,#1305,.T.);
#1782=ORIENTED_EDGE('',*,*,#1292,.F.);
#1783=ORIENTED_EDGE('',*,*,#1307,.F.);
#1784=ORIENTED_EDGE('',*,*,#1308,.F.);
#1785=ORIENTED_EDGE('',*,*,#1307,.T.);
#1786=ORIENTED_EDGE('',*,*,#1291,.F.);
#1787=ORIENTED_EDGE('',*,*,#1309,.F.);
#1788=ORIENTED_EDGE('',*,*,#1310,.F.);
#1789=ORIENTED_EDGE('',*,*,#1309,.T.);
#1790=ORIENTED_EDGE('',*,*,#1290,.F.);
#1791=ORIENTED_EDGE('',*,*,#1311,.F.);
#1792=ORIENTED_EDGE('',*,*,#1312,.F.);
#1793=ORIENTED_EDGE('',*,*,#1313,.T.);
#1794=ORIENTED_EDGE('',*,*,#1288,.F.);
#1795=ORIENTED_EDGE('',*,*,#1301,.F.);
#1796=ORIENTED_EDGE('',*,*,#1278,.T.);
#1797=ORIENTED_EDGE('',*,*,#1175,.F.);
#1798=ORIENTED_EDGE('',*,*,#1143,.F.);
#1799=ORIENTED_EDGE('',*,*,#1136,.F.);
#1800=ORIENTED_EDGE('',*,*,#1132,.F.);
#1801=ORIENTED_EDGE('',*,*,#1227,.T.);
#1802=ORIENTED_EDGE('',*,*,#1179,.F.);
#1803=ORIENTED_EDGE('',*,*,#1314,.F.);
#1804=ORIENTED_EDGE('',*,*,#1315,.F.);
#1805=ORIENTED_EDGE('',*,*,#1133,.F.);
#1806=ORIENTED_EDGE('',*,*,#1314,.T.);
#1807=ORIENTED_EDGE('',*,*,#1178,.F.);
#1808=ORIENTED_EDGE('',*,*,#1260,.T.);
#1809=ORIENTED_EDGE('',*,*,#1244,.T.);
#1810=ORIENTED_EDGE('',*,*,#1253,.T.);
#1811=ORIENTED_EDGE('',*,*,#1263,.T.);
#1812=ORIENTED_EDGE('',*,*,#1262,.T.);
#1813=ORIENTED_EDGE('',*,*,#1239,.T.);
#1814=ORIENTED_EDGE('',*,*,#1248,.T.);
#1815=ORIENTED_EDGE('',*,*,#1259,.T.);
#1816=ORIENTED_EDGE('',*,*,#1134,.T.);
#1817=ORIENTED_EDGE('',*,*,#1315,.T.);
#1818=ORIENTED_EDGE('',*,*,#1177,.F.);
#1819=ORIENTED_EDGE('',*,*,#1287,.F.);
#1820=ORIENTED_EDGE('',*,*,#1316,.F.);
#1821=ORIENTED_EDGE('',*,*,#1317,.F.);
#1822=ORIENTED_EDGE('',*,*,#1318,.F.);
#1823=ORIENTED_EDGE('',*,*,#1279,.F.);
#1824=ORIENTED_EDGE('',*,*,#1319,.T.);
#1825=ORIENTED_EDGE('',*,*,#1320,.T.);
#1826=ORIENTED_EDGE('',*,*,#1321,.T.);
#1827=ORIENTED_EDGE('',*,*,#1322,.T.);
#1828=ORIENTED_EDGE('',*,*,#1319,.F.);
#1829=ORIENTED_EDGE('',*,*,#1323,.T.);
#1830=ORIENTED_EDGE('',*,*,#1324,.F.);
#1831=ORIENTED_EDGE('',*,*,#1325,.T.);
#1832=ORIENTED_EDGE('',*,*,#1326,.F.);
#1833=ORIENTED_EDGE('',*,*,#1327,.T.);
#1834=ORIENTED_EDGE('',*,*,#1328,.F.);
#1835=ORIENTED_EDGE('',*,*,#1329,.T.);
#1836=ORIENTED_EDGE('',*,*,#1330,.T.);
#1837=ORIENTED_EDGE('',*,*,#1331,.T.);
#1838=ORIENTED_EDGE('',*,*,#1322,.F.);
#1839=ORIENTED_EDGE('',*,*,#1332,.F.);
#1840=ORIENTED_EDGE('',*,*,#1333,.F.);
#1841=ORIENTED_EDGE('',*,*,#1323,.F.);
#1842=ORIENTED_EDGE('',*,*,#1328,.T.);
#1843=ORIENTED_EDGE('',*,*,#1334,.T.);
#1844=ORIENTED_EDGE('',*,*,#1335,.T.);
#1845=ORIENTED_EDGE('',*,*,#1336,.T.);
#1846=ORIENTED_EDGE('',*,*,#1336,.F.);
#1847=ORIENTED_EDGE('',*,*,#1337,.F.);
#1848=ORIENTED_EDGE('',*,*,#1338,.T.);
#1849=ORIENTED_EDGE('',*,*,#1329,.F.);
#1850=ORIENTED_EDGE('',*,*,#1324,.T.);
#1851=ORIENTED_EDGE('',*,*,#1333,.T.);
#1852=ORIENTED_EDGE('',*,*,#1339,.T.);
#1853=ORIENTED_EDGE('',*,*,#1340,.T.);
#1854=ORIENTED_EDGE('',*,*,#1340,.F.);
#1855=ORIENTED_EDGE('',*,*,#1341,.F.);
#1856=ORIENTED_EDGE('',*,*,#1342,.F.);
#1857=ORIENTED_EDGE('',*,*,#1325,.F.);
#1858=ORIENTED_EDGE('',*,*,#1326,.T.);
#1859=ORIENTED_EDGE('',*,*,#1342,.T.);
#1860=ORIENTED_EDGE('',*,*,#1343,.T.);
#1861=ORIENTED_EDGE('',*,*,#1344,.T.);
#1862=ORIENTED_EDGE('',*,*,#1334,.F.);
#1863=ORIENTED_EDGE('',*,*,#1327,.F.);
#1864=ORIENTED_EDGE('',*,*,#1344,.F.);
#1865=ORIENTED_EDGE('',*,*,#1345,.F.);
#1866=ORIENTED_EDGE('',*,*,#1346,.T.);
#1867=ORIENTED_EDGE('',*,*,#1347,.T.);
#1868=ORIENTED_EDGE('',*,*,#1348,.F.);
#1869=ORIENTED_EDGE('',*,*,#1349,.F.);
#1870=ORIENTED_EDGE('',*,*,#1350,.F.);
#1871=ORIENTED_EDGE('',*,*,#1351,.F.);
#1872=ORIENTED_EDGE('',*,*,#1352,.F.);
#1873=ORIENTED_EDGE('',*,*,#1353,.T.);
#1874=ORIENTED_EDGE('',*,*,#1354,.F.);
#1875=ORIENTED_EDGE('',*,*,#1355,.F.);
#1876=ORIENTED_EDGE('',*,*,#1356,.F.);
#1877=ORIENTED_EDGE('',*,*,#1281,.F.);
#1878=ORIENTED_EDGE('',*,*,#1356,.T.);
#1879=ORIENTED_EDGE('',*,*,#1357,.T.);
#1880=ORIENTED_EDGE('',*,*,#1358,.T.);
#1881=ORIENTED_EDGE('',*,*,#1282,.F.);
#1882=ORIENTED_EDGE('',*,*,#1312,.T.);
#1883=ORIENTED_EDGE('',*,*,#1359,.F.);
#1884=ORIENTED_EDGE('',*,*,#1346,.F.);
#1885=ORIENTED_EDGE('',*,*,#1360,.F.);
#1886=ORIENTED_EDGE('',*,*,#1360,.T.);
#1887=ORIENTED_EDGE('',*,*,#1349,.T.);
#1888=ORIENTED_EDGE('',*,*,#1361,.T.);
#1889=ORIENTED_EDGE('',*,*,#1311,.T.);
#1890=ORIENTED_EDGE('',*,*,#1289,.F.);
#1891=ORIENTED_EDGE('',*,*,#1313,.F.);
#1892=ORIENTED_EDGE('',*,*,#1362,.F.);
#1893=ORIENTED_EDGE('',*,*,#1363,.F.);
#1894=ORIENTED_EDGE('',*,*,#1364,.F.);
#1895=ORIENTED_EDGE('',*,*,#1365,.T.);
#1896=ORIENTED_EDGE('',*,*,#1366,.F.);
#1897=ORIENTED_EDGE('',*,*,#1365,.F.);
#1898=ORIENTED_EDGE('',*,*,#1367,.F.);
#1899=ORIENTED_EDGE('',*,*,#1351,.T.);
#1900=ORIENTED_EDGE('',*,*,#1310,.T.);
#1901=ORIENTED_EDGE('',*,*,#1361,.F.);
#1902=ORIENTED_EDGE('',*,*,#1348,.T.);
#1903=ORIENTED_EDGE('',*,*,#1368,.F.);
#1904=ORIENTED_EDGE('',*,*,#1362,.T.);
#1905=ORIENTED_EDGE('',*,*,#1369,.F.);
#1906=ORIENTED_EDGE('',*,*,#1366,.T.);
#1907=ORIENTED_EDGE('',*,*,#1370,.F.);
#1908=ORIENTED_EDGE('',*,*,#1308,.T.);
#1909=ORIENTED_EDGE('',*,*,#1369,.T.);
#1910=ORIENTED_EDGE('',*,*,#1350,.T.);
#1911=ORIENTED_EDGE('',*,*,#1371,.F.);
#1912=ORIENTED_EDGE('',*,*,#1306,.T.);
#1913=ORIENTED_EDGE('',*,*,#1370,.T.);
#1914=ORIENTED_EDGE('',*,*,#1372,.T.);
#1915=ORIENTED_EDGE('',*,*,#1373,.F.);
#1916=ORIENTED_EDGE('',*,*,#1374,.T.);
#1917=ORIENTED_EDGE('',*,*,#1284,.F.);
#1918=ORIENTED_EDGE('',*,*,#1374,.F.);
#1919=ORIENTED_EDGE('',*,*,#1375,.F.);
#1920=ORIENTED_EDGE('',*,*,#1376,.F.);
#1921=ORIENTED_EDGE('',*,*,#1285,.F.);
#1922=ORIENTED_EDGE('',*,*,#1376,.T.);
#1923=ORIENTED_EDGE('',*,*,#1377,.F.);
#1924=ORIENTED_EDGE('',*,*,#1316,.T.);
#1925=ORIENTED_EDGE('',*,*,#1286,.F.);
#1926=ORIENTED_EDGE('',*,*,#1318,.T.);
#1927=ORIENTED_EDGE('',*,*,#1378,.F.);
#1928=ORIENTED_EDGE('',*,*,#1354,.T.);
#1929=ORIENTED_EDGE('',*,*,#1280,.F.);
#1930=ORIENTED_EDGE('',*,*,#1379,.F.);
#1931=ORIENTED_EDGE('',*,*,#1372,.F.);
#1932=ORIENTED_EDGE('',*,*,#1283,.F.);
#1933=ORIENTED_EDGE('',*,*,#1358,.F.);
#1934=ORIENTED_EDGE('',*,*,#1380,.F.);
#1935=ORIENTED_EDGE('',*,*,#1353,.F.);
#1936=ORIENTED_EDGE('',*,*,#1381,.F.);
#1937=ORIENTED_EDGE('',*,*,#1382,.F.);
#1938=ORIENTED_EDGE('',*,*,#1383,.T.);
#1939=ORIENTED_EDGE('',*,*,#1384,.T.);
#1940=ORIENTED_EDGE('',*,*,#1298,.F.);
#1941=ORIENTED_EDGE('',*,*,#1384,.F.);
#1942=ORIENTED_EDGE('',*,*,#1385,.T.);
#1943=ORIENTED_EDGE('',*,*,#1386,.T.);
#1944=ORIENTED_EDGE('',*,*,#1299,.F.);
#1945=ORIENTED_EDGE('',*,*,#1386,.F.);
#1946=ORIENTED_EDGE('',*,*,#1385,.F.);
#1947=ORIENTED_EDGE('',*,*,#1387,.F.);
#1948=ORIENTED_EDGE('',*,*,#1388,.F.);
#1949=ORIENTED_EDGE('',*,*,#1383,.F.);
#1950=ORIENTED_EDGE('',*,*,#1389,.T.);
#1951=ORIENTED_EDGE('',*,*,#1390,.F.);
#1952=ORIENTED_EDGE('',*,*,#1363,.T.);
#1953=ORIENTED_EDGE('',*,*,#1391,.F.);
#1954=ORIENTED_EDGE('',*,*,#1392,.F.);
#1955=ORIENTED_EDGE('',*,*,#1381,.T.);
#1956=ORIENTED_EDGE('',*,*,#1352,.T.);
#1957=ORIENTED_EDGE('',*,*,#1367,.T.);
#1958=ORIENTED_EDGE('',*,*,#1364,.T.);
#1959=ORIENTED_EDGE('',*,*,#1390,.T.);
#1960=ORIENTED_EDGE('',*,*,#1393,.T.);
#1961=ORIENTED_EDGE('',*,*,#1394,.T.);
#1962=ORIENTED_EDGE('',*,*,#1391,.T.);
#1963=ORIENTED_EDGE('',*,*,#1368,.T.);
#1964=ORIENTED_EDGE('',*,*,#1347,.F.);
#1965=ORIENTED_EDGE('',*,*,#1359,.T.);
#1966=ORIENTED_EDGE('',*,*,#1300,.T.);
#1967=ORIENTED_EDGE('',*,*,#1395,.T.);
#1968=ORIENTED_EDGE('',*,*,#1303,.T.);
#1969=ORIENTED_EDGE('',*,*,#1371,.T.);
#1970=ORIENTED_EDGE('',*,*,#1380,.T.);
#1971=ORIENTED_EDGE('',*,*,#1396,.T.);
#1972=ORIENTED_EDGE('',*,*,#1397,.T.);
#1973=ORIENTED_EDGE('',*,*,#1398,.F.);
#1974=ORIENTED_EDGE('',*,*,#1393,.F.);
#1975=ORIENTED_EDGE('',*,*,#1389,.F.);
#1976=ORIENTED_EDGE('',*,*,#1395,.F.);
#1977=ORIENTED_EDGE('',*,*,#1302,.T.);
#1978=ORIENTED_EDGE('',*,*,#1294,.F.);
#1979=ORIENTED_EDGE('',*,*,#1304,.F.);
#1980=ORIENTED_EDGE('',*,*,#1396,.F.);
#1981=ORIENTED_EDGE('',*,*,#1382,.T.);
#1982=ORIENTED_EDGE('',*,*,#1392,.T.);
#1983=ORIENTED_EDGE('',*,*,#1399,.T.);
#1984=ORIENTED_EDGE('',*,*,#1400,.T.);
#1985=ORIENTED_EDGE('',*,*,#1401,.T.);
#1986=ORIENTED_EDGE('',*,*,#1402,.T.);
#1987=ORIENTED_EDGE('',*,*,#1403,.T.);
#1988=ORIENTED_EDGE('',*,*,#1387,.T.);
#1989=ORIENTED_EDGE('',*,*,#1404,.T.);
#1990=ORIENTED_EDGE('',*,*,#1296,.F.);
#1991=ORIENTED_EDGE('',*,*,#1404,.F.);
#1992=ORIENTED_EDGE('',*,*,#1388,.T.);
#1993=ORIENTED_EDGE('',*,*,#1405,.T.);
#1994=ORIENTED_EDGE('',*,*,#1297,.F.);
#1995=ORIENTED_EDGE('',*,*,#1405,.F.);
#1996=ORIENTED_EDGE('',*,*,#1406,.T.);
#1997=ORIENTED_EDGE('',*,*,#1399,.F.);
#1998=ORIENTED_EDGE('',*,*,#1394,.F.);
#1999=ORIENTED_EDGE('',*,*,#1398,.T.);
#2000=ORIENTED_EDGE('',*,*,#1397,.F.);
#2001=ORIENTED_EDGE('',*,*,#1406,.F.);
#2002=ORIENTED_EDGE('',*,*,#1330,.F.);
#2003=ORIENTED_EDGE('',*,*,#1338,.F.);
#2004=ORIENTED_EDGE('',*,*,#1407,.F.);
#2005=ORIENTED_EDGE('',*,*,#1408,.F.);
#2006=ORIENTED_EDGE('',*,*,#1409,.T.);
#2007=ORIENTED_EDGE('',*,*,#1410,.T.);
#2008=ORIENTED_EDGE('',*,*,#1411,.T.);
#2009=ORIENTED_EDGE('',*,*,#1412,.T.);
#2010=ORIENTED_EDGE('',*,*,#1379,.T.);
#2011=ORIENTED_EDGE('',*,*,#1357,.F.);
#2012=ORIENTED_EDGE('',*,*,#1355,.T.);
#2013=ORIENTED_EDGE('',*,*,#1378,.T.);
#2014=ORIENTED_EDGE('',*,*,#1317,.T.);
#2015=ORIENTED_EDGE('',*,*,#1377,.T.);
#2016=ORIENTED_EDGE('',*,*,#1375,.T.);
#2017=ORIENTED_EDGE('',*,*,#1373,.T.);
#2018=ORIENTED_EDGE('',*,*,#1413,.T.);
#2019=ORIENTED_EDGE('',*,*,#1407,.T.);
#2020=ORIENTED_EDGE('',*,*,#1337,.T.);
#2021=ORIENTED_EDGE('',*,*,#1335,.F.);
#2022=ORIENTED_EDGE('',*,*,#1345,.T.);
#2023=ORIENTED_EDGE('',*,*,#1343,.F.);
#2024=ORIENTED_EDGE('',*,*,#1341,.T.);
#2025=ORIENTED_EDGE('',*,*,#1339,.F.);
#2026=ORIENTED_EDGE('',*,*,#1332,.T.);
#2027=ORIENTED_EDGE('',*,*,#1321,.F.);
#2028=ORIENTED_EDGE('',*,*,#1320,.F.);
#2029=ORIENTED_EDGE('',*,*,#1331,.F.);
#2030=ORIENTED_EDGE('',*,*,#1408,.T.);
#2031=ORIENTED_EDGE('',*,*,#1413,.F.);
#2032=ORIENTED_EDGE('',*,*,#1411,.F.);
#2033=ORIENTED_EDGE('',*,*,#1414,.T.);
#2034=ORIENTED_EDGE('',*,*,#1403,.F.);
#2035=ORIENTED_EDGE('',*,*,#1415,.F.);
#2036=ORIENTED_EDGE('',*,*,#1410,.F.);
#2037=ORIENTED_EDGE('',*,*,#1416,.T.);
#2038=ORIENTED_EDGE('',*,*,#1400,.F.);
#2039=ORIENTED_EDGE('',*,*,#1414,.F.);
#2040=ORIENTED_EDGE('',*,*,#1409,.F.);
#2041=ORIENTED_EDGE('',*,*,#1417,.T.);
#2042=ORIENTED_EDGE('',*,*,#1401,.F.);
#2043=ORIENTED_EDGE('',*,*,#1416,.F.);
#2044=ORIENTED_EDGE('',*,*,#1402,.F.);
#2045=ORIENTED_EDGE('',*,*,#1417,.F.);
#2046=ORIENTED_EDGE('',*,*,#1412,.F.);
#2047=ORIENTED_EDGE('',*,*,#1415,.T.);
#2048=ORIENTED_EDGE('',*,*,#1418,.F.);
#2049=ORIENTED_EDGE('',*,*,#1173,.T.);
#2050=ORIENTED_EDGE('',*,*,#1272,.F.);
#2051=ORIENTED_EDGE('',*,*,#1273,.F.);
#2052=ORIENTED_EDGE('',*,*,#1140,.F.);
#2053=ORIENTED_EDGE('',*,*,#1419,.F.);
#2054=ORIENTED_EDGE('',*,*,#1147,.F.);
#2055=ORIENTED_EDGE('',*,*,#1174,.T.);
#2056=ORIENTED_EDGE('',*,*,#1418,.T.);
#2057=ORIENTED_EDGE('',*,*,#1271,.F.);
#2058=ORIENTED_EDGE('',*,*,#1420,.F.);
#2059=ORIENTED_EDGE('',*,*,#1274,.F.);
#2060=ORIENTED_EDGE('',*,*,#1419,.T.);
#2061=ORIENTED_EDGE('',*,*,#1139,.T.);
#2062=ORIENTED_EDGE('',*,*,#1151,.F.);
#2063=ORIENTED_EDGE('',*,*,#1266,.F.);
#2064=ORIENTED_EDGE('',*,*,#1421,.T.);
#2065=ORIENTED_EDGE('',*,*,#1267,.T.);
#2066=ORIENTED_EDGE('',*,*,#1270,.F.);
#2067=ORIENTED_EDGE('',*,*,#1422,.F.);
#2068=ORIENTED_EDGE('',*,*,#1275,.F.);
#2069=ORIENTED_EDGE('',*,*,#1420,.T.);
#2070=ORIENTED_EDGE('',*,*,#1268,.F.);
#2071=ORIENTED_EDGE('',*,*,#1421,.F.);
#2072=ORIENTED_EDGE('',*,*,#1277,.F.);
#2073=ORIENTED_EDGE('',*,*,#1423,.T.);
#2074=ORIENTED_EDGE('',*,*,#1269,.F.);
#2075=ORIENTED_EDGE('',*,*,#1423,.F.);
#2076=ORIENTED_EDGE('',*,*,#1276,.F.);
#2077=ORIENTED_EDGE('',*,*,#1422,.T.);
#2078=PLANE('',#2284);
#2079=PLANE('',#2291);
#2080=PLANE('',#2292);
#2081=PLANE('',#2297);
#2082=PLANE('',#2299);
#2083=PLANE('',#2308);
#2084=PLANE('',#2310);
#2085=PLANE('',#2312);
#2086=PLANE('',#2313);
#2087=PLANE('',#2319);
#2088=PLANE('',#2326);
#2089=PLANE('',#2333);
#2090=PLANE('',#2335);
#2091=PLANE('',#2336);
#2092=PLANE('',#2345);
#2093=PLANE('',#2346);
#2094=PLANE('',#2362);
#2095=PLANE('',#2374);
#2096=PLANE('',#2383);
#2097=PLANE('',#2384);
#2098=PLANE('',#2388);
#2099=PLANE('',#2389);
#2100=PLANE('',#2390);
#2101=PLANE('',#2391);
#2102=PLANE('',#2392);
#2103=PLANE('',#2393);
#2104=PLANE('',#2394);
#2105=PLANE('',#2395);
#2106=PLANE('',#2396);
#2107=PLANE('',#2405);
#2108=PLANE('',#2415);
#2109=PLANE('',#2416);
#2110=PLANE('',#2417);
#2111=PLANE('',#2418);
#2112=PLANE('',#2419);
#2113=PLANE('',#2420);
#2114=PLANE('',#2421);
#2115=PLANE('',#2423);
#2116=PLANE('',#2424);
#2117=PLANE('',#2428);
#2118=PLANE('',#2433);
#2119=PLANE('',#2436);
#2120=PLANE('',#2439);
#2121=PLANE('',#2442);
#2122=PLANE('',#2443);
#2123=PLANE('',#2444);
#2124=PLANE('',#2445);
#2125=PLANE('',#2448);
#2126=PLANE('',#2450);
#2127=PLANE('',#2452);
#2128=PLANE('',#2453);
#2129=PLANE('',#2463);
#2130=PLANE('',#2468);
#2131=PLANE('',#2469);
#2132=PLANE('',#2474);
#2133=PLANE('',#2475);
#2134=PLANE('',#2477);
#2135=PLANE('',#2479);
#2136=PLANE('',#2480);
#2137=PLANE('',#2481);
#2138=PLANE('',#2492);
#2139=PLANE('',#2493);
#2140=PLANE('',#2498);
#2141=PLANE('',#2499);
#2142=PLANE('',#2500);
#2143=PLANE('',#2501);
#2144=PLANE('',#2502);
#2145=PLANE('',#2503);
#2146=PLANE('',#2504);
#2147=PLANE('',#2505);
#2148=PLANE('',#2506);
#2149=PLANE('',#2507);
#2150=PLANE('',#2508);
#2151=PLANE('',#2509);
#2152=ADVANCED_FACE('',(#198,#79,#80,#81,#82,#83,#84),#2078,.T.);
#2153=ADVANCED_FACE('',(#199),#2079,.F.);
#2154=ADVANCED_FACE('',(#200),#2080,.F.);
#2155=ADVANCED_FACE('',(#201),#35,.F.);
#2156=ADVANCED_FACE('',(#202),#36,.F.);
#2157=ADVANCED_FACE('',(#203,#85),#2081,.T.);
#2158=ADVANCED_FACE('',(#204,#86),#2082,.T.);
#2159=ADVANCED_FACE('',(#205),#37,.F.);
#2160=ADVANCED_FACE('',(#206),#38,.F.);
#2161=ADVANCED_FACE('',(#207),#39,.F.);
#2162=ADVANCED_FACE('',(#208),#2083,.T.);
#2163=ADVANCED_FACE('',(#209),#2084,.T.);
#2164=ADVANCED_FACE('',(#210),#2085,.T.);
#2165=ADVANCED_FACE('',(#211),#2086,.T.);
#2166=ADVANCED_FACE('',(#212,#87),#2087,.T.);
#2167=ADVANCED_FACE('',(#213),#40,.F.);
#2168=ADVANCED_FACE('',(#214),#41,.T.);
#2169=ADVANCED_FACE('',(#215,#88),#2088,.T.);
#2170=ADVANCED_FACE('',(#216),#42,.T.);
#2171=ADVANCED_FACE('',(#217),#43,.F.);
#2172=ADVANCED_FACE('',(#218,#89),#2089,.T.);
#2173=ADVANCED_FACE('',(#219),#2090,.T.);
#2174=ADVANCED_FACE('',(#220),#2091,.T.);
#2175=ADVANCED_FACE('',(#221),#44,.F.);
#2176=ADVANCED_FACE('',(#222),#45,.F.);
#2177=ADVANCED_FACE('',(#223),#46,.F.);
#2178=ADVANCED_FACE('',(#224),#2092,.F.);
#2179=ADVANCED_FACE('',(#225),#2093,.F.);
#2180=ADVANCED_FACE('',(#226),#47,.T.);
#2181=ADVANCED_FACE('',(#227),#48,.F.);
#2182=ADVANCED_FACE('',(#228),#49,.F.);
#2183=ADVANCED_FACE('',(#229),#50,.F.);
#2184=ADVANCED_FACE('',(#230),#51,.T.);
#2185=ADVANCED_FACE('',(#231,#90,#91,#92,#93),#2094,.T.);
#2186=ADVANCED_FACE('',(#232),#52,.F.);
#2187=ADVANCED_FACE('',(#233),#53,.F.);
#2188=ADVANCED_FACE('',(#234),#2095,.T.);
#2189=ADVANCED_FACE('',(#235),#54,.F.);
#2190=ADVANCED_FACE('',(#236),#55,.F.);
#2191=ADVANCED_FACE('',(#237),#56,.T.);
#2192=ADVANCED_FACE('',(#238),#2096,.T.);
#2193=ADVANCED_FACE('',(#239),#2097,.T.);
#2194=ADVANCED_FACE('',(#240),#57,.T.);
#2195=ADVANCED_FACE('',(#241),#2098,.T.);
#2196=ADVANCED_FACE('',(#242),#2099,.T.);
#2197=ADVANCED_FACE('',(#243),#2100,.T.);
#2198=ADVANCED_FACE('',(#244),#2101,.T.);
#2199=ADVANCED_FACE('',(#245),#2102,.T.);
#2200=ADVANCED_FACE('',(#246),#2103,.T.);
#2201=ADVANCED_FACE('',(#247),#2104,.F.);
#2202=ADVANCED_FACE('',(#248),#2105,.F.);
#2203=ADVANCED_FACE('',(#249),#2106,.T.);
#2204=ADVANCED_FACE('',(#250),#58,.T.);
#2205=ADVANCED_FACE('',(#251,#94,#95,#96,#97,#98),#2107,.T.);
#2206=ADVANCED_FACE('',(#252),#2108,.T.);
#2207=ADVANCED_FACE('',(#253),#2109,.T.);
#2208=ADVANCED_FACE('',(#254),#2110,.T.);
#2209=ADVANCED_FACE('',(#255),#2111,.T.);
#2210=ADVANCED_FACE('',(#256),#2112,.T.);
#2211=ADVANCED_FACE('',(#257),#2113,.T.);
#2212=ADVANCED_FACE('',(#258),#2114,.F.);
#2213=ADVANCED_FACE('',(#259),#59,.T.);
#2214=ADVANCED_FACE('',(#260,#99,#100),#2115,.T.);
#2215=ADVANCED_FACE('',(#261),#2116,.F.);
#2216=ADVANCED_FACE('',(#262),#60,.T.);
#2217=ADVANCED_FACE('',(#263),#2117,.T.);
#2218=ADVANCED_FACE('',(#264),#2118,.T.);
#2219=ADVANCED_FACE('',(#265),#61,.T.);
#2220=ADVANCED_FACE('',(#266),#2119,.T.);
#2221=ADVANCED_FACE('',(#267),#62,.T.);
#2222=ADVANCED_FACE('',(#268),#2120,.T.);
#2223=ADVANCED_FACE('',(#269),#63,.T.);
#2224=ADVANCED_FACE('',(#270),#2121,.T.);
#2225=ADVANCED_FACE('',(#271),#2122,.F.);
#2226=ADVANCED_FACE('',(#272),#2123,.F.);
#2227=ADVANCED_FACE('',(#273),#2124,.T.);
#2228=ADVANCED_FACE('',(#274),#64,.T.);
#2229=ADVANCED_FACE('',(#275),#2125,.T.);
#2230=ADVANCED_FACE('',(#276),#2126,.T.);
#2231=ADVANCED_FACE('',(#277),#2127,.F.);
#2232=ADVANCED_FACE('',(#278),#2128,.F.);
#2233=ADVANCED_FACE('',(#279),#65,.T.);
#2234=ADVANCED_FACE('',(#280),#66,.T.);
#2235=ADVANCED_FACE('',(#281),#67,.T.);
#2236=ADVANCED_FACE('',(#282),#68,.T.);
#2237=ADVANCED_FACE('',(#283),#2129,.T.);
#2238=ADVANCED_FACE('',(#284),#69,.T.);
#2239=ADVANCED_FACE('',(#285),#70,.T.);
#2240=ADVANCED_FACE('',(#286),#2130,.T.);
#2241=ADVANCED_FACE('',(#287),#2131,.F.);
#2242=ADVANCED_FACE('',(#288),#71,.F.);
#2243=ADVANCED_FACE('',(#289),#72,.F.);
#2244=ADVANCED_FACE('',(#290),#2132,.F.);
#2245=ADVANCED_FACE('',(#291),#2133,.F.);
#2246=ADVANCED_FACE('',(#292),#2134,.F.);
#2247=ADVANCED_FACE('',(#293),#2135,.F.);
#2248=ADVANCED_FACE('',(#294),#2136,.F.);
#2249=ADVANCED_FACE('',(#295),#2137,.F.);
#2250=ADVANCED_FACE('',(#296),#73,.T.);
#2251=ADVANCED_FACE('',(#297),#74,.T.);
#2252=ADVANCED_FACE('',(#298,#101),#75,.F.);
#2253=ADVANCED_FACE('',(#299),#76,.F.);
#2254=ADVANCED_FACE('',(#300),#77,.F.);
#2255=ADVANCED_FACE('',(#301),#2138,.T.);
#2256=ADVANCED_FACE('',(#302),#2139,.T.);
#2257=ADVANCED_FACE('',(#303,#102),#78,.T.);
#2258=ADVANCED_FACE('',(#304,#103),#2140,.T.);
#2259=ADVANCED_FACE('',(#305),#2141,.T.);
#2260=ADVANCED_FACE('',(#306),#2142,.F.);
#2261=ADVANCED_FACE('',(#307),#2143,.F.);
#2262=ADVANCED_FACE('',(#308),#2144,.F.);
#2263=ADVANCED_FACE('',(#309),#2145,.F.);
#2264=ADVANCED_FACE('',(#310),#2146,.T.);
#2265=ADVANCED_FACE('',(#311),#2147,.T.);
#2266=ADVANCED_FACE('',(#312),#2148,.T.);
#2267=ADVANCED_FACE('',(#313),#2149,.F.);
#2268=ADVANCED_FACE('',(#314),#2150,.F.);
#2269=ADVANCED_FACE('',(#315),#2151,.F.);
#2270=CLOSED_SHELL('',(#2152,#2153,#2154,#2155,#2156,#2157,#2158,#2159,
#2160,#2161,#2162,#2163,#2164,#2165,#2166,#2167,#2168,#2169,#2170,#2171,
#2172,#2173,#2174,#2175,#2176,#2177,#2178,#2179,#2180,#2181,#2182,#2183,
#2184,#2185,#2186,#2187,#2188,#2189,#2190,#2191,#2192,#2193,#2194,#2195,
#2196,#2197,#2198,#2199,#2200,#2201,#2202,#2203,#2204,#2205,#2206,#2207,
#2208,#2209,#2210,#2211,#2212,#2213,#2214,#2215,#2216,#2217,#2218,#2219,
#2220,#2221,#2222,#2223,#2224,#2225,#2226,#2227,#2228,#2229,#2230,#2231,
#2232,#2233,#2234,#2235,#2236,#2237,#2238,#2239,#2240,#2241,#2242,#2243,
#2244,#2245,#2246,#2247,#2248,#2249,#2250,#2251,#2252,#2253,#2254,#2255,
#2256,#2257,#2258,#2259,#2260,#2261,#2262,#2263,#2264,#2265,#2266,#2267,
#2268,#2269));
#2271=DERIVED_UNIT_ELEMENT(#2273,1.);
#2272=DERIVED_UNIT_ELEMENT(#3866,-3.);
#2273=(
MASS_UNIT()
NAMED_UNIT(*)
SI_UNIT(.KILO.,.GRAM.)
);
#2274=DERIVED_UNIT((#2271,#2272));
#2275=MEASURE_REPRESENTATION_ITEM('density measure',
POSITIVE_RATIO_MEASURE(952.),#2274);
#2276=PROPERTY_DEFINITION_REPRESENTATION(#2281,#2278);
#2277=PROPERTY_DEFINITION_REPRESENTATION(#2282,#2279);
#2278=REPRESENTATION('material name',(#2280),#3863);
#2279=REPRESENTATION('density',(#2275),#3863);
#2280=DESCRIPTIVE_REPRESENTATION_ITEM('Plastic, Opaque White',
'Plastic, Opaque White');
#2281=PROPERTY_DEFINITION('material property','material name',#3873);
#2282=PROPERTY_DEFINITION('material property','density of part',#3873);
#2283=AXIS2_PLACEMENT_3D('',#3177,#2510,#2511);
#2284=AXIS2_PLACEMENT_3D('',#3178,#2512,#2513);
#2285=AXIS2_PLACEMENT_3D('',#3188,#2518,#2519);
#2286=AXIS2_PLACEMENT_3D('',#3190,#2520,#2521);
#2287=AXIS2_PLACEMENT_3D('',#3192,#2522,#2523);
#2288=AXIS2_PLACEMENT_3D('',#3194,#2524,#2525);
#2289=AXIS2_PLACEMENT_3D('',#3196,#2526,#2527);
#2290=AXIS2_PLACEMENT_3D('',#3198,#2528,#2529);
#2291=AXIS2_PLACEMENT_3D('',#3199,#2530,#2531);
#2292=AXIS2_PLACEMENT_3D('',#3205,#2535,#2536);
#2293=AXIS2_PLACEMENT_3D('',#3209,#2539,#2540);
#2294=AXIS2_PLACEMENT_3D('',#3212,#2542,#2543);
#2295=AXIS2_PLACEMENT_3D('',#3213,#2544,#2545);
#2296=AXIS2_PLACEMENT_3D('',#3216,#2547,#2548);
#2297=AXIS2_PLACEMENT_3D('',#3217,#2549,#2550);
#2298=AXIS2_PLACEMENT_3D('',#3219,#2551,#2552);
#2299=AXIS2_PLACEMENT_3D('',#3220,#2553,#2554);
#2300=AXIS2_PLACEMENT_3D('',#3222,#2555,#2556);
#2301=AXIS2_PLACEMENT_3D('',#3223,#2557,#2558);
#2302=AXIS2_PLACEMENT_3D('',#3225,#2559,#2560);
#2303=AXIS2_PLACEMENT_3D('',#3227,#2562,#2563);
#2304=AXIS2_PLACEMENT_3D('',#3229,#2564,#2565);
#2305=AXIS2_PLACEMENT_3D('',#3231,#2567,#2568);
#2306=AXIS2_PLACEMENT_3D('',#3234,#2569,#2570);
#2307=AXIS2_PLACEMENT_3D('',#3238,#2572,#2573);
#2308=AXIS2_PLACEMENT_3D('',#3240,#2575,#2576);
#2309=AXIS2_PLACEMENT_3D('',#3246,#2579,#2580);
#2310=AXIS2_PLACEMENT_3D('',#3250,#2583,#2584);
#2311=AXIS2_PLACEMENT_3D('',#3255,#2586,#2587);
#2312=AXIS2_PLACEMENT_3D('',#3274,#2598,#2599);
#2313=AXIS2_PLACEMENT_3D('',#3278,#2602,#2603);
#2314=AXIS2_PLACEMENT_3D('',#3280,#2604,#2605);
#2315=AXIS2_PLACEMENT_3D('',#3286,#2608,#2609);
#2316=AXIS2_PLACEMENT_3D('',#3290,#2611,#2612);
#2317=AXIS2_PLACEMENT_3D('',#3293,#2614,#2615);
#2318=AXIS2_PLACEMENT_3D('',#3294,#2616,#2617);
#2319=AXIS2_PLACEMENT_3D('',#3295,#2618,#2619);
#2320=AXIS2_PLACEMENT_3D('',#3296,#2620,#2621);
#2321=AXIS2_PLACEMENT_3D('',#3300,#2624,#2625);
#2322=AXIS2_PLACEMENT_3D('',#3306,#2628,#2629);
#2323=AXIS2_PLACEMENT_3D('',#3310,#2632,#2633);
#2324=AXIS2_PLACEMENT_3D('',#3311,#2634,#2635);
#2325=AXIS2_PLACEMENT_3D('',#3313,#2637,#2638);
#2326=AXIS2_PLACEMENT_3D('',#3315,#2640,#2641);
#2327=AXIS2_PLACEMENT_3D('',#3317,#2642,#2643);
#2328=AXIS2_PLACEMENT_3D('',#3318,#2644,#2645);
#2329=AXIS2_PLACEMENT_3D('',#3319,#2646,#2647);
#2330=AXIS2_PLACEMENT_3D('',#3320,#2648,#2649);
#2331=AXIS2_PLACEMENT_3D('',#3321,#2650,#2651);
#2332=AXIS2_PLACEMENT_3D('',#3322,#2652,#2653);
#2333=AXIS2_PLACEMENT_3D('',#3323,#2654,#2655);
#2334=AXIS2_PLACEMENT_3D('',#3325,#2656,#2657);
#2335=AXIS2_PLACEMENT_3D('',#3326,#2658,#2659);
#2336=AXIS2_PLACEMENT_3D('',#3327,#2660,#2661);
#2337=AXIS2_PLACEMENT_3D('',#3345,#2670,#2671);
#2338=AXIS2_PLACEMENT_3D('',#3347,#2673,#2674);
#2339=AXIS2_PLACEMENT_3D('',#3349,#2675,#2676);
#2340=AXIS2_PLACEMENT_3D('',#3351,#2678,#2679);
#2341=AXIS2_PLACEMENT_3D('',#3353,#2680,#2681);
#2342=AXIS2_PLACEMENT_3D('',#3355,#2683,#2684);
#2343=AXIS2_PLACEMENT_3D('',#3358,#2685,#2686);
#2344=AXIS2_PLACEMENT_3D('',#3362,#2688,#2689);
#2345=AXIS2_PLACEMENT_3D('',#3364,#2691,#2692);
#2346=AXIS2_PLACEMENT_3D('',#3372,#2697,#2698);
#2347=AXIS2_PLACEMENT_3D('',#3380,#2703,#2704);
#2348=AXIS2_PLACEMENT_3D('',#3382,#2705,#2706);
#2349=AXIS2_PLACEMENT_3D('',#3385,#2708,#2709);
#2350=AXIS2_PLACEMENT_3D('',#3386,#2710,#2711);
#2351=AXIS2_PLACEMENT_3D('',#3389,#2712,#2713);
#2352=AXIS2_PLACEMENT_3D('',#3393,#2715,#2716);
#2353=AXIS2_PLACEMENT_3D('',#3395,#2718,#2719);
#2354=AXIS2_PLACEMENT_3D('',#3398,#2720,#2721);
#2355=AXIS2_PLACEMENT_3D('',#3402,#2723,#2724);
#2356=AXIS2_PLACEMENT_3D('',#3404,#2726,#2727);
#2357=AXIS2_PLACEMENT_3D('',#3407,#2728,#2729);
#2358=AXIS2_PLACEMENT_3D('',#3411,#2731,#2732);
#2359=AXIS2_PLACEMENT_3D('',#3413,#2734,#2735);
#2360=AXIS2_PLACEMENT_3D('',#3415,#2736,#2737);
#2361=AXIS2_PLACEMENT_3D('',#3417,#2738,#2739);
#2362=AXIS2_PLACEMENT_3D('',#3419,#2741,#2742);
#2363=AXIS2_PLACEMENT_3D('',#3420,#2743,#2744);
#2364=AXIS2_PLACEMENT_3D('',#3421,#2745,#2746);
#2365=AXIS2_PLACEMENT_3D('',#3422,#2747,#2748);
#2366=AXIS2_PLACEMENT_3D('',#3424,#2749,#2750);
#2367=AXIS2_PLACEMENT_3D('',#3425,#2751,#2752);
#2368=AXIS2_PLACEMENT_3D('',#3426,#2753,#2754);
#2369=AXIS2_PLACEMENT_3D('',#3429,#2756,#2757);
#2370=AXIS2_PLACEMENT_3D('',#3430,#2758,#2759);
#2371=AXIS2_PLACEMENT_3D('',#3431,#2760,#2761);
#2372=AXIS2_PLACEMENT_3D('',#3434,#2763,#2764);
#2373=AXIS2_PLACEMENT_3D('',#3435,#2765,#2766);
#2374=AXIS2_PLACEMENT_3D('',#3436,#2767,#2768);
#2375=AXIS2_PLACEMENT_3D('',#3440,#2772,#2773);
#2376=AXIS2_PLACEMENT_3D('',#3443,#2775,#2776);
#2377=AXIS2_PLACEMENT_3D('',#3444,#2777,#2778);
#2378=AXIS2_PLACEMENT_3D('',#3445,#2779,#2780);
#2379=AXIS2_PLACEMENT_3D('',#3447,#2782,#2783);
#2380=AXIS2_PLACEMENT_3D('',#3448,#2784,#2785);
#2381=AXIS2_PLACEMENT_3D('',#3451,#2786,#2787);
#2382=AXIS2_PLACEMENT_3D('',#3455,#2789,#2790);
#2383=AXIS2_PLACEMENT_3D('',#3457,#2792,#2793);
#2384=AXIS2_PLACEMENT_3D('',#3463,#2797,#2798);
#2385=AXIS2_PLACEMENT_3D('',#3467,#2800,#2801);
#2386=AXIS2_PLACEMENT_3D('',#3479,#2808,#2809);
#2387=AXIS2_PLACEMENT_3D('',#3483,#2811,#2812);
#2388=AXIS2_PLACEMENT_3D('',#3485,#2814,#2815);
#2389=AXIS2_PLACEMENT_3D('',#3489,#2818,#2819);
#2390=AXIS2_PLACEMENT_3D('',#3491,#2821,#2822);
#2391=AXIS2_PLACEMENT_3D('',#3497,#2826,#2827);
#2392=AXIS2_PLACEMENT_3D('',#3501,#2830,#2831);
#2393=AXIS2_PLACEMENT_3D('',#3505,#2834,#2835);
#2394=AXIS2_PLACEMENT_3D('',#3508,#2838,#2839);
#2395=AXIS2_PLACEMENT_3D('',#3510,#2841,#2842);
#2396=AXIS2_PLACEMENT_3D('',#3511,#2843,#2844);
#2397=AXIS2_PLACEMENT_3D('',#3512,#2845,#2846);
#2398=AXIS2_PLACEMENT_3D('',#3513,#2847,#2848);
#2399=AXIS2_PLACEMENT_3D('',#3519,#2851,#2852);
#2400=AXIS2_PLACEMENT_3D('',#3523,#2854,#2855);
#2401=AXIS2_PLACEMENT_3D('',#3526,#2857,#2858);
#2402=AXIS2_PLACEMENT_3D('',#3528,#2859,#2860);
#2403=AXIS2_PLACEMENT_3D('',#3532,#2862,#2863);
#2404=AXIS2_PLACEMENT_3D('',#3535,#2865,#2866);
#2405=AXIS2_PLACEMENT_3D('',#3536,#2867,#2868);
#2406=AXIS2_PLACEMENT_3D('',#3541,#2871,#2872);
#2407=AXIS2_PLACEMENT_3D('',#3545,#2874,#2875);
#2408=AXIS2_PLACEMENT_3D('',#3549,#2877,#2878);
#2409=AXIS2_PLACEMENT_3D('',#3553,#2880,#2881);
#2410=AXIS2_PLACEMENT_3D('',#3569,#2889,#2890);
#2411=AXIS2_PLACEMENT_3D('',#3572,#2892,#2893);
#2412=AXIS2_PLACEMENT_3D('',#3574,#2894,#2895);
#2413=AXIS2_PLACEMENT_3D('',#3576,#2896,#2897);
#2414=AXIS2_PLACEMENT_3D('',#3578,#2898,#2899);
#2415=AXIS2_PLACEMENT_3D('',#3579,#2900,#2901);
#2416=AXIS2_PLACEMENT_3D('',#3585,#2905,#2906);
#2417=AXIS2_PLACEMENT_3D('',#3591,#2910,#2911);
#2418=AXIS2_PLACEMENT_3D('',#3595,#2914,#2915);
#2419=AXIS2_PLACEMENT_3D('',#3599,#2918,#2919);
#2420=AXIS2_PLACEMENT_3D('',#3603,#2922,#2923);
#2421=AXIS2_PLACEMENT_3D('',#3607,#2926,#2927);
#2422=AXIS2_PLACEMENT_3D('',#3608,#2928,#2929);
#2423=AXIS2_PLACEMENT_3D('',#3610,#2931,#2932);
#2424=AXIS2_PLACEMENT_3D('',#3612,#2934,#2935);
#2425=AXIS2_PLACEMENT_3D('',#3618,#2939,#2940);
#2426=AXIS2_PLACEMENT_3D('',#3621,#2941,#2942);
#2427=AXIS2_PLACEMENT_3D('',#3625,#2944,#2945);
#2428=AXIS2_PLACEMENT_3D('',#3627,#2947,#2948);
#2429=AXIS2_PLACEMENT_3D('',#3631,#2950,#2951);
#2430=AXIS2_PLACEMENT_3D('',#3635,#2953,#2954);
#2431=AXIS2_PLACEMENT_3D('',#3639,#2956,#2957);
#2432=AXIS2_PLACEMENT_3D('',#3643,#2959,#2960);
#2433=AXIS2_PLACEMENT_3D('',#3645,#2962,#2963);
#2434=AXIS2_PLACEMENT_3D('',#3649,#2966,#2967);
#2435=AXIS2_PLACEMENT_3D('',#3653,#2969,#2970);
#2436=AXIS2_PLACEMENT_3D('',#3655,#2972,#2973);
#2437=AXIS2_PLACEMENT_3D('',#3659,#2976,#2977);
#2438=AXIS2_PLACEMENT_3D('',#3661,#2978,#2979);
#2439=AXIS2_PLACEMENT_3D('',#3663,#2981,#2982);
#2440=AXIS2_PLACEMENT_3D('',#3667,#2985,#2986);
#2441=AXIS2_PLACEMENT_3D('',#3669,#2987,#2988);
#2442=AXIS2_PLACEMENT_3D('',#3671,#2990,#2991);
#2443=AXIS2_PLACEMENT_3D('',#3673,#2993,#2994);
#2444=AXIS2_PLACEMENT_3D('',#3682,#2999,#3000);
#2445=AXIS2_PLACEMENT_3D('',#3691,#3005,#3006);
#2446=AXIS2_PLACEMENT_3D('',#3697,#3010,#3011);
#2447=AXIS2_PLACEMENT_3D('',#3699,#3012,#3013);
#2448=AXIS2_PLACEMENT_3D('',#3701,#3015,#3016);
#2449=AXIS2_PLACEMENT_3D('',#3702,#3017,#3018);
#2450=AXIS2_PLACEMENT_3D('',#3704,#3020,#3021);
#2451=AXIS2_PLACEMENT_3D('',#3705,#3022,#3023);
#2452=AXIS2_PLACEMENT_3D('',#3706,#3024,#3025);
#2453=AXIS2_PLACEMENT_3D('',#3715,#3030,#3031);
#2454=AXIS2_PLACEMENT_3D('',#3718,#3034,#3035);
#2455=AXIS2_PLACEMENT_3D('',#3719,#3036,#3037);
#2456=AXIS2_PLACEMENT_3D('',#3720,#3038,#3039);
#2457=AXIS2_PLACEMENT_3D('',#3721,#3040,#3041);
#2458=AXIS2_PLACEMENT_3D('',#3722,#3042,#3043);
#2459=AXIS2_PLACEMENT_3D('',#3723,#3044,#3045);
#2460=AXIS2_PLACEMENT_3D('',#3724,#3046,#3047);
#2461=AXIS2_PLACEMENT_3D('',#3725,#3048,#3049);
#2462=AXIS2_PLACEMENT_3D('',#3729,#3051,#3052);
#2463=AXIS2_PLACEMENT_3D('',#3731,#3054,#3055);
#2464=AXIS2_PLACEMENT_3D('',#3735,#3058,#3059);
#2465=AXIS2_PLACEMENT_3D('',#3736,#3060,#3061);
#2466=AXIS2_PLACEMENT_3D('',#3737,#3062,#3063);
#2467=AXIS2_PLACEMENT_3D('',#3738,#3064,#3065);
#2468=AXIS2_PLACEMENT_3D('',#3739,#3066,#3067);
#2469=AXIS2_PLACEMENT_3D('',#3741,#3069,#3070);
#2470=AXIS2_PLACEMENT_3D('',#3747,#3074,#3075);
#2471=AXIS2_PLACEMENT_3D('',#3749,#3076,#3077);
#2472=AXIS2_PLACEMENT_3D('',#3751,#3079,#3080);
#2473=AXIS2_PLACEMENT_3D('',#3753,#3081,#3082);
#2474=AXIS2_PLACEMENT_3D('',#3755,#3084,#3085);
#2475=AXIS2_PLACEMENT_3D('',#3756,#3086,#3087);
#2476=AXIS2_PLACEMENT_3D('',#3758,#3088,#3089);
#2477=AXIS2_PLACEMENT_3D('',#3759,#3090,#3091);
#2478=AXIS2_PLACEMENT_3D('',#3761,#3092,#3093);
#2479=AXIS2_PLACEMENT_3D('',#3762,#3094,#3095);
#2480=AXIS2_PLACEMENT_3D('',#3763,#3096,#3097);
#2481=AXIS2_PLACEMENT_3D('',#3769,#3101,#3102);
#2482=AXIS2_PLACEMENT_3D('',#3771,#3103,#3104);
#2483=AXIS2_PLACEMENT_3D('',#3773,#3105,#3106);
#2484=AXIS2_PLACEMENT_3D('',#3775,#3108,#3109);
#2485=AXIS2_PLACEMENT_3D('',#3786,#3110,#3111);
#2486=AXIS2_PLACEMENT_3D('',#3797,#3112,#3113);
#2487=AXIS2_PLACEMENT_3D('',#3800,#3114,#3115);
#2488=AXIS2_PLACEMENT_3D('',#3809,#3118,#3119);
#2489=AXIS2_PLACEMENT_3D('',#3814,#3120,#3121);
#2490=AXIS2_PLACEMENT_3D('',#3815,#3122,#3123);
#2491=AXIS2_PLACEMENT_3D('',#3817,#3125,#3126);
#2492=AXIS2_PLACEMENT_3D('',#3819,#3128,#3129);
#2493=AXIS2_PLACEMENT_3D('',#3821,#3131,#3132);
#2494=AXIS2_PLACEMENT_3D('',#3822,#3133,#3134);
#2495=AXIS2_PLACEMENT_3D('',#3824,#3135,#3136);
#2496=AXIS2_PLACEMENT_3D('',#3828,#3138,#3139);
#2497=AXIS2_PLACEMENT_3D('',#3834,#3140,#3141);
#2498=AXIS2_PLACEMENT_3D('',#3838,#3142,#3143);
#2499=AXIS2_PLACEMENT_3D('',#3840,#3145,#3146);
#2500=AXIS2_PLACEMENT_3D('',#3841,#3147,#3148);
#2501=AXIS2_PLACEMENT_3D('',#3844,#3151,#3152);
#2502=AXIS2_PLACEMENT_3D('',#3846,#3154,#3155);
#2503=AXIS2_PLACEMENT_3D('',#3848,#3157,#3158);
#2504=AXIS2_PLACEMENT_3D('',#3849,#3159,#3160);
#2505=AXIS2_PLACEMENT_3D('',#3851,#3162,#3163);
#2506=AXIS2_PLACEMENT_3D('',#3853,#3165,#3166);
#2507=AXIS2_PLACEMENT_3D('',#3856,#3169,#3170);
#2508=AXIS2_PLACEMENT_3D('',#3858,#3172,#3173);
#2509=AXIS2_PLACEMENT_3D('',#3860,#3175,#3176);
#2510=DIRECTION('axis',(0.,0.,1.));
#2511=DIRECTION('refdir',(1.,0.,0.));
#2512=DIRECTION('center_axis',(0.,0.,1.));
#2513=DIRECTION('ref_axis',(-1.,0.,0.));
#2514=DIRECTION('',(0.,-1.,0.));
#2515=DIRECTION('',(1.,6.16790569236198E-17,0.));
#2516=DIRECTION('',(0.,1.,0.));
#2517=DIRECTION('',(-1.,0.,0.));
#2518=DIRECTION('center_axis',(0.,0.,-1.));
#2519=DIRECTION('ref_axis',(-1.,0.,0.));
#2520=DIRECTION('center_axis',(0.,0.,-1.));
#2521=DIRECTION('ref_axis',(-1.,0.,0.));
#2522=DIRECTION('center_axis',(0.,0.,-1.));
#2523=DIRECTION('ref_axis',(-1.,0.,0.));
#2524=DIRECTION('center_axis',(0.,0.,-1.));
#2525=DIRECTION('ref_axis',(-1.,0.,0.));
#2526=DIRECTION('center_axis',(0.,0.,-1.));
#2527=DIRECTION('ref_axis',(-1.,0.,0.));
#2528=DIRECTION('center_axis',(0.,0.,-1.));
#2529=DIRECTION('ref_axis',(-1.,0.,0.));
#2530=DIRECTION('center_axis',(-6.16790569236198E-17,1.,0.));
#2531=DIRECTION('ref_axis',(1.,6.16790569236198E-17,0.));
#2532=DIRECTION('',(0.,0.,-1.));
#2533=DIRECTION('',(1.,6.16790569236198E-17,0.));
#2534=DIRECTION('',(0.,0.,1.));
#2535=DIRECTION('center_axis',(1.,0.,0.));
#2536=DIRECTION('ref_axis',(0.,-1.,0.));
#2537=DIRECTION('',(0.,0.,-1.));
#2538=DIRECTION('',(0.,-1.,0.));
#2539=DIRECTION('center_axis',(0.,0.,1.));
#2540=DIRECTION('ref_axis',(-1.,0.,0.));
#2541=DIRECTION('',(0.,0.,-1.));
#2542=DIRECTION('center_axis',(0.,0.,1.));
#2543=DIRECTION('ref_axis',(-1.,0.,0.));
#2544=DIRECTION('center_axis',(0.,0.,1.));
#2545=DIRECTION('ref_axis',(-1.,0.,0.));
#2546=DIRECTION('',(0.,0.,-1.));
#2547=DIRECTION('center_axis',(0.,0.,1.));
#2548=DIRECTION('ref_axis',(-1.,0.,0.));
#2549=DIRECTION('center_axis',(0.,0.,1.));
#2550=DIRECTION('ref_axis',(-1.,0.,0.));
#2551=DIRECTION('center_axis',(0.,0.,-1.));
#2552=DIRECTION('ref_axis',(-1.,0.,0.));
#2553=DIRECTION('center_axis',(0.,0.,1.));
#2554=DIRECTION('ref_axis',(-1.,0.,0.));
#2555=DIRECTION('center_axis',(0.,0.,-1.));
#2556=DIRECTION('ref_axis',(-1.,0.,0.));
#2557=DIRECTION('center_axis',(0.,0.,-1.));
#2558=DIRECTION('ref_axis',(-1.,0.,0.));
#2559=DIRECTION('center_axis',(0.,0.,1.));
#2560=DIRECTION('ref_axis',(-1.,0.,0.));
#2561=DIRECTION('',(0.,0.,1.));
#2562=DIRECTION('center_axis',(0.,0.,-1.));
#2563=DIRECTION('ref_axis',(-1.,0.,0.));
#2564=DIRECTION('center_axis',(0.,0.,1.));
#2565=DIRECTION('ref_axis',(-1.,0.,0.));
#2566=DIRECTION('',(0.,0.,1.));
#2567=DIRECTION('center_axis',(1.,0.,0.));
#2568=DIRECTION('ref_axis',(0.,0.477158760259609,-0.878817112661965));
#2569=DIRECTION('center_axis',(-1.,0.,0.));
#2570=DIRECTION('ref_axis',(0.,0.477158760259609,-0.878817112661965));
#2571=DIRECTION('',(1.,0.,0.));
#2572=DIRECTION('center_axis',(1.,0.,0.));
#2573=DIRECTION('ref_axis',(0.,0.477158760259609,-0.878817112661965));
#2574=DIRECTION('',(-1.,0.,0.));
#2575=DIRECTION('center_axis',(0.,-1.86002920197408E-16,1.));
#2576=DIRECTION('ref_axis',(0.,1.,1.86002920197408E-16));
#2577=DIRECTION('',(0.,1.,0.));
#2578=DIRECTION('',(1.,0.,0.));
#2579=DIRECTION('center_axis',(0.,1.86002920197408E-16,-1.));
#2580=DIRECTION('ref_axis',(-1.,0.,0.));
#2581=DIRECTION('',(1.,0.,0.));
#2582=DIRECTION('',(0.,1.,1.86002920197408E-16));
#2583=DIRECTION('center_axis',(1.,0.,0.));
#2584=DIRECTION('ref_axis',(0.,-0.139173100960065,-0.99026806874157));
#2585=DIRECTION('',(0.,1.,2.63830095409984E-17));
#2586=DIRECTION('center_axis',(1.,0.,0.));
#2587=DIRECTION('ref_axis',(0.,6.83214169000097E-16,-1.));
#2588=DIRECTION('',(0.,0.550406514324271,0.834896801400872));
#2589=DIRECTION('',(0.,0.842824379674519,-0.538188689054556));
#2590=DIRECTION('',(0.,0.538188689054556,0.842824379674519));
#2591=DIRECTION('',(0.,-0.838670567945424,0.544639035015027));
#2592=DIRECTION('',(0.,-0.544639035015026,-0.838670567945425));
#2593=DIRECTION('',(0.,1.,-1.85037170770859E-16));
#2594=DIRECTION('',(0.,0.,1.));
#2595=DIRECTION('',(0.,-1.,0.));
#2596=DIRECTION('',(0.,0.,1.));
#2597=DIRECTION('',(0.,-1.,0.));
#2598=DIRECTION('center_axis',(0.,-0.838670567945425,0.544639035015026));
#2599=DIRECTION('ref_axis',(0.,0.544639035015026,0.838670567945425));
#2600=DIRECTION('',(-1.,0.,0.));
#2601=DIRECTION('',(0.,0.544639035015026,0.838670567945425));
#2602=DIRECTION('center_axis',(0.,1.85037170770859E-16,1.));
#2603=DIRECTION('ref_axis',(0.,-1.,1.85037170770859E-16));
#2604=DIRECTION('center_axis',(0.,-1.85037170770859E-16,-1.));
#2605=DIRECTION('ref_axis',(-1.,0.,0.));
#2606=DIRECTION('',(0.,-1.,0.));
#2607=DIRECTION('',(1.,0.,0.));
#2608=DIRECTION('center_axis',(0.,0.,1.));
#2609=DIRECTION('ref_axis',(1.,0.,0.));
#2610=DIRECTION('',(-1.,0.,0.));
#2611=DIRECTION('center_axis',(0.,0.,1.));
#2612=DIRECTION('ref_axis',(1.,0.,0.));
#2613=DIRECTION('',(1.,0.,0.));
#2614=DIRECTION('center_axis',(0.,-1.85037170770859E-16,-1.));
#2615=DIRECTION('ref_axis',(-1.,0.,0.));
#2616=DIRECTION('center_axis',(0.,-1.85037170770859E-16,-1.));
#2617=DIRECTION('ref_axis',(-1.,0.,0.));
#2618=DIRECTION('center_axis',(0.,0.,1.));
#2619=DIRECTION('ref_axis',(1.,0.,0.));
#2620=DIRECTION('center_axis',(0.,0.,1.));
#2621=DIRECTION('ref_axis',(1.,0.,0.));
#2622=DIRECTION('',(-1.,0.,0.));
#2623=DIRECTION('',(0.,1.,0.));
#2624=DIRECTION('center_axis',(0.,0.,-1.));
#2625=DIRECTION('ref_axis',(-1.39349996950756E-15,1.,0.));
#2626=DIRECTION('',(0.,0.,1.));
#2627=DIRECTION('',(0.,0.,-1.));
#2628=DIRECTION('center_axis',(0.,0.,-1.));
#2629=DIRECTION('ref_axis',(-1.,0.,0.));
#2630=DIRECTION('',(0.,0.,-1.));
#2631=DIRECTION('',(0.,0.,1.));
#2632=DIRECTION('center_axis',(0.,0.,-1.));
#2633=DIRECTION('ref_axis',(-1.,0.,0.));
#2634=DIRECTION('center_axis',(0.,1.85037170770859E-16,1.));
#2635=DIRECTION('ref_axis',(-1.,0.,0.));
#2636=DIRECTION('',(0.,0.,-1.));
#2637=DIRECTION('center_axis',(0.,0.,1.));
#2638=DIRECTION('ref_axis',(-1.,0.,0.));
#2639=DIRECTION('',(0.,0.,-1.));
#2640=DIRECTION('center_axis',(0.,0.,1.));
#2641=DIRECTION('ref_axis',(-1.,0.,0.));
#2642=DIRECTION('center_axis',(0.,0.,1.));
#2643=DIRECTION('ref_axis',(1.,0.,0.));
#2644=DIRECTION('center_axis',(0.,0.,-1.));
#2645=DIRECTION('ref_axis',(-1.,0.,0.));
#2646=DIRECTION('center_axis',(0.,1.85037170770859E-16,1.));
#2647=DIRECTION('ref_axis',(-1.,0.,0.));
#2648=DIRECTION('center_axis',(0.,0.,1.));
#2649=DIRECTION('ref_axis',(-1.,0.,0.));
#2650=DIRECTION('center_axis',(0.,0.,-1.));
#2651=DIRECTION('ref_axis',(-7.04481399828022E-16,-1.,0.));
#2652=DIRECTION('center_axis',(0.,0.,-1.));
#2653=DIRECTION('ref_axis',(-1.,0.,0.));
#2654=DIRECTION('center_axis',(0.,0.,1.));
#2655=DIRECTION('ref_axis',(-1.,0.,0.));
#2656=DIRECTION('center_axis',(0.,0.,1.));
#2657=DIRECTION('ref_axis',(1.,0.,0.));
#2658=DIRECTION('center_axis',(0.,1.85037170770859E-16,1.));
#2659=DIRECTION('ref_axis',(0.,-1.,1.85037170770859E-16));
#2660=DIRECTION('center_axis',(-1.,0.,0.));
#2661=DIRECTION('ref_axis',(0.,0.139173100960065,0.99026806874157));
#2662=DIRECTION('',(0.,1.,0.));
#2663=DIRECTION('',(0.,0.,-1.));
#2664=DIRECTION('',(0.,-1.,0.));
#2665=DIRECTION('',(0.,0.,-1.));
#2666=DIRECTION('',(0.,0.838670567945424,-0.544639035015027));
#2667=DIRECTION('',(0.,-0.538188689054556,-0.842824379674519));
#2668=DIRECTION('',(0.,0.842824379674519,-0.538188689054556));
#2669=DIRECTION('',(0.,-0.550406514324271,-0.834896801400872));
#2670=DIRECTION('center_axis',(-1.,0.,0.));
#2671=DIRECTION('ref_axis',(0.,6.83214169000097E-16,-1.));
#2672=DIRECTION('',(0.,-1.,-2.63830095409984E-17));
#2673=DIRECTION('center_axis',(0.,0.,1.));
#2674=DIRECTION('ref_axis',(1.,0.,0.));
#2675=DIRECTION('center_axis',(0.,0.,1.));
#2676=DIRECTION('ref_axis',(1.,0.,0.));
#2677=DIRECTION('',(0.,0.,1.));
#2678=DIRECTION('center_axis',(0.,0.,1.));
#2679=DIRECTION('ref_axis',(1.,0.,0.));
#2680=DIRECTION('center_axis',(0.,0.,1.));
#2681=DIRECTION('ref_axis',(1.,0.,0.));
#2682=DIRECTION('',(0.,0.,1.));
#2683=DIRECTION('center_axis',(0.,0.,1.));
#2684=DIRECTION('ref_axis',(-1.,6.2803698347351E-16,0.));
#2685=DIRECTION('center_axis',(0.,-2.63830095409984E-17,1.));
#2686=DIRECTION('ref_axis',(-1.,6.2803698347351E-16,0.));
#2687=DIRECTION('',(0.,0.,1.));
#2688=DIRECTION('center_axis',(0.,0.,1.));
#2689=DIRECTION('ref_axis',(-1.,6.2803698347351E-16,0.));
#2690=DIRECTION('',(0.,0.,1.));
#2691=DIRECTION('center_axis',(-0.999995589717781,-0.00296994023292049,
0.));
#2692=DIRECTION('ref_axis',(0.00296994023292049,-0.999995589717781,0.));
#2693=DIRECTION('',(0.00296994023292049,-0.999995589717781,-2.63828931844805E-17));
#2694=DIRECTION('',(0.00296994023292049,-0.999995589717781,0.));
#2695=DIRECTION('',(0.,0.,1.));
#2696=DIRECTION('',(0.00296994023292049,-0.999995589717781,0.));
#2697=DIRECTION('center_axis',(0.999995589717781,-0.00296994023292049,0.));
#2698=DIRECTION('ref_axis',(0.00296994023292049,0.999995589717781,0.));
#2699=DIRECTION('',(0.00296994023292049,0.999995589717781,0.));
#2700=DIRECTION('',(0.,0.,1.));
#2701=DIRECTION('',(0.00296994023292049,0.999995589717781,0.));
#2702=DIRECTION('',(0.00296994023292049,0.999995589717781,2.63828931844805E-17));
#2703=DIRECTION('center_axis',(0.,0.,1.));
#2704=DIRECTION('ref_axis',(-0.923840656112557,-0.382777274813331,0.));
#2705=DIRECTION('center_axis',(0.,0.,-1.));
#2706=DIRECTION('ref_axis',(-0.923840656112557,-0.382777274813331,0.));
#2707=DIRECTION('',(0.,0.,-1.));
#2708=DIRECTION('center_axis',(0.,0.,-1.));
#2709=DIRECTION('ref_axis',(-0.923840656112557,-0.382777274813331,0.));
#2710=DIRECTION('center_axis',(0.,0.,1.));
#2711=DIRECTION('ref_axis',(1.,0.,0.));
#2712=DIRECTION('center_axis',(0.,0.,1.));
#2713=DIRECTION('ref_axis',(1.,0.,0.));
#2714=DIRECTION('',(0.,0.,-1.));
#2715=DIRECTION('center_axis',(0.,0.,1.));
#2716=DIRECTION('ref_axis',(1.,0.,0.));
#2717=DIRECTION('',(0.,0.,1.));
#2718=DIRECTION('center_axis',(0.,0.,1.));
#2719=DIRECTION('ref_axis',(1.,0.,0.));
#2720=DIRECTION('center_axis',(0.,0.,1.));
#2721=DIRECTION('ref_axis',(1.,0.,0.));
#2722=DIRECTION('',(0.,0.,-1.));
#2723=DIRECTION('center_axis',(0.,0.,1.));
#2724=DIRECTION('ref_axis',(1.,0.,0.));
#2725=DIRECTION('',(0.,0.,1.));
#2726=DIRECTION('center_axis',(0.,0.,1.));
#2727=DIRECTION('ref_axis',(-1.,-4.68239079697688E-9,0.));
#2728=DIRECTION('center_axis',(0.,0.,1.));
#2729=DIRECTION('ref_axis',(1.,0.,0.));
#2730=DIRECTION('',(0.,0.,-1.));
#2731=DIRECTION('center_axis',(0.,0.,1.));
#2732=DIRECTION('ref_axis',(1.,0.,0.));
#2733=DIRECTION('',(0.,0.,1.));
#2734=DIRECTION('center_axis',(0.,0.,1.));
#2735=DIRECTION('ref_axis',(0.98538485213708,-0.170342869468568,0.));
#2736=DIRECTION('center_axis',(0.,0.,-1.));
#2737=DIRECTION('ref_axis',(0.98538485213708,-0.170342869468568,0.));
#2738=DIRECTION('center_axis',(0.,0.,-1.));
#2739=DIRECTION('ref_axis',(0.98538485213708,-0.170342869468568,0.));
#2740=DIRECTION('',(0.,0.,1.));
#2741=DIRECTION('center_axis',(0.,0.,-1.));
#2742=DIRECTION('ref_axis',(1.,0.,0.));
#2743=DIRECTION('center_axis',(0.,0.,-1.));
#2744=DIRECTION('ref_axis',(-1.,0.,0.));
#2745=DIRECTION('center_axis',(0.,0.,-1.));
#2746=DIRECTION('ref_axis',(-1.,0.,0.));
#2747=DIRECTION('center_axis',(0.,0.,-1.));
#2748=DIRECTION('ref_axis',(-1.,0.,0.));
#2749=DIRECTION('center_axis',(0.,0.,-1.));
#2750=DIRECTION('ref_axis',(-1.,0.,0.));
#2751=DIRECTION('center_axis',(0.,0.,-1.));
#2752=DIRECTION('ref_axis',(-1.,0.,0.));
#2753=DIRECTION('center_axis',(0.,0.,1.));
#2754=DIRECTION('ref_axis',(-1.,0.,0.));
#2755=DIRECTION('',(0.,0.,-1.));
#2756=DIRECTION('center_axis',(0.,0.,1.));
#2757=DIRECTION('ref_axis',(-1.,0.,0.));
#2758=DIRECTION('center_axis',(0.,0.,1.));
#2759=DIRECTION('ref_axis',(-1.,0.,0.));
#2760=DIRECTION('center_axis',(0.,0.,1.));
#2761=DIRECTION('ref_axis',(-1.,0.,0.));
#2762=DIRECTION('',(0.,0.,-1.));
#2763=DIRECTION('center_axis',(0.,0.,1.));
#2764=DIRECTION('ref_axis',(-1.,0.,0.));
#2765=DIRECTION('center_axis',(0.,0.,1.));
#2766=DIRECTION('ref_axis',(-1.,0.,0.));
#2767=DIRECTION('center_axis',(0.,2.63830095409984E-17,-1.));
#2768=DIRECTION('ref_axis',(0.,-1.,-2.63830095409984E-17));
#2769=DIRECTION('',(-1.,0.,0.));
#2770=DIRECTION('',(-1.,0.,0.));
#2771=DIRECTION('',(1.,0.,0.));
#2772=DIRECTION('center_axis',(0.,0.,1.));
#2773=DIRECTION('ref_axis',(-1.,0.,0.));
#2774=DIRECTION('',(0.,0.,-1.));
#2775=DIRECTION('center_axis',(0.,0.,1.));
#2776=DIRECTION('ref_axis',(-1.,0.,0.));
#2777=DIRECTION('center_axis',(0.,0.,1.));
#2778=DIRECTION('ref_axis',(-1.,0.,0.));
#2779=DIRECTION('center_axis',(0.,0.,1.));
#2780=DIRECTION('ref_axis',(-1.,0.,0.));
#2781=DIRECTION('',(0.,0.,-1.));
#2782=DIRECTION('center_axis',(0.,0.,1.));
#2783=DIRECTION('ref_axis',(-1.,0.,0.));
#2784=DIRECTION('center_axis',(0.,0.550406514324268,0.834896801400874));
#2785=DIRECTION('ref_axis',(-0.707106781186547,0.590361189861516,-0.389196178687941));
#2786=DIRECTION('center_axis',(0.,-0.550406514324271,-0.834896801400872));
#2787=DIRECTION('ref_axis',(-0.707106781186547,0.590361189861516,-0.389196178687941));
#2788=DIRECTION('',(0.,-0.550406514324268,-0.834896801400874));
#2789=DIRECTION('center_axis',(0.,0.550406514324271,0.834896801400872));
#2790=DIRECTION('ref_axis',(-0.707106781186547,0.590361189861516,-0.389196178687941));
#2791=DIRECTION('',(0.,0.550406514324268,0.834896801400874));
#2792=DIRECTION('center_axis',(-1.,0.,0.));
#2793=DIRECTION('ref_axis',(0.,0.550406514324271,0.834896801400872));
#2794=DIRECTION('',(0.,0.834896801400872,-0.550406514324271));
#2795=DIRECTION('',(0.,-0.550406514324271,-0.834896801400872));
#2796=DIRECTION('',(0.,0.834896801400872,-0.550406514324271));
#2797=DIRECTION('center_axis',(0.,-0.550406514324271,-0.834896801400872));
#2798=DIRECTION('ref_axis',(-1.,0.,0.));
#2799=DIRECTION('',(-1.,0.,0.));
#2800=DIRECTION('center_axis',(0.,0.550406514324271,0.834896801400872));
#2801=DIRECTION('ref_axis',(0.707106781186548,0.590361189861517,-0.389196178687939));
#2802=DIRECTION('',(0.,0.834896801400872,-0.550406514324271));
#2803=DIRECTION('',(1.,0.,0.));
#2804=DIRECTION('',(0.,0.834896801400872,-0.550406514324271));
#2805=DIRECTION('',(1.,0.,0.));
#2806=DIRECTION('',(0.,0.834896801400872,-0.550406514324271));
#2807=DIRECTION('',(1.,0.,0.));
#2808=DIRECTION('center_axis',(0.,-0.550406514324268,-0.834896801400874));
#2809=DIRECTION('ref_axis',(0.707106781186548,0.590361189861517,-0.389196178687939));
#2810=DIRECTION('',(0.,0.550406514324268,0.834896801400874));
#2811=DIRECTION('center_axis',(0.,-0.550406514324271,-0.834896801400872));
#2812=DIRECTION('ref_axis',(0.707106781186548,0.590361189861517,-0.389196178687939));
#2813=DIRECTION('',(0.,-0.550406514324268,-0.834896801400874));
#2814=DIRECTION('center_axis',(1.,0.,0.));
#2815=DIRECTION('ref_axis',(0.,-0.550406514324271,-0.834896801400872));
#2816=DIRECTION('',(0.,0.834896801400874,-0.550406514324268));
#2817=DIRECTION('',(0.,0.550406514324271,0.834896801400872));
#2818=DIRECTION('center_axis',(0.,0.834896801400874,-0.550406514324268));
#2819=DIRECTION('ref_axis',(-1.,0.,0.));
#2820=DIRECTION('',(1.,0.,0.));
#2821=DIRECTION('center_axis',(0.,-0.834896801400872,0.55040651432427));
#2822=DIRECTION('ref_axis',(0.,-0.55040651432427,-0.834896801400872));
#2823=DIRECTION('',(0.,-0.55040651432427,-0.834896801400872));
#2824=DIRECTION('',(1.,0.,0.));
#2825=DIRECTION('',(0.,0.55040651432427,0.834896801400872));
#2826=DIRECTION('center_axis',(1.,0.,0.));
#2827=DIRECTION('ref_axis',(0.,-0.550406514324271,-0.834896801400872));
#2828=DIRECTION('',(0.,0.834896801400872,-0.550406514324271));
#2829=DIRECTION('',(0.,0.550406514324271,0.834896801400872));
#2830=DIRECTION('center_axis',(-1.,0.,0.));
#2831=DIRECTION('ref_axis',(0.,0.550406514324271,0.834896801400872));
#2832=DIRECTION('',(0.,-0.550406514324271,-0.834896801400872));
#2833=DIRECTION('',(0.,0.834896801400872,-0.550406514324271));
#2834=DIRECTION('center_axis',(0.,0.550406514324271,0.834896801400872));
#2835=DIRECTION('ref_axis',(1.,0.,0.));
#2836=DIRECTION('',(-1.,0.,0.));
#2837=DIRECTION('',(-1.,0.,0.));
#2838=DIRECTION('center_axis',(-1.,0.,0.));
#2839=DIRECTION('ref_axis',(0.,1.,0.));
#2840=DIRECTION('',(0.,0.,-1.));
#2841=DIRECTION('center_axis',(0.,-1.,0.));
#2842=DIRECTION('ref_axis',(-1.,0.,0.));
#2843=DIRECTION('center_axis',(0.,0.,-1.));
#2844=DIRECTION('ref_axis',(-1.,0.,0.));
#2845=DIRECTION('center_axis',(0.,0.,-1.));
#2846=DIRECTION('ref_axis',(1.,0.,0.));
#2847=DIRECTION('center_axis',(0.,0.,1.));
#2848=DIRECTION('ref_axis',(6.12323399573677E-17,-1.,0.));
#2849=DIRECTION('',(0.,0.,1.));
#2850=DIRECTION('',(0.,0.,1.));
#2851=DIRECTION('center_axis',(0.,-0.707106781186548,0.707106781186547));
#2852=DIRECTION('ref_axis',(0.,0.707106781186547,0.707106781186548));
#2853=DIRECTION('',(0.,0.,-1.));
#2854=DIRECTION('center_axis',(0.,-0.707106781186547,-0.707106781186548));
#2855=DIRECTION('ref_axis',(0.,0.707106781186548,-0.707106781186547));
#2856=DIRECTION('',(0.,0.,-1.));
#2857=DIRECTION('center_axis',(0.,0.,1.));
#2858=DIRECTION('ref_axis',(1.,0.,0.));
#2859=DIRECTION('center_axis',(0.,0.,1.));
#2860=DIRECTION('ref_axis',(1.,0.,0.));
#2861=DIRECTION('',(0.,0.,1.));
#2862=DIRECTION('center_axis',(0.,-0.707106781186547,-0.707106781186548));
#2863=DIRECTION('ref_axis',(0.,0.707106781186548,-0.707106781186547));
#2864=DIRECTION('',(0.,0.,1.));
#2865=DIRECTION('center_axis',(0.,-0.707106781186548,0.707106781186547));
#2866=DIRECTION('ref_axis',(0.,0.707106781186547,0.707106781186548));
#2867=DIRECTION('center_axis',(-1.87970762572194E-31,-0.84282437967452,
0.538188689054556));
#2868=DIRECTION('ref_axis',(1.,1.27468686875606E-15,1.99620912012456E-15));
#2869=DIRECTION('',(-1.,1.5765018593641E-31,-1.02379227816104E-31));
#2870=DIRECTION('',(1.,1.27468686875606E-15,1.99620912012456E-15));
#2871=DIRECTION('center_axis',(-1.87970762572194E-31,-0.84282437967452,
0.538188689054556));
#2872=DIRECTION('ref_axis',(0.707106781186549,-0.380556871588374,-0.595966834217197));
#2873=DIRECTION('',(-2.368475785867E-15,0.538188689054556,0.842824379674519));
#2874=DIRECTION('center_axis',(-1.87970762572194E-31,-0.84282437967452,
0.538188689054556));
#2875=DIRECTION('ref_axis',(0.707106781186546,0.380556871588375,0.595966834217199));
#2876=DIRECTION('',(-1.,-1.27468687825322E-15,-1.99620913499747E-15));
#2877=DIRECTION('center_axis',(-1.87970762572194E-31,-0.84282437967452,
0.538188689054556));
#2878=DIRECTION('ref_axis',(-0.707106781186549,0.380556871588376,0.595966834217196));
#2879=DIRECTION('',(2.368475785867E-15,-0.538188689054556,-0.842824379674519));
#2880=DIRECTION('center_axis',(-1.87970762572194E-31,-0.84282437967452,
0.538188689054556));
#2881=DIRECTION('ref_axis',(-0.707106781186546,-0.380556871588375,-0.595966834217199));
#2882=DIRECTION('',(1.,1.27468686875606E-15,1.99620912012456E-15));
#2883=DIRECTION('',(-1.,1.45829432062969E-31,-1.20890987266437E-31));
#2884=DIRECTION('',(-2.5790878136561E-16,-0.538188689054556,-0.842824379674519));
#2885=DIRECTION('',(-1.,1.58426341361856E-31,-1.01163738289314E-31));
#2886=DIRECTION('',(0.,0.538188689054556,0.842824379674519));
#2887=DIRECTION('',(1.,-1.58426341361856E-31,1.01163738289314E-31));
#2888=DIRECTION('',(0.,-0.538188689054556,-0.842824379674519));
#2889=DIRECTION('center_axis',(1.87970762572194E-31,0.84282437967452,-0.538188689054556));
#2890=DIRECTION('ref_axis',(0.939120135249584,-0.184915690495308,-0.289585149787497));
#2891=DIRECTION('',(0.,-0.538188689054556,-0.842824379674519));
#2892=DIRECTION('center_axis',(1.87970762572194E-31,0.84282437967452,-0.538188689054556));
#2893=DIRECTION('ref_axis',(-1.,0.,0.));
#2894=DIRECTION('center_axis',(1.87970762572194E-31,0.84282437967452,-0.538188689054556));
#2895=DIRECTION('ref_axis',(-1.,0.,0.));
#2896=DIRECTION('center_axis',(1.87970762572194E-31,0.84282437967452,-0.538188689054556));
#2897=DIRECTION('ref_axis',(-1.,0.,0.));
#2898=DIRECTION('center_axis',(1.87970762572194E-31,0.84282437967452,-0.538188689054556));
#2899=DIRECTION('ref_axis',(-1.,0.,0.));
#2900=DIRECTION('center_axis',(-1.,0.,0.));
#2901=DIRECTION('ref_axis',(0.,-0.538188689054556,-0.842824379674519));
#2902=DIRECTION('',(0.,0.538188689054556,0.842824379674519));
#2903=DIRECTION('',(0.,-0.842824379674519,0.538188689054556));
#2904=DIRECTION('',(0.,-0.842824379674519,0.538188689054556));
#2905=DIRECTION('center_axis',(-1.,0.,0.));
#2906=DIRECTION('ref_axis',(0.,-0.538188689054556,-0.842824379674519));
#2907=DIRECTION('',(0.,0.538188689054556,0.842824379674519));
#2908=DIRECTION('',(0.,-0.842824379674519,0.538188689054556));
#2909=DIRECTION('',(0.,-0.842824379674519,0.538188689054556));
#2910=DIRECTION('center_axis',(-2.2990052930329E-46,-0.538188689054556,
-0.842824379674519));
#2911=DIRECTION('ref_axis',(1.,-1.58426341361856E-31,1.01163738289314E-31));
#2912=DIRECTION('',(-1.,1.58426341361856E-31,-1.01163738289314E-31));
#2913=DIRECTION('',(0.,-0.842824379674519,0.538188689054556));
#2914=DIRECTION('center_axis',(1.,0.,0.));
#2915=DIRECTION('ref_axis',(0.,0.538188689054556,0.842824379674519));
#2916=DIRECTION('',(0.,-0.538188689054556,-0.842824379674519));
#2917=DIRECTION('',(0.,-0.842824379674519,0.538188689054556));
#2918=DIRECTION('center_axis',(2.2990052930329E-46,0.538188689054556,0.842824379674519));
#2919=DIRECTION('ref_axis',(-1.,1.58426341361856E-31,-1.01163738289314E-31));
#2920=DIRECTION('',(1.,-1.58426341361856E-31,1.01163738289314E-31));
#2921=DIRECTION('',(0.,-0.842824379674519,0.538188689054556));
#2922=DIRECTION('center_axis',(-2.34061204835351E-32,0.538188689054556,
0.842824379674519));
#2923=DIRECTION('ref_axis',(-1.,1.45829432062969E-31,-1.20890987266437E-31));
#2924=DIRECTION('',(1.,-1.45829432062969E-31,1.20890987266437E-31));
#2925=DIRECTION('',(0.,-0.842824379674519,0.538188689054556));
#2926=DIRECTION('center_axis',(0.,-0.544639035015027,-0.838670567945424));
#2927=DIRECTION('ref_axis',(0.,-0.838670567945424,0.544639035015027));
#2928=DIRECTION('center_axis',(-1.,0.,0.));
#2929=DIRECTION('ref_axis',(0.,6.83214169000097E-16,-1.));
#2930=DIRECTION('',(-1.,0.,0.));
#2931=DIRECTION('center_axis',(0.,0.834896801400872,-0.550406514324271));
#2932=DIRECTION('ref_axis',(0.,-0.550406514324271,-0.834896801400872));
#2933=DIRECTION('',(-1.,-1.30376277006897E-15,-1.97764259358825E-15));
#2934=DIRECTION('center_axis',(-2.36847576822048E-15,0.538188689054556,
0.84282437967452));
#2935=DIRECTION('ref_axis',(-1.,-1.27468686875606E-15,-1.99620912012456E-15));
#2936=DIRECTION('',(0.,-0.842824379674519,0.538188689054556));
#2937=DIRECTION('',(-1.,-1.27468686875606E-15,-1.99620912012456E-15));
#2938=DIRECTION('',(-3.27592979820491E-29,0.842824379674519,-0.538188689054556));
#2939=DIRECTION('center_axis',(0.,0.84282437967452,-0.538188689054556));
#2940=DIRECTION('ref_axis',(0.707106781186548,-0.380556871588376,-0.595966834217197));
#2941=DIRECTION('center_axis',(-2.82701857022613E-19,-0.842824379674519,
0.538188689054556));
#2942=DIRECTION('ref_axis',(0.707106781186548,-0.380556871588376,-0.595966834217197));
#2943=DIRECTION('',(0.,-0.842824379674519,0.538188689054556));
#2944=DIRECTION('center_axis',(0.,-0.842824379674519,0.538188689054556));
#2945=DIRECTION('ref_axis',(0.707106781186548,-0.380556871588376,-0.595966834217197));
#2946=DIRECTION('',(0.,0.842824379674519,-0.538188689054556));
#2947=DIRECTION('center_axis',(2.82701857022613E-19,0.842824379674519,-0.538188689054556));
#2948=DIRECTION('ref_axis',(-1.,2.38268017277918E-19,-1.52146941824289E-19));
#2949=DIRECTION('',(-1.,2.12322764979825E-16,-3.55123663398745E-16));
#2950=DIRECTION('center_axis',(-2.82701857022613E-19,-0.842824379674519,
0.538188689054556));
#2951=DIRECTION('ref_axis',(-0.707106781186548,-0.380556871588373,-0.595966834217199));
#2952=DIRECTION('',(7.33377412043939E-16,0.538188689054556,0.842824379674519));
#2953=DIRECTION('center_axis',(-2.82701857022613E-19,-0.842824379674519,
0.538188689054556));
#2954=DIRECTION('ref_axis',(-0.707106781186547,0.380556871588375,0.595966834217199));
#2955=DIRECTION('',(1.,-2.38268017277918E-19,1.52146941824288E-19));
#2956=DIRECTION('center_axis',(-2.82701857022613E-19,-0.842824379674519,
0.538188689054556));
#2957=DIRECTION('ref_axis',(0.707106781186547,0.380556871588375,0.595966834217199));
#2958=DIRECTION('',(0.,-0.538188689054556,-0.842824379674519));
#2959=DIRECTION('center_axis',(2.82701857022613E-19,0.842824379674519,-0.538188689054556));
#2960=DIRECTION('ref_axis',(0.347483138671864,0.504652123559001,0.790304816210897));
#2961=DIRECTION('',(7.17243095768355E-16,-0.538188689054559,-0.842824379674518));
#2962=DIRECTION('center_axis',(2.07075987620516E-30,-0.538188689054556,
-0.84282437967452));
#2963=DIRECTION('ref_axis',(-1.,4.11688005971015E-14,-2.62884930213562E-14));
#2964=DIRECTION('',(1.,1.11445954312163E-30,1.7452869081175E-30));
#2965=DIRECTION('',(0.,-0.842824379674519,0.538188689054556));
#2966=DIRECTION('center_axis',(0.,0.84282437967452,-0.538188689054556));
#2967=DIRECTION('ref_axis',(0.707106781186547,0.380556871588375,0.595966834217199));
#2968=DIRECTION('',(0.,-0.842824379674519,0.538188689054556));
#2969=DIRECTION('center_axis',(0.,-0.842824379674519,0.538188689054556));
#2970=DIRECTION('ref_axis',(0.707106781186547,0.380556871588375,0.595966834217199));
#2971=DIRECTION('',(0.,0.842824379674519,-0.538188689054556));
#2972=DIRECTION('center_axis',(1.,0.,0.));
#2973=DIRECTION('ref_axis',(0.,-0.538188689054556,-0.842824379674519));
#2974=DIRECTION('',(0.,0.538188689054556,0.842824379674519));
#2975=DIRECTION('',(0.,0.842824379674519,-0.538188689054556));
#2976=DIRECTION('center_axis',(0.,0.84282437967452,-0.538188689054556));
#2977=DIRECTION('ref_axis',(-0.707106781186548,-0.380556871588373,-0.595966834217199));
#2978=DIRECTION('center_axis',(0.,-0.842824379674519,0.538188689054556));
#2979=DIRECTION('ref_axis',(-0.707106781186548,-0.380556871588373,-0.595966834217199));
#2980=DIRECTION('',(0.,0.842824379674519,-0.538188689054556));
#2981=DIRECTION('center_axis',(-1.,0.,0.));
#2982=DIRECTION('ref_axis',(0.,0.538188689054477,0.84282437967457));
#2983=DIRECTION('',(0.,-0.538188689054556,-0.842824379674519));
#2984=DIRECTION('',(0.,-0.842824379674519,0.538188689054556));
#2985=DIRECTION('center_axis',(0.,0.84282437967452,-0.538188689054556));
#2986=DIRECTION('ref_axis',(-0.707106781186547,0.380556871588375,0.595966834217199));
#2987=DIRECTION('center_axis',(0.,-0.842824379674519,0.538188689054556));
#2988=DIRECTION('ref_axis',(-0.707106781186547,0.380556871588375,0.595966834217199));
#2989=DIRECTION('',(0.,0.842824379674519,-0.538188689054556));
#2990=DIRECTION('center_axis',(0.,0.538188689054556,0.84282437967452));
#2991=DIRECTION('ref_axis',(1.,0.,0.));
#2992=DIRECTION('',(-1.,0.,0.));
#2993=DIRECTION('center_axis',(0.,-0.84282437967452,0.538188689054555));
#2994=DIRECTION('ref_axis',(-1.,0.,0.));
#2995=DIRECTION('',(1.,0.,0.));
#2996=DIRECTION('',(0.,-0.538188689054556,-0.842824379674519));
#2997=DIRECTION('',(-1.,1.58426341361856E-31,-1.01163738289314E-31));
#2998=DIRECTION('',(0.,-0.538188689054555,-0.84282437967452));
#2999=DIRECTION('center_axis',(0.,0.538188689054555,0.84282437967452));
#3000=DIRECTION('ref_axis',(1.,0.,0.));
#3001=DIRECTION('',(1.,-1.58426341361856E-31,1.01163738289314E-31));
#3002=DIRECTION('',(0.,-0.842824379674519,0.538188689054557));
#3003=DIRECTION('',(-1.,7.92687056501373E-19,-5.0617331208874E-19));
#3004=DIRECTION('',(0.,-0.84282437967452,0.538188689054555));
#3005=DIRECTION('center_axis',(1.,1.27468687825325E-15,1.99620913499746E-15));
#3006=DIRECTION('ref_axis',(0.,0.842824379674512,-0.538188689054568));
#3007=DIRECTION('',(0.,-0.84282437967452,0.538188689054555));
#3008=DIRECTION('',(2.368475785867E-15,-0.538188689054556,-0.842824379674519));
#3009=DIRECTION('',(-3.25713272194769E-29,0.842824379674519,-0.538188689054556));
#3010=DIRECTION('center_axis',(3.25713272194769E-29,-0.842824379674519,
0.538188689054556));
#3011=DIRECTION('ref_axis',(0.707106781186546,0.380556871588375,0.595966834217199));
#3012=DIRECTION('center_axis',(0.,-0.842824379674519,0.538188689054556));
#3013=DIRECTION('ref_axis',(0.997905494489539,0.0348147106754503,0.0545211884332434));
#3014=DIRECTION('',(3.25713272194769E-29,-0.842824379674519,0.538188689054556));
#3015=DIRECTION('center_axis',(0.,0.638208432870132,0.769863621827562));
#3016=DIRECTION('ref_axis',(2.0872192862953E-15,-0.769863621827562,0.638208432870132));
#3017=DIRECTION('center_axis',(0.,-0.638208432870132,-0.769863621827562));
#3018=DIRECTION('ref_axis',(8.40057464551384E-15,-0.769863621827562,0.638208432870132));
#3019=DIRECTION('',(-2.0872192862953E-15,0.769863621827562,-0.638208432870132));
#3020=DIRECTION('center_axis',(-1.,-1.60687419929563E-15,1.33208094976284E-15));
#3021=DIRECTION('ref_axis',(-3.45332379448109E-32,0.638208432870136,0.769863621827558));
#3022=DIRECTION('center_axis',(1.,1.60687419929563E-15,-1.33208094976284E-15));
#3023=DIRECTION('ref_axis',(0.,-0.215409962628824,0.976523705805573));
#3024=DIRECTION('center_axis',(0.,-0.538188689054555,-0.84282437967452));
#3025=DIRECTION('ref_axis',(-1.,0.,0.));
#3026=DIRECTION('',(-1.,1.58426341361856E-31,-1.01163738289314E-31));
#3027=DIRECTION('',(0.,-0.842824379674519,0.538188689054557));
#3028=DIRECTION('',(1.,0.,0.));
#3029=DIRECTION('',(0.,-0.842824379674519,0.538188689054557));
#3030=DIRECTION('center_axis',(-1.,0.,0.));
#3031=DIRECTION('ref_axis',(0.,0.544639035015027,0.838670567945424));
#3032=DIRECTION('',(0.,0.538188689054556,0.842824379674519));
#3033=DIRECTION('',(0.,-0.538188689054556,-0.842824379674519));
#3034=DIRECTION('center_axis',(1.,-1.58426341361856E-31,1.01163738289314E-31));
#3035=DIRECTION('ref_axis',(0.,-0.215409962628824,0.976523705805573));
#3036=DIRECTION('center_axis',(-0.707106781186548,-0.380556871588374,-0.595966834217198));
#3037=DIRECTION('ref_axis',(-0.707106781186547,0.380556871588375,0.595966834217198));
#3038=DIRECTION('center_axis',(-0.707106781186408,0.380556871588185,0.595966834217485));
#3039=DIRECTION('ref_axis',(0.707106781186687,0.380556871588565,0.595966834216911));
#3040=DIRECTION('center_axis',(0.,-0.538188689054556,-0.842824379674519));
#3041=DIRECTION('ref_axis',(0.707106781186546,-0.5959668342172,0.380556871588375));
#3042=DIRECTION('center_axis',(0.707106781186543,0.380556871588377,0.595966834217202));
#3043=DIRECTION('ref_axis',(0.707106781186552,-0.380556871588372,-0.595966834217195));
#3044=DIRECTION('center_axis',(-1.,1.58426341361856E-31,-1.01163738289314E-31));
#3045=DIRECTION('ref_axis',(0.,-0.976523705805573,-0.215409962628824));
#3046=DIRECTION('center_axis',(-0.707106781186546,0.380556871588375,0.5959668342172));
#3047=DIRECTION('ref_axis',(-0.707106781186549,-0.380556871588374,-0.595966834217197));
#3048=DIRECTION('center_axis',(-1.87970762572194E-31,-0.842824379674519,
0.538188689054556));
#3049=DIRECTION('ref_axis',(-0.707106781186549,0.380556871588376,0.595966834217196));
#3050=DIRECTION('',(0.,0.84282437967452,-0.538188689054555));
#3051=DIRECTION('center_axis',(0.,0.842824379674519,-0.538188689054556));
#3052=DIRECTION('ref_axis',(-0.707106781186549,0.380556871588376,0.595966834217196));
#3053=DIRECTION('',(0.,-0.842824379674519,0.538188689054556));
#3054=DIRECTION('center_axis',(-1.,-1.27468687825322E-15,-1.99620913499747E-15));
#3055=DIRECTION('ref_axis',(0.,-0.842824379674519,0.538188689054556));
#3056=DIRECTION('',(-2.368475785867E-15,0.538188689054556,0.842824379674519));
#3057=DIRECTION('',(0.,0.84282437967452,-0.538188689054555));
#3058=DIRECTION('center_axis',(0.,-0.84282437967452,0.538188689054556));
#3059=DIRECTION('ref_axis',(-0.707106781186546,-0.380556871588375,-0.595966834217199));
#3060=DIRECTION('center_axis',(0.,0.842824379674519,-0.538188689054556));
#3061=DIRECTION('ref_axis',(-0.707106781186546,-0.380556871588375,-0.5959668342172));
#3062=DIRECTION('center_axis',(3.27592979820491E-29,-0.84282437967452,0.538188689054556));
#3063=DIRECTION('ref_axis',(0.707106781186549,-0.380556871588374,-0.595966834217197));
#3064=DIRECTION('center_axis',(0.,0.842824379674519,-0.538188689054556));
#3065=DIRECTION('ref_axis',(0.707106781186549,-0.380556871588374,-0.595966834217197));
#3066=DIRECTION('center_axis',(-2.368475785867E-15,0.538188689054556,0.842824379674519));
#3067=DIRECTION('ref_axis',(1.,1.2900023319588E-15,1.98642939422246E-15));
#3068=DIRECTION('',(1.,1.27468687825322E-15,1.99620913499747E-15));
#3069=DIRECTION('center_axis',(1.,0.,0.));
#3070=DIRECTION('ref_axis',(0.,-0.544639035015027,-0.838670567945424));
#3071=DIRECTION('',(0.,-0.538188689054556,-0.842824379674519));
#3072=DIRECTION('',(0.,0.538188689054556,0.842824379674519));
#3073=DIRECTION('',(-9.01501095995627E-15,0.842824379674517,-0.53818868905456));
#3074=DIRECTION('center_axis',(0.,-0.842824379674519,0.538188689054556));
#3075=DIRECTION('ref_axis',(-1.,0.,0.));
#3076=DIRECTION('center_axis',(0.,0.842824379674519,-0.538188689054556));
#3077=DIRECTION('ref_axis',(-1.,0.,0.));
#3078=DIRECTION('',(0.,-0.842824379674519,0.538188689054556));
#3079=DIRECTION('center_axis',(0.,-0.842824379674519,0.538188689054556));
#3080=DIRECTION('ref_axis',(-1.,0.,0.));
#3081=DIRECTION('center_axis',(0.,0.842824379674519,-0.538188689054556));
#3082=DIRECTION('ref_axis',(-1.,0.,0.));
#3083=DIRECTION('',(0.,-0.842824379674519,0.538188689054556));
#3084=DIRECTION('center_axis',(0.,0.842824379674519,-0.538188689054556));
#3085=DIRECTION('ref_axis',(-1.,0.,0.));
#3086=DIRECTION('center_axis',(0.,0.842824379674519,-0.538188689054556));
#3087=DIRECTION('ref_axis',(-1.,0.,0.));
#3088=DIRECTION('center_axis',(0.,0.842824379674519,-0.538188689054556));
#3089=DIRECTION('ref_axis',(-1.,0.,0.));
#3090=DIRECTION('center_axis',(0.,0.842824379674519,-0.538188689054556));
#3091=DIRECTION('ref_axis',(-1.,0.,0.));
#3092=DIRECTION('center_axis',(0.,0.842824379674519,-0.538188689054556));
#3093=DIRECTION('ref_axis',(-1.,0.,0.));
#3094=DIRECTION('center_axis',(0.,0.842824379674519,-0.538188689054556));
#3095=DIRECTION('ref_axis',(-1.,0.,0.));
#3096=DIRECTION('center_axis',(1.,0.,0.));
#3097=DIRECTION('ref_axis',(0.,-0.544639035015027,-0.838670567945424));
#3098=DIRECTION('',(-9.01501095995627E-15,0.842824379674517,-0.53818868905456));
#3099=DIRECTION('',(0.,0.538188689054556,0.842824379674519));
#3100=DIRECTION('',(0.,-0.538188689054556,-0.842824379674519));
#3101=DIRECTION('center_axis',(2.82701857022613E-19,0.842824379674519,-0.538188689054556));
#3102=DIRECTION('ref_axis',(-1.,2.38268017277918E-19,-1.52146941824289E-19));
#3103=DIRECTION('center_axis',(2.82701857022613E-19,0.842824379674519,-0.538188689054556));
#3104=DIRECTION('ref_axis',(0.939120135249584,-0.184915690495308,-0.289585149787497));
#3105=DIRECTION('center_axis',(-2.82701857022613E-19,-0.842824379674519,
0.538188689054556));
#3106=DIRECTION('ref_axis',(0.939120135249584,-0.184915690495308,-0.289585149787497));
#3107=DIRECTION('',(0.,0.538188689054556,0.842824379674519));
#3108=DIRECTION('center_axis',(0.,0.538188689054556,0.842824379674519));
#3109=DIRECTION('ref_axis',(-0.707106781186546,-0.5959668342172,0.380556871588375));
#3110=DIRECTION('center_axis',(0.,0.538188689054556,0.842824379674519));
#3111=DIRECTION('ref_axis',(-0.707106781186546,-0.5959668342172,0.380556871588375));
#3112=DIRECTION('center_axis',(-9.01501095995627E-15,0.842824379674517,
-0.53818868905456));
#3113=DIRECTION('ref_axis',(0.939120135249584,-0.184915690495308,-0.289585149787497));
#3114=DIRECTION('center_axis',(0.,0.838670567945424,-0.544639035015027));
#3115=DIRECTION('ref_axis',(2.12801998062119E-12,-0.544639035015027,-0.838670567945424));
#3116=DIRECTION('',(0.,0.84282437967452,-0.538188689054555));
#3117=DIRECTION('',(0.,0.84282437967452,-0.538188689054555));
#3118=DIRECTION('center_axis',(0.,0.838670567945424,-0.544639035015027));
#3119=DIRECTION('ref_axis',(2.12801998062119E-12,-0.544639035015027,-0.838670567945424));
#3120=DIRECTION('center_axis',(0.,-0.838670567945424,0.544639035015027));
#3121=DIRECTION('ref_axis',(2.12801998062119E-12,-0.544639035015027,-0.838670567945424));
#3122=DIRECTION('center_axis',(0.,-0.842824379674519,0.538188689054556));
#3123=DIRECTION('ref_axis',(-1.,0.,0.));
#3124=DIRECTION('',(0.,-0.842824379674519,0.538188689054556));
#3125=DIRECTION('center_axis',(0.,-0.842824379674519,0.538188689054556));
#3126=DIRECTION('ref_axis',(-1.,0.,0.));
#3127=DIRECTION('',(0.,-0.842824379674519,0.538188689054556));
#3128=DIRECTION('center_axis',(1.,0.,0.));
#3129=DIRECTION('ref_axis',(0.,-0.538188689054556,-0.842824379674519));
#3130=DIRECTION('',(0.,0.544639035015027,0.838670567945424));
#3131=DIRECTION('center_axis',(0.,-0.838670567945424,0.544639035015027));
#3132=DIRECTION('ref_axis',(0.,-0.544639035015027,-0.838670567945424));
#3133=DIRECTION('center_axis',(0.,0.84282437967452,-0.538188689054556));
#3134=DIRECTION('ref_axis',(0.347483138671865,0.504652123559002,0.790304816210897));
#3135=DIRECTION('center_axis',(0.,-0.842824379674519,0.538188689054556));
#3136=DIRECTION('ref_axis',(0.347483138671865,0.504652123559002,0.790304816210897));
#3137=DIRECTION('',(0.,-0.842824379674519,0.538188689054556));
#3138=DIRECTION('center_axis',(0.,-0.838670567945424,0.544639035015027));
#3139=DIRECTION('ref_axis',(-5.41419781623795E-13,0.544639035015027,0.838670567945424));
#3140=DIRECTION('center_axis',(0.,0.838670567945424,-0.544639035015027));
#3141=DIRECTION('ref_axis',(-5.41419781623795E-13,0.544639035015027,0.838670567945424));
#3142=DIRECTION('center_axis',(0.,0.842824379674519,-0.538188689054556));
#3143=DIRECTION('ref_axis',(-1.,0.,0.));
#3144=DIRECTION('',(0.,0.538188689054556,0.842824379674519));
#3145=DIRECTION('center_axis',(1.,0.,0.));
#3146=DIRECTION('ref_axis',(0.,-0.538188689054556,-0.842824379674519));
#3147=DIRECTION('center_axis',(0.,0.838670567945424,-0.544639035015027));
#3148=DIRECTION('ref_axis',(0.,-0.544639035015027,-0.838670567945424));
#3149=DIRECTION('',(-1.,0.,0.));
#3150=DIRECTION('',(-1.,0.,0.));
#3151=DIRECTION('center_axis',(0.,0.544639035015027,0.838670567945424));
#3152=DIRECTION('ref_axis',(0.,0.838670567945424,-0.544639035015027));
#3153=DIRECTION('',(-1.,0.,0.));
#3154=DIRECTION('center_axis',(0.,-0.838670567945424,0.544639035015027));
#3155=DIRECTION('ref_axis',(0.,0.544639035015027,0.838670567945424));
#3156=DIRECTION('',(-1.,0.,0.));
#3157=DIRECTION('center_axis',(0.,-0.544639035015027,-0.838670567945424));
#3158=DIRECTION('ref_axis',(0.,-0.838670567945424,0.544639035015027));
#3159=DIRECTION('center_axis',(0.,0.,1.));
#3160=DIRECTION('ref_axis',(-1.,0.,0.));
#3161=DIRECTION('',(1.,0.,0.));
#3162=DIRECTION('center_axis',(0.,0.,1.));
#3163=DIRECTION('ref_axis',(-1.,0.,0.));
#3164=DIRECTION('',(1.,0.,0.));
#3165=DIRECTION('center_axis',(0.,-1.,-3.17296278326189E-16));
#3166=DIRECTION('ref_axis',(0.,3.17296278326189E-16,-1.));
#3167=DIRECTION('',(-1.,0.,0.));
#3168=DIRECTION('',(-1.,0.,0.));
#3169=DIRECTION('center_axis',(0.,-0.707106781186547,-0.707106781186548));
#3170=DIRECTION('ref_axis',(0.,-0.707106781186548,0.707106781186547));
#3171=DIRECTION('',(-1.,0.,0.));
#3172=DIRECTION('center_axis',(0.,-0.707106781186548,0.707106781186547));
#3173=DIRECTION('ref_axis',(0.,0.707106781186547,0.707106781186548));
#3174=DIRECTION('',(-1.,0.,0.));
#3175=DIRECTION('center_axis',(0.,-1.,0.));
#3176=DIRECTION('ref_axis',(0.,0.,1.));
#3177=CARTESIAN_POINT('',(0.,0.,0.));
#3178=CARTESIAN_POINT('Origin',(-3.75699471533153E-12,-9.999999999995,7.5));
#3179=CARTESIAN_POINT('',(8.99999999999624,2.000000000005,7.5));
#3180=CARTESIAN_POINT('',(8.99999999999624,-21.999999999995,7.5));
#3181=CARTESIAN_POINT('',(8.99999999999624,-3.999999999995,7.5));
#3182=CARTESIAN_POINT('',(-9.00000000000376,2.000000000005,7.5));
#3183=CARTESIAN_POINT('',(-4.50000000000376,2.000000000005,7.5));
#3184=CARTESIAN_POINT('',(-9.00000000000376,-21.999999999995,7.5));
#3185=CARTESIAN_POINT('',(-9.00000000000376,-15.999999999995,7.5));
#3186=CARTESIAN_POINT('',(4.49999999999624,-21.999999999995,7.5));
#3187=CARTESIAN_POINT('',(-2.98499989941716,-17.5,7.5));
#3188=CARTESIAN_POINT('Origin',(-4.49999989941716,-17.5,7.5));
#3189=CARTESIAN_POINT('',(6.01500006705523,-2.5,7.5));
#3190=CARTESIAN_POINT('Origin',(4.50000006705523,-2.5,7.5));
#3191=CARTESIAN_POINT('',(-2.985,-2.5000000372529,7.5));
#3192=CARTESIAN_POINT('Origin',(-4.5,-2.5000000372529,7.5));
#3193=CARTESIAN_POINT('',(2.49999999999624,-9.999999999995,7.5));
#3194=CARTESIAN_POINT('Origin',(-3.75699471533153E-12,-9.999999999995,7.5));
#3195=CARTESIAN_POINT('',(6.015,-17.5000002607703,7.5));
#3196=CARTESIAN_POINT('Origin',(4.5,-17.5000002607703,7.5));
#3197=CARTESIAN_POINT('',(2.5,-1.3483388074,7.5));
#3198=CARTESIAN_POINT('Origin',(0.,-1.3483388074,7.5));
#3199=CARTESIAN_POINT('Origin',(-9.00000000000376,2.000000000005,8.5));
#3200=CARTESIAN_POINT('',(8.99999999999624,2.000000000005,10.5));
#3201=CARTESIAN_POINT('',(8.99999999999624,2.000000000005,8.5));
#3202=CARTESIAN_POINT('',(-9.00000000000376,2.000000000005,10.5));
#3203=CARTESIAN_POINT('',(8.99999999999624,2.000000000005,10.5));
#3204=CARTESIAN_POINT('',(-9.00000000000376,2.000000000005,8.5));
#3205=CARTESIAN_POINT('Origin',(8.99999999999624,2.000000000005,8.5));
#3206=CARTESIAN_POINT('',(8.99999999999624,-21.999999999995,10.5));
#3207=CARTESIAN_POINT('',(8.99999999999624,-21.999999999995,8.5));
#3208=CARTESIAN_POINT('',(8.99999999999624,-3.9999999999975,10.5));
#3209=CARTESIAN_POINT('Origin',(0.,-1.3483388074,3.5));
#3210=CARTESIAN_POINT('',(2.5,-1.3483388074,3.5));
#3211=CARTESIAN_POINT('',(2.5,-1.3483388074,3.5));
#3212=CARTESIAN_POINT('Origin',(0.,-1.3483388074,3.5));
#3213=CARTESIAN_POINT('Origin',(-3.75699471533153E-12,-9.999999999995,3.5));
#3214=CARTESIAN_POINT('',(2.49999999999624,-9.999999999995,3.5));
#3215=CARTESIAN_POINT('',(2.49999999999624,-9.999999999995,3.5));
#3216=CARTESIAN_POINT('Origin',(-3.75699471533153E-12,-9.999999999995,3.5));
#3217=CARTESIAN_POINT('Origin',(-3.75699471533153E-12,-9.999999999995,3.5));
#3218=CARTESIAN_POINT('',(1.49999999999624,-9.999999999995,3.5));
#3219=CARTESIAN_POINT('Origin',(-3.75699471533153E-12,-9.999999999995,3.5));
#3220=CARTESIAN_POINT('Origin',(-3.75699471533153E-12,-9.999999999995,3.5));
#3221=CARTESIAN_POINT('',(1.5,-1.3483388074,3.5));
#3222=CARTESIAN_POINT('Origin',(0.,-1.3483388074,3.5));
#3223=CARTESIAN_POINT('Origin',(0.,-1.3483388074,3.5));
#3224=CARTESIAN_POINT('',(1.5,-1.3483388074,3.455));
#3225=CARTESIAN_POINT('Origin',(0.,-1.3483388074,3.455));
#3226=CARTESIAN_POINT('',(1.5,-1.3483388074,3.5));
#3227=CARTESIAN_POINT('Origin',(-3.75699471533153E-12,-9.999999999995,3.5));
#3228=CARTESIAN_POINT('',(1.49999999999624,-9.999999999995,3.455));
#3229=CARTESIAN_POINT('Origin',(-3.75699471533153E-12,-9.999999999995,3.455));
#3230=CARTESIAN_POINT('',(1.49999999999624,-9.999999999995,3.5));
#3231=CARTESIAN_POINT('Origin',(14.,30.82177509203,15.5));
#3232=CARTESIAN_POINT('',(-14.,35.0151279317571,12.7768048249249));
#3233=CARTESIAN_POINT('',(-14.,30.82177509203,10.5));
#3234=CARTESIAN_POINT('Origin',(-14.,30.82177509203,15.5));
#3235=CARTESIAN_POINT('',(14.,30.82177509203,10.5));
#3236=CARTESIAN_POINT('',(14.,30.82177509203,10.5));
#3237=CARTESIAN_POINT('',(14.,35.0151279317571,12.7768048249249));
#3238=CARTESIAN_POINT('Origin',(14.,30.82177509203,15.5));
#3239=CARTESIAN_POINT('',(14.,35.0151279317571,12.7768048249249));
#3240=CARTESIAN_POINT('Origin',(14.,12.4308516097249,10.5));
#3241=CARTESIAN_POINT('',(-14.,13.5,10.5));
#3242=CARTESIAN_POINT('',(-14.,30.3373934550926,10.5));
#3243=CARTESIAN_POINT('',(-1.94532034571992,13.5,10.5));
#3244=CARTESIAN_POINT('',(14.,13.5,10.5));
#3245=CARTESIAN_POINT('',(1.94532034571241,13.5,10.5));
#3246=CARTESIAN_POINT('Origin',(-3.75706410427057E-12,13.9644660940723,
10.5));
#3247=CARTESIAN_POINT('',(14.,13.5,10.5));
#3248=CARTESIAN_POINT('',(14.,13.5,10.5));
#3249=CARTESIAN_POINT('',(14.,30.3373934550926,10.5));
#3250=CARTESIAN_POINT('Origin',(14.,36.2738334582648,19.874432842888));
#3251=CARTESIAN_POINT('',(14.,11.5,-2.545));
#3252=CARTESIAN_POINT('',(14.,32.5404924218351,-2.54478734141145));
#3253=CARTESIAN_POINT('',(14.,11.5,-2.54478734141145));
#3254=CARTESIAN_POINT('',(14.,37.9673216309407,0.377570315480794));
#3255=CARTESIAN_POINT('Origin',(14.,32.540492421835,3.95521265858855));
#3256=CARTESIAN_POINT('',(14.,62.6679259690845,37.8452510530584));
#3257=CARTESIAN_POINT('',(14.,37.9673216309407,0.377570315480794));
#3258=CARTESIAN_POINT('',(14.,54.6450983865061,42.9682578897212));
#3259=CARTESIAN_POINT('',(14.,56.2889032009906,41.9186001205538));
#3260=CARTESIAN_POINT('',(14.,54.6505694817161,42.9768258372091));
#3261=CARTESIAN_POINT('',(14.,46.746844148356,30.5992851406381));
#3262=CARTESIAN_POINT('',(14.,54.6341679243075,42.9874771331305));
#3263=CARTESIAN_POINT('',(14.,54.0196696447246,43.3865369818985));
#3264=CARTESIAN_POINT('',(14.,55.7029462870533,44.6332514880058));
#3265=CARTESIAN_POINT('',(14.,7.05019304878476,10.5000210955));
#3266=CARTESIAN_POINT('',(14.,13.0501930487848,10.5000210955));
#3267=CARTESIAN_POINT('',(14.,7.05019304878476,4.));
#3268=CARTESIAN_POINT('',(14.,7.05019304878476,6.9980210955));
#3269=CARTESIAN_POINT('',(14.,6.97056274847714,4.));
#3270=CARTESIAN_POINT('',(14.,14.3880803917238,4.));
#3271=CARTESIAN_POINT('',(14.,6.97056274847714,-2.545));
#3272=CARTESIAN_POINT('',(14.,6.97056274847714,0.));
#3273=CARTESIAN_POINT('',(14.,14.3880803917238,-2.545));
#3274=CARTESIAN_POINT('Origin',(14.,33.2727404429016,10.0937633774474));
#3275=CARTESIAN_POINT('',(-14.,54.6341679243075,42.9874771331305));
#3276=CARTESIAN_POINT('',(14.,54.6341679243075,42.9874771331305));
#3277=CARTESIAN_POINT('',(-14.,55.7029462870533,44.6332514880058));
#3278=CARTESIAN_POINT('Origin',(0.,13.0501930487848,10.5000210955));
#3279=CARTESIAN_POINT('',(-0.265992757889688,11.9822330470386,10.5000210955));
#3280=CARTESIAN_POINT('Origin',(-3.75706410427057E-12,13.9644660940723,
10.5000210955));
#3281=CARTESIAN_POINT('',(-14.,7.05019304878476,10.5000210955));
#3282=CARTESIAN_POINT('',(-14.,11.5,10.5000210955));
#3283=CARTESIAN_POINT('',(-13.9029103787362,7.05019304878476,10.5));
#3284=CARTESIAN_POINT('',(0.,7.05019304878476,10.5000210955));
#3285=CARTESIAN_POINT('',(-12.7072203456579,7.95902422424163,10.5));
#3286=CARTESIAN_POINT('Origin',(0.,-10.,10.5));
#3287=CARTESIAN_POINT('',(12.7072203456579,7.95902422424162,10.5));
#3288=CARTESIAN_POINT('',(-6.35361017282897,7.95902422424162,10.5));
#3289=CARTESIAN_POINT('',(13.9029103787363,7.05019304878475,10.5));
#3290=CARTESIAN_POINT('Origin',(0.,-10.,10.5));
#3291=CARTESIAN_POINT('',(0.,7.05019304878476,10.5000210955));
#3292=CARTESIAN_POINT('',(0.265992757882179,11.9822330470386,10.5000210955));
#3293=CARTESIAN_POINT('Origin',(-3.75706410427057E-12,13.9644660940723,
10.5000210955));
#3294=CARTESIAN_POINT('Origin',(-3.75699471533153E-12,10.000000000005,10.5000210955));
#3295=CARTESIAN_POINT('Origin',(0.,-10.,10.5));
#3296=CARTESIAN_POINT('Origin',(0.,-10.,10.5));
#3297=CARTESIAN_POINT('',(-9.00000000000376,-21.999999999995,10.5));
#3298=CARTESIAN_POINT('',(-0.489897948554088,-21.999999999995,10.5));
#3299=CARTESIAN_POINT('',(-9.00000000000376,-15.9999999999975,10.5));
#3300=CARTESIAN_POINT('Origin',(-3.75706410427057E-12,13.9644660940723,
8.5000210955));
#3301=CARTESIAN_POINT('',(-0.265992757889688,11.9822330470386,8.5000210955));
#3302=CARTESIAN_POINT('',(-0.265992757889688,11.9822330470386,8.5000210955));
#3303=CARTESIAN_POINT('',(-0.265992757889688,11.9822330470386,5.5000210955));
#3304=CARTESIAN_POINT('',(-0.265992757889688,11.9822330470386,8.5000210955));
#3305=CARTESIAN_POINT('',(0.265992757882179,11.9822330470386,5.5000210955));
#3306=CARTESIAN_POINT('Origin',(-3.75706410427057E-12,13.9644660940723,
5.5000210955));
#3307=CARTESIAN_POINT('',(0.265992757882179,11.9822330470386,8.5000210955));
#3308=CARTESIAN_POINT('',(0.265992757882179,11.9822330470386,8.5000210955));
#3309=CARTESIAN_POINT('',(0.265992757882179,11.9822330470386,8.5000210955));
#3310=CARTESIAN_POINT('Origin',(-3.75699471533153E-12,10.000000000005,8.5000210955));
#3311=CARTESIAN_POINT('Origin',(-3.75699471533153E-12,10.000000000005,8.5000210955));
#3312=CARTESIAN_POINT('',(0.265992757882179,11.9822330470386,8.5000210955));
#3313=CARTESIAN_POINT('Origin',(-3.75699471533153E-12,10.000000000005,5.5000210955));
#3314=CARTESIAN_POINT('',(-0.265992757889688,11.9822330470386,8.5000210955));
#3315=CARTESIAN_POINT('Origin',(-3.75699471533153E-12,13.9733495705554,
5.5000210955));
#3316=CARTESIAN_POINT('',(-1.25000000000376,13.9644660940723,5.5000210955));
#3317=CARTESIAN_POINT('Origin',(-3.75699471533153E-12,13.9644660940723,
5.5000210955));
#3318=CARTESIAN_POINT('Origin',(-3.75706410427057E-12,13.9644660940723,
8.5000210955));
#3319=CARTESIAN_POINT('Origin',(-3.75706410427057E-12,13.9644660940723,
8.5000210955));
#3320=CARTESIAN_POINT('Origin',(-3.75706410427057E-12,13.9644660940723,
5.5000210955));
#3321=CARTESIAN_POINT('Origin',(-3.75699471533153E-12,10.000000000005,8.5000210955));
#3322=CARTESIAN_POINT('Origin',(-3.75699471533153E-12,10.000000000005,5.5000210955));
#3323=CARTESIAN_POINT('Origin',(-3.75699471533153E-12,9.99111652352181,
5.5000210955));
#3324=CARTESIAN_POINT('',(-1.25000000000376,10.000000000005,5.5000210955));
#3325=CARTESIAN_POINT('Origin',(-3.75699471533153E-12,10.000000000005,5.5000210955));
#3326=CARTESIAN_POINT('Origin',(0.,13.0501930487848,8.5000210955));
#3327=CARTESIAN_POINT('Origin',(-14.,36.2738334582648,19.874432842888));
#3328=CARTESIAN_POINT('',(-14.,6.97056274847714,-2.545));
#3329=CARTESIAN_POINT('',(-14.,11.5,-2.54478734141145));
#3330=CARTESIAN_POINT('',(-14.,14.3880803917238,-2.545));
#3331=CARTESIAN_POINT('',(-14.,6.97056274847714,4.));
#3332=CARTESIAN_POINT('',(-14.,6.97056274847714,-1.));
#3333=CARTESIAN_POINT('',(-14.,7.05019304878476,4.));
#3334=CARTESIAN_POINT('',(-14.,14.3880803917238,4.));
#3335=CARTESIAN_POINT('',(-14.,7.05019304878476,0.));
#3336=CARTESIAN_POINT('',(-14.,54.6505694817161,42.9768258372091));
#3337=CARTESIAN_POINT('',(-14.,54.0196696447246,43.3865369818985));
#3338=CARTESIAN_POINT('',(-14.,54.6450983865061,42.9682578897211));
#3339=CARTESIAN_POINT('',(-14.,46.746844148356,30.5992851406381));
#3340=CARTESIAN_POINT('',(-14.,62.6679259690844,37.8452510530584));
#3341=CARTESIAN_POINT('',(-14.,53.9160913120699,43.4337681088889));
#3342=CARTESIAN_POINT('',(-14.,37.9673216309407,0.377570315480794));
#3343=CARTESIAN_POINT('',(-14.,37.9673216309407,0.377570315480794));
#3344=CARTESIAN_POINT('',(-14.,32.5404924218351,-2.54478734141145));
#3345=CARTESIAN_POINT('Origin',(-14.,32.540492421835,3.95521265858855));
#3346=CARTESIAN_POINT('',(-14.,11.5,-2.54478734141145));
#3347=CARTESIAN_POINT('Origin',(-3.75699471533153E-12,10.000000000005,-2.545));
#3348=CARTESIAN_POINT('',(-1.25000000000376,10.000000000005,3.455));
#3349=CARTESIAN_POINT('Origin',(-3.75699471533153E-12,10.000000000005,3.455));
#3350=CARTESIAN_POINT('',(-1.25000000000376,10.000000000005,-2.545));
#3351=CARTESIAN_POINT('Origin',(-3.75699471533153E-12,13.9644660940723,
-2.545));
#3352=CARTESIAN_POINT('',(-1.25000000000376,13.9644660940723,3.455));
#3353=CARTESIAN_POINT('Origin',(-3.75699471533153E-12,13.9644660940723,
3.455));
#3354=CARTESIAN_POINT('',(-1.25000000000376,13.9644660940723,-2.545));
#3355=CARTESIAN_POINT('Origin',(-3.75699471533153E-12,13.9644660940723,
-2.545));
#3356=CARTESIAN_POINT('',(3.53553390592898,13.9644660940723,-2.54478734141145));
#3357=CARTESIAN_POINT('',(-3.53553390593649,13.9644660940723,-2.54478734141145));
#3358=CARTESIAN_POINT('Origin',(-3.75699471533153E-12,13.9644660940723,
-2.54478734141145));
#3359=CARTESIAN_POINT('',(3.53553390592898,13.9644660940723,3.455));
#3360=CARTESIAN_POINT('',(3.53553390592898,13.9644660940723,-2.545));
#3361=CARTESIAN_POINT('',(-3.53553390593649,13.9644660940723,3.455));
#3362=CARTESIAN_POINT('Origin',(-3.75699471533153E-12,13.9644660940723,
3.455));
#3363=CARTESIAN_POINT('',(-3.53553390593649,13.9644660940723,-2.545));
#3364=CARTESIAN_POINT('Origin',(-3.53553390593649,13.9644660940723,-2.545));
#3365=CARTESIAN_POINT('',(-3.52821455665064,11.5,-2.54478734141145));
#3366=CARTESIAN_POINT('',(-3.56304129177601,23.2263577036318,-2.54478734141145));
#3367=CARTESIAN_POINT('',(-3.50000000000376,2.000000000005,3.455));
#3368=CARTESIAN_POINT('',(-3.50000000000376,2.000000000005,3.455));
#3369=CARTESIAN_POINT('',(-3.50000000000376,2.000000000005,-2.545));
#3370=CARTESIAN_POINT('',(-3.50000000000376,2.000000000005,-2.545));
#3371=CARTESIAN_POINT('',(-3.53608562125226,14.1502317456597,-2.545));
#3372=CARTESIAN_POINT('Origin',(3.49999999999624,2.000000000005,-2.545));
#3373=CARTESIAN_POINT('',(3.49999999999624,2.000000000005,-2.545));
#3374=CARTESIAN_POINT('',(3.52821455664313,11.5,-2.545));
#3375=CARTESIAN_POINT('',(3.51844215590819,8.20957767851108,-2.545));
#3376=CARTESIAN_POINT('',(3.49999999999624,2.000000000005,3.455));
#3377=CARTESIAN_POINT('',(3.49999999999624,2.000000000005,-2.545));
#3378=CARTESIAN_POINT('',(3.53553390592898,13.9644660940723,3.455));
#3379=CARTESIAN_POINT('',(3.54539782643195,17.2857036364833,-2.54478734141145));
#3380=CARTESIAN_POINT('Origin',(34.0708956878527,7.28477181519967,-2.545));
#3381=CARTESIAN_POINT('',(4.17862418946399,-1.01947896154682,-2.545));
#3382=CARTESIAN_POINT('Origin',(34.0708956878527,7.28477181519967,-2.545));
#3383=CARTESIAN_POINT('',(4.17862418946399,-1.01947896154682,3.455));
#3384=CARTESIAN_POINT('',(4.17862418946397,-1.0194789615468,-2.545));
#3385=CARTESIAN_POINT('Origin',(34.0708956878527,7.28477181519967,3.455));
#3386=CARTESIAN_POINT('Origin',(-3.75699471533153E-12,-9.999999999995,-2.545));
#3387=CARTESIAN_POINT('',(4.74046555749267,-16.0042057175059,-2.545));
#3388=CARTESIAN_POINT('',(4.74046584325966,-3.9957945081041,-2.545));
#3389=CARTESIAN_POINT('Origin',(-3.75699471533153E-12,-9.999999999995,-2.545));
#3390=CARTESIAN_POINT('',(4.74046555749267,-16.0042057175059,3.455));
#3391=CARTESIAN_POINT('',(4.74046555749268,-16.0042057175059,-2.545));
#3392=CARTESIAN_POINT('',(4.74046584325967,-3.9957945081041,3.455));
#3393=CARTESIAN_POINT('Origin',(-3.75699471533153E-12,-9.999999999995,3.455));
#3394=CARTESIAN_POINT('',(4.74046584325966,-3.9957945081041,-2.545));
#3395=CARTESIAN_POINT('Origin',(-3.75699471533153E-12,-9.999999999995,-2.545));
#3396=CARTESIAN_POINT('',(-3.06702081443677,-17.0082724921171,-2.545));
#3397=CARTESIAN_POINT('',(3.06702103809097,-17.0082723942363,-2.545));
#3398=CARTESIAN_POINT('Origin',(-3.75699471533153E-12,-9.999999999995,-2.545));
#3399=CARTESIAN_POINT('',(-3.06702081443677,-17.0082724921171,3.455));
#3400=CARTESIAN_POINT('',(-3.06702081443678,-17.0082724921171,-2.545));
#3401=CARTESIAN_POINT('',(3.06702103809097,-17.0082723942363,3.455));
#3402=CARTESIAN_POINT('Origin',(-3.75699471533153E-12,-9.999999999995,3.455));
#3403=CARTESIAN_POINT('',(3.06702103809097,-17.0082723942363,-2.545));
#3404=CARTESIAN_POINT('Origin',(-3.75699471533153E-12,-9.999999999995,-2.545));
#3405=CARTESIAN_POINT('',(-4.74046587112387,-3.99579453009764,-2.545));
#3406=CARTESIAN_POINT('',(-4.7404658148958,-16.0042055142858,-2.545));
#3407=CARTESIAN_POINT('Origin',(-3.75699471533153E-12,-9.999999999995,-2.545));
#3408=CARTESIAN_POINT('',(-4.74046587112387,-3.99579453009764,3.455));
#3409=CARTESIAN_POINT('',(-4.74046587112387,-3.99579453009764,-2.545));
#3410=CARTESIAN_POINT('',(-4.7404658148958,-16.0042055142858,3.455));
#3411=CARTESIAN_POINT('Origin',(-3.75699471533153E-12,-9.999999999995,3.455));
#3412=CARTESIAN_POINT('',(-4.7404658148958,-16.0042055142858,-2.545));
#3413=CARTESIAN_POINT('Origin',(-34.07089568786,7.28477181519956,-2.545));
#3414=CARTESIAN_POINT('',(-4.1786241954179,-1.01947898295168,-2.545));
#3415=CARTESIAN_POINT('Origin',(-34.07089568786,7.28477181519956,-2.545));
#3416=CARTESIAN_POINT('',(-4.1786241954179,-1.01947898295168,3.455));
#3417=CARTESIAN_POINT('Origin',(-34.07089568786,7.28477181519956,3.455));
#3418=CARTESIAN_POINT('',(-4.17862419541789,-1.01947898295166,-2.545));
#3419=CARTESIAN_POINT('Origin',(-3.75699471533153E-12,-0.0749999999950046,
3.455));
#3420=CARTESIAN_POINT('Origin',(4.50000006705523,-2.5,3.455));
#3421=CARTESIAN_POINT('Origin',(4.5,-17.5000002607703,3.455));
#3422=CARTESIAN_POINT('Origin',(-4.49999989941716,-17.5,3.455));
#3423=CARTESIAN_POINT('',(-2.985,-2.5000000372529,3.455));
#3424=CARTESIAN_POINT('Origin',(-4.5,-2.5000000372529,3.455));
#3425=CARTESIAN_POINT('Origin',(-4.5,-2.5000000372529,3.455));
#3426=CARTESIAN_POINT('Origin',(4.5,-17.5000002607703,7.));
#3427=CARTESIAN_POINT('',(6.015,-17.5000002607703,-2.545));
#3428=CARTESIAN_POINT('',(6.015,-17.5000002607703,7.));
#3429=CARTESIAN_POINT('Origin',(4.5,-17.5000002607703,-2.545));
#3430=CARTESIAN_POINT('Origin',(4.5,-17.5000002607703,-2.545));
#3431=CARTESIAN_POINT('Origin',(4.50000006705523,-2.5,7.));
#3432=CARTESIAN_POINT('',(6.01500006705523,-2.5,-2.545));
#3433=CARTESIAN_POINT('',(6.01500006705523,-2.5,7.));
#3434=CARTESIAN_POINT('Origin',(4.50000006705523,-2.5,-2.545));
#3435=CARTESIAN_POINT('Origin',(4.50000006705523,-2.5,-2.545));
#3436=CARTESIAN_POINT('Origin',(14.,32.5404924218351,-2.54478734141145));
#3437=CARTESIAN_POINT('',(14.,11.5,-2.54478734141145));
#3438=CARTESIAN_POINT('',(14.,32.5404924218351,-2.54478734141145));
#3439=CARTESIAN_POINT('',(14.,11.5,-2.545));
#3440=CARTESIAN_POINT('Origin',(-4.49999989941716,-17.5,7.));
#3441=CARTESIAN_POINT('',(-2.98499989941716,-17.5,-2.545));
#3442=CARTESIAN_POINT('',(-2.98499989941716,-17.5,7.));
#3443=CARTESIAN_POINT('Origin',(-4.49999989941716,-17.5,-2.545));
#3444=CARTESIAN_POINT('Origin',(-4.49999989941716,-17.5,-2.545));
#3445=CARTESIAN_POINT('Origin',(-4.5,-2.5000000372529,7.));
#3446=CARTESIAN_POINT('',(-2.985,-2.5000000372529,7.));
#3447=CARTESIAN_POINT('Origin',(-4.5,-2.5000000372529,-2.545));
#3448=CARTESIAN_POINT('Origin',(-6.5,56.8857140986717,19.9901749595369));
#3449=CARTESIAN_POINT('',(-8.5,60.1881531846173,24.9995557679421));
#3450=CARTESIAN_POINT('',(-6.5,61.8579467874191,23.8987427392936));
#3451=CARTESIAN_POINT('Origin',(-6.5,60.1881531846173,24.9995557679422));
#3452=CARTESIAN_POINT('',(-6.5,57.4546946728249,17.2195683280866));
#3453=CARTESIAN_POINT('',(-6.5,58.5555077014734,18.8893619308884));
#3454=CARTESIAN_POINT('',(-8.5,55.7849010700232,18.3203813567352));
#3455=CARTESIAN_POINT('Origin',(-6.5,55.7849010700232,18.3203813567352));
#3456=CARTESIAN_POINT('',(-8.5,56.8857140986717,19.9901749595369));
#3457=CARTESIAN_POINT('Origin',(-8.5,51.6104170630188,21.0724139283565));
#3458=CARTESIAN_POINT('',(-8.5,51.6104170630188,21.0724139283565));
#3459=CARTESIAN_POINT('',(-8.5,51.6104170630188,21.0724139283565));
#3460=CARTESIAN_POINT('',(-8.5,56.013669177613,27.7515883395635));
#3461=CARTESIAN_POINT('',(-8.5,57.6619315201284,30.251793046125));
#3462=CARTESIAN_POINT('',(-8.5,56.013669177613,27.7515883395635));
#3463=CARTESIAN_POINT('Origin',(-5.5,51.6104170630188,21.0724139283565));
#3464=CARTESIAN_POINT('',(6.5,57.4546946728249,17.2195683280866));
#3465=CARTESIAN_POINT('',(-5.5,57.4546946728249,17.2195683280866));
#3466=CARTESIAN_POINT('',(8.5,55.7849010700232,18.3203813567352));
#3467=CARTESIAN_POINT('Origin',(6.5,55.7849010700232,18.3203813567352));
#3468=CARTESIAN_POINT('',(8.5,51.6104170630188,21.0724139283565));
#3469=CARTESIAN_POINT('',(8.5,51.6104170630188,21.0724139283565));
#3470=CARTESIAN_POINT('',(5.5,51.6104170630188,21.0724139283565));
#3471=CARTESIAN_POINT('',(11.25,51.6104170630188,21.0724139283565));
#3472=CARTESIAN_POINT('',(5.5,55.7788228795889,18.3243884095885));
#3473=CARTESIAN_POINT('',(5.5,51.6104170630188,21.0724139283565));
#3474=CARTESIAN_POINT('',(-5.5,55.7788228795889,18.3243884095885));
#3475=CARTESIAN_POINT('',(-5.5,55.7788228795889,18.3243884095885));
#3476=CARTESIAN_POINT('',(-5.5,51.6104170630188,21.0724139283565));
#3477=CARTESIAN_POINT('',(-5.5,51.6104170630188,21.0724139283565));
#3478=CARTESIAN_POINT('',(4.25,51.6104170630188,21.0724139283565));
#3479=CARTESIAN_POINT('Origin',(6.5,59.0873401559688,23.3297621651404));
#3480=CARTESIAN_POINT('',(6.5,61.8579467874191,23.8987427392936));
#3481=CARTESIAN_POINT('',(6.5,60.7571337587705,22.2289491364919));
#3482=CARTESIAN_POINT('',(8.5,60.1881531846173,24.9995557679421));
#3483=CARTESIAN_POINT('Origin',(6.5,60.1881531846173,24.9995557679422));
#3484=CARTESIAN_POINT('',(8.5,59.0873401559688,23.3297621651404));
#3485=CARTESIAN_POINT('Origin',(8.5,56.013669177613,27.7515883395635));
#3486=CARTESIAN_POINT('',(8.5,56.013669177613,27.7515883395635));
#3487=CARTESIAN_POINT('',(8.5,61.0230499860182,24.4491492536179));
#3488=CARTESIAN_POINT('',(8.5,59.8635575774255,33.5913802517285));
#3489=CARTESIAN_POINT('Origin',(-7.,59.656320730122,20.5591555336901));
#3490=CARTESIAN_POINT('',(-8.5,61.8579467874191,23.8987427392936));
#3491=CARTESIAN_POINT('Origin',(-5.5,60.1820749941831,25.0035628207955));
#3492=CARTESIAN_POINT('',(5.5,60.1820749941831,25.0035628207955));
#3493=CARTESIAN_POINT('',(5.5,57.980448936886,21.663975615192));
#3494=CARTESIAN_POINT('',(-5.5,60.1820749941831,25.0035628207955));
#3495=CARTESIAN_POINT('',(-5.5,60.1820749941831,25.0035628207955));
#3496=CARTESIAN_POINT('',(-5.5,60.1820749941831,25.0035628207955));
#3497=CARTESIAN_POINT('Origin',(-5.5,56.013669177613,27.7515883395635));
#3498=CARTESIAN_POINT('',(-5.5,56.013669177613,27.7515883395635));
#3499=CARTESIAN_POINT('',(-5.5,56.013669177613,27.7515883395635));
#3500=CARTESIAN_POINT('',(-5.5,59.8635575774255,33.5913802517285));
#3501=CARTESIAN_POINT('Origin',(5.5,51.6104170630188,21.0724139283565));
#3502=CARTESIAN_POINT('',(5.5,56.013669177613,27.7515883395635));
#3503=CARTESIAN_POINT('',(5.5,57.6619315201284,30.251793046125));
#3504=CARTESIAN_POINT('',(5.5,56.013669177613,27.7515883395635));
#3505=CARTESIAN_POINT('Origin',(-8.5,56.013669177613,27.7515883395635));
#3506=CARTESIAN_POINT('',(2.75,56.0136691776129,27.7515883395635));
#3507=CARTESIAN_POINT('',(9.75,56.0136691776129,27.7515883395635));
#3508=CARTESIAN_POINT('Origin',(-9.00000000000376,-21.999999999995,8.5));
#3509=CARTESIAN_POINT('',(-9.00000000000376,-21.999999999995,8.5));
#3510=CARTESIAN_POINT('Origin',(8.99999999999624,-21.999999999995,8.5));
#3511=CARTESIAN_POINT('Origin',(14.,14.3880803917238,-2.545));
#3512=CARTESIAN_POINT('Origin',(0.,-10.,-2.545));
#3513=CARTESIAN_POINT('Origin',(0.,-10.,0.));
#3514=CARTESIAN_POINT('',(13.9029103787362,7.05019304878476,6.08918992004314));
#3515=CARTESIAN_POINT('',(13.9029103787362,7.05019304878476,6.9980210955));
#3516=CARTESIAN_POINT('',(-13.9029103787362,7.05019304878476,6.08918992004314));
#3517=CARTESIAN_POINT('',(-13.9029103787362,7.05019304878476,6.9980210955));
#3518=CARTESIAN_POINT('',(-14.,6.97056274847714,6.00955961973552));
#3519=CARTESIAN_POINT('Origin',(0.,-10.,-10.9610031287416));
#3520=CARTESIAN_POINT('',(-14.,6.97056274847714,6.00658358394214));
#3521=CARTESIAN_POINT('',(-14.,6.97056274847714,0.));
#3522=CARTESIAN_POINT('',(-13.9029103787362,7.05019304878476,5.92695328363452));
#3523=CARTESIAN_POINT('Origin',(0.,-10.,22.9771463324193));
#3524=CARTESIAN_POINT('',(-13.9029103787362,7.05019304878476,4.));
#3525=CARTESIAN_POINT('',(-13.9029103787362,7.05019304878476,0.));
#3526=CARTESIAN_POINT('Origin',(0.,-10.,4.));
#3527=CARTESIAN_POINT('',(13.9029103787362,7.05019304878476,4.));
#3528=CARTESIAN_POINT('Origin',(0.,-10.,4.));
#3529=CARTESIAN_POINT('',(13.9029103787362,7.05019304878476,5.92695328363452));
#3530=CARTESIAN_POINT('',(13.9029103787362,7.05019304878476,0.));
#3531=CARTESIAN_POINT('',(14.,6.97056274847714,6.00658358394214));
#3532=CARTESIAN_POINT('Origin',(0.,-10.,22.9771463324193));
#3533=CARTESIAN_POINT('',(14.,6.97056274847714,6.00955961973552));
#3534=CARTESIAN_POINT('',(14.,6.97056274847714,0.));
#3535=CARTESIAN_POINT('Origin',(0.,-10.,-10.9610031287416));
#3536=CARTESIAN_POINT('Origin',(-19.6260004470348,54.6450983865061,42.9682578897211));
#3537=CARTESIAN_POINT('',(-2.81300022351742,54.6505694817161,42.9768258372091));
#3538=CARTESIAN_POINT('',(35.374,54.6450983865061,42.9682578897212));
#3539=CARTESIAN_POINT('',(-4.62600033527613,54.6450983865061,42.9682578897211));
#3540=CARTESIAN_POINT('',(40.374,57.3360418317789,47.1823797880938));
#3541=CARTESIAN_POINT('Origin',(35.374,57.3360418317789,47.1823797880938));
#3542=CARTESIAN_POINT('',(40.3739999999999,68.09981561287,64.0388673815842));
#3543=CARTESIAN_POINT('',(40.374,54.6450983865062,42.9682578897212));
#3544=CARTESIAN_POINT('',(35.3739999999999,70.7907590581428,68.2529892799568));
#3545=CARTESIAN_POINT('Origin',(35.3739999999999,68.09981561287,64.0388673815842));
#3546=CARTESIAN_POINT('',(-14.6260004470349,70.7907590581428,68.2529892799567));
#3547=CARTESIAN_POINT('',(6.37399966472383,70.7907590581428,68.2529892799567));
#3548=CARTESIAN_POINT('',(-19.6260004470349,68.09981561287,64.0388673815841));
#3549=CARTESIAN_POINT('Origin',(-14.6260004470349,68.09981561287,64.0388673815841));
#3550=CARTESIAN_POINT('',(-19.6260004470348,57.3360418317789,47.1823797880937));
#3551=CARTESIAN_POINT('',(-19.6260004470348,54.6450983865061,42.9682578897211));
#3552=CARTESIAN_POINT('',(-14.6260004470348,54.6450983865061,42.9682578897211));
#3553=CARTESIAN_POINT('Origin',(-14.6260004470348,57.3360418317788,47.1823797880937));
#3554=CARTESIAN_POINT('',(-4.62600033527613,54.6450983865061,42.9682578897211));
#3555=CARTESIAN_POINT('',(31.8739997764826,57.3568234368065,47.2149245883139));
#3556=CARTESIAN_POINT('',(30.755012613845,57.3568234368065,47.2149245883139));
#3557=CARTESIAN_POINT('',(5.56450608340507,57.3568234368065,47.2149245883139));
#3558=CARTESIAN_POINT('',(30.755012613845,56.5287587981966,45.9181432185813));
#3559=CARTESIAN_POINT('',(30.755012613845,54.3585265864303,42.5194753260158));
#3560=CARTESIAN_POINT('',(-11.6260002235174,56.5287587981966,45.9181432185813));
#3561=CARTESIAN_POINT('',(-14.6260003352761,56.5287587981966,45.9181432185813));
#3562=CARTESIAN_POINT('',(-11.6260002235174,68.9070986464514,65.3031039510952));
#3563=CARTESIAN_POINT('',(-11.6260002235174,61.2379098274242,53.2928565407336));
#3564=CARTESIAN_POINT('',(31.8739997764826,68.9070986464514,65.3031039510952));
#3565=CARTESIAN_POINT('',(5.37399966472386,68.9070986464514,65.3031039510952));
#3566=CARTESIAN_POINT('',(31.8739997764826,65.5567362030553,60.0563063028564));
#3567=CARTESIAN_POINT('',(31.8739997764826,56.1251172814061,45.286024933826));
#3568=CARTESIAN_POINT('',(31.8739997764826,59.7043949626712,50.8913127311126));
#3569=CARTESIAN_POINT('Origin',(28.2241509780395,62.6305655828637,55.4738095169842));
#3570=CARTESIAN_POINT('',(31.8739997764826,56.1251172814061,45.286024933826));
#3571=CARTESIAN_POINT('',(36.1989997764768,60.0269852770458,51.3965016864571));
#3572=CARTESIAN_POINT('Origin',(34.7489997764768,60.0269852770458,51.3965016864571));
#3573=CARTESIAN_POINT('',(36.1989997764796,65.4088721675924,59.8247454832039));
#3574=CARTESIAN_POINT('Origin',(34.7489997764796,65.4088721675924,59.8247454832039));
#3575=CARTESIAN_POINT('',(-12.5510002234521,65.4088721676102,59.8247454832319));
#3576=CARTESIAN_POINT('Origin',(-14.0010002234521,65.4088721676103,59.8247454832319));
#3577=CARTESIAN_POINT('',(-12.5510002235177,60.026985277051,51.3965016864653));
#3578=CARTESIAN_POINT('Origin',(-14.0010002235177,60.026985277051,51.3965016864653));
#3579=CARTESIAN_POINT('Origin',(31.8739997764826,60.82113726574,50.1782127181153));
#3580=CARTESIAN_POINT('',(31.8739997764826,58.4735657398752,46.5018245753166));
#3581=CARTESIAN_POINT('',(31.8739997764826,60.82113726574,50.1782127181153));
#3582=CARTESIAN_POINT('',(31.8739997764826,57.2418595844749,44.5729249208287));
#3583=CARTESIAN_POINT('',(31.8739997764826,58.4735657398752,46.5018245753166));
#3584=CARTESIAN_POINT('',(31.8739997764826,60.82113726574,50.1782127181153));
#3585=CARTESIAN_POINT('Origin',(31.8739997764826,70.0238409495202,64.5900039380979));
#3586=CARTESIAN_POINT('',(31.8739997764826,66.673478506124,59.3432062898591));
#3587=CARTESIAN_POINT('',(31.8739997764826,70.0238409495201,64.5900039380979));
#3588=CARTESIAN_POINT('',(31.8739997764826,57.2418595844749,44.5729249208287));
#3589=CARTESIAN_POINT('',(31.8739997764826,66.673478506124,59.3432062898591));
#3590=CARTESIAN_POINT('',(31.8739997764826,70.0238409495201,64.5900039380979));
#3591=CARTESIAN_POINT('Origin',(-11.6260002235174,70.0238409495201,64.5900039380979));
#3592=CARTESIAN_POINT('',(-11.6260002235174,70.0238409495201,64.5900039380979));
#3593=CARTESIAN_POINT('',(5.37399966472386,70.0238409495201,64.5900039380979));
#3594=CARTESIAN_POINT('',(-11.6260002235174,70.0238409495201,64.5900039380979));
#3595=CARTESIAN_POINT('Origin',(-11.6260002235174,57.6455011012654,45.205043205584));
#3596=CARTESIAN_POINT('',(-11.6260002235174,57.6455011012654,45.205043205584));
#3597=CARTESIAN_POINT('',(-11.6260002235174,62.3546521304929,52.5797565277363));
#3598=CARTESIAN_POINT('',(-11.6260002235174,57.6455011012654,45.205043205584));
#3599=CARTESIAN_POINT('Origin',(30.755012613845,57.6455011012654,45.205043205584));
#3600=CARTESIAN_POINT('',(30.755012613845,57.6455011012654,45.205043205584));
#3601=CARTESIAN_POINT('',(-14.6260003352761,57.6455011012654,45.205043205584));
#3602=CARTESIAN_POINT('',(30.755012613845,57.6455011012654,45.205043205584));
#3603=CARTESIAN_POINT('Origin',(31.8739997764826,58.4735657398752,46.5018245753166));
#3604=CARTESIAN_POINT('',(30.755012613845,58.4735657398752,46.5018245753166));
#3605=CARTESIAN_POINT('',(5.56450608340507,58.4735657398752,46.5018245753166));
#3606=CARTESIAN_POINT('',(30.755012613845,58.4735657398752,46.5018245753166));
#3607=CARTESIAN_POINT('Origin',(14.,55.7618406895749,42.2551578767239));
#3608=CARTESIAN_POINT('Origin',(14.,32.540492421835,3.95521265858855));
#3609=CARTESIAN_POINT('',(14.,37.9673216309407,0.377570315480794));
#3610=CARTESIAN_POINT('Origin',(14.,63.713445977238,39.4311721638935));
#3611=CARTESIAN_POINT('',(12.1869998882413,62.6679259690845,37.8452510530584));
#3612=CARTESIAN_POINT('Origin',(10.3739997764826,60.0912617098987,39.490589741909));
#3613=CARTESIAN_POINT('',(-14.6260004470348,68.634804628595,34.0350781618212));
#3614=CARTESIAN_POINT('',(-14.6260004470348,55.7618406895748,42.2551578767238));
#3615=CARTESIAN_POINT('',(35.374,68.634804628595,34.0350781618212));
#3616=CARTESIAN_POINT('',(25.3739998882413,68.6348046285952,34.0350781618213));
#3617=CARTESIAN_POINT('',(35.374,57.9265511997368,40.8728738093165));
#3618=CARTESIAN_POINT('Origin',(29.1239997764826,72.6712197965029,40.3562610093801));
#3619=CARTESIAN_POINT('',(29.1239997764826,89.3652370837451,23.7637992627521));
#3620=CARTESIAN_POINT('',(34.1239997764826,92.0561805290178,27.9779211611247));
#3621=CARTESIAN_POINT('Origin',(29.1239997764826,92.0561805290178,27.9779211611247));
#3622=CARTESIAN_POINT('',(34.1239997764826,72.6712197965039,40.3562610093795));
#3623=CARTESIAN_POINT('',(34.1239997764826,72.6712197965029,40.3562610093801));
#3624=CARTESIAN_POINT('',(29.1239997764826,69.9802763512311,36.1421391110069));
#3625=CARTESIAN_POINT('Origin',(29.1239997764826,72.6712197965039,40.3562610093795));
#3626=CARTESIAN_POINT('',(29.1239997764826,69.9802763512301,36.1421391110075));
#3627=CARTESIAN_POINT('Origin',(10.4108366505291,96.092595696927,34.2991040086836));
#3628=CARTESIAN_POINT('',(-8.87600022351742,89.3652370837451,23.7637992627521));
#3629=CARTESIAN_POINT('',(34.1239997764826,89.3652370837451,23.7637992627521));
#3630=CARTESIAN_POINT('',(-13.8760002235174,92.0561805290178,27.9779211611247));
#3631=CARTESIAN_POINT('Origin',(-8.87600022351742,92.0561805290178,27.9779211611247));
#3632=CARTESIAN_POINT('',(-13.8760002235174,100.129010864836,40.6202868562425));
#3633=CARTESIAN_POINT('',(-13.8760002235174,89.3652370837451,23.7637992627521));
#3634=CARTESIAN_POINT('',(-8.87600022351742,102.819954310109,44.8344087546151));
#3635=CARTESIAN_POINT('Origin',(-8.87600022351742,100.129010864836,40.6202868562425));
#3636=CARTESIAN_POINT('',(29.1239997764826,102.819954310109,44.8344087546151));
#3637=CARTESIAN_POINT('',(22.2674182135059,102.819954310109,44.8344087546151));
#3638=CARTESIAN_POINT('',(34.1239997764826,100.129010864836,40.6202868562425));
#3639=CARTESIAN_POINT('Origin',(29.1239997764826,100.129010864836,40.6202868562425));
#3640=CARTESIAN_POINT('',(34.1239997764826,98.7812510194975,38.5096426180789));
#3641=CARTESIAN_POINT('',(34.1239997764826,97.4369233582123,36.4043733133813));
#3642=CARTESIAN_POINT('',(34.1239997764826,94.0750491630514,31.13954781499));
#3643=CARTESIAN_POINT('Origin',(30.3719966826717,96.4281500912745,34.8245952165345));
#3644=CARTESIAN_POINT('',(34.1239997764826,92.697493484435,28.9822421452321));
#3645=CARTESIAN_POINT('Origin',(34.1239997764826,69.9802763512301,36.1421391110075));
#3646=CARTESIAN_POINT('',(-8.87600022351742,69.9802763512311,36.1421391110069));
#3647=CARTESIAN_POINT('',(37.2489998882413,69.9802763512311,36.1421391110069));
#3648=CARTESIAN_POINT('',(-8.87600022351742,69.9802763512303,36.1421391110074));
#3649=CARTESIAN_POINT('Origin',(29.1239997764826,80.7440501323212,52.9986267044979));
#3650=CARTESIAN_POINT('',(29.1239997764826,83.434993577595,57.2127486028699));
#3651=CARTESIAN_POINT('',(29.1239997764826,83.434993577594,57.2127486028705));
#3652=CARTESIAN_POINT('',(34.1239997764826,80.7440501323222,52.9986267044973));
#3653=CARTESIAN_POINT('Origin',(29.1239997764826,80.7440501323222,52.9986267044973));
#3654=CARTESIAN_POINT('',(34.1239997764826,80.7440501323212,52.9986267044979));
#3655=CARTESIAN_POINT('Origin',(34.1239997764826,83.434993577594,57.2127486028705));
#3656=CARTESIAN_POINT('',(34.1239997764826,79.3962902869835,50.8879824663337));
#3657=CARTESIAN_POINT('',(34.1239997764826,76.034899103095,45.6239133823455));
#3658=CARTESIAN_POINT('',(34.1239997764826,79.3962902869835,50.8879824663337));
#3659=CARTESIAN_POINT('Origin',(-8.87600022351742,72.6712197965031,40.35626100938));
#3660=CARTESIAN_POINT('',(-13.8760002235174,72.6712197965038,40.3562610093795));
#3661=CARTESIAN_POINT('Origin',(-8.87600022351742,72.6712197965039,40.3562610093795));
#3662=CARTESIAN_POINT('',(-13.8760002235174,72.6712197965031,40.35626100938));
#3663=CARTESIAN_POINT('Origin',(-13.8760002235174,80.1760468777612,52.1091115578322));
#3664=CARTESIAN_POINT('',(-13.8760002235174,80.7440501323222,52.9986267044973));
#3665=CARTESIAN_POINT('',(-13.8760002235174,69.3075404899131,35.088608636414));
#3666=CARTESIAN_POINT('',(-13.8760002235174,80.7440501323215,52.9986267044978));
#3667=CARTESIAN_POINT('Origin',(-8.87600022351742,80.7440501323215,52.9986267044978));
#3668=CARTESIAN_POINT('',(-8.87600022351742,83.434993577595,57.2127486028699));
#3669=CARTESIAN_POINT('Origin',(-8.87600022351742,80.7440501323222,52.9986267044973));
#3670=CARTESIAN_POINT('',(-8.87600022351742,83.4349935775943,57.2127486028704));
#3671=CARTESIAN_POINT('Origin',(-13.8760002235174,83.434993577594,57.2127486028705));
#3672=CARTESIAN_POINT('',(13.2489998882413,83.434993577595,57.2127486028699));
#3673=CARTESIAN_POINT('Origin',(30.8739997764826,58.7141461542198,46.3023860710609));
#3674=CARTESIAN_POINT('',(30.755012613845,58.7141461542198,46.302386071061));
#3675=CARTESIAN_POINT('',(31.1500926293626,58.7141461542198,46.3023860710609));
#3676=CARTESIAN_POINT('',(10.5645061951638,58.7141461542198,46.3023860710609));
#3677=CARTESIAN_POINT('',(31.1500926293626,58.2964617591437,45.6482760937625));
#3678=CARTESIAN_POINT('',(31.1500926293626,57.5032216038474,44.4060312167938));
#3679=CARTESIAN_POINT('',(30.755012613845,58.2964617591437,45.6482760937625));
#3680=CARTESIAN_POINT('',(-14.6260003352761,58.2964617591437,45.6482760937625));
#3681=CARTESIAN_POINT('',(30.755012613845,58.7141461542198,46.302386071061));
#3682=CARTESIAN_POINT('Origin',(30.3739997764826,78.1444943011132,58.2180432887936));
#3683=CARTESIAN_POINT('',(-10.6260002235174,70.3284766401401,63.2089908693688));
#3684=CARTESIAN_POINT('',(30.8739997764826,70.3284766401401,63.2089908693688));
#3685=CARTESIAN_POINT('',(5.37399966472386,70.3284766401401,63.2089908693688));
#3686=CARTESIAN_POINT('',(-10.6260002235175,100.057928172651,44.2251373733751));
#3687=CARTESIAN_POINT('',(-10.6260002235174,69.4856522604656,63.7471795584234));
#3688=CARTESIAN_POINT('',(30.8739997764826,100.057928172651,44.2251373733751));
#3689=CARTESIAN_POINT('',(30.8739997764826,100.057928172651,44.2251373733751));
#3690=CARTESIAN_POINT('',(30.8739997764826,78.1444943011132,58.2180432887936));
#3691=CARTESIAN_POINT('Origin',(40.374,55.7618406895749,42.2551578767239));
#3692=CARTESIAN_POINT('',(40.374,71.3257480738679,38.2492000601939));
#3693=CARTESIAN_POINT('',(40.374,58.4527841348476,46.4692797750965));
#3694=CARTESIAN_POINT('',(40.3739999999999,82.089521854959,55.1056876536843));
#3695=CARTESIAN_POINT('',(40.374,68.6348046285951,34.0350781618213));
#3696=CARTESIAN_POINT('',(40.3739999999999,71.3812684261007,61.9434833011795));
#3697=CARTESIAN_POINT('Origin',(35.3739999999999,71.3812684261007,61.9434833011794));
#3698=CARTESIAN_POINT('',(35.3739999999999,84.7804653002318,59.3198095520569));
#3699=CARTESIAN_POINT('Origin',(35.3739999999999,82.089521854959,55.1056876536843));
#3700=CARTESIAN_POINT('',(35.3739999999999,74.0722118713734,66.1576051995521));
#3701=CARTESIAN_POINT('Origin',(30.755012613845,70.7114732325959,36.3567345345661));
#3702=CARTESIAN_POINT('Origin',(31.8739997764826,59.2493748607589,45.858687389447));
#3703=CARTESIAN_POINT('',(30.755012613845,62.9075189886918,42.8261263423892));
#3704=CARTESIAN_POINT('Origin',(30.755012613845,55.0769322743716,41.4289605938438));
#3705=CARTESIAN_POINT('Origin',(30.755012613845,58.4883254809399,44.6668545165295));
#3706=CARTESIAN_POINT('Origin',(-9.62600022351743,66.8425318309676,40.5187313156288));
#3707=CARTESIAN_POINT('',(30.8739997764826,59.0265141699945,45.509678896204));
#3708=CARTESIAN_POINT('',(-10.6260002235174,59.0265141699945,45.5096788962041));
#3709=CARTESIAN_POINT('',(-14.6260003352761,59.0265141699945,45.509678896204));
#3710=CARTESIAN_POINT('',(30.8739997764826,88.7559657025051,26.5258254002103));
#3711=CARTESIAN_POINT('',(30.8739997764826,58.18368979032,46.0478675852586));
#3712=CARTESIAN_POINT('',(-10.6260002235175,88.7559657025051,26.5258254002103));
#3713=CARTESIAN_POINT('',(-10.6260002235175,88.7559657025051,26.5258254002103));
#3714=CARTESIAN_POINT('',(-10.6260002235174,66.8425318309676,40.5187313156288));
#3715=CARTESIAN_POINT('Origin',(-10.6260002235174,77.6063056120587,57.3752189091191));
#3716=CARTESIAN_POINT('',(-10.6260002235174,63.1974765101674,52.0415678386818));
#3717=CARTESIAN_POINT('',(-10.6260002235175,100.057928172651,44.2251373733751));
#3718=CARTESIAN_POINT('Origin',(-14.6260003352761,58.4883254809399,44.6668545165295));
#3719=CARTESIAN_POINT('Origin',(31.8739997764826,58.4883254809399,44.6668545165295));
#3720=CARTESIAN_POINT('Origin',(-11.6260002235174,58.4883254809401,44.6668545165299));
#3721=CARTESIAN_POINT('Origin',(-11.6260002235174,63.1974765101674,52.0415678386818));
#3722=CARTESIAN_POINT('Origin',(-11.6260002235174,70.8666653291947,64.0518152490434));
#3723=CARTESIAN_POINT('Origin',(5.37399966472386,70.8666653291947,64.0518152490434));
#3724=CARTESIAN_POINT('Origin',(31.8739997764826,70.8666653291947,64.0518152490434));
#3725=CARTESIAN_POINT('Origin',(-14.6260004470349,75.7106894464244,59.1789151663644));
#3726=CARTESIAN_POINT('',(-14.6260004470349,84.7804653002318,59.3198095520568));
#3727=CARTESIAN_POINT('',(-14.6260004470349,80.5663434018592,62.0107529973296));
#3728=CARTESIAN_POINT('',(-19.6260004470349,82.089521854959,55.1056876536842));
#3729=CARTESIAN_POINT('Origin',(-14.6260004470349,82.089521854959,55.1056876536842));
#3730=CARTESIAN_POINT('',(-19.6260004470349,69.2165579159387,63.3257673685868));
#3731=CARTESIAN_POINT('Origin',(-19.6260004470348,64.4206827302225,36.726021607094));
#3732=CARTESIAN_POINT('',(-19.6260004470348,71.3257480738679,38.2492000601938));
#3733=CARTESIAN_POINT('',(-19.6260004470348,68.634804628595,34.0350781618211));
#3734=CARTESIAN_POINT('',(-19.6260004470348,67.1116261754952,40.9401435054666));
#3735=CARTESIAN_POINT('Origin',(-14.6260004470348,64.9469156653334,42.322427572874));
#3736=CARTESIAN_POINT('Origin',(-14.6260004470348,71.3257480738679,38.2492000601938));
#3737=CARTESIAN_POINT('Origin',(35.374,60.6174946450096,45.086995707689));
#3738=CARTESIAN_POINT('Origin',(35.374,71.3257480738679,38.2492000601939));
#3739=CARTESIAN_POINT('Origin',(10.3739997764825,76.2369223815354,64.7753211321445));
#3740=CARTESIAN_POINT('',(25.3739998882412,84.7804653002318,59.3198095520569));
#3741=CARTESIAN_POINT('Origin',(30.8739997764826,67.3807205200225,41.3615556953038));
#3742=CARTESIAN_POINT('',(30.8739997764826,67.8130445228617,59.2697265240277));
#3743=CARTESIAN_POINT('',(30.8739997764826,58.0846839641494,44.0347362317742));
#3744=CARTESIAN_POINT('',(30.8739997764826,97.5424960553721,40.2858730280337));
#3745=CARTESIAN_POINT('',(30.8739997764826,88.7559657025051,26.5258254002103));
#3746=CARTESIAN_POINT('',(30.8739997764826,66.9702201431874,59.8079152130821));
#3747=CARTESIAN_POINT('Origin',(-14.0010002234521,75.1844565113266,53.5825092006048));
#3748=CARTESIAN_POINT('',(-12.5510002234521,76.0272808910012,53.0443205115502));
#3749=CARTESIAN_POINT('Origin',(-14.0010002234521,76.0272808910012,53.0443205115502));
#3750=CARTESIAN_POINT('',(-12.5510002234521,75.1844565113266,53.5825092006048));
#3751=CARTESIAN_POINT('Origin',(-14.0010002235177,69.8025696207674,45.1542654038382));
#3752=CARTESIAN_POINT('',(-12.5510002235177,70.6453940004419,44.6160767147837));
#3753=CARTESIAN_POINT('Origin',(-14.0010002235177,70.6453940004419,44.6160767147837));
#3754=CARTESIAN_POINT('',(-12.5510002235177,69.8025696207674,45.1542654038382));
#3755=CARTESIAN_POINT('Origin',(-14.0010002235177,70.6453940004419,44.6160767147837));
#3756=CARTESIAN_POINT('Origin',(34.7489997764768,70.6453940004367,44.6160767147754));
#3757=CARTESIAN_POINT('',(36.1989997764768,70.6453940004367,44.6160767147754));
#3758=CARTESIAN_POINT('Origin',(34.7489997764768,70.6453940004367,44.6160767147754));
#3759=CARTESIAN_POINT('Origin',(34.7489997764796,76.0272808909833,53.0443205115223));
#3760=CARTESIAN_POINT('',(36.1989997764796,76.0272808909833,53.0443205115223));
#3761=CARTESIAN_POINT('Origin',(34.7489997764796,76.0272808909833,53.0443205115223));
#3762=CARTESIAN_POINT('Origin',(-14.0010002234521,76.0272808910012,53.0443205115502));
#3763=CARTESIAN_POINT('Origin',(30.8739997764826,67.3807205200225,41.3615556953038));
#3764=CARTESIAN_POINT('',(30.8739997764826,61.3672200083513,49.1753151058376));
#3765=CARTESIAN_POINT('',(30.8739997764826,91.0966715408619,30.1914616098439));
#3766=CARTESIAN_POINT('',(30.8739997764826,60.524395628677,49.7135037948921));
#3767=CARTESIAN_POINT('',(30.8739997764826,88.7559657025051,26.5258254002103));
#3768=CARTESIAN_POINT('',(30.8739997764826,58.0846839641494,44.0347362317742));
#3769=CARTESIAN_POINT('Origin',(10.4108366505291,94.4069469375779,35.3754813867927));
#3770=CARTESIAN_POINT('',(34.3740003576277,95.5305083665341,37.1350222014644));
#3771=CARTESIAN_POINT('Origin',(28.2241509780392,94.3195837981173,35.2386673189387));
#3772=CARTESIAN_POINT('',(34.3740003576277,93.1086592297002,33.3423124364133));
#3773=CARTESIAN_POINT('Origin',(28.2241509780392,94.3195837981173,35.2386673189387));
#3774=CARTESIAN_POINT('',(34.3740003576279,87.7267722589583,24.9140685140775));
#3775=CARTESIAN_POINT('Origin',(31.8739997764826,58.0846839641494,44.0347362317742));
#3776=CARTESIAN_POINT('Ctrl Pts',(31.8739997764826,60.82113726574,50.1782127181153));
#3777=CARTESIAN_POINT('Ctrl Pts',(31.7561719811122,60.778568396719,50.1115482166946));
#3778=CARTESIAN_POINT('Ctrl Pts',(31.6261051377005,60.7534966211267,50.0312416945419));
#3779=CARTESIAN_POINT('Ctrl Pts',(31.3786475569535,60.7599675172301,49.8573228725165));
#3780=CARTESIAN_POINT('Ctrl Pts',(31.2614387443725,60.7916296630037,49.7634563301633));
#3781=CARTESIAN_POINT('Ctrl Pts',(31.0812479835482,60.8947170550762,49.5900855487884));
#3782=CARTESIAN_POINT('Ctrl Pts',(31.0040604802037,60.9683158044424,49.5000187811686));
#3783=CARTESIAN_POINT('Ctrl Pts',(30.9003911075321,61.150471373678,49.3273365438403));
#3784=CARTESIAN_POINT('Ctrl Pts',(30.8739997764826,61.2588714454559,49.2445014896583));
#3785=CARTESIAN_POINT('Ctrl Pts',(30.8739997764826,61.3672200083513,49.1753151058376));
#3786=CARTESIAN_POINT('Origin',(31.8739997764826,58.0846839641494,44.0347362317742));
#3787=CARTESIAN_POINT('Ctrl Pts',(30.8739997764826,67.8130445228617,59.2697265240277));
#3788=CARTESIAN_POINT('Ctrl Pts',(30.8739997764826,67.7046959599663,59.3389129078484));
#3789=CARTESIAN_POINT('Ctrl Pts',(30.9003911075321,67.5839436928657,59.4024039446398));
#3790=CARTESIAN_POINT('Ctrl Pts',(31.0040604802037,67.3506529514095,59.495006517191));
#3791=CARTESIAN_POINT('Ctrl Pts',(31.0812479835482,67.2379812154995,59.5238834710603));
#3792=CARTESIAN_POINT('Ctrl Pts',(31.2614387443725,67.0373302751424,59.544465948381));
#3793=CARTESIAN_POINT('Ctrl Pts',(31.3786475569535,66.9388543699259,59.5336995497203));
#3794=CARTESIAN_POINT('Ctrl Pts',(31.6261051377005,66.7783533756702,59.4664012585534));
#3795=CARTESIAN_POINT('Ctrl Pts',(31.7561719811122,66.716047375145,59.4098707912798));
#3796=CARTESIAN_POINT('Ctrl Pts',(31.8739997764826,66.673478506124,59.3432062898591));
#3797=CARTESIAN_POINT('Origin',(28.2241509780395,63.7473078859321,54.7607095039871));
#3798=CARTESIAN_POINT('',(34.3740003576279,95.8823967157443,36.9103225678015));
#3799=CARTESIAN_POINT('',(34.3740003576279,93.431448888895,33.1361938810987));
#3800=CARTESIAN_POINT('Origin',(28.2241509780392,94.6569228023196,35.02325822445));
#3801=CARTESIAN_POINT('',(34.3740003576277,93.1086592297002,33.3423124364134));
#3802=CARTESIAN_POINT('',(34.3740003576277,95.5305083665341,37.1350222014645));
#3803=CARTESIAN_POINT('',(32.8118077275634,96.7806494130617,39.2115496681206));
#3804=CARTESIAN_POINT('',(32.7803383627152,93.4259670912913,41.3901058406437));
#3805=CARTESIAN_POINT('Ctrl Pts',(32.8118077275634,96.7806494130617,39.2115496681206));
#3806=CARTESIAN_POINT('Ctrl Pts',(32.7961245423456,95.0975355361289,40.3045766000168));
#3807=CARTESIAN_POINT('Ctrl Pts',(32.7803383627152,93.4259670912913,41.3901058406437));
#3808=CARTESIAN_POINT('',(34.0589720948645,89.2449077604607,34.9518390654675));
#3809=CARTESIAN_POINT('Origin',(28.2241509780392,90.8641014124207,37.4451786397518));
#3810=CARTESIAN_POINT('',(34.0432343458334,92.599590082231,32.7732828929444));
#3811=CARTESIAN_POINT('Ctrl Pts',(34.0589720948645,89.2449077604607,34.9518390654675));
#3812=CARTESIAN_POINT('Ctrl Pts',(34.0511436256465,90.9245140945778,33.8610899585092));
#3813=CARTESIAN_POINT('Ctrl Pts',(34.0432343458334,92.5995900822311,32.7732828929444));
#3814=CARTESIAN_POINT('Origin',(28.2241509780392,94.2354982034419,35.2923604928169));
#3815=CARTESIAN_POINT('Origin',(34.7489997764768,69.8025696207622,45.15426540383));
#3816=CARTESIAN_POINT('',(36.1989997764768,69.8025696207622,45.15426540383));
#3817=CARTESIAN_POINT('Origin',(34.7489997764796,75.1844565113087,53.5825092005768));
#3818=CARTESIAN_POINT('',(36.1989997764796,75.1844565113087,53.5825092005768));
#3819=CARTESIAN_POINT('Origin',(34.3740003576279,101.181489685813,45.9846783199171));
#3820=CARTESIAN_POINT('',(34.3740003576279,98.740795256358,41.3118703331112));
#3821=CARTESIAN_POINT('Origin',(34.3740003576279,95.8823967157443,36.9103225678015));
#3822=CARTESIAN_POINT('Origin',(30.3719966826717,77.0431893587605,47.2029350647893));
#3823=CARTESIAN_POINT('',(34.1239997764826,74.6900884305375,43.5178876632449));
#3824=CARTESIAN_POINT('Origin',(30.3719966826717,77.0431893587605,47.2029350647893));
#3825=CARTESIAN_POINT('',(34.1239997764826,74.6900884305375,43.5178876632449));
#3826=CARTESIAN_POINT('',(34.7385048150115,89.2449077604607,34.9518390654675));
#3827=CARTESIAN_POINT('',(34.596305146043,93.4259670912913,41.3901058406437));
#3828=CARTESIAN_POINT('Origin',(30.3719966826717,91.2921003305445,38.1042391783212));
#3829=CARTESIAN_POINT('',(34.6245608992815,96.7806494130617,39.2115496681206));
#3830=CARTESIAN_POINT('Ctrl Pts',(34.596305146043,93.4259670912913,41.3901058406437));
#3831=CARTESIAN_POINT('Ctrl Pts',(34.6104885722005,95.0977172727968,40.3044585788447));
#3832=CARTESIAN_POINT('Ctrl Pts',(34.6245608992815,96.7806494130617,39.2115496681206));
#3833=CARTESIAN_POINT('',(34.7118995043121,92.599590082231,32.7732828929444));
#3834=CARTESIAN_POINT('Origin',(30.3719966826717,94.6634971215658,35.9514210313863));
#3835=CARTESIAN_POINT('Ctrl Pts',(34.7118995043121,92.599590082231,32.7732828929444));
#3836=CARTESIAN_POINT('Ctrl Pts',(34.7252562438527,90.9273746313005,33.8592323042409));
#3837=CARTESIAN_POINT('Ctrl Pts',(34.7385048150115,89.2449077604607,34.9518390654675));
#3838=CARTESIAN_POINT('Origin',(40.374,68.6348046285951,34.0350781618212));
#3839=CARTESIAN_POINT('',(34.1239997764826,70.9736686902581,37.697830077654));
#3840=CARTESIAN_POINT('Origin',(34.1239997764826,73.31253275192,41.3605819934875));
#3841=CARTESIAN_POINT('Origin',(36.1239997764826,96.7806494130617,39.2115496681206));
#3842=CARTESIAN_POINT('',(36.1239997764826,96.7806494130617,39.2115496681206));
#3843=CARTESIAN_POINT('',(36.1239997764826,92.599590082231,32.7732828929444));
#3844=CARTESIAN_POINT('Origin',(36.1239997764826,93.4259670912913,41.3901058406437));
#3845=CARTESIAN_POINT('',(36.1239997764826,93.4259670912913,41.3901058406437));
#3846=CARTESIAN_POINT('Origin',(36.1239997764826,89.2449077604607,34.9518390654675));
#3847=CARTESIAN_POINT('',(36.1239997764826,89.2449077604607,34.9518390654675));
#3848=CARTESIAN_POINT('Origin',(36.1239997764826,92.599590082231,32.7732828929444));
#3849=CARTESIAN_POINT('Origin',(14.,14.3880803917238,4.));
#3850=CARTESIAN_POINT('',(0.,7.05019304878476,4.));
#3851=CARTESIAN_POINT('Origin',(14.,14.3880803917238,4.));
#3852=CARTESIAN_POINT('',(0.,7.05019304878476,4.));
#3853=CARTESIAN_POINT('Origin',(0.,7.05019304878476,6.9980210955));
#3854=CARTESIAN_POINT('',(14.,7.05019304878476,5.92695328363452));
#3855=CARTESIAN_POINT('',(14.,7.05019304878476,6.08918992004313));
#3856=CARTESIAN_POINT('Origin',(14.,7.05019304878476,5.92695328363452));
#3857=CARTESIAN_POINT('',(14.,6.97056274847714,6.00658358394214));
#3858=CARTESIAN_POINT('Origin',(14.,6.97056274847714,6.00955961973552));
#3859=CARTESIAN_POINT('',(14.,6.97056274847714,6.00955961973552));
#3860=CARTESIAN_POINT('Origin',(14.,6.97056274847714,6.00658358394214));
#3861=UNCERTAINTY_MEASURE_WITH_UNIT(LENGTH_MEASURE(0.01),#3865,
'DISTANCE_ACCURACY_VALUE',
'Maximum model space distance between geometric entities at asserted c
onnectivities');
#3862=UNCERTAINTY_MEASURE_WITH_UNIT(LENGTH_MEASURE(0.01),#3865,
'DISTANCE_ACCURACY_VALUE',
'Maximum model space distance between geometric entities at asserted c
onnectivities');
#3863=(
GEOMETRIC_REPRESENTATION_CONTEXT(3)
GLOBAL_UNCERTAINTY_ASSIGNED_CONTEXT((#3861))
GLOBAL_UNIT_ASSIGNED_CONTEXT((#3865,#3867,#3868))
REPRESENTATION_CONTEXT('','3D')
);
#3864=(
GEOMETRIC_REPRESENTATION_CONTEXT(3)
GLOBAL_UNCERTAINTY_ASSIGNED_CONTEXT((#3862))
GLOBAL_UNIT_ASSIGNED_CONTEXT((#3865,#3867,#3868))
REPRESENTATION_CONTEXT('','3D')
);
#3865=(
LENGTH_UNIT()
NAMED_UNIT(*)
SI_UNIT(.MILLI.,.METRE.)
);
#3866=(
LENGTH_UNIT()
NAMED_UNIT(*)
SI_UNIT($,.METRE.)
);
#3867=(
NAMED_UNIT(*)
PLANE_ANGLE_UNIT()
SI_UNIT($,.RADIAN.)
);
#3868=(
NAMED_UNIT(*)
SI_UNIT($,.STERADIAN.)
SOLID_ANGLE_UNIT()
);
#3869=SHAPE_DEFINITION_REPRESENTATION(#3870,#3871);
#3870=PRODUCT_DEFINITION_SHAPE('',$,#3873);
#3871=SHAPE_REPRESENTATION('',(#2283),#3863);
#3872=PRODUCT_DEFINITION_CONTEXT('part definition',#3877,'design');
#3873=PRODUCT_DEFINITION('GYRA ROLL PITCH BRAKET PROTOTYPE V2',
'GYRA ROLL PITCH BRAKET PROTOTYPE V2 v7',#3874,#3872);
#3874=PRODUCT_DEFINITION_FORMATION('',$,#3879);
#3875=PRODUCT_RELATED_PRODUCT_CATEGORY(
'GYRA ROLL PITCH BRAKET PROTOTYPE V2 v7',
'GYRA ROLL PITCH BRAKET PROTOTYPE V2 v7',(#3879));
#3876=APPLICATION_PROTOCOL_DEFINITION('international standard',
'automotive_design',2009,#3877);
#3877=APPLICATION_CONTEXT(
'Core Data for Automotive Mechanical Design Process');
#3878=PRODUCT_CONTEXT('part definition',#3877,'mechanical');
#3879=PRODUCT('GYRA ROLL PITCH BRAKET PROTOTYPE V2',
'GYRA ROLL PITCH BRAKET PROTOTYPE V2 v7',$,(#3878));
#3880=PRESENTATION_STYLE_ASSIGNMENT((#3881));
#3881=SURFACE_STYLE_USAGE(.BOTH.,#3882);
#3882=SURFACE_SIDE_STYLE('',(#3883));
#3883=SURFACE_STYLE_FILL_AREA(#3884);
#3884=FILL_AREA_STYLE('Plastic - Glossy (White)',(#3885));
#3885=FILL_AREA_STYLE_COLOUR('Plastic - Glossy (White)',#3886);
#3886=COLOUR_RGB('Plastic - Glossy (White)',0.964705882352941,0.964705882352941,
0.952941176470588);
ENDSEC;
END-ISO-10303-21;
