ISO-10303-21;
HEADER;
/* Generated by software containing ST-Developer
 * from STEP Tools, Inc. (www.steptools.com) 
 */

FILE_DESCRIPTION(
/* description */ (''),
/* implementation_level */ '2;1');

FILE_NAME(
/* name */ 'PCB BASE LID.step',
/* time_stamp */ '2026-05-27T11:49:23+05:30',
/* author */ (''),
/* organization */ (''),
/* preprocessor_version */ 'ST-DEVELOPER v20.1',
/* originating_system */ 'Autodesk Translation Framework v15.8.0.0',
/* authorisation */ '');

FILE_SCHEMA (('AUTOMOTIVE_DESIGN { 1 0 10303 214 3 1 1 }'));
ENDSEC;

DATA;
#10=MECHANICAL_DESIGN_GEOMETRIC_PRESENTATION_REPRESENTATION('',(#13),#2992);
#11=SHAPE_REPRESENTATION_RELATIONSHIP('SRR','None',#2999,#12);
#12=ADVANCED_BREP_SHAPE_REPRESENTATION('',(#14),#2991);
#13=STYLED_ITEM('',(#3008),#14);
#14=MANIFOLD_SOLID_BREP('Body1',#1397);
#15=FACE_BOUND('',#203,.T.);
#16=FACE_BOUND('',#208,.T.);
#17=FACE_BOUND('',#218,.T.);
#18=FACE_BOUND('',#223,.T.);
#19=FACE_BOUND('',#228,.T.);
#20=FACE_BOUND('',#234,.T.);
#21=FACE_BOUND('',#242,.T.);
#22=FACE_BOUND('',#243,.T.);
#23=FACE_BOUND('',#244,.T.);
#24=FACE_BOUND('',#245,.T.);
#25=FACE_BOUND('',#248,.T.);
#26=FACE_BOUND('',#249,.T.);
#27=FACE_BOUND('',#250,.T.);
#28=FACE_BOUND('',#251,.T.);
#29=FACE_BOUND('',#252,.T.);
#30=FACE_BOUND('',#266,.T.);
#31=FACE_BOUND('',#269,.T.);
#32=FACE_BOUND('',#272,.T.);
#33=FACE_BOUND('',#275,.T.);
#34=FACE_BOUND('',#277,.T.);
#35=FACE_BOUND('',#280,.T.);
#36=PLANE('',#1436);
#37=PLANE('',#1438);
#38=PLANE('',#1443);
#39=PLANE('',#1445);
#40=PLANE('',#1446);
#41=PLANE('',#1454);
#42=PLANE('',#1456);
#43=PLANE('',#1463);
#44=PLANE('',#1464);
#45=PLANE('',#1474);
#46=PLANE('',#1475);
#47=PLANE('',#1480);
#48=PLANE('',#1486);
#49=PLANE('',#1491);
#50=PLANE('',#1495);
#51=PLANE('',#1496);
#52=PLANE('',#1505);
#53=PLANE('',#1508);
#54=PLANE('',#1511);
#55=PLANE('',#1521);
#56=PLANE('',#1525);
#57=PLANE('',#1526);
#58=PLANE('',#1527);
#59=PLANE('',#1534);
#60=PLANE('',#1535);
#61=PLANE('',#1538);
#62=PLANE('',#1540);
#63=PLANE('',#1542);
#64=PLANE('',#1545);
#65=PLANE('',#1547);
#66=ELLIPSE('',#1435,12.2360139615594,5.);
#67=ELLIPSE('',#1439,12.2360139615594,5.);
#68=ELLIPSE('',#1440,3.60962411866004,1.475);
#69=ELLIPSE('',#1441,3.60962411866004,1.475);
#70=ELLIPSE('',#1442,1.61608376530268,1.475);
#71=ELLIPSE('',#1447,12.2360139615594,5.);
#72=ELLIPSE('',#1448,12.2360139615594,5.);
#73=ELLIPSE('',#1449,1.61608376530268,1.475);
#74=ELLIPSE('',#1453,12.2360139615594,5.);
#75=ELLIPSE('',#1458,12.2360139615594,5.);
#76=ELLIPSE('',#1461,12.2360139615594,5.);
#77=ELLIPSE('',#1465,3.60962411866003,1.475);
#78=ELLIPSE('',#1466,1.61608376530268,1.475);
#79=ELLIPSE('',#1472,12.2360131247532,5.);
#80=ELLIPSE('',#1476,12.2360131247532,5.);
#81=ELLIPSE('',#1477,1.6160837874567,1.475);
#82=ELLIPSE('',#1483,3.60962411866004,1.475);
#83=ELLIPSE('',#1487,12.2360139615594,5.);
#84=ELLIPSE('',#1488,1.61608376530268,1.475);
#85=ELLIPSE('',#1493,12.2360139615594,5.);
#86=ELLIPSE('',#1497,3.60962411866003,1.475);
#87=ELLIPSE('',#1498,3.60962411866003,1.475);
#88=ELLIPSE('',#1499,1.61608376530268,1.475);
#89=B_SPLINE_CURVE_WITH_KNOTS('',3,(#2026,#2027,#2028,#2029),
 .UNSPECIFIED.,.F.,.F.,(4,4),(0.,0.120735838773567),.UNSPECIFIED.);
#90=B_SPLINE_CURVE_WITH_KNOTS('',3,(#2031,#2032,#2033,#2034,#2035,#2036,
#2037,#2038,#2039),.UNSPECIFIED.,.F.,.F.,(4,1,1,1,1,1,4),(0.819549699744244,
1.10795178899321,1.39635387824218,1.68475596749115,1.97315805674011,2.26156014598908,
2.83836432448702),.UNSPECIFIED.);
#91=B_SPLINE_CURVE_WITH_KNOTS('',3,(#2041,#2042,#2043,#2044,#2045,#2046,
#2047,#2048),.UNSPECIFIED.,.F.,.F.,(4,2,2,4),(0.,0.194046428910472,0.320571978816066,
0.444597829124139),.UNSPECIFIED.);
#92=B_SPLINE_CURVE_WITH_KNOTS('',3,(#2051,#2052,#2053,#2054,#2055,#2056,
#2057,#2058,#2059,#2060,#2061,#2062,#2063,#2064,#2065,#2066,#2067,#2068,
#2069,#2070,#2071,#2072,#2073,#2074,#2075,#2076,#2077,#2078),
 .UNSPECIFIED.,.F.,.F.,(4,3,3,3,3,3,3,3,3,4),(0.,0.0423082557982517,0.0857890771348599,
0.129622949247107,0.173560124542281,0.198388349604274,0.218072285869465,
0.262224687900307,0.306377089931149,0.323473870852952),.UNSPECIFIED.);
#93=B_SPLINE_CURVE_WITH_KNOTS('',3,(#2143,#2144,#2145,#2146,#2147,#2148,
#2149,#2150),.UNSPECIFIED.,.F.,.F.,(4,2,2,4),(0.,0.198388523103268,0.320040887872795,
0.444577291099929),.UNSPECIFIED.);
#94=B_SPLINE_CURVE_WITH_KNOTS('',3,(#2152,#2153,#2154,#2155,#2156,#2157,
#2158,#2159,#2160,#2161),.UNSPECIFIED.,.F.,.F.,(4,1,1,1,1,1,1,4),(0.51553331432451,
0.804479002519771,1.09342469071503,1.38237037891029,1.67131606710556,1.96026175530082,
2.24920744349608,2.53815313169134),.UNSPECIFIED.);
#95=B_SPLINE_CURVE_WITH_KNOTS('',3,(#2163,#2164,#2165,#2166,#2167,#2168,
#2169,#2170),.UNSPECIFIED.,.F.,.F.,(4,2,2,4),(0.,0.194046466063853,0.320572082839599,
0.444597829325794),.UNSPECIFIED.);
#96=B_SPLINE_CURVE_WITH_KNOTS('',3,(#2244,#2245,#2246,#2247,#2248,#2249,
#2250,#2251),.UNSPECIFIED.,.F.,.F.,(4,2,2,4),(0.,0.198387278454226,0.320040288711651,
0.44457728442373),.UNSPECIFIED.);
#97=B_SPLINE_CURVE_WITH_KNOTS('',3,(#2253,#2254,#2255,#2256,#2257,#2258,
#2259,#2260,#2261,#2262),.UNSPECIFIED.,.F.,.F.,(4,1,1,1,1,1,1,4),(0.499481608483349,
0.78847832153494,1.07747503458653,1.36647174763812,1.65546846068971,1.9444651737413,
2.2334618867929,2.52245859984449),.UNSPECIFIED.);
#98=B_SPLINE_CURVE_WITH_KNOTS('',3,(#2264,#2265,#2266,#2267,#2268,#2269,
#2270,#2271),.UNSPECIFIED.,.F.,.F.,(4,2,2,4),(0.,0.194046260461095,0.320571518009855,
0.444597828218775),.UNSPECIFIED.);
#99=B_SPLINE_CURVE_WITH_KNOTS('',3,(#2343,#2344,#2345,#2346),
 .UNSPECIFIED.,.F.,.F.,(4,4),(0.,0.120735838774177),.UNSPECIFIED.);
#100=B_SPLINE_CURVE_WITH_KNOTS('',3,(#2348,#2349,#2350,#2351,#2352,#2353,
#2354,#2355,#2356,#2357),.UNSPECIFIED.,.F.,.F.,(4,1,1,1,1,1,1,4),(0.819549699743838,
1.1079517889928,1.39635387824176,1.68475596749072,1.97315805673968,2.26156014598864,
2.54996223523761,2.83836432448657),.UNSPECIFIED.);
#101=B_SPLINE_CURVE_WITH_KNOTS('',3,(#2359,#2360,#2361,#2362,#2363,#2364,
#2365,#2366),.UNSPECIFIED.,.F.,.F.,(4,2,2,4),(0.,0.19404642891046,0.320571978816052,
0.444597829124134),.UNSPECIFIED.);
#102=B_SPLINE_CURVE_WITH_KNOTS('',3,(#2369,#2370,#2371,#2372,#2373,#2374,
#2375,#2376,#2377,#2378,#2379,#2380,#2381,#2382,#2383,#2384,#2385,#2386,
#2387,#2388,#2389,#2390,#2391,#2392,#2393,#2394,#2395,#2396),
 .UNSPECIFIED.,.F.,.F.,(4,3,3,3,3,3,3,3,3,4),(0.,0.0423068494215153,0.0857860405284866,
0.12961841920061,0.173554653293753,0.198388349604277,0.218072285869469,
0.262224687900116,0.306377089930763,0.32347387085236),.UNSPECIFIED.);
#103=B_SPLINE_CURVE_WITH_KNOTS('',3,(#2461,#2462,#2463,#2464,#2465,#2466,
#2467,#2468),.UNSPECIFIED.,.F.,.F.,(4,2,2,4),(0.,0.198388312503704,0.320040786125561,
0.444577289970504),.UNSPECIFIED.);
#104=B_SPLINE_CURVE_WITH_KNOTS('',3,(#2470,#2471,#2472,#2473,#2474,#2475,
#2476,#2477,#2478,#2479),.UNSPECIFIED.,.F.,.F.,(4,1,1,1,1,1,1,4),(0.515531193139701,
0.803933282388675,1.09233537163765,1.38073746088662,1.6691395501356,1.95754163938457,
2.24594372863354,2.53434581788252),.UNSPECIFIED.);
#105=B_SPLINE_CURVE_WITH_KNOTS('',3,(#2481,#2482,#2483,#2484),
 .UNSPECIFIED.,.F.,.F.,(4,4),(0.,0.12087764264238),.UNSPECIFIED.);
#106=B_SPLINE_CURVE_WITH_KNOTS('',3,(#2486,#2487,#2488,#2489,#2490,#2491,
#2492,#2493,#2494,#2495,#2496,#2497,#2498,#2499,#2500,#2501,#2502,#2503,
#2504,#2505,#2506,#2507,#2508,#2509,#2510,#2511,#2512,#2513,#2514,#2515,
#2516),.UNSPECIFIED.,.F.,.F.,(4,3,3,3,3,3,3,3,3,3,4),(0.093348451457303,
0.137155735898978,0.180092427859295,0.194037273954556,0.198967798127807,
0.242543956272086,0.285866596321234,0.306303731799384,0.35025792784208,
0.393524677179161,0.416654357808945),.UNSPECIFIED.);
#107=B_SPLINE_CURVE_WITH_KNOTS('',3,(#2708,#2709,#2710,#2711,#2712,#2713,
#2714,#2715,#2716,#2717,#2718,#2719),.UNSPECIFIED.,.F.,.F.,(4,2,2,2,2,4),
(0.821062285135485,1.0759431990416,1.33082411294772,1.52210851356858,1.61775071387901,
1.71339291418944),.UNSPECIFIED.);
#108=B_SPLINE_CURVE_WITH_KNOTS('',3,(#2721,#2722,#2723,#2724,#2725,#2726,
#2727,#2728,#2729,#2730,#2731,#2732),.UNSPECIFIED.,.F.,.F.,(4,2,2,2,2,4),
(1.71339291418944,1.80903511449987,1.9046773148103,2.09596171543117,2.35084262933728,
2.6057235432434),.UNSPECIFIED.);
#109=B_SPLINE_CURVE_WITH_KNOTS('',3,(#2745,#2746,#2747,#2748,#2749,#2750,
#2751,#2752,#2753,#2754,#2755,#2756,#2757,#2758,#2759,#2760,#2761,#2762,
#2763,#2764,#2765,#2766,#2767,#2768,#2769,#2770,#2771,#2772,#2773,#2774,
#2775,#2776,#2777,#2778),.UNSPECIFIED.,.T.,.F.,(4,2,2,2,2,2,2,2,2,2,2,2,
2,2,2,2,4),(0.,0.055570569953118,0.111141139906236,0.166709110699972,0.222277081493708,
0.277851421030075,0.333425760566442,0.388996970011344,0.444568179456246,
0.500139388901148,0.55571059834605,0.611284937882417,0.666859277418784,
0.72242724821252,0.777995219006256,0.833565788959374,0.889136358912492),
 .UNSPECIFIED.);
#110=B_SPLINE_CURVE_WITH_KNOTS('',3,(#2783,#2784,#2785,#2786,#2787,#2788,
#2789,#2790,#2791,#2792,#2793,#2794,#2795,#2796,#2797,#2798,#2799,#2800,
#2801,#2802,#2803,#2804,#2805,#2806,#2807,#2808,#2809,#2810,#2811,#2812,
#2813,#2814,#2815,#2816),.UNSPECIFIED.,.T.,.F.,(4,2,2,2,2,2,2,2,2,2,2,2,
2,2,2,2,4),(0.,0.0555705699531179,0.111141139906236,0.166709110699972,0.222277081493708,
0.277851421030075,0.333425760566441,0.388996970011344,0.444568179456246,
0.500139388901149,0.555710598346051,0.611284937882418,0.666859277418784,
0.722427248212521,0.777995219006257,0.833565788959375,0.889136358912493),
 .UNSPECIFIED.);
#111=B_SPLINE_CURVE_WITH_KNOTS('',3,(#2820,#2821,#2822,#2823,#2824,#2825,
#2826,#2827,#2828,#2829,#2830,#2831,#2832,#2833,#2834,#2835,#2836,#2837,
#2838,#2839,#2840,#2841,#2842,#2843,#2844,#2845,#2846,#2847,#2848,#2849,
#2850,#2851,#2852,#2853),.UNSPECIFIED.,.T.,.F.,(4,2,2,2,2,2,2,2,2,2,2,2,
2,2,2,2,4),(0.,0.0555717311746629,0.111143462349326,0.166725979001591,0.222308495653857,
0.27787230879649,0.333436121939124,0.389005974922778,0.444575827906432,
0.500145680890087,0.555715533873741,0.611279347016374,0.666843160159008,
0.722425676811274,0.778008193463539,0.833579924638202,0.889151655812865),
 .UNSPECIFIED.);
#112=B_SPLINE_CURVE_WITH_KNOTS('',3,(#2856,#2857,#2858,#2859,#2860,#2861,
#2862,#2863,#2864,#2865,#2866,#2867,#2868,#2869,#2870,#2871,#2872,#2873,
#2874,#2875,#2876,#2877,#2878,#2879,#2880,#2881,#2882,#2883,#2884,#2885,
#2886,#2887,#2888,#2889),.UNSPECIFIED.,.T.,.F.,(4,2,2,2,2,2,2,2,2,2,2,2,
2,2,2,2,4),(0.,0.055571731174663,0.111143462349326,0.166725979001592,0.222308495653857,
0.27787230879649,0.333436121939124,0.389005974922778,0.444575827906432,
0.500145680890087,0.555715533873741,0.611279347016374,0.666843160159008,
0.722425676811273,0.778008193463539,0.833579924638202,0.889151655812865),
 .UNSPECIFIED.);
#113=B_SPLINE_CURVE_WITH_KNOTS('',3,(#2894,#2895,#2896,#2897,#2898,#2899,
#2900,#2901,#2902,#2903,#2904,#2905,#2906,#2907,#2908,#2909,#2910,#2911,
#2912,#2913,#2914,#2915,#2916,#2917,#2918,#2919,#2920,#2921,#2922,#2923,
#2924,#2925,#2926,#2927),.UNSPECIFIED.,.T.,.F.,(4,2,2,2,2,2,2,2,2,2,2,2,
2,2,2,2,4),(0.,0.0555709025053925,0.111141805010785,0.166712696541213,0.222283588071642,
0.27785447960207,0.333425371132498,0.388996273637891,0.444567176143283,
0.500138078648676,0.555708981154068,0.611279872684497,0.666850764214925,
0.722421655745354,0.777992547275782,0.833563449781174,0.889134352286567),
 .UNSPECIFIED.);
#114=B_SPLINE_CURVE_WITH_KNOTS('',3,(#2930,#2931,#2932,#2933,#2934,#2935,
#2936,#2937,#2938,#2939,#2940,#2941,#2942,#2943,#2944,#2945,#2946,#2947,
#2948,#2949,#2950,#2951,#2952,#2953,#2954,#2955,#2956,#2957,#2958,#2959,
#2960,#2961,#2962,#2963),.UNSPECIFIED.,.T.,.F.,(4,2,2,2,2,2,2,2,2,2,2,2,
2,2,2,2,4),(0.,0.0555709025053925,0.111141805010785,0.166712696541213,0.222283588071642,
0.27785447960207,0.333425371132498,0.388996273637891,0.444567176143283,
0.500138078648676,0.555708981154068,0.611279872684497,0.666850764214925,
0.722421655745353,0.777992547275782,0.833563449781174,0.889134352286567),
 .UNSPECIFIED.);
#115=B_SPLINE_SURFACE_WITH_KNOTS('',3,3,((#1979,#1980,#1981,#1982,#1983,
#1984,#1985,#1986,#1987),(#1988,#1989,#1990,#1991,#1992,#1993,#1994,#1995,
#1996),(#1997,#1998,#1999,#2000,#2001,#2002,#2003,#2004,#2005),(#2006,#2007,
#2008,#2009,#2010,#2011,#2012,#2013,#2014),(#2015,#2016,#2017,#2018,#2019,
#2020,#2021,#2022,#2023)),.UNSPECIFIED.,.F.,.F.,.F.,(4,1,4),(4,1,1,1,1,
1,4),(0.,0.5,1.),(-2.83836432448702,-2.26156014598908,-1.97315805674011,
-1.68475596749115,-1.39635387824218,-1.10795178899321,-0.819549699744244),
 .UNSPECIFIED.);
#116=B_SPLINE_SURFACE_WITH_KNOTS('',3,3,((#2091,#2092,#2093,#2094,#2095,
#2096,#2097,#2098,#2099,#2100),(#2101,#2102,#2103,#2104,#2105,#2106,#2107,
#2108,#2109,#2110),(#2111,#2112,#2113,#2114,#2115,#2116,#2117,#2118,#2119,
#2120),(#2121,#2122,#2123,#2124,#2125,#2126,#2127,#2128,#2129,#2130),(#2131,
#2132,#2133,#2134,#2135,#2136,#2137,#2138,#2139,#2140)),.UNSPECIFIED.,.F.,
 .F.,.F.,(4,1,4),(4,1,1,1,1,1,1,4),(0.,0.5,1.),(-2.53815313169134,-2.24920744349608,
-1.96026175530082,-1.67131606710556,-1.38237037891029,-1.09342469071503,
-0.804479002519771,-0.51553331432451),.UNSPECIFIED.);
#117=B_SPLINE_SURFACE_WITH_KNOTS('',3,3,((#2192,#2193,#2194,#2195,#2196,
#2197,#2198,#2199,#2200,#2201),(#2202,#2203,#2204,#2205,#2206,#2207,#2208,
#2209,#2210,#2211),(#2212,#2213,#2214,#2215,#2216,#2217,#2218,#2219,#2220,
#2221),(#2222,#2223,#2224,#2225,#2226,#2227,#2228,#2229,#2230,#2231),(#2232,
#2233,#2234,#2235,#2236,#2237,#2238,#2239,#2240,#2241)),.UNSPECIFIED.,.F.,
 .F.,.F.,(4,1,4),(4,1,1,1,1,1,1,4),(0.,0.5,1.),(-2.52245859984449,-2.2334618867929,
-1.9444651737413,-1.65546846068971,-1.36647174763812,-1.07747503458653,
-0.78847832153494,-0.499481608483349),.UNSPECIFIED.);
#118=B_SPLINE_SURFACE_WITH_KNOTS('',3,3,((#2291,#2292,#2293,#2294,#2295,
#2296,#2297,#2298,#2299,#2300),(#2301,#2302,#2303,#2304,#2305,#2306,#2307,
#2308,#2309,#2310),(#2311,#2312,#2313,#2314,#2315,#2316,#2317,#2318,#2319,
#2320),(#2321,#2322,#2323,#2324,#2325,#2326,#2327,#2328,#2329,#2330),(#2331,
#2332,#2333,#2334,#2335,#2336,#2337,#2338,#2339,#2340)),.UNSPECIFIED.,.F.,
 .F.,.F.,(4,1,4),(4,1,1,1,1,1,1,4),(0.,0.5,1.),(-2.83836432448657,-2.54996223523761,
-2.26156014598864,-1.97315805673968,-1.68475596749072,-1.39635387824176,
-1.1079517889928,-0.819549699743838),.UNSPECIFIED.);
#119=B_SPLINE_SURFACE_WITH_KNOTS('',3,3,((#2409,#2410,#2411,#2412,#2413,
#2414,#2415,#2416,#2417,#2418),(#2419,#2420,#2421,#2422,#2423,#2424,#2425,
#2426,#2427,#2428),(#2429,#2430,#2431,#2432,#2433,#2434,#2435,#2436,#2437,
#2438),(#2439,#2440,#2441,#2442,#2443,#2444,#2445,#2446,#2447,#2448),(#2449,
#2450,#2451,#2452,#2453,#2454,#2455,#2456,#2457,#2458)),.UNSPECIFIED.,.F.,
 .F.,.F.,(4,1,4),(4,1,1,1,1,1,1,4),(0.,0.5,1.),(-2.53434581788252,-2.24594372863354,
-1.95754163938457,-1.6691395501356,-1.38073746088662,-1.09233537163765,
-0.803933282388675,-0.515531193139701),.UNSPECIFIED.);
#120=FACE_OUTER_BOUND('',#191,.T.);
#121=FACE_OUTER_BOUND('',#192,.T.);
#122=FACE_OUTER_BOUND('',#193,.T.);
#123=FACE_OUTER_BOUND('',#194,.T.);
#124=FACE_OUTER_BOUND('',#195,.T.);
#125=FACE_OUTER_BOUND('',#196,.T.);
#126=FACE_OUTER_BOUND('',#197,.T.);
#127=FACE_OUTER_BOUND('',#198,.T.);
#128=FACE_OUTER_BOUND('',#199,.T.);
#129=FACE_OUTER_BOUND('',#200,.T.);
#130=FACE_OUTER_BOUND('',#201,.T.);
#131=FACE_OUTER_BOUND('',#202,.T.);
#132=FACE_OUTER_BOUND('',#204,.T.);
#133=FACE_OUTER_BOUND('',#205,.T.);
#134=FACE_OUTER_BOUND('',#206,.T.);
#135=FACE_OUTER_BOUND('',#207,.T.);
#136=FACE_OUTER_BOUND('',#209,.T.);
#137=FACE_OUTER_BOUND('',#210,.T.);
#138=FACE_OUTER_BOUND('',#211,.T.);
#139=FACE_OUTER_BOUND('',#212,.T.);
#140=FACE_OUTER_BOUND('',#213,.T.);
#141=FACE_OUTER_BOUND('',#214,.T.);
#142=FACE_OUTER_BOUND('',#215,.T.);
#143=FACE_OUTER_BOUND('',#216,.T.);
#144=FACE_OUTER_BOUND('',#217,.T.);
#145=FACE_OUTER_BOUND('',#219,.T.);
#146=FACE_OUTER_BOUND('',#220,.T.);
#147=FACE_OUTER_BOUND('',#221,.T.);
#148=FACE_OUTER_BOUND('',#222,.T.);
#149=FACE_OUTER_BOUND('',#224,.T.);
#150=FACE_OUTER_BOUND('',#225,.T.);
#151=FACE_OUTER_BOUND('',#226,.T.);
#152=FACE_OUTER_BOUND('',#227,.T.);
#153=FACE_OUTER_BOUND('',#229,.T.);
#154=FACE_OUTER_BOUND('',#230,.T.);
#155=FACE_OUTER_BOUND('',#231,.T.);
#156=FACE_OUTER_BOUND('',#232,.T.);
#157=FACE_OUTER_BOUND('',#233,.T.);
#158=FACE_OUTER_BOUND('',#235,.T.);
#159=FACE_OUTER_BOUND('',#236,.T.);
#160=FACE_OUTER_BOUND('',#237,.T.);
#161=FACE_OUTER_BOUND('',#238,.T.);
#162=FACE_OUTER_BOUND('',#239,.T.);
#163=FACE_OUTER_BOUND('',#240,.T.);
#164=FACE_OUTER_BOUND('',#241,.T.);
#165=FACE_OUTER_BOUND('',#246,.T.);
#166=FACE_OUTER_BOUND('',#247,.T.);
#167=FACE_OUTER_BOUND('',#253,.T.);
#168=FACE_OUTER_BOUND('',#254,.T.);
#169=FACE_OUTER_BOUND('',#255,.T.);
#170=FACE_OUTER_BOUND('',#256,.T.);
#171=FACE_OUTER_BOUND('',#257,.T.);
#172=FACE_OUTER_BOUND('',#258,.T.);
#173=FACE_OUTER_BOUND('',#259,.T.);
#174=FACE_OUTER_BOUND('',#260,.T.);
#175=FACE_OUTER_BOUND('',#261,.T.);
#176=FACE_OUTER_BOUND('',#262,.T.);
#177=FACE_OUTER_BOUND('',#263,.T.);
#178=FACE_OUTER_BOUND('',#264,.T.);
#179=FACE_OUTER_BOUND('',#265,.T.);
#180=FACE_OUTER_BOUND('',#267,.T.);
#181=FACE_OUTER_BOUND('',#268,.T.);
#182=FACE_OUTER_BOUND('',#270,.T.);
#183=FACE_OUTER_BOUND('',#271,.T.);
#184=FACE_OUTER_BOUND('',#273,.T.);
#185=FACE_OUTER_BOUND('',#274,.T.);
#186=FACE_OUTER_BOUND('',#276,.T.);
#187=FACE_OUTER_BOUND('',#278,.T.);
#188=FACE_OUTER_BOUND('',#279,.T.);
#189=FACE_OUTER_BOUND('',#281,.T.);
#190=FACE_OUTER_BOUND('',#282,.T.);
#191=EDGE_LOOP('',(#882,#883,#884,#885));
#192=EDGE_LOOP('',(#886,#887,#888,#889));
#193=EDGE_LOOP('',(#890,#891,#892,#893));
#194=EDGE_LOOP('',(#894,#895,#896,#897));
#195=EDGE_LOOP('',(#898,#899,#900,#901));
#196=EDGE_LOOP('',(#902,#903,#904,#905));
#197=EDGE_LOOP('',(#906,#907,#908,#909));
#198=EDGE_LOOP('',(#910,#911,#912,#913,#914));
#199=EDGE_LOOP('',(#915,#916,#917,#918,#919));
#200=EDGE_LOOP('',(#920,#921,#922,#923));
#201=EDGE_LOOP('',(#924,#925,#926,#927));
#202=EDGE_LOOP('',(#928,#929,#930,#931,#932,#933,#934));
#203=EDGE_LOOP('',(#935));
#204=EDGE_LOOP('',(#936,#937,#938,#939,#940));
#205=EDGE_LOOP('',(#941,#942,#943,#944));
#206=EDGE_LOOP('',(#945,#946,#947,#948,#949));
#207=EDGE_LOOP('',(#950,#951,#952,#953,#954,#955));
#208=EDGE_LOOP('',(#956));
#209=EDGE_LOOP('',(#957,#958,#959,#960,#961));
#210=EDGE_LOOP('',(#962,#963,#964,#965,#966));
#211=EDGE_LOOP('',(#967,#968,#969,#970));
#212=EDGE_LOOP('',(#971,#972,#973,#974,#975));
#213=EDGE_LOOP('',(#976,#977,#978,#979));
#214=EDGE_LOOP('',(#980,#981,#982,#983,#984));
#215=EDGE_LOOP('',(#985,#986,#987,#988));
#216=EDGE_LOOP('',(#989,#990,#991,#992));
#217=EDGE_LOOP('',(#993,#994,#995,#996,#997,#998));
#218=EDGE_LOOP('',(#999));
#219=EDGE_LOOP('',(#1000,#1001,#1002,#1003,#1004,#1005,#1006,#1007));
#220=EDGE_LOOP('',(#1008,#1009,#1010,#1011));
#221=EDGE_LOOP('',(#1012,#1013,#1014,#1015));
#222=EDGE_LOOP('',(#1016,#1017,#1018,#1019,#1020,#1021));
#223=EDGE_LOOP('',(#1022));
#224=EDGE_LOOP('',(#1023,#1024,#1025,#1026));
#225=EDGE_LOOP('',(#1027,#1028,#1029,#1030,#1031));
#226=EDGE_LOOP('',(#1032,#1033,#1034,#1035,#1036,#1037,#1038,#1039));
#227=EDGE_LOOP('',(#1040,#1041,#1042,#1043,#1044,#1045));
#228=EDGE_LOOP('',(#1046));
#229=EDGE_LOOP('',(#1047,#1048,#1049,#1050));
#230=EDGE_LOOP('',(#1051,#1052,#1053,#1054,#1055));
#231=EDGE_LOOP('',(#1056,#1057,#1058,#1059));
#232=EDGE_LOOP('',(#1060,#1061,#1062,#1063));
#233=EDGE_LOOP('',(#1064,#1065,#1066,#1067,#1068,#1069,#1070));
#234=EDGE_LOOP('',(#1071));
#235=EDGE_LOOP('',(#1072,#1073,#1074,#1075,#1076,#1077,#1078,#1079));
#236=EDGE_LOOP('',(#1080,#1081,#1082,#1083));
#237=EDGE_LOOP('',(#1084,#1085,#1086,#1087));
#238=EDGE_LOOP('',(#1088,#1089,#1090,#1091));
#239=EDGE_LOOP('',(#1092,#1093,#1094,#1095,#1096));
#240=EDGE_LOOP('',(#1097,#1098,#1099,#1100));
#241=EDGE_LOOP('',(#1101,#1102,#1103,#1104,#1105,#1106,#1107,#1108));
#242=EDGE_LOOP('',(#1109,#1110,#1111,#1112,#1113,#1114,#1115));
#243=EDGE_LOOP('',(#1116,#1117,#1118,#1119,#1120,#1121));
#244=EDGE_LOOP('',(#1122,#1123,#1124,#1125,#1126,#1127,#1128,#1129));
#245=EDGE_LOOP('',(#1130,#1131,#1132,#1133,#1134,#1135,#1136,#1137,#1138,
#1139,#1140,#1141,#1142,#1143,#1144,#1145,#1146,#1147,#1148,#1149,#1150,
#1151));
#246=EDGE_LOOP('',(#1152,#1153,#1154,#1155));
#247=EDGE_LOOP('',(#1156,#1157,#1158,#1159,#1160,#1161,#1162,#1163));
#248=EDGE_LOOP('',(#1164));
#249=EDGE_LOOP('',(#1165));
#250=EDGE_LOOP('',(#1166));
#251=EDGE_LOOP('',(#1167));
#252=EDGE_LOOP('',(#1168,#1169,#1170,#1171));
#253=EDGE_LOOP('',(#1172,#1173,#1174,#1175));
#254=EDGE_LOOP('',(#1176,#1177,#1178,#1179));
#255=EDGE_LOOP('',(#1180,#1181,#1182,#1183,#1184));
#256=EDGE_LOOP('',(#1185,#1186,#1187,#1188,#1189));
#257=EDGE_LOOP('',(#1190,#1191,#1192,#1193));
#258=EDGE_LOOP('',(#1194,#1195,#1196,#1197));
#259=EDGE_LOOP('',(#1198,#1199,#1200,#1201));
#260=EDGE_LOOP('',(#1202,#1203,#1204,#1205));
#261=EDGE_LOOP('',(#1206,#1207,#1208,#1209));
#262=EDGE_LOOP('',(#1210,#1211,#1212,#1213));
#263=EDGE_LOOP('',(#1214,#1215,#1216,#1217,#1218));
#264=EDGE_LOOP('',(#1219,#1220,#1221,#1222));
#265=EDGE_LOOP('',(#1223,#1224,#1225,#1226));
#266=EDGE_LOOP('',(#1227));
#267=EDGE_LOOP('',(#1228,#1229,#1230,#1231,#1232));
#268=EDGE_LOOP('',(#1233,#1234,#1235,#1236));
#269=EDGE_LOOP('',(#1237));
#270=EDGE_LOOP('',(#1238,#1239,#1240,#1241));
#271=EDGE_LOOP('',(#1242,#1243,#1244,#1245,#1246,#1247));
#272=EDGE_LOOP('',(#1248));
#273=EDGE_LOOP('',(#1249,#1250,#1251,#1252));
#274=EDGE_LOOP('',(#1253,#1254,#1255,#1256,#1257,#1258));
#275=EDGE_LOOP('',(#1259));
#276=EDGE_LOOP('',(#1260,#1261,#1262,#1263,#1264,#1265));
#277=EDGE_LOOP('',(#1266));
#278=EDGE_LOOP('',(#1267,#1268,#1269,#1270,#1271));
#279=EDGE_LOOP('',(#1272,#1273,#1274,#1275));
#280=EDGE_LOOP('',(#1276));
#281=EDGE_LOOP('',(#1277,#1278,#1279,#1280,#1281));
#282=EDGE_LOOP('',(#1282,#1283,#1284,#1285,#1286,#1287,#1288,#1289));
#283=LINE('',#1939,#389);
#284=LINE('',#1942,#390);
#285=LINE('',#1947,#391);
#286=LINE('',#1954,#392);
#287=LINE('',#1957,#393);
#288=LINE('',#1962,#394);
#289=LINE('',#1968,#395);
#290=LINE('',#1974,#396);
#291=LINE('',#2081,#397);
#292=LINE('',#2085,#398);
#293=LINE('',#2089,#399);
#294=LINE('',#2090,#400);
#295=LINE('',#2174,#401);
#296=LINE('',#2178,#402);
#297=LINE('',#2183,#403);
#298=LINE('',#2188,#404);
#299=LINE('',#2190,#405);
#300=LINE('',#2191,#406);
#301=LINE('',#2275,#407);
#302=LINE('',#2277,#408);
#303=LINE('',#2279,#409);
#304=LINE('',#2280,#410);
#305=LINE('',#2283,#411);
#306=LINE('',#2287,#412);
#307=LINE('',#2399,#413);
#308=LINE('',#2403,#414);
#309=LINE('',#2407,#415);
#310=LINE('',#2408,#416);
#311=LINE('',#2520,#417);
#312=LINE('',#2522,#418);
#313=LINE('',#2523,#419);
#314=LINE('',#2528,#420);
#315=LINE('',#2535,#421);
#316=LINE('',#2538,#422);
#317=LINE('',#2541,#423);
#318=LINE('',#2543,#424);
#319=LINE('',#2544,#425);
#320=LINE('',#2547,#426);
#321=LINE('',#2554,#427);
#322=LINE('',#2562,#428);
#323=LINE('',#2565,#429);
#324=LINE('',#2568,#430);
#325=LINE('',#2570,#431);
#326=LINE('',#2571,#432);
#327=LINE('',#2574,#433);
#328=LINE('',#2576,#434);
#329=LINE('',#2578,#435);
#330=LINE('',#2584,#436);
#331=LINE('',#2588,#437);
#332=LINE('',#2590,#438);
#333=LINE('',#2591,#439);
#334=LINE('',#2598,#440);
#335=LINE('',#2601,#441);
#336=LINE('',#2605,#442);
#337=LINE('',#2608,#443);
#338=LINE('',#2613,#444);
#339=LINE('',#2616,#445);
#340=LINE('',#2619,#446);
#341=LINE('',#2620,#447);
#342=LINE('',#2626,#448);
#343=LINE('',#2629,#449);
#344=LINE('',#2632,#450);
#345=LINE('',#2634,#451);
#346=LINE('',#2635,#452);
#347=LINE('',#2640,#453);
#348=LINE('',#2646,#454);
#349=LINE('',#2650,#455);
#350=LINE('',#2654,#456);
#351=LINE('',#2655,#457);
#352=LINE('',#2658,#458);
#353=LINE('',#2662,#459);
#354=LINE('',#2663,#460);
#355=LINE('',#2667,#461);
#356=LINE('',#2672,#462);
#357=LINE('',#2675,#463);
#358=LINE('',#2676,#464);
#359=LINE('',#2680,#465);
#360=LINE('',#2683,#466);
#361=LINE('',#2685,#467);
#362=LINE('',#2688,#468);
#363=LINE('',#2690,#469);
#364=LINE('',#2691,#470);
#365=LINE('',#2700,#471);
#366=LINE('',#2702,#472);
#367=LINE('',#2705,#473);
#368=LINE('',#2733,#474);
#369=LINE('',#2735,#475);
#370=LINE('',#2736,#476);
#371=LINE('',#2738,#477);
#372=LINE('',#2739,#478);
#373=LINE('',#2741,#479);
#374=LINE('',#2742,#480);
#375=LINE('',#2779,#481);
#376=LINE('',#2782,#482);
#377=LINE('',#2819,#483);
#378=LINE('',#2890,#484);
#379=LINE('',#2893,#485);
#380=LINE('',#2964,#486);
#381=LINE('',#2966,#487);
#382=LINE('',#2967,#488);
#383=LINE('',#2971,#489);
#384=LINE('',#2973,#490);
#385=LINE('',#2979,#491);
#386=LINE('',#2982,#492);
#387=LINE('',#2985,#493);
#388=LINE('',#2988,#494);
#389=VECTOR('',#1555,10.);
#390=VECTOR('',#1558,10.);
#391=VECTOR('',#1563,10.);
#392=VECTOR('',#1570,10.);
#393=VECTOR('',#1573,10.);
#394=VECTOR('',#1578,10.);
#395=VECTOR('',#1585,10.);
#396=VECTOR('',#1592,10.);
#397=VECTOR('',#1605,10.);
#398=VECTOR('',#1608,10.);
#399=VECTOR('',#1613,10.);
#400=VECTOR('',#1614,10.);
#401=VECTOR('',#1619,10.);
#402=VECTOR('',#1622,10.);
#403=VECTOR('',#1627,10.);
#404=VECTOR('',#1632,10.);
#405=VECTOR('',#1633,10.);
#406=VECTOR('',#1634,10.);
#407=VECTOR('',#1639,10.);
#408=VECTOR('',#1640,10.);
#409=VECTOR('',#1641,10.);
#410=VECTOR('',#1642,10.);
#411=VECTOR('',#1645,10.);
#412=VECTOR('',#1648,10.);
#413=VECTOR('',#1657,10.);
#414=VECTOR('',#1660,10.);
#415=VECTOR('',#1665,10.);
#416=VECTOR('',#1666,10.);
#417=VECTOR('',#1671,10.);
#418=VECTOR('',#1672,10.);
#419=VECTOR('',#1673,10.);
#420=VECTOR('',#1678,10.);
#421=VECTOR('',#1685,10.);
#422=VECTOR('',#1688,10.);
#423=VECTOR('',#1691,10.);
#424=VECTOR('',#1692,10.);
#425=VECTOR('',#1693,10.);
#426=VECTOR('',#1698,10.);
#427=VECTOR('',#1705,1.475);
#428=VECTOR('',#1714,10.);
#429=VECTOR('',#1717,10.);
#430=VECTOR('',#1720,10.);
#431=VECTOR('',#1721,10.);
#432=VECTOR('',#1722,10.);
#433=VECTOR('',#1725,10.);
#434=VECTOR('',#1726,10.);
#435=VECTOR('',#1727,10.);
#436=VECTOR('',#1734,10.);
#437=VECTOR('',#1739,10.);
#438=VECTOR('',#1740,10.);
#439=VECTOR('',#1741,10.);
#440=VECTOR('',#1748,10.);
#441=VECTOR('',#1751,1.475);
#442=VECTOR('',#1756,10.);
#443=VECTOR('',#1759,10.);
#444=VECTOR('',#1764,10.);
#445=VECTOR('',#1767,10.);
#446=VECTOR('',#1770,10.);
#447=VECTOR('',#1771,10.);
#448=VECTOR('',#1776,10.);
#449=VECTOR('',#1779,10.);
#450=VECTOR('',#1782,10.);
#451=VECTOR('',#1783,10.);
#452=VECTOR('',#1784,10.);
#453=VECTOR('',#1791,10.);
#454=VECTOR('',#1798,1.475);
#455=VECTOR('',#1803,10.);
#456=VECTOR('',#1808,10.);
#457=VECTOR('',#1809,10.);
#458=VECTOR('',#1812,10.);
#459=VECTOR('',#1817,10.);
#460=VECTOR('',#1818,10.);
#461=VECTOR('',#1823,10.);
#462=VECTOR('',#1830,10.);
#463=VECTOR('',#1833,10.);
#464=VECTOR('',#1834,10.);
#465=VECTOR('',#1837,10.);
#466=VECTOR('',#1840,10.);
#467=VECTOR('',#1841,10.);
#468=VECTOR('',#1844,10.);
#469=VECTOR('',#1845,10.);
#470=VECTOR('',#1846,10.);
#471=VECTOR('',#1857,10.);
#472=VECTOR('',#1858,10.);
#473=VECTOR('',#1861,10.);
#474=VECTOR('',#1864,10.);
#475=VECTOR('',#1867,10.);
#476=VECTOR('',#1868,10.);
#477=VECTOR('',#1871,10.);
#478=VECTOR('',#1872,10.);
#479=VECTOR('',#1875,10.);
#480=VECTOR('',#1876,10.);
#481=VECTOR('',#1879,1.475);
#482=VECTOR('',#1882,1.475);
#483=VECTOR('',#1885,1.475);
#484=VECTOR('',#1888,1.475);
#485=VECTOR('',#1891,1.475);
#486=VECTOR('',#1894,1.475);
#487=VECTOR('',#1897,10.);
#488=VECTOR('',#1898,10.);
#489=VECTOR('',#1903,10.);
#490=VECTOR('',#1906,10.);
#491=VECTOR('',#1917,10.);
#492=VECTOR('',#1922,10.);
#493=VECTOR('',#1927,10.);
#494=VECTOR('',#1932,1.475);
#495=CIRCLE('',#1412,50.7199839658699);
#496=CIRCLE('',#1413,50.7199839658699);
#497=CIRCLE('',#1415,15.);
#498=CIRCLE('',#1416,15.);
#499=CIRCLE('',#1418,50.7199839658699);
#500=CIRCLE('',#1419,50.7199839658699);
#501=CIRCLE('',#1421,15.);
#502=CIRCLE('',#1422,15.);
#503=CIRCLE('',#1424,50.7199839658699);
#504=CIRCLE('',#1425,50.7199839658699);
#505=CIRCLE('',#1427,15.);
#506=CIRCLE('',#1428,15.);
#507=CIRCLE('',#1430,50.7199839658699);
#508=CIRCLE('',#1431,50.7199839658699);
#509=CIRCLE('',#1432,30.);
#510=CIRCLE('',#1434,5.);
#511=CIRCLE('',#1437,30.);
#512=CIRCLE('',#1444,30.);
#513=CIRCLE('',#1450,30.);
#514=CIRCLE('',#1452,5.);
#515=CIRCLE('',#1455,30.);
#516=CIRCLE('',#1459,5.);
#517=CIRCLE('',#1462,5.);
#518=CIRCLE('',#1468,1.475);
#519=CIRCLE('',#1469,1.475);
#520=CIRCLE('',#1470,1.475);
#521=CIRCLE('',#1473,5.);
#522=CIRCLE('',#1479,5.);
#523=CIRCLE('',#1482,1.475);
#524=CIRCLE('',#1484,1.475);
#525=CIRCLE('',#1485,1.475);
#526=CIRCLE('',#1490,5.);
#527=CIRCLE('',#1494,5.);
#528=CIRCLE('',#1501,1.475);
#529=CIRCLE('',#1502,1.475);
#530=CIRCLE('',#1504,5.);
#531=CIRCLE('',#1507,5.);
#532=CIRCLE('',#1510,5.);
#533=CIRCLE('',#1512,15.);
#534=CIRCLE('',#1513,30.);
#535=CIRCLE('',#1514,30.);
#536=CIRCLE('',#1515,30.);
#537=CIRCLE('',#1516,30.);
#538=CIRCLE('',#1517,1.475);
#539=CIRCLE('',#1518,30.);
#540=CIRCLE('',#1520,15.);
#541=CIRCLE('',#1522,1.475);
#542=CIRCLE('',#1523,30.);
#543=CIRCLE('',#1536,30.);
#544=VERTEX_POINT('',#1935);
#545=VERTEX_POINT('',#1936);
#546=VERTEX_POINT('',#1938);
#547=VERTEX_POINT('',#1940);
#548=VERTEX_POINT('',#1944);
#549=VERTEX_POINT('',#1946);
#550=VERTEX_POINT('',#1950);
#551=VERTEX_POINT('',#1951);
#552=VERTEX_POINT('',#1953);
#553=VERTEX_POINT('',#1955);
#554=VERTEX_POINT('',#1959);
#555=VERTEX_POINT('',#1961);
#556=VERTEX_POINT('',#1965);
#557=VERTEX_POINT('',#1967);
#558=VERTEX_POINT('',#1971);
#559=VERTEX_POINT('',#1973);
#560=VERTEX_POINT('',#2024);
#561=VERTEX_POINT('',#2025);
#562=VERTEX_POINT('',#2030);
#563=VERTEX_POINT('',#2040);
#564=VERTEX_POINT('',#2049);
#565=VERTEX_POINT('',#2080);
#566=VERTEX_POINT('',#2082);
#567=VERTEX_POINT('',#2084);
#568=VERTEX_POINT('',#2088);
#569=VERTEX_POINT('',#2141);
#570=VERTEX_POINT('',#2142);
#571=VERTEX_POINT('',#2151);
#572=VERTEX_POINT('',#2162);
#573=VERTEX_POINT('',#2173);
#574=VERTEX_POINT('',#2175);
#575=VERTEX_POINT('',#2177);
#576=VERTEX_POINT('',#2179);
#577=VERTEX_POINT('',#2181);
#578=VERTEX_POINT('',#2184);
#579=VERTEX_POINT('',#2187);
#580=VERTEX_POINT('',#2189);
#581=VERTEX_POINT('',#2242);
#582=VERTEX_POINT('',#2243);
#583=VERTEX_POINT('',#2252);
#584=VERTEX_POINT('',#2263);
#585=VERTEX_POINT('',#2274);
#586=VERTEX_POINT('',#2276);
#587=VERTEX_POINT('',#2278);
#588=VERTEX_POINT('',#2282);
#589=VERTEX_POINT('',#2284);
#590=VERTEX_POINT('',#2286);
#591=VERTEX_POINT('',#2289);
#592=VERTEX_POINT('',#2341);
#593=VERTEX_POINT('',#2342);
#594=VERTEX_POINT('',#2347);
#595=VERTEX_POINT('',#2358);
#596=VERTEX_POINT('',#2367);
#597=VERTEX_POINT('',#2398);
#598=VERTEX_POINT('',#2400);
#599=VERTEX_POINT('',#2402);
#600=VERTEX_POINT('',#2406);
#601=VERTEX_POINT('',#2459);
#602=VERTEX_POINT('',#2460);
#603=VERTEX_POINT('',#2469);
#604=VERTEX_POINT('',#2480);
#605=VERTEX_POINT('',#2485);
#606=VERTEX_POINT('',#2519);
#607=VERTEX_POINT('',#2521);
#608=VERTEX_POINT('',#2525);
#609=VERTEX_POINT('',#2527);
#610=VERTEX_POINT('',#2531);
#611=VERTEX_POINT('',#2532);
#612=VERTEX_POINT('',#2534);
#613=VERTEX_POINT('',#2536);
#614=VERTEX_POINT('',#2540);
#615=VERTEX_POINT('',#2542);
#616=VERTEX_POINT('',#2548);
#617=VERTEX_POINT('',#2551);
#618=VERTEX_POINT('',#2553);
#619=VERTEX_POINT('',#2558);
#620=VERTEX_POINT('',#2559);
#621=VERTEX_POINT('',#2561);
#622=VERTEX_POINT('',#2563);
#623=VERTEX_POINT('',#2567);
#624=VERTEX_POINT('',#2569);
#625=VERTEX_POINT('',#2573);
#626=VERTEX_POINT('',#2575);
#627=VERTEX_POINT('',#2577);
#628=VERTEX_POINT('',#2580);
#629=VERTEX_POINT('',#2583);
#630=VERTEX_POINT('',#2587);
#631=VERTEX_POINT('',#2589);
#632=VERTEX_POINT('',#2593);
#633=VERTEX_POINT('',#2595);
#634=VERTEX_POINT('',#2597);
#635=VERTEX_POINT('',#2600);
#636=VERTEX_POINT('',#2604);
#637=VERTEX_POINT('',#2606);
#638=VERTEX_POINT('',#2609);
#639=VERTEX_POINT('',#2612);
#640=VERTEX_POINT('',#2614);
#641=VERTEX_POINT('',#2618);
#642=VERTEX_POINT('',#2622);
#643=VERTEX_POINT('',#2623);
#644=VERTEX_POINT('',#2625);
#645=VERTEX_POINT('',#2627);
#646=VERTEX_POINT('',#2631);
#647=VERTEX_POINT('',#2633);
#648=VERTEX_POINT('',#2637);
#649=VERTEX_POINT('',#2641);
#650=VERTEX_POINT('',#2645);
#651=VERTEX_POINT('',#2649);
#652=VERTEX_POINT('',#2653);
#653=VERTEX_POINT('',#2657);
#654=VERTEX_POINT('',#2661);
#655=VERTEX_POINT('',#2665);
#656=VERTEX_POINT('',#2670);
#657=VERTEX_POINT('',#2673);
#658=VERTEX_POINT('',#2678);
#659=VERTEX_POINT('',#2679);
#660=VERTEX_POINT('',#2682);
#661=VERTEX_POINT('',#2684);
#662=VERTEX_POINT('',#2686);
#663=VERTEX_POINT('',#2689);
#664=VERTEX_POINT('',#2696);
#665=VERTEX_POINT('',#2698);
#666=VERTEX_POINT('',#2699);
#667=VERTEX_POINT('',#2701);
#668=VERTEX_POINT('',#2703);
#669=VERTEX_POINT('',#2707);
#670=VERTEX_POINT('',#2720);
#671=VERTEX_POINT('',#2744);
#672=VERTEX_POINT('',#2781);
#673=VERTEX_POINT('',#2818);
#674=VERTEX_POINT('',#2855);
#675=VERTEX_POINT('',#2892);
#676=VERTEX_POINT('',#2929);
#677=VERTEX_POINT('',#2969);
#678=EDGE_CURVE('',#544,#545,#495,.T.);
#679=EDGE_CURVE('',#546,#544,#283,.T.);
#680=EDGE_CURVE('',#547,#546,#496,.T.);
#681=EDGE_CURVE('',#545,#547,#284,.T.);
#682=EDGE_CURVE('',#544,#548,#497,.T.);
#683=EDGE_CURVE('',#548,#549,#285,.T.);
#684=EDGE_CURVE('',#549,#546,#498,.T.);
#685=EDGE_CURVE('',#550,#551,#499,.T.);
#686=EDGE_CURVE('',#552,#550,#286,.T.);
#687=EDGE_CURVE('',#553,#552,#500,.T.);
#688=EDGE_CURVE('',#551,#553,#287,.T.);
#689=EDGE_CURVE('',#553,#554,#501,.T.);
#690=EDGE_CURVE('',#554,#555,#288,.T.);
#691=EDGE_CURVE('',#555,#551,#502,.T.);
#692=EDGE_CURVE('',#556,#548,#503,.T.);
#693=EDGE_CURVE('',#557,#556,#289,.T.);
#694=EDGE_CURVE('',#549,#557,#504,.T.);
#695=EDGE_CURVE('',#556,#558,#505,.T.);
#696=EDGE_CURVE('',#558,#559,#290,.T.);
#697=EDGE_CURVE('',#559,#557,#506,.T.);
#698=EDGE_CURVE('',#555,#558,#507,.T.);
#699=EDGE_CURVE('',#559,#554,#508,.T.);
#700=EDGE_CURVE('',#560,#561,#89,.T.);
#701=EDGE_CURVE('',#561,#562,#90,.T.);
#702=EDGE_CURVE('',#562,#563,#91,.T.);
#703=EDGE_CURVE('',#563,#564,#509,.T.);
#704=EDGE_CURVE('',#564,#560,#92,.T.);
#705=EDGE_CURVE('',#560,#565,#291,.T.);
#706=EDGE_CURVE('',#565,#566,#510,.F.);
#707=EDGE_CURVE('',#566,#567,#292,.T.);
#708=EDGE_CURVE('',#567,#561,#66,.T.);
#709=EDGE_CURVE('',#568,#564,#293,.T.);
#710=EDGE_CURVE('',#565,#568,#294,.T.);
#711=EDGE_CURVE('',#569,#570,#93,.T.);
#712=EDGE_CURVE('',#570,#571,#94,.T.);
#713=EDGE_CURVE('',#571,#572,#95,.T.);
#714=EDGE_CURVE('',#572,#569,#511,.T.);
#715=EDGE_CURVE('',#573,#570,#295,.T.);
#716=EDGE_CURVE('',#574,#573,#67,.T.);
#717=EDGE_CURVE('',#574,#575,#296,.T.);
#718=EDGE_CURVE('',#575,#576,#68,.T.);
#719=EDGE_CURVE('',#576,#577,#69,.T.);
#720=EDGE_CURVE('',#571,#577,#297,.T.);
#721=EDGE_CURVE('',#578,#578,#70,.T.);
#722=EDGE_CURVE('',#579,#569,#298,.T.);
#723=EDGE_CURVE('',#580,#579,#299,.T.);
#724=EDGE_CURVE('',#573,#580,#300,.T.);
#725=EDGE_CURVE('',#581,#582,#96,.T.);
#726=EDGE_CURVE('',#582,#583,#97,.T.);
#727=EDGE_CURVE('',#583,#584,#98,.T.);
#728=EDGE_CURVE('',#584,#581,#512,.T.);
#729=EDGE_CURVE('',#583,#585,#301,.T.);
#730=EDGE_CURVE('',#586,#585,#302,.T.);
#731=EDGE_CURVE('',#587,#586,#303,.T.);
#732=EDGE_CURVE('',#587,#584,#304,.T.);
#733=EDGE_CURVE('',#588,#582,#305,.T.);
#734=EDGE_CURVE('',#589,#588,#71,.T.);
#735=EDGE_CURVE('',#589,#590,#306,.T.);
#736=EDGE_CURVE('',#585,#590,#72,.T.);
#737=EDGE_CURVE('',#591,#591,#73,.T.);
#738=EDGE_CURVE('',#592,#593,#99,.T.);
#739=EDGE_CURVE('',#593,#594,#100,.T.);
#740=EDGE_CURVE('',#594,#595,#101,.T.);
#741=EDGE_CURVE('',#595,#596,#513,.T.);
#742=EDGE_CURVE('',#596,#592,#102,.T.);
#743=EDGE_CURVE('',#592,#597,#307,.T.);
#744=EDGE_CURVE('',#597,#598,#514,.F.);
#745=EDGE_CURVE('',#598,#599,#308,.T.);
#746=EDGE_CURVE('',#599,#593,#74,.T.);
#747=EDGE_CURVE('',#600,#596,#309,.T.);
#748=EDGE_CURVE('',#597,#600,#310,.T.);
#749=EDGE_CURVE('',#601,#602,#103,.T.);
#750=EDGE_CURVE('',#602,#603,#104,.T.);
#751=EDGE_CURVE('',#603,#604,#105,.T.);
#752=EDGE_CURVE('',#604,#605,#106,.T.);
#753=EDGE_CURVE('',#605,#601,#515,.T.);
#754=EDGE_CURVE('',#606,#604,#311,.T.);
#755=EDGE_CURVE('',#607,#606,#312,.T.);
#756=EDGE_CURVE('',#607,#605,#313,.T.);
#757=EDGE_CURVE('',#603,#608,#75,.T.);
#758=EDGE_CURVE('',#608,#609,#314,.T.);
#759=EDGE_CURVE('',#609,#606,#516,.F.);
#760=EDGE_CURVE('',#610,#611,#76,.T.);
#761=EDGE_CURVE('',#611,#612,#315,.T.);
#762=EDGE_CURVE('',#612,#613,#517,.F.);
#763=EDGE_CURVE('',#613,#610,#316,.T.);
#764=EDGE_CURVE('',#614,#611,#317,.T.);
#765=EDGE_CURVE('',#614,#615,#318,.T.);
#766=EDGE_CURVE('',#612,#615,#319,.T.);
#767=EDGE_CURVE('',#567,#614,#77,.T.);
#768=EDGE_CURVE('',#562,#610,#320,.T.);
#769=EDGE_CURVE('',#616,#616,#78,.T.);
#770=EDGE_CURVE('',#617,#566,#518,.T.);
#771=EDGE_CURVE('',#617,#618,#321,.T.);
#772=EDGE_CURVE('',#618,#618,#519,.T.);
#773=EDGE_CURVE('',#615,#617,#520,.T.);
#774=EDGE_CURVE('',#619,#620,#79,.T.);
#775=EDGE_CURVE('',#620,#621,#322,.T.);
#776=EDGE_CURVE('',#621,#622,#521,.F.);
#777=EDGE_CURVE('',#622,#619,#323,.T.);
#778=EDGE_CURVE('',#620,#623,#324,.T.);
#779=EDGE_CURVE('',#624,#623,#325,.T.);
#780=EDGE_CURVE('',#621,#624,#326,.T.);
#781=EDGE_CURVE('',#625,#619,#327,.T.);
#782=EDGE_CURVE('',#625,#626,#328,.T.);
#783=EDGE_CURVE('',#627,#626,#329,.T.);
#784=EDGE_CURVE('',#623,#627,#80,.T.);
#785=EDGE_CURVE('',#628,#628,#81,.T.);
#786=EDGE_CURVE('',#627,#629,#330,.T.);
#787=EDGE_CURVE('',#629,#624,#522,.F.);
#788=EDGE_CURVE('',#626,#630,#331,.T.);
#789=EDGE_CURVE('',#630,#631,#332,.T.);
#790=EDGE_CURVE('',#629,#631,#333,.T.);
#791=EDGE_CURVE('',#609,#632,#523,.T.);
#792=EDGE_CURVE('',#633,#608,#82,.T.);
#793=EDGE_CURVE('',#634,#633,#334,.T.);
#794=EDGE_CURVE('',#632,#634,#524,.T.);
#795=EDGE_CURVE('',#632,#635,#335,.T.);
#796=EDGE_CURVE('',#635,#635,#525,.T.);
#797=EDGE_CURVE('',#602,#636,#336,.T.);
#798=EDGE_CURVE('',#637,#636,#83,.T.);
#799=EDGE_CURVE('',#637,#633,#337,.T.);
#800=EDGE_CURVE('',#638,#638,#84,.T.);
#801=EDGE_CURVE('',#636,#639,#338,.T.);
#802=EDGE_CURVE('',#639,#640,#526,.F.);
#803=EDGE_CURVE('',#640,#637,#339,.T.);
#804=EDGE_CURVE('',#641,#601,#340,.T.);
#805=EDGE_CURVE('',#639,#641,#341,.T.);
#806=EDGE_CURVE('',#642,#643,#85,.T.);
#807=EDGE_CURVE('',#643,#644,#342,.T.);
#808=EDGE_CURVE('',#644,#645,#527,.F.);
#809=EDGE_CURVE('',#645,#642,#343,.T.);
#810=EDGE_CURVE('',#646,#643,#344,.T.);
#811=EDGE_CURVE('',#646,#647,#345,.T.);
#812=EDGE_CURVE('',#644,#647,#346,.T.);
#813=EDGE_CURVE('',#599,#648,#86,.T.);
#814=EDGE_CURVE('',#648,#646,#87,.T.);
#815=EDGE_CURVE('',#594,#642,#347,.T.);
#816=EDGE_CURVE('',#649,#649,#88,.T.);
#817=EDGE_CURVE('',#647,#598,#528,.T.);
#818=EDGE_CURVE('',#648,#650,#348,.T.);
#819=EDGE_CURVE('',#650,#650,#529,.T.);
#820=EDGE_CURVE('',#590,#651,#349,.T.);
#821=EDGE_CURVE('',#651,#586,#530,.F.);
#822=EDGE_CURVE('',#652,#589,#350,.T.);
#823=EDGE_CURVE('',#651,#652,#351,.T.);
#824=EDGE_CURVE('',#588,#653,#352,.T.);
#825=EDGE_CURVE('',#653,#652,#531,.F.);
#826=EDGE_CURVE('',#654,#581,#353,.T.);
#827=EDGE_CURVE('',#653,#654,#354,.T.);
#828=EDGE_CURVE('',#580,#655,#532,.F.);
#829=EDGE_CURVE('',#655,#574,#355,.T.);
#830=EDGE_CURVE('',#547,#552,#533,.T.);
#831=EDGE_CURVE('',#600,#656,#534,.T.);
#832=EDGE_CURVE('',#656,#645,#356,.T.);
#833=EDGE_CURVE('',#631,#657,#535,.T.);
#834=EDGE_CURVE('',#657,#622,#357,.T.);
#835=EDGE_CURVE('',#634,#640,#358,.T.);
#836=EDGE_CURVE('',#641,#607,#536,.T.);
#837=EDGE_CURVE('',#658,#659,#359,.T.);
#838=EDGE_CURVE('',#658,#587,#537,.T.);
#839=EDGE_CURVE('',#654,#660,#360,.T.);
#840=EDGE_CURVE('',#660,#661,#361,.T.);
#841=EDGE_CURVE('',#661,#662,#538,.T.);
#842=EDGE_CURVE('',#662,#655,#362,.T.);
#843=EDGE_CURVE('',#579,#663,#363,.T.);
#844=EDGE_CURVE('',#663,#613,#364,.T.);
#845=EDGE_CURVE('',#568,#659,#539,.T.);
#846=EDGE_CURVE('',#550,#545,#540,.T.);
#847=EDGE_CURVE('',#664,#664,#541,.T.);
#848=EDGE_CURVE('',#665,#666,#365,.T.);
#849=EDGE_CURVE('',#666,#667,#366,.T.);
#850=EDGE_CURVE('',#667,#668,#542,.T.);
#851=EDGE_CURVE('',#668,#665,#367,.T.);
#852=EDGE_CURVE('',#658,#669,#107,.T.);
#853=EDGE_CURVE('',#659,#670,#108,.F.);
#854=EDGE_CURVE('',#670,#669,#368,.T.);
#855=EDGE_CURVE('',#670,#666,#369,.T.);
#856=EDGE_CURVE('',#669,#665,#370,.T.);
#857=EDGE_CURVE('',#660,#668,#371,.T.);
#858=EDGE_CURVE('',#654,#669,#372,.T.);
#859=EDGE_CURVE('',#663,#670,#373,.T.);
#860=EDGE_CURVE('',#579,#667,#374,.T.);
#861=EDGE_CURVE('',#671,#671,#109,.T.);
#862=EDGE_CURVE('',#671,#649,#375,.T.);
#863=EDGE_CURVE('',#616,#672,#376,.T.);
#864=EDGE_CURVE('',#672,#672,#110,.T.);
#865=EDGE_CURVE('',#578,#673,#377,.T.);
#866=EDGE_CURVE('',#673,#673,#111,.T.);
#867=EDGE_CURVE('',#674,#674,#112,.T.);
#868=EDGE_CURVE('',#674,#638,#378,.T.);
#869=EDGE_CURVE('',#591,#675,#379,.T.);
#870=EDGE_CURVE('',#675,#675,#113,.T.);
#871=EDGE_CURVE('',#676,#676,#114,.T.);
#872=EDGE_CURVE('',#676,#628,#380,.T.);
#873=EDGE_CURVE('',#577,#661,#381,.T.);
#874=EDGE_CURVE('',#660,#572,#382,.T.);
#875=EDGE_CURVE('',#677,#630,#543,.T.);
#876=EDGE_CURVE('',#677,#625,#383,.T.);
#877=EDGE_CURVE('',#657,#677,#384,.T.);
#878=EDGE_CURVE('',#662,#575,#385,.T.);
#879=EDGE_CURVE('',#663,#563,#386,.T.);
#880=EDGE_CURVE('',#656,#595,#387,.T.);
#881=EDGE_CURVE('',#576,#664,#388,.T.);
#882=ORIENTED_EDGE('',*,*,#678,.F.);
#883=ORIENTED_EDGE('',*,*,#679,.F.);
#884=ORIENTED_EDGE('',*,*,#680,.F.);
#885=ORIENTED_EDGE('',*,*,#681,.F.);
#886=ORIENTED_EDGE('',*,*,#679,.T.);
#887=ORIENTED_EDGE('',*,*,#682,.T.);
#888=ORIENTED_EDGE('',*,*,#683,.T.);
#889=ORIENTED_EDGE('',*,*,#684,.T.);
#890=ORIENTED_EDGE('',*,*,#685,.F.);
#891=ORIENTED_EDGE('',*,*,#686,.F.);
#892=ORIENTED_EDGE('',*,*,#687,.F.);
#893=ORIENTED_EDGE('',*,*,#688,.F.);
#894=ORIENTED_EDGE('',*,*,#688,.T.);
#895=ORIENTED_EDGE('',*,*,#689,.T.);
#896=ORIENTED_EDGE('',*,*,#690,.T.);
#897=ORIENTED_EDGE('',*,*,#691,.T.);
#898=ORIENTED_EDGE('',*,*,#692,.F.);
#899=ORIENTED_EDGE('',*,*,#693,.F.);
#900=ORIENTED_EDGE('',*,*,#694,.F.);
#901=ORIENTED_EDGE('',*,*,#683,.F.);
#902=ORIENTED_EDGE('',*,*,#693,.T.);
#903=ORIENTED_EDGE('',*,*,#695,.T.);
#904=ORIENTED_EDGE('',*,*,#696,.T.);
#905=ORIENTED_EDGE('',*,*,#697,.T.);
#906=ORIENTED_EDGE('',*,*,#698,.F.);
#907=ORIENTED_EDGE('',*,*,#690,.F.);
#908=ORIENTED_EDGE('',*,*,#699,.F.);
#909=ORIENTED_EDGE('',*,*,#696,.F.);
#910=ORIENTED_EDGE('',*,*,#700,.T.);
#911=ORIENTED_EDGE('',*,*,#701,.T.);
#912=ORIENTED_EDGE('',*,*,#702,.T.);
#913=ORIENTED_EDGE('',*,*,#703,.T.);
#914=ORIENTED_EDGE('',*,*,#704,.T.);
#915=ORIENTED_EDGE('',*,*,#700,.F.);
#916=ORIENTED_EDGE('',*,*,#705,.T.);
#917=ORIENTED_EDGE('',*,*,#706,.T.);
#918=ORIENTED_EDGE('',*,*,#707,.T.);
#919=ORIENTED_EDGE('',*,*,#708,.T.);
#920=ORIENTED_EDGE('',*,*,#704,.F.);
#921=ORIENTED_EDGE('',*,*,#709,.F.);
#922=ORIENTED_EDGE('',*,*,#710,.F.);
#923=ORIENTED_EDGE('',*,*,#705,.F.);
#924=ORIENTED_EDGE('',*,*,#711,.T.);
#925=ORIENTED_EDGE('',*,*,#712,.T.);
#926=ORIENTED_EDGE('',*,*,#713,.T.);
#927=ORIENTED_EDGE('',*,*,#714,.T.);
#928=ORIENTED_EDGE('',*,*,#712,.F.);
#929=ORIENTED_EDGE('',*,*,#715,.F.);
#930=ORIENTED_EDGE('',*,*,#716,.F.);
#931=ORIENTED_EDGE('',*,*,#717,.T.);
#932=ORIENTED_EDGE('',*,*,#718,.T.);
#933=ORIENTED_EDGE('',*,*,#719,.T.);
#934=ORIENTED_EDGE('',*,*,#720,.F.);
#935=ORIENTED_EDGE('',*,*,#721,.T.);
#936=ORIENTED_EDGE('',*,*,#711,.F.);
#937=ORIENTED_EDGE('',*,*,#722,.F.);
#938=ORIENTED_EDGE('',*,*,#723,.F.);
#939=ORIENTED_EDGE('',*,*,#724,.F.);
#940=ORIENTED_EDGE('',*,*,#715,.T.);
#941=ORIENTED_EDGE('',*,*,#725,.T.);
#942=ORIENTED_EDGE('',*,*,#726,.T.);
#943=ORIENTED_EDGE('',*,*,#727,.T.);
#944=ORIENTED_EDGE('',*,*,#728,.T.);
#945=ORIENTED_EDGE('',*,*,#727,.F.);
#946=ORIENTED_EDGE('',*,*,#729,.T.);
#947=ORIENTED_EDGE('',*,*,#730,.F.);
#948=ORIENTED_EDGE('',*,*,#731,.F.);
#949=ORIENTED_EDGE('',*,*,#732,.T.);
#950=ORIENTED_EDGE('',*,*,#726,.F.);
#951=ORIENTED_EDGE('',*,*,#733,.F.);
#952=ORIENTED_EDGE('',*,*,#734,.F.);
#953=ORIENTED_EDGE('',*,*,#735,.T.);
#954=ORIENTED_EDGE('',*,*,#736,.F.);
#955=ORIENTED_EDGE('',*,*,#729,.F.);
#956=ORIENTED_EDGE('',*,*,#737,.T.);
#957=ORIENTED_EDGE('',*,*,#738,.T.);
#958=ORIENTED_EDGE('',*,*,#739,.T.);
#959=ORIENTED_EDGE('',*,*,#740,.T.);
#960=ORIENTED_EDGE('',*,*,#741,.T.);
#961=ORIENTED_EDGE('',*,*,#742,.T.);
#962=ORIENTED_EDGE('',*,*,#738,.F.);
#963=ORIENTED_EDGE('',*,*,#743,.T.);
#964=ORIENTED_EDGE('',*,*,#744,.T.);
#965=ORIENTED_EDGE('',*,*,#745,.T.);
#966=ORIENTED_EDGE('',*,*,#746,.T.);
#967=ORIENTED_EDGE('',*,*,#742,.F.);
#968=ORIENTED_EDGE('',*,*,#747,.F.);
#969=ORIENTED_EDGE('',*,*,#748,.F.);
#970=ORIENTED_EDGE('',*,*,#743,.F.);
#971=ORIENTED_EDGE('',*,*,#749,.T.);
#972=ORIENTED_EDGE('',*,*,#750,.T.);
#973=ORIENTED_EDGE('',*,*,#751,.T.);
#974=ORIENTED_EDGE('',*,*,#752,.T.);
#975=ORIENTED_EDGE('',*,*,#753,.T.);
#976=ORIENTED_EDGE('',*,*,#752,.F.);
#977=ORIENTED_EDGE('',*,*,#754,.F.);
#978=ORIENTED_EDGE('',*,*,#755,.F.);
#979=ORIENTED_EDGE('',*,*,#756,.T.);
#980=ORIENTED_EDGE('',*,*,#751,.F.);
#981=ORIENTED_EDGE('',*,*,#757,.T.);
#982=ORIENTED_EDGE('',*,*,#758,.T.);
#983=ORIENTED_EDGE('',*,*,#759,.T.);
#984=ORIENTED_EDGE('',*,*,#754,.T.);
#985=ORIENTED_EDGE('',*,*,#760,.T.);
#986=ORIENTED_EDGE('',*,*,#761,.T.);
#987=ORIENTED_EDGE('',*,*,#762,.T.);
#988=ORIENTED_EDGE('',*,*,#763,.T.);
#989=ORIENTED_EDGE('',*,*,#761,.F.);
#990=ORIENTED_EDGE('',*,*,#764,.F.);
#991=ORIENTED_EDGE('',*,*,#765,.T.);
#992=ORIENTED_EDGE('',*,*,#766,.F.);
#993=ORIENTED_EDGE('',*,*,#701,.F.);
#994=ORIENTED_EDGE('',*,*,#708,.F.);
#995=ORIENTED_EDGE('',*,*,#767,.T.);
#996=ORIENTED_EDGE('',*,*,#764,.T.);
#997=ORIENTED_EDGE('',*,*,#760,.F.);
#998=ORIENTED_EDGE('',*,*,#768,.F.);
#999=ORIENTED_EDGE('',*,*,#769,.T.);
#1000=ORIENTED_EDGE('',*,*,#707,.F.);
#1001=ORIENTED_EDGE('',*,*,#770,.F.);
#1002=ORIENTED_EDGE('',*,*,#771,.T.);
#1003=ORIENTED_EDGE('',*,*,#772,.T.);
#1004=ORIENTED_EDGE('',*,*,#771,.F.);
#1005=ORIENTED_EDGE('',*,*,#773,.F.);
#1006=ORIENTED_EDGE('',*,*,#765,.F.);
#1007=ORIENTED_EDGE('',*,*,#767,.F.);
#1008=ORIENTED_EDGE('',*,*,#774,.T.);
#1009=ORIENTED_EDGE('',*,*,#775,.T.);
#1010=ORIENTED_EDGE('',*,*,#776,.T.);
#1011=ORIENTED_EDGE('',*,*,#777,.T.);
#1012=ORIENTED_EDGE('',*,*,#775,.F.);
#1013=ORIENTED_EDGE('',*,*,#778,.T.);
#1014=ORIENTED_EDGE('',*,*,#779,.F.);
#1015=ORIENTED_EDGE('',*,*,#780,.F.);
#1016=ORIENTED_EDGE('',*,*,#774,.F.);
#1017=ORIENTED_EDGE('',*,*,#781,.F.);
#1018=ORIENTED_EDGE('',*,*,#782,.T.);
#1019=ORIENTED_EDGE('',*,*,#783,.F.);
#1020=ORIENTED_EDGE('',*,*,#784,.F.);
#1021=ORIENTED_EDGE('',*,*,#778,.F.);
#1022=ORIENTED_EDGE('',*,*,#785,.T.);
#1023=ORIENTED_EDGE('',*,*,#784,.T.);
#1024=ORIENTED_EDGE('',*,*,#786,.T.);
#1025=ORIENTED_EDGE('',*,*,#787,.T.);
#1026=ORIENTED_EDGE('',*,*,#779,.T.);
#1027=ORIENTED_EDGE('',*,*,#786,.F.);
#1028=ORIENTED_EDGE('',*,*,#783,.T.);
#1029=ORIENTED_EDGE('',*,*,#788,.T.);
#1030=ORIENTED_EDGE('',*,*,#789,.T.);
#1031=ORIENTED_EDGE('',*,*,#790,.F.);
#1032=ORIENTED_EDGE('',*,*,#791,.F.);
#1033=ORIENTED_EDGE('',*,*,#758,.F.);
#1034=ORIENTED_EDGE('',*,*,#792,.F.);
#1035=ORIENTED_EDGE('',*,*,#793,.F.);
#1036=ORIENTED_EDGE('',*,*,#794,.F.);
#1037=ORIENTED_EDGE('',*,*,#795,.T.);
#1038=ORIENTED_EDGE('',*,*,#796,.T.);
#1039=ORIENTED_EDGE('',*,*,#795,.F.);
#1040=ORIENTED_EDGE('',*,*,#750,.F.);
#1041=ORIENTED_EDGE('',*,*,#797,.T.);
#1042=ORIENTED_EDGE('',*,*,#798,.F.);
#1043=ORIENTED_EDGE('',*,*,#799,.T.);
#1044=ORIENTED_EDGE('',*,*,#792,.T.);
#1045=ORIENTED_EDGE('',*,*,#757,.F.);
#1046=ORIENTED_EDGE('',*,*,#800,.T.);
#1047=ORIENTED_EDGE('',*,*,#798,.T.);
#1048=ORIENTED_EDGE('',*,*,#801,.T.);
#1049=ORIENTED_EDGE('',*,*,#802,.T.);
#1050=ORIENTED_EDGE('',*,*,#803,.T.);
#1051=ORIENTED_EDGE('',*,*,#749,.F.);
#1052=ORIENTED_EDGE('',*,*,#804,.F.);
#1053=ORIENTED_EDGE('',*,*,#805,.F.);
#1054=ORIENTED_EDGE('',*,*,#801,.F.);
#1055=ORIENTED_EDGE('',*,*,#797,.F.);
#1056=ORIENTED_EDGE('',*,*,#806,.T.);
#1057=ORIENTED_EDGE('',*,*,#807,.T.);
#1058=ORIENTED_EDGE('',*,*,#808,.T.);
#1059=ORIENTED_EDGE('',*,*,#809,.T.);
#1060=ORIENTED_EDGE('',*,*,#807,.F.);
#1061=ORIENTED_EDGE('',*,*,#810,.F.);
#1062=ORIENTED_EDGE('',*,*,#811,.T.);
#1063=ORIENTED_EDGE('',*,*,#812,.F.);
#1064=ORIENTED_EDGE('',*,*,#739,.F.);
#1065=ORIENTED_EDGE('',*,*,#746,.F.);
#1066=ORIENTED_EDGE('',*,*,#813,.T.);
#1067=ORIENTED_EDGE('',*,*,#814,.T.);
#1068=ORIENTED_EDGE('',*,*,#810,.T.);
#1069=ORIENTED_EDGE('',*,*,#806,.F.);
#1070=ORIENTED_EDGE('',*,*,#815,.F.);
#1071=ORIENTED_EDGE('',*,*,#816,.T.);
#1072=ORIENTED_EDGE('',*,*,#745,.F.);
#1073=ORIENTED_EDGE('',*,*,#817,.F.);
#1074=ORIENTED_EDGE('',*,*,#811,.F.);
#1075=ORIENTED_EDGE('',*,*,#814,.F.);
#1076=ORIENTED_EDGE('',*,*,#818,.T.);
#1077=ORIENTED_EDGE('',*,*,#819,.T.);
#1078=ORIENTED_EDGE('',*,*,#818,.F.);
#1079=ORIENTED_EDGE('',*,*,#813,.F.);
#1080=ORIENTED_EDGE('',*,*,#736,.T.);
#1081=ORIENTED_EDGE('',*,*,#820,.T.);
#1082=ORIENTED_EDGE('',*,*,#821,.T.);
#1083=ORIENTED_EDGE('',*,*,#730,.T.);
#1084=ORIENTED_EDGE('',*,*,#820,.F.);
#1085=ORIENTED_EDGE('',*,*,#735,.F.);
#1086=ORIENTED_EDGE('',*,*,#822,.F.);
#1087=ORIENTED_EDGE('',*,*,#823,.F.);
#1088=ORIENTED_EDGE('',*,*,#734,.T.);
#1089=ORIENTED_EDGE('',*,*,#824,.T.);
#1090=ORIENTED_EDGE('',*,*,#825,.T.);
#1091=ORIENTED_EDGE('',*,*,#822,.T.);
#1092=ORIENTED_EDGE('',*,*,#725,.F.);
#1093=ORIENTED_EDGE('',*,*,#826,.F.);
#1094=ORIENTED_EDGE('',*,*,#827,.F.);
#1095=ORIENTED_EDGE('',*,*,#824,.F.);
#1096=ORIENTED_EDGE('',*,*,#733,.T.);
#1097=ORIENTED_EDGE('',*,*,#716,.T.);
#1098=ORIENTED_EDGE('',*,*,#724,.T.);
#1099=ORIENTED_EDGE('',*,*,#828,.T.);
#1100=ORIENTED_EDGE('',*,*,#829,.T.);
#1101=ORIENTED_EDGE('',*,*,#684,.F.);
#1102=ORIENTED_EDGE('',*,*,#694,.T.);
#1103=ORIENTED_EDGE('',*,*,#697,.F.);
#1104=ORIENTED_EDGE('',*,*,#699,.T.);
#1105=ORIENTED_EDGE('',*,*,#689,.F.);
#1106=ORIENTED_EDGE('',*,*,#687,.T.);
#1107=ORIENTED_EDGE('',*,*,#830,.F.);
#1108=ORIENTED_EDGE('',*,*,#680,.T.);
#1109=ORIENTED_EDGE('',*,*,#817,.T.);
#1110=ORIENTED_EDGE('',*,*,#744,.F.);
#1111=ORIENTED_EDGE('',*,*,#748,.T.);
#1112=ORIENTED_EDGE('',*,*,#831,.T.);
#1113=ORIENTED_EDGE('',*,*,#832,.T.);
#1114=ORIENTED_EDGE('',*,*,#808,.F.);
#1115=ORIENTED_EDGE('',*,*,#812,.T.);
#1116=ORIENTED_EDGE('',*,*,#790,.T.);
#1117=ORIENTED_EDGE('',*,*,#833,.T.);
#1118=ORIENTED_EDGE('',*,*,#834,.T.);
#1119=ORIENTED_EDGE('',*,*,#776,.F.);
#1120=ORIENTED_EDGE('',*,*,#780,.T.);
#1121=ORIENTED_EDGE('',*,*,#787,.F.);
#1122=ORIENTED_EDGE('',*,*,#755,.T.);
#1123=ORIENTED_EDGE('',*,*,#759,.F.);
#1124=ORIENTED_EDGE('',*,*,#791,.T.);
#1125=ORIENTED_EDGE('',*,*,#794,.T.);
#1126=ORIENTED_EDGE('',*,*,#835,.T.);
#1127=ORIENTED_EDGE('',*,*,#802,.F.);
#1128=ORIENTED_EDGE('',*,*,#805,.T.);
#1129=ORIENTED_EDGE('',*,*,#836,.T.);
#1130=ORIENTED_EDGE('',*,*,#837,.F.);
#1131=ORIENTED_EDGE('',*,*,#838,.T.);
#1132=ORIENTED_EDGE('',*,*,#731,.T.);
#1133=ORIENTED_EDGE('',*,*,#821,.F.);
#1134=ORIENTED_EDGE('',*,*,#823,.T.);
#1135=ORIENTED_EDGE('',*,*,#825,.F.);
#1136=ORIENTED_EDGE('',*,*,#827,.T.);
#1137=ORIENTED_EDGE('',*,*,#839,.T.);
#1138=ORIENTED_EDGE('',*,*,#840,.T.);
#1139=ORIENTED_EDGE('',*,*,#841,.T.);
#1140=ORIENTED_EDGE('',*,*,#842,.T.);
#1141=ORIENTED_EDGE('',*,*,#828,.F.);
#1142=ORIENTED_EDGE('',*,*,#723,.T.);
#1143=ORIENTED_EDGE('',*,*,#843,.T.);
#1144=ORIENTED_EDGE('',*,*,#844,.T.);
#1145=ORIENTED_EDGE('',*,*,#762,.F.);
#1146=ORIENTED_EDGE('',*,*,#766,.T.);
#1147=ORIENTED_EDGE('',*,*,#773,.T.);
#1148=ORIENTED_EDGE('',*,*,#770,.T.);
#1149=ORIENTED_EDGE('',*,*,#706,.F.);
#1150=ORIENTED_EDGE('',*,*,#710,.T.);
#1151=ORIENTED_EDGE('',*,*,#845,.T.);
#1152=ORIENTED_EDGE('',*,*,#681,.T.);
#1153=ORIENTED_EDGE('',*,*,#830,.T.);
#1154=ORIENTED_EDGE('',*,*,#686,.T.);
#1155=ORIENTED_EDGE('',*,*,#846,.T.);
#1156=ORIENTED_EDGE('',*,*,#692,.T.);
#1157=ORIENTED_EDGE('',*,*,#682,.F.);
#1158=ORIENTED_EDGE('',*,*,#678,.T.);
#1159=ORIENTED_EDGE('',*,*,#846,.F.);
#1160=ORIENTED_EDGE('',*,*,#685,.T.);
#1161=ORIENTED_EDGE('',*,*,#691,.F.);
#1162=ORIENTED_EDGE('',*,*,#698,.T.);
#1163=ORIENTED_EDGE('',*,*,#695,.F.);
#1164=ORIENTED_EDGE('',*,*,#772,.F.);
#1165=ORIENTED_EDGE('',*,*,#819,.F.);
#1166=ORIENTED_EDGE('',*,*,#847,.F.);
#1167=ORIENTED_EDGE('',*,*,#796,.F.);
#1168=ORIENTED_EDGE('',*,*,#848,.T.);
#1169=ORIENTED_EDGE('',*,*,#849,.T.);
#1170=ORIENTED_EDGE('',*,*,#850,.T.);
#1171=ORIENTED_EDGE('',*,*,#851,.T.);
#1172=ORIENTED_EDGE('',*,*,#852,.F.);
#1173=ORIENTED_EDGE('',*,*,#837,.T.);
#1174=ORIENTED_EDGE('',*,*,#853,.T.);
#1175=ORIENTED_EDGE('',*,*,#854,.T.);
#1176=ORIENTED_EDGE('',*,*,#854,.F.);
#1177=ORIENTED_EDGE('',*,*,#855,.T.);
#1178=ORIENTED_EDGE('',*,*,#848,.F.);
#1179=ORIENTED_EDGE('',*,*,#856,.F.);
#1180=ORIENTED_EDGE('',*,*,#851,.F.);
#1181=ORIENTED_EDGE('',*,*,#857,.F.);
#1182=ORIENTED_EDGE('',*,*,#839,.F.);
#1183=ORIENTED_EDGE('',*,*,#858,.T.);
#1184=ORIENTED_EDGE('',*,*,#856,.T.);
#1185=ORIENTED_EDGE('',*,*,#849,.F.);
#1186=ORIENTED_EDGE('',*,*,#855,.F.);
#1187=ORIENTED_EDGE('',*,*,#859,.F.);
#1188=ORIENTED_EDGE('',*,*,#843,.F.);
#1189=ORIENTED_EDGE('',*,*,#860,.T.);
#1190=ORIENTED_EDGE('',*,*,#861,.F.);
#1191=ORIENTED_EDGE('',*,*,#862,.T.);
#1192=ORIENTED_EDGE('',*,*,#816,.F.);
#1193=ORIENTED_EDGE('',*,*,#862,.F.);
#1194=ORIENTED_EDGE('',*,*,#769,.F.);
#1195=ORIENTED_EDGE('',*,*,#863,.T.);
#1196=ORIENTED_EDGE('',*,*,#864,.F.);
#1197=ORIENTED_EDGE('',*,*,#863,.F.);
#1198=ORIENTED_EDGE('',*,*,#721,.F.);
#1199=ORIENTED_EDGE('',*,*,#865,.T.);
#1200=ORIENTED_EDGE('',*,*,#866,.F.);
#1201=ORIENTED_EDGE('',*,*,#865,.F.);
#1202=ORIENTED_EDGE('',*,*,#867,.F.);
#1203=ORIENTED_EDGE('',*,*,#868,.T.);
#1204=ORIENTED_EDGE('',*,*,#800,.F.);
#1205=ORIENTED_EDGE('',*,*,#868,.F.);
#1206=ORIENTED_EDGE('',*,*,#737,.F.);
#1207=ORIENTED_EDGE('',*,*,#869,.T.);
#1208=ORIENTED_EDGE('',*,*,#870,.F.);
#1209=ORIENTED_EDGE('',*,*,#869,.F.);
#1210=ORIENTED_EDGE('',*,*,#871,.F.);
#1211=ORIENTED_EDGE('',*,*,#872,.T.);
#1212=ORIENTED_EDGE('',*,*,#785,.F.);
#1213=ORIENTED_EDGE('',*,*,#872,.F.);
#1214=ORIENTED_EDGE('',*,*,#713,.F.);
#1215=ORIENTED_EDGE('',*,*,#720,.T.);
#1216=ORIENTED_EDGE('',*,*,#873,.T.);
#1217=ORIENTED_EDGE('',*,*,#840,.F.);
#1218=ORIENTED_EDGE('',*,*,#874,.T.);
#1219=ORIENTED_EDGE('',*,*,#875,.T.);
#1220=ORIENTED_EDGE('',*,*,#788,.F.);
#1221=ORIENTED_EDGE('',*,*,#782,.F.);
#1222=ORIENTED_EDGE('',*,*,#876,.F.);
#1223=ORIENTED_EDGE('',*,*,#877,.F.);
#1224=ORIENTED_EDGE('',*,*,#833,.F.);
#1225=ORIENTED_EDGE('',*,*,#789,.F.);
#1226=ORIENTED_EDGE('',*,*,#875,.F.);
#1227=ORIENTED_EDGE('',*,*,#871,.T.);
#1228=ORIENTED_EDGE('',*,*,#777,.F.);
#1229=ORIENTED_EDGE('',*,*,#834,.F.);
#1230=ORIENTED_EDGE('',*,*,#877,.T.);
#1231=ORIENTED_EDGE('',*,*,#876,.T.);
#1232=ORIENTED_EDGE('',*,*,#781,.T.);
#1233=ORIENTED_EDGE('',*,*,#836,.F.);
#1234=ORIENTED_EDGE('',*,*,#804,.T.);
#1235=ORIENTED_EDGE('',*,*,#753,.F.);
#1236=ORIENTED_EDGE('',*,*,#756,.F.);
#1237=ORIENTED_EDGE('',*,*,#867,.T.);
#1238=ORIENTED_EDGE('',*,*,#803,.F.);
#1239=ORIENTED_EDGE('',*,*,#835,.F.);
#1240=ORIENTED_EDGE('',*,*,#793,.T.);
#1241=ORIENTED_EDGE('',*,*,#799,.F.);
#1242=ORIENTED_EDGE('',*,*,#722,.T.);
#1243=ORIENTED_EDGE('',*,*,#714,.F.);
#1244=ORIENTED_EDGE('',*,*,#874,.F.);
#1245=ORIENTED_EDGE('',*,*,#857,.T.);
#1246=ORIENTED_EDGE('',*,*,#850,.F.);
#1247=ORIENTED_EDGE('',*,*,#860,.F.);
#1248=ORIENTED_EDGE('',*,*,#866,.T.);
#1249=ORIENTED_EDGE('',*,*,#829,.F.);
#1250=ORIENTED_EDGE('',*,*,#842,.F.);
#1251=ORIENTED_EDGE('',*,*,#878,.T.);
#1252=ORIENTED_EDGE('',*,*,#717,.F.);
#1253=ORIENTED_EDGE('',*,*,#826,.T.);
#1254=ORIENTED_EDGE('',*,*,#728,.F.);
#1255=ORIENTED_EDGE('',*,*,#732,.F.);
#1256=ORIENTED_EDGE('',*,*,#838,.F.);
#1257=ORIENTED_EDGE('',*,*,#852,.T.);
#1258=ORIENTED_EDGE('',*,*,#858,.F.);
#1259=ORIENTED_EDGE('',*,*,#870,.T.);
#1260=ORIENTED_EDGE('',*,*,#845,.F.);
#1261=ORIENTED_EDGE('',*,*,#709,.T.);
#1262=ORIENTED_EDGE('',*,*,#703,.F.);
#1263=ORIENTED_EDGE('',*,*,#879,.F.);
#1264=ORIENTED_EDGE('',*,*,#859,.T.);
#1265=ORIENTED_EDGE('',*,*,#853,.F.);
#1266=ORIENTED_EDGE('',*,*,#864,.T.);
#1267=ORIENTED_EDGE('',*,*,#702,.F.);
#1268=ORIENTED_EDGE('',*,*,#768,.T.);
#1269=ORIENTED_EDGE('',*,*,#763,.F.);
#1270=ORIENTED_EDGE('',*,*,#844,.F.);
#1271=ORIENTED_EDGE('',*,*,#879,.T.);
#1272=ORIENTED_EDGE('',*,*,#831,.F.);
#1273=ORIENTED_EDGE('',*,*,#747,.T.);
#1274=ORIENTED_EDGE('',*,*,#741,.F.);
#1275=ORIENTED_EDGE('',*,*,#880,.F.);
#1276=ORIENTED_EDGE('',*,*,#861,.T.);
#1277=ORIENTED_EDGE('',*,*,#740,.F.);
#1278=ORIENTED_EDGE('',*,*,#815,.T.);
#1279=ORIENTED_EDGE('',*,*,#809,.F.);
#1280=ORIENTED_EDGE('',*,*,#832,.F.);
#1281=ORIENTED_EDGE('',*,*,#880,.T.);
#1282=ORIENTED_EDGE('',*,*,#841,.F.);
#1283=ORIENTED_EDGE('',*,*,#873,.F.);
#1284=ORIENTED_EDGE('',*,*,#719,.F.);
#1285=ORIENTED_EDGE('',*,*,#881,.T.);
#1286=ORIENTED_EDGE('',*,*,#847,.T.);
#1287=ORIENTED_EDGE('',*,*,#881,.F.);
#1288=ORIENTED_EDGE('',*,*,#718,.F.);
#1289=ORIENTED_EDGE('',*,*,#878,.F.);
#1290=CYLINDRICAL_SURFACE('',#1411,50.7199839658699);
#1291=CYLINDRICAL_SURFACE('',#1414,15.);
#1292=CYLINDRICAL_SURFACE('',#1417,50.7199839658699);
#1293=CYLINDRICAL_SURFACE('',#1420,15.);
#1294=CYLINDRICAL_SURFACE('',#1423,50.7199839658699);
#1295=CYLINDRICAL_SURFACE('',#1426,15.);
#1296=CYLINDRICAL_SURFACE('',#1429,50.7199839658699);
#1297=CYLINDRICAL_SURFACE('',#1433,5.);
#1298=CYLINDRICAL_SURFACE('',#1451,5.);
#1299=CYLINDRICAL_SURFACE('',#1457,5.);
#1300=CYLINDRICAL_SURFACE('',#1460,5.);
#1301=CYLINDRICAL_SURFACE('',#1467,1.475);
#1302=CYLINDRICAL_SURFACE('',#1471,5.);
#1303=CYLINDRICAL_SURFACE('',#1478,5.);
#1304=CYLINDRICAL_SURFACE('',#1481,1.475);
#1305=CYLINDRICAL_SURFACE('',#1489,5.);
#1306=CYLINDRICAL_SURFACE('',#1492,5.);
#1307=CYLINDRICAL_SURFACE('',#1500,1.475);
#1308=CYLINDRICAL_SURFACE('',#1503,5.);
#1309=CYLINDRICAL_SURFACE('',#1506,5.);
#1310=CYLINDRICAL_SURFACE('',#1509,5.);
#1311=CYLINDRICAL_SURFACE('',#1519,15.);
#1312=CYLINDRICAL_SURFACE('',#1524,5.);
#1313=CYLINDRICAL_SURFACE('',#1528,1.475);
#1314=CYLINDRICAL_SURFACE('',#1529,1.475);
#1315=CYLINDRICAL_SURFACE('',#1530,1.475);
#1316=CYLINDRICAL_SURFACE('',#1531,1.475);
#1317=CYLINDRICAL_SURFACE('',#1532,1.475);
#1318=CYLINDRICAL_SURFACE('',#1533,1.475);
#1319=CYLINDRICAL_SURFACE('',#1537,30.);
#1320=CYLINDRICAL_SURFACE('',#1539,30.);
#1321=CYLINDRICAL_SURFACE('',#1541,30.);
#1322=CYLINDRICAL_SURFACE('',#1543,30.);
#1323=CYLINDRICAL_SURFACE('',#1544,30.);
#1324=CYLINDRICAL_SURFACE('',#1546,30.);
#1325=CYLINDRICAL_SURFACE('',#1548,1.475);
#1326=ADVANCED_FACE('',(#120),#1290,.T.);
#1327=ADVANCED_FACE('',(#121),#1291,.T.);
#1328=ADVANCED_FACE('',(#122),#1292,.T.);
#1329=ADVANCED_FACE('',(#123),#1293,.T.);
#1330=ADVANCED_FACE('',(#124),#1294,.T.);
#1331=ADVANCED_FACE('',(#125),#1295,.T.);
#1332=ADVANCED_FACE('',(#126),#1296,.T.);
#1333=ADVANCED_FACE('',(#127),#115,.F.);
#1334=ADVANCED_FACE('',(#128),#1297,.T.);
#1335=ADVANCED_FACE('',(#129),#36,.T.);
#1336=ADVANCED_FACE('',(#130),#116,.F.);
#1337=ADVANCED_FACE('',(#131,#15),#37,.T.);
#1338=ADVANCED_FACE('',(#132),#38,.T.);
#1339=ADVANCED_FACE('',(#133),#117,.F.);
#1340=ADVANCED_FACE('',(#134),#39,.T.);
#1341=ADVANCED_FACE('',(#135,#16),#40,.T.);
#1342=ADVANCED_FACE('',(#136),#118,.F.);
#1343=ADVANCED_FACE('',(#137),#1298,.T.);
#1344=ADVANCED_FACE('',(#138),#41,.T.);
#1345=ADVANCED_FACE('',(#139),#119,.F.);
#1346=ADVANCED_FACE('',(#140),#42,.T.);
#1347=ADVANCED_FACE('',(#141),#1299,.T.);
#1348=ADVANCED_FACE('',(#142),#1300,.T.);
#1349=ADVANCED_FACE('',(#143),#43,.T.);
#1350=ADVANCED_FACE('',(#144,#17),#44,.T.);
#1351=ADVANCED_FACE('',(#145),#1301,.F.);
#1352=ADVANCED_FACE('',(#146),#1302,.T.);
#1353=ADVANCED_FACE('',(#147),#45,.T.);
#1354=ADVANCED_FACE('',(#148,#18),#46,.T.);
#1355=ADVANCED_FACE('',(#149),#1303,.T.);
#1356=ADVANCED_FACE('',(#150),#47,.T.);
#1357=ADVANCED_FACE('',(#151),#1304,.F.);
#1358=ADVANCED_FACE('',(#152,#19),#48,.T.);
#1359=ADVANCED_FACE('',(#153),#1305,.T.);
#1360=ADVANCED_FACE('',(#154),#49,.T.);
#1361=ADVANCED_FACE('',(#155),#1306,.T.);
#1362=ADVANCED_FACE('',(#156),#50,.T.);
#1363=ADVANCED_FACE('',(#157,#20),#51,.T.);
#1364=ADVANCED_FACE('',(#158),#1307,.F.);
#1365=ADVANCED_FACE('',(#159),#1308,.T.);
#1366=ADVANCED_FACE('',(#160),#52,.T.);
#1367=ADVANCED_FACE('',(#161),#1309,.T.);
#1368=ADVANCED_FACE('',(#162),#53,.T.);
#1369=ADVANCED_FACE('',(#163),#1310,.T.);
#1370=ADVANCED_FACE('',(#164,#21,#22,#23,#24),#54,.T.);
#1371=ADVANCED_FACE('',(#165),#1311,.T.);
#1372=ADVANCED_FACE('',(#166,#25,#26,#27,#28,#29),#55,.F.);
#1373=ADVANCED_FACE('',(#167),#1312,.T.);
#1374=ADVANCED_FACE('',(#168),#56,.F.);
#1375=ADVANCED_FACE('',(#169),#57,.F.);
#1376=ADVANCED_FACE('',(#170),#58,.F.);
#1377=ADVANCED_FACE('',(#171),#1313,.F.);
#1378=ADVANCED_FACE('',(#172),#1314,.F.);
#1379=ADVANCED_FACE('',(#173),#1315,.F.);
#1380=ADVANCED_FACE('',(#174),#1316,.F.);
#1381=ADVANCED_FACE('',(#175),#1317,.F.);
#1382=ADVANCED_FACE('',(#176),#1318,.F.);
#1383=ADVANCED_FACE('',(#177),#59,.T.);
#1384=ADVANCED_FACE('',(#178),#60,.T.);
#1385=ADVANCED_FACE('',(#179,#30),#1319,.F.);
#1386=ADVANCED_FACE('',(#180),#61,.T.);
#1387=ADVANCED_FACE('',(#181,#31),#1320,.F.);
#1388=ADVANCED_FACE('',(#182),#62,.T.);
#1389=ADVANCED_FACE('',(#183,#32),#1321,.F.);
#1390=ADVANCED_FACE('',(#184),#63,.T.);
#1391=ADVANCED_FACE('',(#185,#33),#1322,.F.);
#1392=ADVANCED_FACE('',(#186,#34),#1323,.F.);
#1393=ADVANCED_FACE('',(#187),#64,.T.);
#1394=ADVANCED_FACE('',(#188,#35),#1324,.F.);
#1395=ADVANCED_FACE('',(#189),#65,.T.);
#1396=ADVANCED_FACE('',(#190),#1325,.F.);
#1397=CLOSED_SHELL('',(#1326,#1327,#1328,#1329,#1330,#1331,#1332,#1333,
#1334,#1335,#1336,#1337,#1338,#1339,#1340,#1341,#1342,#1343,#1344,#1345,
#1346,#1347,#1348,#1349,#1350,#1351,#1352,#1353,#1354,#1355,#1356,#1357,
#1358,#1359,#1360,#1361,#1362,#1363,#1364,#1365,#1366,#1367,#1368,#1369,
#1370,#1371,#1372,#1373,#1374,#1375,#1376,#1377,#1378,#1379,#1380,#1381,
#1382,#1383,#1384,#1385,#1386,#1387,#1388,#1389,#1390,#1391,#1392,#1393,
#1394,#1395,#1396));
#1398=DERIVED_UNIT_ELEMENT(#1400,1.);
#1399=DERIVED_UNIT_ELEMENT(#2994,-3.);
#1400=(
MASS_UNIT()
NAMED_UNIT(*)
SI_UNIT(.KILO.,.GRAM.)
);
#1401=DERIVED_UNIT((#1398,#1399));
#1402=MEASURE_REPRESENTATION_ITEM('density measure',
POSITIVE_RATIO_MEASURE(952.),#1401);
#1403=PROPERTY_DEFINITION_REPRESENTATION(#1408,#1405);
#1404=PROPERTY_DEFINITION_REPRESENTATION(#1409,#1406);
#1405=REPRESENTATION('material name',(#1407),#2991);
#1406=REPRESENTATION('density',(#1402),#2991);
#1407=DESCRIPTIVE_REPRESENTATION_ITEM('Plastic, Opaque White',
'Plastic, Opaque White');
#1408=PROPERTY_DEFINITION('material property','material name',#3001);
#1409=PROPERTY_DEFINITION('material property','density of part',#3001);
#1410=AXIS2_PLACEMENT_3D('',#1933,#1549,#1550);
#1411=AXIS2_PLACEMENT_3D('',#1934,#1551,#1552);
#1412=AXIS2_PLACEMENT_3D('',#1937,#1553,#1554);
#1413=AXIS2_PLACEMENT_3D('',#1941,#1556,#1557);
#1414=AXIS2_PLACEMENT_3D('',#1943,#1559,#1560);
#1415=AXIS2_PLACEMENT_3D('',#1945,#1561,#1562);
#1416=AXIS2_PLACEMENT_3D('',#1948,#1564,#1565);
#1417=AXIS2_PLACEMENT_3D('',#1949,#1566,#1567);
#1418=AXIS2_PLACEMENT_3D('',#1952,#1568,#1569);
#1419=AXIS2_PLACEMENT_3D('',#1956,#1571,#1572);
#1420=AXIS2_PLACEMENT_3D('',#1958,#1574,#1575);
#1421=AXIS2_PLACEMENT_3D('',#1960,#1576,#1577);
#1422=AXIS2_PLACEMENT_3D('',#1963,#1579,#1580);
#1423=AXIS2_PLACEMENT_3D('',#1964,#1581,#1582);
#1424=AXIS2_PLACEMENT_3D('',#1966,#1583,#1584);
#1425=AXIS2_PLACEMENT_3D('',#1969,#1586,#1587);
#1426=AXIS2_PLACEMENT_3D('',#1970,#1588,#1589);
#1427=AXIS2_PLACEMENT_3D('',#1972,#1590,#1591);
#1428=AXIS2_PLACEMENT_3D('',#1975,#1593,#1594);
#1429=AXIS2_PLACEMENT_3D('',#1976,#1595,#1596);
#1430=AXIS2_PLACEMENT_3D('',#1977,#1597,#1598);
#1431=AXIS2_PLACEMENT_3D('',#1978,#1599,#1600);
#1432=AXIS2_PLACEMENT_3D('',#2050,#1601,#1602);
#1433=AXIS2_PLACEMENT_3D('',#2079,#1603,#1604);
#1434=AXIS2_PLACEMENT_3D('',#2083,#1606,#1607);
#1435=AXIS2_PLACEMENT_3D('',#2086,#1609,#1610);
#1436=AXIS2_PLACEMENT_3D('',#2087,#1611,#1612);
#1437=AXIS2_PLACEMENT_3D('',#2171,#1615,#1616);
#1438=AXIS2_PLACEMENT_3D('',#2172,#1617,#1618);
#1439=AXIS2_PLACEMENT_3D('',#2176,#1620,#1621);
#1440=AXIS2_PLACEMENT_3D('',#2180,#1623,#1624);
#1441=AXIS2_PLACEMENT_3D('',#2182,#1625,#1626);
#1442=AXIS2_PLACEMENT_3D('',#2185,#1628,#1629);
#1443=AXIS2_PLACEMENT_3D('',#2186,#1630,#1631);
#1444=AXIS2_PLACEMENT_3D('',#2272,#1635,#1636);
#1445=AXIS2_PLACEMENT_3D('',#2273,#1637,#1638);
#1446=AXIS2_PLACEMENT_3D('',#2281,#1643,#1644);
#1447=AXIS2_PLACEMENT_3D('',#2285,#1646,#1647);
#1448=AXIS2_PLACEMENT_3D('',#2288,#1649,#1650);
#1449=AXIS2_PLACEMENT_3D('',#2290,#1651,#1652);
#1450=AXIS2_PLACEMENT_3D('',#2368,#1653,#1654);
#1451=AXIS2_PLACEMENT_3D('',#2397,#1655,#1656);
#1452=AXIS2_PLACEMENT_3D('',#2401,#1658,#1659);
#1453=AXIS2_PLACEMENT_3D('',#2404,#1661,#1662);
#1454=AXIS2_PLACEMENT_3D('',#2405,#1663,#1664);
#1455=AXIS2_PLACEMENT_3D('',#2517,#1667,#1668);
#1456=AXIS2_PLACEMENT_3D('',#2518,#1669,#1670);
#1457=AXIS2_PLACEMENT_3D('',#2524,#1674,#1675);
#1458=AXIS2_PLACEMENT_3D('',#2526,#1676,#1677);
#1459=AXIS2_PLACEMENT_3D('',#2529,#1679,#1680);
#1460=AXIS2_PLACEMENT_3D('',#2530,#1681,#1682);
#1461=AXIS2_PLACEMENT_3D('',#2533,#1683,#1684);
#1462=AXIS2_PLACEMENT_3D('',#2537,#1686,#1687);
#1463=AXIS2_PLACEMENT_3D('',#2539,#1689,#1690);
#1464=AXIS2_PLACEMENT_3D('',#2545,#1694,#1695);
#1465=AXIS2_PLACEMENT_3D('',#2546,#1696,#1697);
#1466=AXIS2_PLACEMENT_3D('',#2549,#1699,#1700);
#1467=AXIS2_PLACEMENT_3D('',#2550,#1701,#1702);
#1468=AXIS2_PLACEMENT_3D('',#2552,#1703,#1704);
#1469=AXIS2_PLACEMENT_3D('',#2555,#1706,#1707);
#1470=AXIS2_PLACEMENT_3D('',#2556,#1708,#1709);
#1471=AXIS2_PLACEMENT_3D('',#2557,#1710,#1711);
#1472=AXIS2_PLACEMENT_3D('',#2560,#1712,#1713);
#1473=AXIS2_PLACEMENT_3D('',#2564,#1715,#1716);
#1474=AXIS2_PLACEMENT_3D('',#2566,#1718,#1719);
#1475=AXIS2_PLACEMENT_3D('',#2572,#1723,#1724);
#1476=AXIS2_PLACEMENT_3D('',#2579,#1728,#1729);
#1477=AXIS2_PLACEMENT_3D('',#2581,#1730,#1731);
#1478=AXIS2_PLACEMENT_3D('',#2582,#1732,#1733);
#1479=AXIS2_PLACEMENT_3D('',#2585,#1735,#1736);
#1480=AXIS2_PLACEMENT_3D('',#2586,#1737,#1738);
#1481=AXIS2_PLACEMENT_3D('',#2592,#1742,#1743);
#1482=AXIS2_PLACEMENT_3D('',#2594,#1744,#1745);
#1483=AXIS2_PLACEMENT_3D('',#2596,#1746,#1747);
#1484=AXIS2_PLACEMENT_3D('',#2599,#1749,#1750);
#1485=AXIS2_PLACEMENT_3D('',#2602,#1752,#1753);
#1486=AXIS2_PLACEMENT_3D('',#2603,#1754,#1755);
#1487=AXIS2_PLACEMENT_3D('',#2607,#1757,#1758);
#1488=AXIS2_PLACEMENT_3D('',#2610,#1760,#1761);
#1489=AXIS2_PLACEMENT_3D('',#2611,#1762,#1763);
#1490=AXIS2_PLACEMENT_3D('',#2615,#1765,#1766);
#1491=AXIS2_PLACEMENT_3D('',#2617,#1768,#1769);
#1492=AXIS2_PLACEMENT_3D('',#2621,#1772,#1773);
#1493=AXIS2_PLACEMENT_3D('',#2624,#1774,#1775);
#1494=AXIS2_PLACEMENT_3D('',#2628,#1777,#1778);
#1495=AXIS2_PLACEMENT_3D('',#2630,#1780,#1781);
#1496=AXIS2_PLACEMENT_3D('',#2636,#1785,#1786);
#1497=AXIS2_PLACEMENT_3D('',#2638,#1787,#1788);
#1498=AXIS2_PLACEMENT_3D('',#2639,#1789,#1790);
#1499=AXIS2_PLACEMENT_3D('',#2642,#1792,#1793);
#1500=AXIS2_PLACEMENT_3D('',#2643,#1794,#1795);
#1501=AXIS2_PLACEMENT_3D('',#2644,#1796,#1797);
#1502=AXIS2_PLACEMENT_3D('',#2647,#1799,#1800);
#1503=AXIS2_PLACEMENT_3D('',#2648,#1801,#1802);
#1504=AXIS2_PLACEMENT_3D('',#2651,#1804,#1805);
#1505=AXIS2_PLACEMENT_3D('',#2652,#1806,#1807);
#1506=AXIS2_PLACEMENT_3D('',#2656,#1810,#1811);
#1507=AXIS2_PLACEMENT_3D('',#2659,#1813,#1814);
#1508=AXIS2_PLACEMENT_3D('',#2660,#1815,#1816);
#1509=AXIS2_PLACEMENT_3D('',#2664,#1819,#1820);
#1510=AXIS2_PLACEMENT_3D('',#2666,#1821,#1822);
#1511=AXIS2_PLACEMENT_3D('',#2668,#1824,#1825);
#1512=AXIS2_PLACEMENT_3D('',#2669,#1826,#1827);
#1513=AXIS2_PLACEMENT_3D('',#2671,#1828,#1829);
#1514=AXIS2_PLACEMENT_3D('',#2674,#1831,#1832);
#1515=AXIS2_PLACEMENT_3D('',#2677,#1835,#1836);
#1516=AXIS2_PLACEMENT_3D('',#2681,#1838,#1839);
#1517=AXIS2_PLACEMENT_3D('',#2687,#1842,#1843);
#1518=AXIS2_PLACEMENT_3D('',#2692,#1847,#1848);
#1519=AXIS2_PLACEMENT_3D('',#2693,#1849,#1850);
#1520=AXIS2_PLACEMENT_3D('',#2694,#1851,#1852);
#1521=AXIS2_PLACEMENT_3D('',#2695,#1853,#1854);
#1522=AXIS2_PLACEMENT_3D('',#2697,#1855,#1856);
#1523=AXIS2_PLACEMENT_3D('',#2704,#1859,#1860);
#1524=AXIS2_PLACEMENT_3D('',#2706,#1862,#1863);
#1525=AXIS2_PLACEMENT_3D('',#2734,#1865,#1866);
#1526=AXIS2_PLACEMENT_3D('',#2737,#1869,#1870);
#1527=AXIS2_PLACEMENT_3D('',#2740,#1873,#1874);
#1528=AXIS2_PLACEMENT_3D('',#2743,#1877,#1878);
#1529=AXIS2_PLACEMENT_3D('',#2780,#1880,#1881);
#1530=AXIS2_PLACEMENT_3D('',#2817,#1883,#1884);
#1531=AXIS2_PLACEMENT_3D('',#2854,#1886,#1887);
#1532=AXIS2_PLACEMENT_3D('',#2891,#1889,#1890);
#1533=AXIS2_PLACEMENT_3D('',#2928,#1892,#1893);
#1534=AXIS2_PLACEMENT_3D('',#2965,#1895,#1896);
#1535=AXIS2_PLACEMENT_3D('',#2968,#1899,#1900);
#1536=AXIS2_PLACEMENT_3D('',#2970,#1901,#1902);
#1537=AXIS2_PLACEMENT_3D('',#2972,#1904,#1905);
#1538=AXIS2_PLACEMENT_3D('',#2974,#1907,#1908);
#1539=AXIS2_PLACEMENT_3D('',#2975,#1909,#1910);
#1540=AXIS2_PLACEMENT_3D('',#2976,#1911,#1912);
#1541=AXIS2_PLACEMENT_3D('',#2977,#1913,#1914);
#1542=AXIS2_PLACEMENT_3D('',#2978,#1915,#1916);
#1543=AXIS2_PLACEMENT_3D('',#2980,#1918,#1919);
#1544=AXIS2_PLACEMENT_3D('',#2981,#1920,#1921);
#1545=AXIS2_PLACEMENT_3D('',#2983,#1923,#1924);
#1546=AXIS2_PLACEMENT_3D('',#2984,#1925,#1926);
#1547=AXIS2_PLACEMENT_3D('',#2986,#1928,#1929);
#1548=AXIS2_PLACEMENT_3D('',#2987,#1930,#1931);
#1549=DIRECTION('axis',(0.,0.,1.));
#1550=DIRECTION('refdir',(1.,0.,0.));
#1551=DIRECTION('center_axis',(0.,0.,1.));
#1552=DIRECTION('ref_axis',(1.,0.,0.));
#1553=DIRECTION('center_axis',(0.,0.,-1.));
#1554=DIRECTION('ref_axis',(1.,0.,0.));
#1555=DIRECTION('',(0.,0.,-1.));
#1556=DIRECTION('center_axis',(0.,0.,1.));
#1557=DIRECTION('ref_axis',(1.,0.,0.));
#1558=DIRECTION('',(0.,0.,1.));
#1559=DIRECTION('center_axis',(0.,0.,-1.));
#1560=DIRECTION('ref_axis',(0.707106781186547,-0.707106781186547,0.));
#1561=DIRECTION('center_axis',(0.,0.,1.));
#1562=DIRECTION('ref_axis',(0.707106781186547,-0.707106781186547,0.));
#1563=DIRECTION('',(0.,0.,1.));
#1564=DIRECTION('center_axis',(0.,0.,-1.));
#1565=DIRECTION('ref_axis',(0.707106781186547,-0.707106781186547,0.));
#1566=DIRECTION('center_axis',(0.,0.,1.));
#1567=DIRECTION('ref_axis',(-1.,-2.50542885729414E-12,0.));
#1568=DIRECTION('center_axis',(0.,0.,-1.));
#1569=DIRECTION('ref_axis',(1.,0.,0.));
#1570=DIRECTION('',(0.,0.,-1.));
#1571=DIRECTION('center_axis',(0.,0.,1.));
#1572=DIRECTION('ref_axis',(1.,0.,0.));
#1573=DIRECTION('',(0.,0.,1.));
#1574=DIRECTION('center_axis',(0.,0.,-1.));
#1575=DIRECTION('ref_axis',(-0.707106781186547,0.707106781186547,0.));
#1576=DIRECTION('center_axis',(0.,0.,-1.));
#1577=DIRECTION('ref_axis',(-0.707106781186547,0.707106781186547,0.));
#1578=DIRECTION('',(0.,0.,-1.));
#1579=DIRECTION('center_axis',(0.,0.,1.));
#1580=DIRECTION('ref_axis',(-0.707106781186547,0.707106781186547,0.));
#1581=DIRECTION('center_axis',(0.,0.,1.));
#1582=DIRECTION('ref_axis',(1.,0.,0.));
#1583=DIRECTION('center_axis',(0.,0.,-1.));
#1584=DIRECTION('ref_axis',(1.,0.,0.));
#1585=DIRECTION('',(0.,0.,-1.));
#1586=DIRECTION('center_axis',(0.,0.,1.));
#1587=DIRECTION('ref_axis',(1.,0.,0.));
#1588=DIRECTION('center_axis',(0.,0.,-1.));
#1589=DIRECTION('ref_axis',(0.707106781186547,0.707106781186547,0.));
#1590=DIRECTION('center_axis',(0.,0.,1.));
#1591=DIRECTION('ref_axis',(0.707106781186547,0.707106781186547,0.));
#1592=DIRECTION('',(0.,0.,1.));
#1593=DIRECTION('center_axis',(0.,0.,-1.));
#1594=DIRECTION('ref_axis',(0.707106781186547,0.707106781186547,0.));
#1595=DIRECTION('center_axis',(0.,0.,1.));
#1596=DIRECTION('ref_axis',(1.,0.,0.));
#1597=DIRECTION('center_axis',(0.,0.,-1.));
#1598=DIRECTION('ref_axis',(1.,0.,0.));
#1599=DIRECTION('center_axis',(0.,0.,1.));
#1600=DIRECTION('ref_axis',(1.,0.,0.));
#1601=DIRECTION('center_axis',(0.,0.,-1.));
#1602=DIRECTION('ref_axis',(-1.,0.,0.));
#1603=DIRECTION('center_axis',(0.,0.,1.));
#1604=DIRECTION('ref_axis',(-0.999379490436243,0.0352226361221698,0.));
#1605=DIRECTION('',(0.,0.,-1.));
#1606=DIRECTION('center_axis',(0.,0.,-1.));
#1607=DIRECTION('ref_axis',(-0.999379490436243,0.0352226361221698,0.));
#1608=DIRECTION('',(0.,0.,1.));
#1609=DIRECTION('center_axis',(0.456350107484604,0.790421572202851,-0.408629805074427));
#1610=DIRECTION('ref_axis',(-0.204314902537214,-0.353883791937937,-0.912700214969207));
#1611=DIRECTION('center_axis',(-0.866025403784438,0.5,0.));
#1612=DIRECTION('ref_axis',(-0.5,-0.866025403784438,0.));
#1613=DIRECTION('',(0.,0.,1.));
#1614=DIRECTION('',(0.5,0.866025403784438,0.));
#1615=DIRECTION('center_axis',(0.,0.,-1.));
#1616=DIRECTION('ref_axis',(-1.,0.,0.));
#1617=DIRECTION('center_axis',(0.456350107484603,-0.790421572202852,0.408629805074427));
#1618=DIRECTION('ref_axis',(-0.204314902537213,0.353883791937937,0.912700214969207));
#1619=DIRECTION('',(-0.204314902537213,0.353883791937937,0.912700214969207));
#1620=DIRECTION('center_axis',(-0.456350107484603,0.790421572202852,-0.408629805074427));
#1621=DIRECTION('ref_axis',(0.204314902537213,-0.353883791937937,-0.912700214969207));
#1622=DIRECTION('',(0.866025403784439,0.5,0.));
#1623=DIRECTION('center_axis',(-0.456350107484603,0.790421572202852,-0.408629805074427));
#1624=DIRECTION('ref_axis',(0.204314902537213,-0.353883791937937,-0.912700214969207));
#1625=DIRECTION('center_axis',(-0.456350107484603,0.790421572202852,-0.408629805074427));
#1626=DIRECTION('ref_axis',(0.204314902537213,-0.353883791937937,-0.912700214969207));
#1627=DIRECTION('',(0.204314902537213,-0.353883791937937,-0.912700214969207));
#1628=DIRECTION('center_axis',(-0.456350107484603,0.790421572202852,-0.408629805074427));
#1629=DIRECTION('ref_axis',(0.204314902537213,-0.353883791937937,-0.912700214969207));
#1630=DIRECTION('center_axis',(-0.866025403784439,-0.5,0.));
#1631=DIRECTION('ref_axis',(0.5,-0.866025403784439,0.));
#1632=DIRECTION('',(0.,0.,1.));
#1633=DIRECTION('',(-0.5,0.866025403784439,0.));
#1634=DIRECTION('',(0.,0.,-1.));
#1635=DIRECTION('center_axis',(0.,0.,-1.));
#1636=DIRECTION('ref_axis',(-1.,0.,0.));
#1637=DIRECTION('center_axis',(1.27381548479449E-16,1.,0.));
#1638=DIRECTION('ref_axis',(-1.,1.27381548479449E-16,0.));
#1639=DIRECTION('',(0.408629805074427,-1.09612522316296E-48,-0.912700214969207));
#1640=DIRECTION('',(0.,0.,1.));
#1641=DIRECTION('',(1.,-1.27381548479449E-16,0.));
#1642=DIRECTION('',(0.,0.,1.));
#1643=DIRECTION('center_axis',(0.912700214969207,0.,0.408629805074427));
#1644=DIRECTION('ref_axis',(-0.408629805074427,1.09612522316296E-48,0.912700214969206));
#1645=DIRECTION('',(-0.408629805074427,1.09612522316296E-48,0.912700214969207));
#1646=DIRECTION('center_axis',(-0.912700214969207,0.,-0.408629805074427));
#1647=DIRECTION('ref_axis',(0.408629805074427,0.,-0.912700214969207));
#1648=DIRECTION('',(0.,1.,0.));
#1649=DIRECTION('center_axis',(-0.912700214969207,0.,-0.408629805074427));
#1650=DIRECTION('ref_axis',(0.408629805074427,0.,-0.912700214969207));
#1651=DIRECTION('center_axis',(-0.912700214969207,0.,-0.408629805074427));
#1652=DIRECTION('ref_axis',(0.408629805074427,0.,-0.912700214969207));
#1653=DIRECTION('center_axis',(0.,0.,-1.));
#1654=DIRECTION('ref_axis',(-1.,0.,0.));
#1655=DIRECTION('center_axis',(0.,0.,1.));
#1656=DIRECTION('ref_axis',(0.999379490436273,-0.0352226361213267,0.));
#1657=DIRECTION('',(0.,0.,-1.));
#1658=DIRECTION('center_axis',(0.,0.,-1.));
#1659=DIRECTION('ref_axis',(0.999379490436273,-0.0352226361213267,0.));
#1660=DIRECTION('',(0.,0.,1.));
#1661=DIRECTION('center_axis',(-0.456350107484603,-0.790421572202851,-0.408629805074427));
#1662=DIRECTION('ref_axis',(0.204314902537214,0.353883791937937,-0.912700214969207));
#1663=DIRECTION('center_axis',(0.866025403784439,-0.5,0.));
#1664=DIRECTION('ref_axis',(0.499999999999999,0.866025403784439,0.));
#1665=DIRECTION('',(0.,0.,1.));
#1666=DIRECTION('',(-0.499999999999999,-0.866025403784439,0.));
#1667=DIRECTION('center_axis',(0.,0.,-1.));
#1668=DIRECTION('ref_axis',(-1.,0.,0.));
#1669=DIRECTION('center_axis',(-0.866025403784439,-0.499999999999999,0.));
#1670=DIRECTION('ref_axis',(0.499999999999999,-0.866025403784439,0.));
#1671=DIRECTION('',(0.,0.,1.));
#1672=DIRECTION('',(-0.499999999999999,0.866025403784439,0.));
#1673=DIRECTION('',(0.,0.,1.));
#1674=DIRECTION('center_axis',(0.,0.,-1.));
#1675=DIRECTION('ref_axis',(-0.999379490436254,-0.0352226361218617,0.));
#1676=DIRECTION('center_axis',(0.456350107484603,-0.790421572202851,-0.408629805074427));
#1677=DIRECTION('ref_axis',(-0.204314902537213,0.353883791937937,-0.912700214969207));
#1678=DIRECTION('',(0.,0.,-1.));
#1679=DIRECTION('center_axis',(0.,0.,-1.));
#1680=DIRECTION('ref_axis',(-0.999379490436254,-0.0352226361218617,0.));
#1681=DIRECTION('center_axis',(0.,0.,1.));
#1682=DIRECTION('ref_axis',(0.258819045102521,-0.965925826289068,0.));
#1683=DIRECTION('center_axis',(0.456350107484604,0.790421572202851,-0.408629805074427));
#1684=DIRECTION('ref_axis',(-0.204314902537214,-0.353883791937937,-0.912700214969207));
#1685=DIRECTION('',(0.,0.,-1.));
#1686=DIRECTION('center_axis',(0.,0.,-1.));
#1687=DIRECTION('ref_axis',(0.258819045102521,-0.965925826289068,0.));
#1688=DIRECTION('',(0.,0.,1.));
#1689=DIRECTION('center_axis',(-0.5,-0.866025403784438,0.));
#1690=DIRECTION('ref_axis',(0.866025403784438,-0.5,0.));
#1691=DIRECTION('',(0.866025403784438,-0.5,0.));
#1692=DIRECTION('',(0.,0.,-1.));
#1693=DIRECTION('',(-0.866025403784438,0.5,0.));
#1694=DIRECTION('center_axis',(-0.456350107484604,-0.790421572202851,0.408629805074427));
#1695=DIRECTION('ref_axis',(0.204314902537214,0.353883791937937,0.912700214969206));
#1696=DIRECTION('center_axis',(0.456350107484604,0.790421572202851,-0.408629805074427));
#1697=DIRECTION('ref_axis',(0.204314902537214,0.353883791937937,0.912700214969207));
#1698=DIRECTION('',(-0.204314902537214,-0.353883791937937,-0.912700214969206));
#1699=DIRECTION('center_axis',(0.456350107484604,0.790421572202851,-0.408629805074427));
#1700=DIRECTION('ref_axis',(-0.204314902537214,-0.353883791937937,-0.912700214969207));
#1701=DIRECTION('center_axis',(0.,0.,1.));
#1702=DIRECTION('ref_axis',(1.,0.,0.));
#1703=DIRECTION('center_axis',(0.,0.,-1.));
#1704=DIRECTION('ref_axis',(1.,0.,0.));
#1705=DIRECTION('',(0.,0.,-1.));
#1706=DIRECTION('center_axis',(0.,0.,-1.));
#1707=DIRECTION('ref_axis',(1.,0.,0.));
#1708=DIRECTION('center_axis',(0.,0.,-1.));
#1709=DIRECTION('ref_axis',(1.,0.,0.));
#1710=DIRECTION('center_axis',(0.,0.,1.));
#1711=DIRECTION('ref_axis',(-0.707106781186547,-0.707106781186547,0.));
#1712=DIRECTION('center_axis',(0.912700202457489,0.,-0.408629833020129));
#1713=DIRECTION('ref_axis',(-0.40862983302013,0.,-0.912700202457489));
#1714=DIRECTION('',(0.,0.,-1.));
#1715=DIRECTION('center_axis',(0.,0.,-1.));
#1716=DIRECTION('ref_axis',(-0.707106781186547,-0.707106781186547,0.));
#1717=DIRECTION('',(0.,0.,1.));
#1718=DIRECTION('center_axis',(-1.,0.,0.));
#1719=DIRECTION('ref_axis',(0.,-1.,0.));
#1720=DIRECTION('',(0.,1.,0.));
#1721=DIRECTION('',(0.,0.,1.));
#1722=DIRECTION('',(0.,1.,0.));
#1723=DIRECTION('center_axis',(-0.912700202457489,0.,0.408629833020129));
#1724=DIRECTION('ref_axis',(0.40862983302013,0.,0.912700202457489));
#1725=DIRECTION('',(-0.408629833020129,0.,-0.912700202457489));
#1726=DIRECTION('',(0.,1.,0.));
#1727=DIRECTION('',(0.408629833020129,0.,0.912700202457489));
#1728=DIRECTION('center_axis',(0.912700202457489,0.,-0.408629833020129));
#1729=DIRECTION('ref_axis',(-0.40862983302013,0.,-0.912700202457489));
#1730=DIRECTION('center_axis',(0.912700202457489,0.,-0.408629833020129));
#1731=DIRECTION('ref_axis',(-0.40862983302013,0.,-0.912700202457489));
#1732=DIRECTION('center_axis',(0.,0.,1.));
#1733=DIRECTION('ref_axis',(-0.707106781186547,0.707106781186547,0.));
#1734=DIRECTION('',(0.,0.,-1.));
#1735=DIRECTION('center_axis',(0.,0.,-1.));
#1736=DIRECTION('ref_axis',(-0.707106781186547,0.707106781186547,0.));
#1737=DIRECTION('center_axis',(0.,1.,0.));
#1738=DIRECTION('ref_axis',(-1.,0.,0.));
#1739=DIRECTION('',(1.,0.,0.));
#1740=DIRECTION('',(0.,0.,-1.));
#1741=DIRECTION('',(1.,0.,0.));
#1742=DIRECTION('center_axis',(0.,0.,1.));
#1743=DIRECTION('ref_axis',(1.,0.,0.));
#1744=DIRECTION('center_axis',(0.,0.,-1.));
#1745=DIRECTION('ref_axis',(1.,0.,0.));
#1746=DIRECTION('center_axis',(0.456350107484603,-0.790421572202851,-0.408629805074427));
#1747=DIRECTION('ref_axis',(0.204314902537213,-0.353883791937937,0.912700214969207));
#1748=DIRECTION('',(0.,0.,1.));
#1749=DIRECTION('center_axis',(0.,0.,-1.));
#1750=DIRECTION('ref_axis',(1.,0.,0.));
#1751=DIRECTION('',(0.,0.,-1.));
#1752=DIRECTION('center_axis',(0.,0.,-1.));
#1753=DIRECTION('ref_axis',(1.,0.,0.));
#1754=DIRECTION('center_axis',(-0.456350107484603,0.790421572202851,0.408629805074427));
#1755=DIRECTION('ref_axis',(-0.204314902537213,0.353883791937937,-0.912700214969207));
#1756=DIRECTION('',(-0.204314902537213,0.353883791937937,-0.912700214969207));
#1757=DIRECTION('center_axis',(0.456350107484603,-0.790421572202851,-0.408629805074427));
#1758=DIRECTION('ref_axis',(-0.204314902537213,0.353883791937937,-0.912700214969207));
#1759=DIRECTION('',(-0.866025403784439,-0.5,0.));
#1760=DIRECTION('center_axis',(0.456350107484603,-0.790421572202851,-0.408629805074427));
#1761=DIRECTION('ref_axis',(-0.204314902537213,0.353883791937937,-0.912700214969207));
#1762=DIRECTION('center_axis',(0.,0.,1.));
#1763=DIRECTION('ref_axis',(0.258819045102521,0.965925826289068,0.));
#1764=DIRECTION('',(0.,0.,-1.));
#1765=DIRECTION('center_axis',(0.,0.,-1.));
#1766=DIRECTION('ref_axis',(0.258819045102521,0.965925826289068,0.));
#1767=DIRECTION('',(0.,0.,1.));
#1768=DIRECTION('center_axis',(0.866025403784439,0.5,0.));
#1769=DIRECTION('ref_axis',(-0.5,0.866025403784439,0.));
#1770=DIRECTION('',(0.,0.,1.));
#1771=DIRECTION('',(0.5,-0.866025403784439,0.));
#1772=DIRECTION('center_axis',(0.,0.,1.));
#1773=DIRECTION('ref_axis',(-0.25881904510252,0.965925826289068,0.));
#1774=DIRECTION('center_axis',(-0.456350107484603,-0.790421572202851,-0.408629805074427));
#1775=DIRECTION('ref_axis',(0.204314902537213,0.353883791937937,-0.912700214969207));
#1776=DIRECTION('',(0.,0.,-1.));
#1777=DIRECTION('center_axis',(0.,0.,-1.));
#1778=DIRECTION('ref_axis',(-0.25881904510252,0.965925826289068,0.));
#1779=DIRECTION('',(0.,0.,1.));
#1780=DIRECTION('center_axis',(0.5,0.866025403784439,0.));
#1781=DIRECTION('ref_axis',(-0.866025403784439,0.5,0.));
#1782=DIRECTION('',(-0.866025403784439,0.5,0.));
#1783=DIRECTION('',(0.,0.,-1.));
#1784=DIRECTION('',(0.866025403784439,-0.5,0.));
#1785=DIRECTION('center_axis',(0.456350107484603,0.790421572202851,0.408629805074427));
#1786=DIRECTION('ref_axis',(-0.204314902537213,-0.353883791937937,0.912700214969207));
#1787=DIRECTION('center_axis',(-0.456350107484603,-0.790421572202851,-0.408629805074427));
#1788=DIRECTION('ref_axis',(0.204314902537214,0.353883791937937,-0.912700214969207));
#1789=DIRECTION('center_axis',(-0.456350107484603,-0.790421572202851,-0.408629805074427));
#1790=DIRECTION('ref_axis',(0.204314902537214,0.353883791937937,-0.912700214969207));
#1791=DIRECTION('',(0.204314902537213,0.353883791937937,-0.912700214969207));
#1792=DIRECTION('center_axis',(-0.456350107484603,-0.790421572202851,-0.408629805074427));
#1793=DIRECTION('ref_axis',(0.204314902537214,0.353883791937937,-0.912700214969207));
#1794=DIRECTION('center_axis',(0.,0.,1.));
#1795=DIRECTION('ref_axis',(1.,0.,0.));
#1796=DIRECTION('center_axis',(0.,0.,-1.));
#1797=DIRECTION('ref_axis',(1.,0.,0.));
#1798=DIRECTION('',(0.,0.,-1.));
#1799=DIRECTION('center_axis',(0.,0.,-1.));
#1800=DIRECTION('ref_axis',(1.,0.,0.));
#1801=DIRECTION('center_axis',(0.,0.,1.));
#1802=DIRECTION('ref_axis',(0.707106781186548,0.707106781186547,0.));
#1803=DIRECTION('',(0.,0.,-1.));
#1804=DIRECTION('center_axis',(0.,0.,-1.));
#1805=DIRECTION('ref_axis',(0.707106781186548,0.707106781186547,0.));
#1806=DIRECTION('center_axis',(1.,0.,0.));
#1807=DIRECTION('ref_axis',(0.,1.,0.));
#1808=DIRECTION('',(0.,0.,1.));
#1809=DIRECTION('',(0.,-1.,0.));
#1810=DIRECTION('center_axis',(0.,0.,1.));
#1811=DIRECTION('ref_axis',(0.707106781186547,-0.707106781186547,0.));
#1812=DIRECTION('',(0.,0.,-1.));
#1813=DIRECTION('center_axis',(0.,0.,-1.));
#1814=DIRECTION('ref_axis',(0.707106781186547,-0.707106781186547,0.));
#1815=DIRECTION('center_axis',(0.,-1.,0.));
#1816=DIRECTION('ref_axis',(1.,0.,0.));
#1817=DIRECTION('',(0.,0.,1.));
#1818=DIRECTION('',(-1.,0.,0.));
#1819=DIRECTION('center_axis',(0.,0.,1.));
#1820=DIRECTION('ref_axis',(-0.258819045102521,-0.965925826289068,0.));
#1821=DIRECTION('center_axis',(0.,0.,-1.));
#1822=DIRECTION('ref_axis',(-0.258819045102521,-0.965925826289068,0.));
#1823=DIRECTION('',(0.,0.,1.));
#1824=DIRECTION('center_axis',(0.,0.,1.));
#1825=DIRECTION('ref_axis',(1.,0.,0.));
#1826=DIRECTION('center_axis',(0.,0.,-1.));
#1827=DIRECTION('ref_axis',(-0.707106781186547,-0.707106781186547,0.));
#1828=DIRECTION('center_axis',(0.,0.,1.));
#1829=DIRECTION('ref_axis',(-1.,0.,0.));
#1830=DIRECTION('',(0.5,0.866025403784439,0.));
#1831=DIRECTION('center_axis',(0.,0.,1.));
#1832=DIRECTION('ref_axis',(-1.,0.,0.));
#1833=DIRECTION('',(-1.,0.,0.));
#1834=DIRECTION('',(0.866025403784439,0.5,0.));
#1835=DIRECTION('center_axis',(0.,0.,1.));
#1836=DIRECTION('ref_axis',(-1.,0.,0.));
#1837=DIRECTION('',(-0.866025403784439,-0.5,0.));
#1838=DIRECTION('center_axis',(0.,0.,1.));
#1839=DIRECTION('ref_axis',(-1.,0.,0.));
#1840=DIRECTION('',(-0.5,-0.866025403784439,0.));
#1841=DIRECTION('',(0.499999999999999,-0.866025403784439,0.));
#1842=DIRECTION('center_axis',(0.,0.,-1.));
#1843=DIRECTION('ref_axis',(1.,0.,0.));
#1844=DIRECTION('',(-0.866025403784439,-0.5,0.));
#1845=DIRECTION('',(-1.,0.,0.));
#1846=DIRECTION('',(-0.5,-0.866025403784438,0.));
#1847=DIRECTION('center_axis',(0.,0.,1.));
#1848=DIRECTION('ref_axis',(-1.,0.,0.));
#1849=DIRECTION('center_axis',(0.,0.,-1.));
#1850=DIRECTION('ref_axis',(-0.707106781186547,-0.707106781186547,0.));
#1851=DIRECTION('center_axis',(0.,0.,1.));
#1852=DIRECTION('ref_axis',(-0.707106781186547,-0.707106781186547,0.));
#1853=DIRECTION('center_axis',(0.,0.,1.));
#1854=DIRECTION('ref_axis',(1.,0.,0.));
#1855=DIRECTION('center_axis',(0.,0.,-1.));
#1856=DIRECTION('ref_axis',(1.,0.,0.));
#1857=DIRECTION('',(-0.866025403784439,-0.5,0.));
#1858=DIRECTION('',(1.,0.,0.));
#1859=DIRECTION('center_axis',(0.,0.,1.));
#1860=DIRECTION('ref_axis',(0.182729386196219,-0.983163247594393,0.));
#1861=DIRECTION('',(0.5,0.866025403784439,0.));
#1862=DIRECTION('center_axis',(0.866025403784439,0.5,0.));
#1863=DIRECTION('ref_axis',(0.353553390593274,-0.612372435695795,0.707106781186547));
#1864=DIRECTION('',(0.866025403784439,0.5,0.));
#1865=DIRECTION('center_axis',(-0.5,0.866025403784439,0.));
#1866=DIRECTION('ref_axis',(0.866025403784439,0.5,0.));
#1867=DIRECTION('',(0.,0.,-1.));
#1868=DIRECTION('',(0.,0.,-1.));
#1869=DIRECTION('center_axis',(0.866025403784439,-0.5,0.));
#1870=DIRECTION('ref_axis',(-0.5,-0.866025403784439,0.));
#1871=DIRECTION('',(0.,0.,-1.));
#1872=DIRECTION('',(0.,0.,-1.));
#1873=DIRECTION('center_axis',(0.,-1.,0.));
#1874=DIRECTION('ref_axis',(-1.,0.,0.));
#1875=DIRECTION('',(0.,0.,-1.));
#1876=DIRECTION('',(0.,0.,-1.));
#1877=DIRECTION('center_axis',(0.5,0.866025403784438,0.));
#1878=DIRECTION('ref_axis',(0.866025403784438,-0.5,0.));
#1879=DIRECTION('',(0.5,0.866025403784438,0.));
#1880=DIRECTION('center_axis',(0.5,0.866025403784438,0.));
#1881=DIRECTION('ref_axis',(0.866025403784438,-0.5,0.));
#1882=DIRECTION('',(0.5,0.866025403784438,0.));
#1883=DIRECTION('center_axis',(-0.5,0.866025403784439,0.));
#1884=DIRECTION('ref_axis',(0.866025403784438,0.5,0.));
#1885=DIRECTION('',(-0.5,0.866025403784438,0.));
#1886=DIRECTION('center_axis',(-0.5,0.866025403784439,0.));
#1887=DIRECTION('ref_axis',(0.866025403784438,0.5,0.));
#1888=DIRECTION('',(-0.5,0.866025403784438,0.));
#1889=DIRECTION('center_axis',(-1.,0.,0.));
#1890=DIRECTION('ref_axis',(0.,1.,0.));
#1891=DIRECTION('',(-1.,0.,0.));
#1892=DIRECTION('center_axis',(-1.,0.,0.));
#1893=DIRECTION('ref_axis',(0.,1.,0.));
#1894=DIRECTION('',(-1.,0.,0.));
#1895=DIRECTION('center_axis',(0.866025403784439,0.5,0.));
#1896=DIRECTION('ref_axis',(-0.499999999999999,0.866025403784439,0.));
#1897=DIRECTION('',(0.,0.,-1.));
#1898=DIRECTION('',(0.,0.,1.));
#1899=DIRECTION('center_axis',(0.,0.,1.));
#1900=DIRECTION('ref_axis',(1.,0.,0.));
#1901=DIRECTION('center_axis',(0.,0.,-1.));
#1902=DIRECTION('ref_axis',(-1.,0.,0.));
#1903=DIRECTION('',(-1.,0.,0.));
#1904=DIRECTION('center_axis',(0.,0.,1.));
#1905=DIRECTION('ref_axis',(-1.,0.,0.));
#1906=DIRECTION('',(0.,0.,1.));
#1907=DIRECTION('center_axis',(0.,-1.,0.));
#1908=DIRECTION('ref_axis',(1.,0.,0.));
#1909=DIRECTION('center_axis',(0.,0.,1.));
#1910=DIRECTION('ref_axis',(-1.,0.,0.));
#1911=DIRECTION('center_axis',(-0.5,0.866025403784439,0.));
#1912=DIRECTION('ref_axis',(-0.866025403784439,-0.5,0.));
#1913=DIRECTION('center_axis',(0.,0.,1.));
#1914=DIRECTION('ref_axis',(-1.,0.,0.));
#1915=DIRECTION('center_axis',(0.5,-0.866025403784439,0.));
#1916=DIRECTION('ref_axis',(0.866025403784439,0.5,0.));
#1917=DIRECTION('',(0.,0.,1.));
#1918=DIRECTION('center_axis',(0.,0.,1.));
#1919=DIRECTION('ref_axis',(1.,-1.22464679914735E-16,0.));
#1920=DIRECTION('center_axis',(0.,0.,1.));
#1921=DIRECTION('ref_axis',(-1.,0.,0.));
#1922=DIRECTION('',(0.,0.,1.));
#1923=DIRECTION('center_axis',(0.866025403784438,-0.5,0.));
#1924=DIRECTION('ref_axis',(0.5,0.866025403784438,0.));
#1925=DIRECTION('center_axis',(0.,0.,1.));
#1926=DIRECTION('ref_axis',(-1.,0.,0.));
#1927=DIRECTION('',(0.,0.,1.));
#1928=DIRECTION('center_axis',(-0.866025403784439,0.5,0.));
#1929=DIRECTION('ref_axis',(-0.5,-0.866025403784439,0.));
#1930=DIRECTION('center_axis',(0.,0.,1.));
#1931=DIRECTION('ref_axis',(1.,0.,0.));
#1932=DIRECTION('',(0.,0.,-1.));
#1933=CARTESIAN_POINT('',(0.,0.,0.));
#1934=CARTESIAN_POINT('Origin',(1.55431223447522E-14,-2.66453525910038E-14,
0.));
#1935=CARTESIAN_POINT('',(34.4583627884621,-37.2174422473769,0.));
#1936=CARTESIAN_POINT('',(-34.4583627883173,-37.2174422475109,0.));
#1937=CARTESIAN_POINT('Origin',(1.55431223447522E-14,-2.66453525910038E-14,
0.));
#1938=CARTESIAN_POINT('',(34.4583627884621,-37.2174422473769,7.5));
#1939=CARTESIAN_POINT('',(34.4583627884645,-37.2174422473746,0.));
#1940=CARTESIAN_POINT('',(-34.4583627883173,-37.2174422475109,7.5));
#1941=CARTESIAN_POINT('Origin',(1.55431223447522E-14,-2.66453525910038E-14,
7.5));
#1942=CARTESIAN_POINT('',(-34.45836278831,-37.2174422475176,0.));
#1943=CARTESIAN_POINT('Origin',(24.4999999999967,-25.9999999999967,7.5));
#1944=CARTESIAN_POINT('',(35.1066017174854,-36.6066017181048,0.));
#1945=CARTESIAN_POINT('Origin',(24.4999999999967,-25.9999999999967,0.));
#1946=CARTESIAN_POINT('',(35.1066017174854,-36.6066017181048,7.5));
#1947=CARTESIAN_POINT('',(35.106601717476,-36.6066017181138,0.));
#1948=CARTESIAN_POINT('Origin',(24.4999999999967,-25.9999999999967,7.5));
#1949=CARTESIAN_POINT('Origin',(1.55431223447522E-14,-2.66453525910038E-14,
0.));
#1950=CARTESIAN_POINT('',(-35.1066017176183,-36.6066017179773,0.));
#1951=CARTESIAN_POINT('',(-35.1066017178067,36.6066017177966,0.));
#1952=CARTESIAN_POINT('Origin',(1.55431223447522E-14,-2.66453525910038E-14,
0.));
#1953=CARTESIAN_POINT('',(-35.1066017176183,-36.6066017179773,7.5));
#1954=CARTESIAN_POINT('',(-35.1066017176378,-36.6066017179586,0.));
#1955=CARTESIAN_POINT('',(-35.1066017178067,36.6066017177966,7.5));
#1956=CARTESIAN_POINT('Origin',(1.55431223447522E-14,-2.66453525910038E-14,
7.5));
#1957=CARTESIAN_POINT('',(-35.1066017178018,36.6066017178013,0.));
#1958=CARTESIAN_POINT('Origin',(-24.5000000000033,26.0000000000033,7.5));
#1959=CARTESIAN_POINT('',(-34.4583627881611,37.2174422476554,7.5));
#1960=CARTESIAN_POINT('Origin',(-24.5000000000033,26.0000000000033,7.5));
#1961=CARTESIAN_POINT('',(-34.4583627881611,37.2174422476554,0.));
#1962=CARTESIAN_POINT('',(-34.4583627881337,37.2174422476808,0.));
#1963=CARTESIAN_POINT('Origin',(-24.5000000000033,26.0000000000033,0.));
#1964=CARTESIAN_POINT('Origin',(1.55431223447522E-14,-2.66453525910038E-14,
0.));
#1965=CARTESIAN_POINT('',(35.1066017176375,36.6066017179589,0.));
#1966=CARTESIAN_POINT('Origin',(1.55431223447522E-14,-2.66453525910038E-14,
0.));
#1967=CARTESIAN_POINT('',(35.1066017176375,36.6066017179589,7.5));
#1968=CARTESIAN_POINT('',(35.1066017176406,36.6066017179559,0.));
#1969=CARTESIAN_POINT('Origin',(1.55431223447522E-14,-2.66453525910038E-14,
7.5));
#1970=CARTESIAN_POINT('Origin',(24.4999999999967,26.0000000000033,7.5));
#1971=CARTESIAN_POINT('',(34.4583627882933,37.2174422475331,0.));
#1972=CARTESIAN_POINT('Origin',(24.4999999999967,26.0000000000033,0.));
#1973=CARTESIAN_POINT('',(34.4583627882933,37.2174422475331,7.5));
#1974=CARTESIAN_POINT('',(34.4583627882876,37.2174422475383,0.));
#1975=CARTESIAN_POINT('Origin',(24.4999999999967,26.0000000000033,7.5));
#1976=CARTESIAN_POINT('Origin',(1.55431223447522E-14,-2.66453525910038E-14,
0.));
#1977=CARTESIAN_POINT('Origin',(1.55431223447522E-14,-2.66453525910038E-14,
0.));
#1978=CARTESIAN_POINT('Origin',(1.55431223447522E-14,-2.66453525910038E-14,
7.5));
#1979=CARTESIAN_POINT('Ctrl Pts',(-5.03408694364738,-29.574616965293,72.5));
#1980=CARTESIAN_POINT('Ctrl Pts',(-6.8565769853629,-29.2643991411808,72.5));
#1981=CARTESIAN_POINT('Ctrl Pts',(-9.68156404048305,-28.524780279988,72.5));
#1982=CARTESIAN_POINT('Ctrl Pts',(-13.5458886850933,-26.8347308044037,72.5));
#1983=CARTESIAN_POINT('Ctrl Pts',(-16.4242971903349,-25.1754902948212,72.5));
#1984=CARTESIAN_POINT('Ctrl Pts',(-18.9753772845637,-23.3031154676543,72.5));
#1985=CARTESIAN_POINT('Ctrl Pts',(-21.2006873305551,-21.2928980932281,72.5));
#1986=CARTESIAN_POINT('Ctrl Pts',(-22.4779452542873,-19.8898177422974,72.5));
#1987=CARTESIAN_POINT('Ctrl Pts',(-23.0716866242559,-19.1754341883602,72.5));
#1988=CARTESIAN_POINT('Ctrl Pts',(-5.44956008747598,-30.1942691480571,72.3272136971083));
#1989=CARTESIAN_POINT('Ctrl Pts',(-7.22400628377426,-29.7421145727557,72.2473811009804));
#1990=CARTESIAN_POINT('Ctrl Pts',(-9.94844979361534,-28.7911161162504,72.2281770509724));
#1991=CARTESIAN_POINT('Ctrl Pts',(-13.665682334409,-26.9710281318721,72.3024945665889));
#1992=CARTESIAN_POINT('Ctrl Pts',(-16.4827279941954,-25.3464266567973,72.3024687955392));
#1993=CARTESIAN_POINT('Ctrl Pts',(-19.0620467984838,-23.6171515299849,72.2460778473782));
#1994=CARTESIAN_POINT('Ctrl Pts',(-21.3833631950784,-21.7838350035775,72.2398352869968));
#1995=CARTESIAN_POINT('Ctrl Pts',(-22.7552553556834,-20.5005836777577,72.2859767767133));
#1996=CARTESIAN_POINT('Ctrl Pts',(-23.3986078748917,-19.8428177506104,72.3256401711845));
#1997=CARTESIAN_POINT('Ctrl Pts',(-6.26530714072334,-31.3460328476021,71.6344191699813));
#1998=CARTESIAN_POINT('Ctrl Pts',(-7.9347130979531,-30.5876051665426,71.524859082543));
#1999=CARTESIAN_POINT('Ctrl Pts',(-10.4548513923213,-29.2540694052152,71.5982262899394));
#2000=CARTESIAN_POINT('Ctrl Pts',(-13.8913228274602,-27.2167227626369,71.8810083640456));
#2001=CARTESIAN_POINT('Ctrl Pts',(-16.5836505070431,-25.662526056204,71.8811525498109));
#2002=CARTESIAN_POINT('Ctrl Pts',(-19.1968784792922,-24.1954908797629,71.6685184820087));
#2003=CARTESIAN_POINT('Ctrl Pts',(-21.6794159005147,-22.694930215166,71.5484247396925));
#2004=CARTESIAN_POINT('Ctrl Pts',(-23.2341586828826,-21.6554752631398,71.578244535364));
#2005=CARTESIAN_POINT('Ctrl Pts',(-23.9839372431676,-21.1202661347008,71.632239460246));
#2006=CARTESIAN_POINT('Ctrl Pts',(-6.8824685618273,-32.0855722843446,70.3917766899848));
#2007=CARTESIAN_POINT('Ctrl Pts',(-8.50228979275191,-31.1114595213291,70.4651346270261));
#2008=CARTESIAN_POINT('Ctrl Pts',(-10.8787848802565,-29.5515438537128,70.8295395653812));
#2009=CARTESIAN_POINT('Ctrl Pts',(-14.0827396828053,-27.4000518050584,71.4125809614007));
#2010=CARTESIAN_POINT('Ctrl Pts',(-16.6485630874558,-25.9182011680665,71.41383287633));
#2011=CARTESIAN_POINT('Ctrl Pts',(-19.2466728885041,-24.6440916274265,70.9763759000908));
#2012=CARTESIAN_POINT('Ctrl Pts',(-21.8069172732323,-23.3660603545917,70.5897642711788));
#2013=CARTESIAN_POINT('Ctrl Pts',(-23.482016135238,-22.4809568954201,70.431184564613));
#2014=CARTESIAN_POINT('Ctrl Pts',(-24.3125943362625,-22.0215099867783,70.3932748023311));
#2015=CARTESIAN_POINT('Ctrl Pts',(-7.10937851325026,-32.3138047951911,69.696892770001));
#2016=CARTESIAN_POINT('Ctrl Pts',(-8.73162873874658,-31.2790397042474,69.8867628781249));
#2017=CARTESIAN_POINT('Ctrl Pts',(-11.0647644194793,-29.6552800375605,70.422034527984));
#2018=CARTESIAN_POINT('Ctrl Pts',(-14.1693478578168,-27.4759546637643,71.1704106834177));
#2019=CARTESIAN_POINT('Ctrl Pts',(-16.6718922616465,-26.0302194364237,71.1721332785447));
#2020=CARTESIAN_POINT('Ctrl Pts',(-19.2502660189008,-24.8314676278732,70.6114256423965));
#2021=CARTESIAN_POINT('Ctrl Pts',(-21.8259001377124,-23.6240954903289,70.0704520740863));
#2022=CARTESIAN_POINT('Ctrl Pts',(-23.5383716761471,-22.7767148391354,69.7971028893934));
#2023=CARTESIAN_POINT('Ctrl Pts',(-24.3957166623076,-22.3315574858865,69.7007136856105));
#2024=CARTESIAN_POINT('',(-24.1195139288236,-21.7762235785876,70.7313922714457));
#2025=CARTESIAN_POINT('',(-24.3957166623076,-22.3315574858865,69.7007136856104));
#2026=CARTESIAN_POINT('Ctrl Pts',(-24.1195139288236,-21.7762235785876,70.7313922714457));
#2027=CARTESIAN_POINT('Ctrl Pts',(-24.2428795881714,-21.9898991684872,70.413442732506));
#2028=CARTESIAN_POINT('Ctrl Pts',(-24.3312670448537,-22.1788957042463,70.067986834676));
#2029=CARTESIAN_POINT('Ctrl Pts',(-24.3957166623072,-22.3315574858867,69.7007136856105));
#2030=CARTESIAN_POINT('',(-7.10937851325031,-32.3138047951911,69.6968927700009));
#2031=CARTESIAN_POINT('Ctrl Pts',(-24.3957166623076,-22.3315574858865,69.7007136856105));
#2032=CARTESIAN_POINT('Ctrl Pts',(-23.5383716761471,-22.7767148391354,69.7971028893934));
#2033=CARTESIAN_POINT('Ctrl Pts',(-21.8259001377124,-23.6240954903289,70.0704520740863));
#2034=CARTESIAN_POINT('Ctrl Pts',(-19.2502660189008,-24.8314676278732,70.6114256423965));
#2035=CARTESIAN_POINT('Ctrl Pts',(-16.6718922616465,-26.0302194364237,71.1721332785447));
#2036=CARTESIAN_POINT('Ctrl Pts',(-14.1693478578168,-27.4759546637643,71.1704106834177));
#2037=CARTESIAN_POINT('Ctrl Pts',(-11.0647644194793,-29.6552800375605,70.422034527984));
#2038=CARTESIAN_POINT('Ctrl Pts',(-8.73162873874658,-31.2790397042474,69.8867628781249));
#2039=CARTESIAN_POINT('Ctrl Pts',(-7.10937851325026,-32.3138047951911,69.696892770001));
#2040=CARTESIAN_POINT('',(-5.48188158588657,-29.4948974278318,72.5));
#2041=CARTESIAN_POINT('Ctrl Pts',(-7.10937851325159,-32.3138047951902,69.6968927700012));
#2042=CARTESIAN_POINT('Ctrl Pts',(-6.97722325588313,-32.0849051749407,70.2872468279365));
#2043=CARTESIAN_POINT('Ctrl Pts',(-6.789627192153,-31.7599792610917,70.8216608531841));
#2044=CARTESIAN_POINT('Ctrl Pts',(-6.40511446601439,-31.0939836832628,71.5635395878799));
#2045=CARTESIAN_POINT('Ctrl Pts',(-6.23560646476907,-30.8003872129795,71.8172610718703));
#2046=CARTESIAN_POINT('Ctrl Pts',(-5.87263552081072,-30.1717030963724,72.2301144263944));
#2047=CARTESIAN_POINT('Ctrl Pts',(-5.68105264323894,-29.8398718185633,72.3894893688714));
#2048=CARTESIAN_POINT('Ctrl Pts',(-5.48188158588657,-29.4948974278318,72.5));
#2049=CARTESIAN_POINT('',(-22.8023896615753,-19.4948974278318,72.5));
#2050=CARTESIAN_POINT('Origin',(0.,0.,72.5));
#2051=CARTESIAN_POINT('Ctrl Pts',(-22.8026084425424,-19.4946755509272,72.5));
#2052=CARTESIAN_POINT('Ctrl Pts',(-22.8705450780018,-19.6123727935403,72.4622743472305));
#2053=CARTESIAN_POINT('Ctrl Pts',(-22.9375129637521,-19.7284161887972,72.4188075688187));
#2054=CARTESIAN_POINT('Ctrl Pts',(-23.0033796073703,-19.8425531452278,72.3698628423375));
#2055=CARTESIAN_POINT('Ctrl Pts',(-23.0710717329181,-19.9598533864415,72.3195616217519));
#2056=CARTESIAN_POINT('Ctrl Pts',(-23.1376010168932,-20.0751405914805,72.2634742593873));
#2057=CARTESIAN_POINT('Ctrl Pts',(-23.2028077503593,-20.1881257543288,72.2018358621583));
#2058=CARTESIAN_POINT('Ctrl Pts',(-23.2685439422653,-20.3020283216363,72.1396969802722));
#2059=CARTESIAN_POINT('Ctrl Pts',(-23.3329362525414,-20.413591787424,72.0719160577151));
#2060=CARTESIAN_POINT('Ctrl Pts',(-23.395801211279,-20.5224974901734,71.9986899383895));
#2061=CARTESIAN_POINT('Ctrl Pts',(-23.4588143237164,-20.6316598507353,71.9252912472413));
#2062=CARTESIAN_POINT('Ctrl Pts',(-23.5202930754715,-20.7381523179388,71.8464211631471));
#2063=CARTESIAN_POINT('Ctrl Pts',(-23.5800296178631,-20.8416247399459,71.7622414182513));
#2064=CARTESIAN_POINT('Ctrl Pts',(-23.6137858233761,-20.9000954214142,71.7146727332393));
#2065=CARTESIAN_POINT('Ctrl Pts',(-23.646985270408,-20.9576011747935,71.6654079457851));
#2066=CARTESIAN_POINT('Ctrl Pts',(-23.6795868567089,-21.0140739838241,71.6144719978886));
#2067=CARTESIAN_POINT('Ctrl Pts',(-23.7054335511581,-21.0588458984857,71.5740897333692));
#2068=CARTESIAN_POINT('Ctrl Pts',(-23.7308686831856,-21.10290628126,71.5327130838385));
#2069=CARTESIAN_POINT('Ctrl Pts',(-23.7558758236321,-21.1462271172234,71.4903594987544));
#2070=CARTESIAN_POINT('Ctrl Pts',(-23.8119685331268,-21.2433986859585,71.3953575392436));
#2071=CARTESIAN_POINT('Ctrl Pts',(-23.8659096735281,-21.3368515169784,71.2954426275191));
#2072=CARTESIAN_POINT('Ctrl Pts',(-23.9175922077151,-21.4263892022548,71.1909857596728));
#2073=CARTESIAN_POINT('Ctrl Pts',(-23.9692747419021,-21.5159268875313,71.0865288918264));
#2074=CARTESIAN_POINT('Ctrl Pts',(-24.0186987535037,-21.6015496959698,70.9775293651836));
#2075=CARTESIAN_POINT('Ctrl Pts',(-24.0657299411095,-21.6830271065065,70.8643277338407));
#2076=CARTESIAN_POINT('Ctrl Pts',(-24.0839415201371,-21.7145770710403,70.8204934068717));
#2077=CARTESIAN_POINT('Ctrl Pts',(-24.1017785709187,-21.7454773601392,70.7760669195877));
#2078=CARTESIAN_POINT('Ctrl Pts',(-24.1192342752,-21.7757170893089,70.7310694149094));
#2079=CARTESIAN_POINT('Origin',(-19.7893869099014,-24.2762235785876,0.));
#2080=CARTESIAN_POINT('',(-24.1195139288236,-21.7762235785876,7.5));
#2081=CARTESIAN_POINT('',(-24.1195139288236,-21.7762235785876,0.));
#2082=CARTESIAN_POINT('',(-24.2847736230874,-26.4651727097714,7.5));
#2083=CARTESIAN_POINT('Origin',(-19.7893869099014,-24.2762235785876,7.5));
#2084=CARTESIAN_POINT('',(-24.2847736230874,-26.4651727097714,61.8288704271724));
#2085=CARTESIAN_POINT('',(-24.2847736230874,-26.4651727097714,0.));
#2086=CARTESIAN_POINT('Origin',(-19.7893869099014,-24.2762235785876,71.0833662483985));
#2087=CARTESIAN_POINT('Origin',(-22.8023896615753,-19.4948974278318,7.5));
#2088=CARTESIAN_POINT('',(-22.8023896615753,-19.4948974278318,7.5));
#2089=CARTESIAN_POINT('',(-22.8023896615753,-19.4948974278318,7.5));
#2090=CARTESIAN_POINT('',(-15.7313218497095,-7.24744871391535,7.5));
#2091=CARTESIAN_POINT('Ctrl Pts',(23.0953261273145,-19.1469556607045,72.5));
#2092=CARTESIAN_POINT('Ctrl Pts',(22.5024886164755,-19.8620445707097,72.5));
#2093=CARTESIAN_POINT('Ctrl Pts',(21.226140917818,-21.2682112071351,72.5));
#2094=CARTESIAN_POINT('Ctrl Pts',(18.9986174258318,-23.2847883688196,72.5));
#2095=CARTESIAN_POINT('Ctrl Pts',(16.4454671021566,-25.1627488237315,72.5));
#2096=CARTESIAN_POINT('Ctrl Pts',(13.5616777254498,-26.8265488290543,72.5));
#2097=CARTESIAN_POINT('Ctrl Pts',(10.6596349821222,-28.0977495737885,72.5));
#2098=CARTESIAN_POINT('Ctrl Pts',(7.80152544642271,-29.0172308984419,72.5));
#2099=CARTESIAN_POINT('Ctrl Pts',(5.94723188952696,-29.4191846547037,72.5));
#2100=CARTESIAN_POINT('Ctrl Pts',(5.03408694364745,-29.574616965293,72.5));
#2101=CARTESIAN_POINT('Ctrl Pts',(23.4242240871843,-19.8165920492323,72.3272136971083));
#2102=CARTESIAN_POINT('Ctrl Pts',(22.7816951559068,-20.4751177492126,72.2871020809452));
#2103=CARTESIAN_POINT('Ctrl Pts',(21.410051346988,-21.761005937666,72.2407956230335));
#2104=CARTESIAN_POINT('Ctrl Pts',(19.0858316669025,-23.5999003629544,72.2466413503899));
#2105=CARTESIAN_POINT('Ctrl Pts',(16.5032801902174,-25.3338234280871,72.3029868968709));
#2106=CARTESIAN_POINT('Ctrl Pts',(13.6813946245007,-26.962912281824,72.3019829122243));
#2107=CARTESIAN_POINT('Ctrl Pts',(10.8894702229277,-28.3314637930366,72.2455803893962));
#2108=CARTESIAN_POINT('Ctrl Pts',(8.1366551940683,-29.4235866550543,72.2401846720216));
#2109=CARTESIAN_POINT('Ctrl Pts',(6.33863302548765,-29.9677204944336,72.2872141744761));
#2110=CARTESIAN_POINT('Ctrl Pts',(5.44956008747605,-30.1942691480571,72.3272136971083));
#2111=CARTESIAN_POINT('Ctrl Pts',(24.0138071795359,-21.0989315643291,71.6344191614734));
#2112=CARTESIAN_POINT('Ctrl Pts',(23.2643977226957,-21.6348080061404,71.5793710684979));
#2113=CARTESIAN_POINT('Ctrl Pts',(21.7082790806956,-22.6757311941397,71.5497423640441));
#2114=CARTESIAN_POINT('Ctrl Pts',(19.2212116205301,-24.1801372808756,71.6692451436098));
#2115=CARTESIAN_POINT('Ctrl Pts',(16.6030509062944,-25.6503931003253,71.8828086270245));
#2116=CARTESIAN_POINT('Ctrl Pts',(13.9064438038905,-27.2087521632026,71.8795390597008));
#2117=CARTESIAN_POINT('Ctrl Pts',(11.3253232838458,-28.7401393349903,71.6662573811403));
#2118=CARTESIAN_POINT('Ctrl Pts',(8.78032378499351,-30.1404668655206,71.5476766014159));
#2119=CARTESIAN_POINT('Ctrl Pts',(7.10175045288029,-30.9660283485117,71.5795249026163));
#2120=CARTESIAN_POINT('Ctrl Pts',(6.26530713765066,-31.3460328412236,71.6344191614734));
#2121=CARTESIAN_POINT('Ctrl Pts',(24.3456864122909,-22.0031787574623,70.3917766899847));
#2122=CARTESIAN_POINT('Ctrl Pts',(23.514882417217,-22.4632942045398,70.4286351357304));
#2123=CARTESIAN_POINT('Ctrl Pts',(21.8369302592556,-23.34910721075,70.5890643475976));
#2124=CARTESIAN_POINT('Ctrl Pts',(19.2708543295985,-24.6301541189211,70.9766071740581));
#2125=CARTESIAN_POINT('Ctrl Pts',(16.6667230138953,-25.9063968267865,71.4162012392966));
#2126=CARTESIAN_POINT('Ctrl Pts',(14.0970451528637,-27.3928575763564,71.4108875640034));
#2127=CARTESIAN_POINT('Ctrl Pts',(11.6909800523806,-29.0090640132009,70.9712371095292));
#2128=CARTESIAN_POINT('Ctrl Pts',(9.29966925934528,-30.5894691644537,70.585267190208));
#2129=CARTESIAN_POINT('Ctrl Pts',(7.69406782239442,-31.5975004014238,70.4285321333157));
#2130=CARTESIAN_POINT('Ctrl Pts',(6.88246856182736,-32.0855722843445,70.3917766899847));
#2131=CARTESIAN_POINT('Ctrl Pts',(24.429886588942,-22.3138047951894,69.696892770001));
#2132=CARTESIAN_POINT('Ctrl Pts',(23.5720806344373,-22.7597398965081,69.7922923594834));
#2133=CARTESIAN_POINT('Ctrl Pts',(21.8561440232049,-23.6076771741035,70.0684345779046));
#2134=CARTESIAN_POINT('Ctrl Pts',(19.2741319381025,-24.8178282048527,70.6111556655035));
#2135=CARTESIAN_POINT('Ctrl Pts',(16.6894625650933,-26.018638623206,71.174912113349));
#2136=CARTESIAN_POINT('Ctrl Pts',(14.1831512097994,-27.4689916387749,71.1684640902138));
#2137=CARTESIAN_POINT('Ctrl Pts',(11.8522573782656,-29.1062213485378,70.6046333861603));
#2138=CARTESIAN_POINT('Ctrl Pts',(9.51418737925707,-30.7357475087811,70.0637180358204));
#2139=CARTESIAN_POINT('Ctrl Pts',(7.92219480330229,-31.7953435189482,69.7920257614788));
#2140=CARTESIAN_POINT('Ctrl Pts',(7.10937851325031,-32.313804795191,69.696892770001));
#2141=CARTESIAN_POINT('',(5.48188158588655,-29.4948974278318,72.5));
#2142=CARTESIAN_POINT('',(7.10937851325036,-32.3138047951911,69.6968927700009));
#2143=CARTESIAN_POINT('Ctrl Pts',(5.48188158588656,-29.4948974278318,72.5));
#2144=CARTESIAN_POINT('Ctrl Pts',(5.8004952621271,-30.0467525030667,72.323216289979));
#2145=CARTESIAN_POINT('Ctrl Pts',(6.09854659911447,-30.5629925622443,72.0220348977438));
#2146=CARTESIAN_POINT('Ctrl Pts',(6.51878177885061,-31.2908612446751,71.3648356055186));
#2147=CARTESIAN_POINT('Ctrl Pts',(6.6629148151521,-31.5405069863499,71.0774104299838));
#2148=CARTESIAN_POINT('Ctrl Pts',(6.9167119159551,-31.9800964597544,70.4324772802444));
#2149=CARTESIAN_POINT('Ctrl Pts',(7.02455273747115,-32.1668822417471,70.075820116114));
#2150=CARTESIAN_POINT('Ctrl Pts',(7.10937851325157,-32.3138047951902,69.6968927700012));
#2151=CARTESIAN_POINT('',(24.429886588942,-22.3138047951895,69.6968927700008));
#2152=CARTESIAN_POINT('Ctrl Pts',(7.10937851325031,-32.313804795191,69.696892770001));
#2153=CARTESIAN_POINT('Ctrl Pts',(7.92219480330229,-31.7953435189482,69.7920257614788));
#2154=CARTESIAN_POINT('Ctrl Pts',(9.51418737925707,-30.7357475087811,70.0637180358204));
#2155=CARTESIAN_POINT('Ctrl Pts',(11.8522573782656,-29.1062213485378,70.6046333861603));
#2156=CARTESIAN_POINT('Ctrl Pts',(14.1831512097994,-27.4689916387749,71.1684640902138));
#2157=CARTESIAN_POINT('Ctrl Pts',(16.6894625650933,-26.018638623206,71.174912113349));
#2158=CARTESIAN_POINT('Ctrl Pts',(19.2741319381025,-24.8178282048527,70.6111556655035));
#2159=CARTESIAN_POINT('Ctrl Pts',(21.8561440232049,-23.6076771741035,70.0684345779046));
#2160=CARTESIAN_POINT('Ctrl Pts',(23.5720806344373,-22.7597398965081,69.7922923594834));
#2161=CARTESIAN_POINT('Ctrl Pts',(24.429886588942,-22.3138047951894,69.696892770001));
#2162=CARTESIAN_POINT('',(22.8023896615753,-19.4948974278318,72.5));
#2163=CARTESIAN_POINT('Ctrl Pts',(24.4298865889403,-22.3138047951902,69.6968927700012));
#2164=CARTESIAN_POINT('Ctrl Pts',(24.2977313062686,-22.0849051311141,70.2872469409695));
#2165=CARTESIAN_POINT('Ctrl Pts',(24.1101351960781,-21.7599791371459,70.8216610568208));
#2166=CARTESIAN_POINT('Ctrl Pts',(23.7256223181535,-21.093983296416,71.5635399762137));
#2167=CARTESIAN_POINT('Ctrl Pts',(23.5561142091514,-20.8003866391514,71.8172615483132));
#2168=CARTESIAN_POINT('Ctrl Pts',(23.1931432763689,-20.1717025419013,72.230114692871));
#2169=CARTESIAN_POINT('Ctrl Pts',(23.0015605522,-19.8398715297824,72.3894894613807));
#2170=CARTESIAN_POINT('Ctrl Pts',(22.8023896615753,-19.4948974278318,72.5));
#2171=CARTESIAN_POINT('Origin',(0.,0.,72.5));
#2172=CARTESIAN_POINT('Origin',(27.1602540378444,-27.0429399400242,57.5));
#2173=CARTESIAN_POINT('',(7.3397459621556,-32.712812921102,68.6678125730815));
#2174=CARTESIAN_POINT('',(6.48188158588655,-31.2269482354007,72.5));
#2175=CARTESIAN_POINT('',(14.1698729810778,-34.5429399400242,57.5));
#2176=CARTESIAN_POINT('Origin',(11.6698729810778,-30.212812921102,68.6678125730815));
#2177=CARTESIAN_POINT('',(24.8519279275892,-28.3756526411575,57.5));
#2178=CARTESIAN_POINT('',(18.5,-32.0429399400242,57.5));
#2179=CARTESIAN_POINT('',(24.1359127034707,-27.1109127034707,60.7460465144476));
#2180=CARTESIAN_POINT('Origin',(25.6109127034707,-27.1109127034707,59.0987941599181));
#2181=CARTESIAN_POINT('',(26.5363995913325,-25.962392342138,60.2868358126111));
#2182=CARTESIAN_POINT('Origin',(25.6109127034707,-27.1109127034707,59.0987941599181));
#2183=CARTESIAN_POINT('',(23.8023896615753,-21.2269482354007,72.5));
#2184=CARTESIAN_POINT('',(15.314830572407,-30.0045705633772,65.));
#2185=CARTESIAN_POINT('Origin',(16.5922180429891,-29.2670705633772,65.));
#2186=CARTESIAN_POINT('Origin',(5.48188158588655,-29.4948974278318,7.5));
#2187=CARTESIAN_POINT('',(5.48188158588655,-29.4948974278318,7.5));
#2188=CARTESIAN_POINT('',(5.48188158588655,-29.4948974278318,7.5));
#2189=CARTESIAN_POINT('',(7.33974596215561,-32.712812921102,7.5));
#2190=CARTESIAN_POINT('',(-1.58918622598005,-17.2474487139139,7.5));
#2191=CARTESIAN_POINT('',(7.33974596215561,-32.712812921102,7.5));
#2192=CARTESIAN_POINT('Ctrl Pts',(28.1294130709621,10.4276613045874,72.5));
#2193=CARTESIAN_POINT('Ctrl Pts',(28.4513764900991,9.55914038257949,72.5));
#2194=CARTESIAN_POINT('Ctrl Pts',(29.0307848910865,7.75205431874577,72.5));
#2195=CARTESIAN_POINT('Ctrl Pts',(29.6639737878778,4.81497486935508,72.5));
#2196=CARTESIAN_POINT('Ctrl Pts',(30.0141972548435,1.66356211826278,72.5));
#2197=CARTESIAN_POINT('Ctrl Pts',(30.0135619297365,-1.66602727870099,72.5));
#2198=CARTESIAN_POINT('Ctrl Pts',(29.6632599499155,-4.81719201111239,72.5));
#2199=CARTESIAN_POINT('Ctrl Pts',(29.0308869309073,-7.75054873464524,72.5));
#2200=CARTESIAN_POINT('Ctrl Pts',(28.4513764900991,-9.55914038257949,72.5));
#2201=CARTESIAN_POINT('Ctrl Pts',(28.1294130709621,-10.4276613045874,72.5));
#2202=CARTESIAN_POINT('Ctrl Pts',(28.8737841746604,10.3776770988236,72.3272136971083));
#2203=CARTESIAN_POINT('Ctrl Pts',(29.1221231957914,9.49444500872547,72.2872142644556));
#2204=CARTESIAN_POINT('Ctrl Pts',(29.5498094043497,7.66495615719821,72.2408276687018));
#2205=CARTESIAN_POINT('Ctrl Pts',(29.9806585633069,4.73289850113703,72.2465560182543));
#2206=CARTESIAN_POINT('Ctrl Pts',(30.191291316937,1.62802366616857,72.3029117546531));
#2207=CARTESIAN_POINT('Ctrl Pts',(30.1913970189509,-1.63057976814514,72.301966386094));
#2208=CARTESIAN_POINT('Ctrl Pts',(29.9805371606141,-4.73500807402677,72.2455461962343));
#2209=CARTESIAN_POINT('Ctrl Pts',(29.5502253896056,-7.66348900693534,72.2401175578736));
#2210=CARTESIAN_POINT('Ctrl Pts',(29.1221231957914,-9.49444500872547,72.2872142644556));
#2211=CARTESIAN_POINT('Ctrl Pts',(28.8737841746604,-10.3776770988236,72.3272136971083));
#2212=CARTESIAN_POINT('Ctrl Pts',(30.2791172520397,10.24710149643,71.6344226980945));
#2213=CARTESIAN_POINT('Ctrl Pts',(30.3682451649187,9.33272014717928,71.579528562723));
#2214=CARTESIAN_POINT('Ctrl Pts',(30.4917097896181,7.46589823869293,71.5497692684364));
#2215=CARTESIAN_POINT('Ctrl Pts',(30.5512293458356,4.5599100981179,71.6690770352348));
#2216=CARTESIAN_POINT('Ctrl Pts',(30.5154581144006,1.55600561777478,71.8827450539176));
#2217=CARTESIAN_POINT('Ctrl Pts',(30.5166911038403,-1.55870400765723,71.8797164792684));
#2218=CARTESIAN_POINT('Ctrl Pts',(30.5523688374527,-4.56189540029919,71.6663076311754));
#2219=CARTESIAN_POINT('Ctrl Pts',(30.492674585952,-7.46449402138681,71.5476953502419));
#2220=CARTESIAN_POINT('Ctrl Pts',(30.3682451649187,-9.33272014717928,71.579528562723));
#2221=CARTESIAN_POINT('Ctrl Pts',(30.2791172520397,-10.24710149643,71.6344226980946));
#2222=CARTESIAN_POINT('Ctrl Pts',(31.2281549741179,10.0823935268811,70.3917766899848));
#2223=CARTESIAN_POINT('Ctrl Pts',(31.2112719928978,9.13549413814678,70.4285320506338));
#2224=CARTESIAN_POINT('Ctrl Pts',(31.1395101699894,7.2406260624383,70.5886938193855));
#2225=CARTESIAN_POINT('Ctrl Pts',(30.9659292900922,4.37776343934326,70.9761240307247));
#2226=CARTESIAN_POINT('Ctrl Pts',(30.7689912055157,1.48300713077095,71.4160013795863));
#2227=CARTESIAN_POINT('Ctrl Pts',(30.7712424412517,-1.48579560396469,71.4111705781037));
#2228=CARTESIAN_POINT('Ctrl Pts',(30.9680105966682,-4.3796998426925,70.9712800556015));
#2229=CARTESIAN_POINT('Ctrl Pts',(31.1409886747539,-7.23923326887228,70.5853998727413));
#2230=CARTESIAN_POINT('Ctrl Pts',(31.2112719928978,-9.13549413814679,70.4285320506338));
#2231=CARTESIAN_POINT('Ctrl Pts',(31.2281549741179,-10.0823935268811,70.3917766899848));
#2232=CARTESIAN_POINT('Ctrl Pts',(31.539265102192,10.0000000000005,69.6968927700011));
#2233=CARTESIAN_POINT('Ctrl Pts',(31.4966727069256,9.03685197270573,69.7920255474758));
#2234=CARTESIAN_POINT('Ctrl Pts',(31.3731743192276,7.12798128963202,70.0678669168537));
#2235=CARTESIAN_POINT('Ctrl Pts',(31.1302079396842,4.28670029799578,70.6105475145137));
#2236=CARTESIAN_POINT('Ctrl Pts',(30.8776308507846,1.44651022979571,71.1746942323308));
#2237=CARTESIAN_POINT('Ctrl Pts',(30.8802396056334,-1.44934514574412,71.1688674152908));
#2238=CARTESIAN_POINT('Ctrl Pts',(31.13281746575,-4.28861370195265,70.6047189749123));
#2239=CARTESIAN_POINT('Ctrl Pts',(31.3749208694375,-7.12659711313916,70.0639658877749));
#2240=CARTESIAN_POINT('Ctrl Pts',(31.4966727069256,-9.03685197270574,69.7920255474758));
#2241=CARTESIAN_POINT('Ctrl Pts',(31.539265102192,-10.0000000000005,69.6968927700011));
#2242=CARTESIAN_POINT('',(28.2842712474619,-10.,72.5));
#2243=CARTESIAN_POINT('',(31.539265102192,-10.0000000000005,69.6968927700011));
#2244=CARTESIAN_POINT('Ctrl Pts',(28.2842712474619,-10.,72.5));
#2245=CARTESIAN_POINT('Ctrl Pts',(28.9214946021088,-10.,72.3232173990838));
#2246=CARTESIAN_POINT('Ctrl Pts',(29.5175938326907,-10.0000000001227,72.0220386659355));
#2247=CARTESIAN_POINT('Ctrl Pts',(30.3580642223793,-10.0000000001227,71.3648426580818));
#2248=CARTESIAN_POINT('Ctrl Pts',(30.6463323532688,-10.0000000000015,71.0774164660596));
#2249=CARTESIAN_POINT('Ctrl Pts',(31.1539298589098,-10.0000000000015,70.4324806662999));
#2250=CARTESIAN_POINT('Ctrl Pts',(31.3696127437441,-10.,70.0758219183464));
#2251=CARTESIAN_POINT('Ctrl Pts',(31.5392651021919,-10.,69.6968927700012));
#2252=CARTESIAN_POINT('',(31.539265102192,10.0000000000005,69.6968927700011));
#2253=CARTESIAN_POINT('Ctrl Pts',(31.539265102192,-10.0000000000005,69.6968927700011));
#2254=CARTESIAN_POINT('Ctrl Pts',(31.4966727069256,-9.03685197270574,69.7920255474758));
#2255=CARTESIAN_POINT('Ctrl Pts',(31.3749208694375,-7.12659711313916,70.0639658877749));
#2256=CARTESIAN_POINT('Ctrl Pts',(31.13281746575,-4.28861370195265,70.6047189749123));
#2257=CARTESIAN_POINT('Ctrl Pts',(30.8802396056334,-1.44934514574412,71.1688674152908));
#2258=CARTESIAN_POINT('Ctrl Pts',(30.8776308507846,1.44651022979571,71.1746942323308));
#2259=CARTESIAN_POINT('Ctrl Pts',(31.1302079396842,4.28670029799578,70.6105475145137));
#2260=CARTESIAN_POINT('Ctrl Pts',(31.3731743192276,7.12798128963202,70.0678669168537));
#2261=CARTESIAN_POINT('Ctrl Pts',(31.4966727069256,9.03685197270573,69.7920255474758));
#2262=CARTESIAN_POINT('Ctrl Pts',(31.539265102192,10.0000000000005,69.6968927700011));
#2263=CARTESIAN_POINT('',(28.2842712474619,10.,72.5));
#2264=CARTESIAN_POINT('Ctrl Pts',(31.5392651021919,10.,69.6968927700012));
#2265=CARTESIAN_POINT('Ctrl Pts',(31.2749548168998,10.,70.2872463154572));
#2266=CARTESIAN_POINT('Ctrl Pts',(30.8997631091995,9.99999999991899,70.8216599299235));
#2267=CARTESIAN_POINT('Ctrl Pts',(30.130739007308,9.99999999991899,71.5635378522791));
#2268=CARTESIAN_POINT('Ctrl Pts',(29.7917239514826,9.9999999999974,71.8172589550449));
#2269=CARTESIAN_POINT('Ctrl Pts',(29.0657819534008,9.9999999999974,72.2301132459932));
#2270=CARTESIAN_POINT('Ctrl Pts',(28.6826148392609,10.,72.3894889590864));
#2271=CARTESIAN_POINT('Ctrl Pts',(28.2842712474619,10.,72.5));
#2272=CARTESIAN_POINT('Origin',(0.,0.,72.5));
#2273=CARTESIAN_POINT('Origin',(37.,10.,7.5));
#2274=CARTESIAN_POINT('',(32.,10.,68.6678125730815));
#2275=CARTESIAN_POINT('',(30.2842712474619,10.,72.5));
#2276=CARTESIAN_POINT('',(32.,10.,7.5));
#2277=CARTESIAN_POINT('',(32.,10.,7.5));
#2278=CARTESIAN_POINT('',(28.2842712474619,10.,7.5));
#2279=CARTESIAN_POINT('',(18.4999999999984,10.,7.5));
#2280=CARTESIAN_POINT('',(28.2842712474619,10.,7.5));
#2281=CARTESIAN_POINT('Origin',(37.,10.,57.5));
#2282=CARTESIAN_POINT('',(32.,-10.,68.6678125730815));
#2283=CARTESIAN_POINT('',(30.2842712474619,-10.,72.5));
#2284=CARTESIAN_POINT('',(37.,-5.,57.5));
#2285=CARTESIAN_POINT('Origin',(32.,-5.,68.6678125730815));
#2286=CARTESIAN_POINT('',(37.,5.,57.5));
#2287=CARTESIAN_POINT('',(37.,-4.53119315684521E-15,57.5));
#2288=CARTESIAN_POINT('Origin',(32.,5.,68.6678125730815));
#2289=CARTESIAN_POINT('',(33.642135623731,-1.475,65.));
#2290=CARTESIAN_POINT('Origin',(33.642135623731,-4.44089209850063E-15,65.));
#2291=CARTESIAN_POINT('Ctrl Pts',(5.0340869436474,29.574616965293,72.5));
#2292=CARTESIAN_POINT('Ctrl Pts',(5.94533196450513,29.4195080532369,72.5));
#2293=CARTESIAN_POINT('Ctrl Pts',(7.79366747680922,29.019543207787,72.5));
#2294=CARTESIAN_POINT('Ctrl Pts',(10.650171925987,28.1013906398704,72.5));
#2295=CARTESIAN_POINT('Ctrl Pts',(13.54514429839,26.8350750610488,72.5));
#2296=CARTESIAN_POINT('Ctrl Pts',(16.4246378744448,25.1754231551045,72.5));
#2297=CARTESIAN_POINT('Ctrl Pts',(18.9751790316506,23.3032344251218,72.5));
#2298=CARTESIAN_POINT('Ctrl Pts',(21.2007340826936,21.2929157252524,72.5));
#2299=CARTESIAN_POINT('Ctrl Pts',(22.4779452542871,19.8898177422978,72.5));
#2300=CARTESIAN_POINT('Ctrl Pts',(23.0716866242556,19.1754341883605,72.5));
#2301=CARTESIAN_POINT('Ctrl Pts',(5.449560087476,30.1942691480571,72.3272136971083));
#2302=CARTESIAN_POINT('Ctrl Pts',(6.33678318562511,29.9681918604064,72.2872973990444));
#2303=CARTESIAN_POINT('Ctrl Pts',(8.12889292951529,29.4260865533617,72.2409624732176));
#2304=CARTESIAN_POINT('Ctrl Pts',(10.8800752889787,28.3353048798495,72.2464539581359));
#2305=CARTESIAN_POINT('Ctrl Pts',(13.6652415394892,26.9711392721188,72.3025360025478));
#2306=CARTESIAN_POINT('Ctrl Pts',(16.4830865097094,25.3463300870584,72.3024359625694));
#2307=CARTESIAN_POINT('Ctrl Pts',(19.0619405959762,23.6171958191107,72.246100331036));
#2308=CARTESIAN_POINT('Ctrl Pts',(21.3834226435422,21.7838356628315,72.2398469894391));
#2309=CARTESIAN_POINT('Ctrl Pts',(22.7552553556831,20.500583677758,72.2859767767133));
#2310=CARTESIAN_POINT('Ctrl Pts',(23.3986078748914,19.8428177506107,72.3256401711845));
#2311=CARTESIAN_POINT('Ctrl Pts',(6.26530714072335,31.3460328476021,71.6344191699813));
#2312=CARTESIAN_POINT('Ctrl Pts',(7.10001011933821,30.9668190070723,71.5796391262622));
#2313=CARTESIAN_POINT('Ctrl Pts',(8.77279291326385,30.1433733168573,71.5496276018415));
#2314=CARTESIAN_POINT('Ctrl Pts',(11.3160730724445,28.744094950059,71.6682560397657));
#2315=CARTESIAN_POINT('Ctrl Pts',(13.8911393965806,27.2165610954175,71.8812310005295));
#2316=CARTESIAN_POINT('Ctrl Pts',(16.5840007794803,25.6623811986505,71.8810575959445));
#2317=CARTESIAN_POINT('Ctrl Pts',(19.1968384922846,24.1954334490714,71.6685792473735));
#2318=CARTESIAN_POINT('Ctrl Pts',(21.6794701044707,22.6948936569377,71.548418191457));
#2319=CARTESIAN_POINT('Ctrl Pts',(23.2341586828823,21.65547526314,71.578244535364));
#2320=CARTESIAN_POINT('Ctrl Pts',(23.9839372431672,21.120266134701,71.632239460246));
#2321=CARTESIAN_POINT('Ctrl Pts',(6.88246856182731,32.0855722843446,70.3917766899848));
#2322=CARTESIAN_POINT('Ctrl Pts',(7.69237917728959,31.5985159028368,70.4284556585054));
#2323=CARTESIAN_POINT('Ctrl Pts',(9.29219598399607,30.5925032944753,70.5877344945389));
#2324=CARTESIAN_POINT('Ctrl Pts',(11.681896230654,29.0128993630325,70.9741749842232));
#2325=CARTESIAN_POINT('Ctrl Pts',(14.0824281235705,27.4000162957838,71.4131573712443));
#2326=CARTESIAN_POINT('Ctrl Pts',(16.6489001260176,25.9180686522739,71.4137459877803));
#2327=CARTESIAN_POINT('Ctrl Pts',(19.2465969035422,24.6440788854864,70.9765648690318));
#2328=CARTESIAN_POINT('Ctrl Pts',(21.8069685786662,23.3660370459801,70.5897991859972));
#2329=CARTESIAN_POINT('Ctrl Pts',(23.4820161352376,22.4809568954203,70.431184564613));
#2330=CARTESIAN_POINT('Ctrl Pts',(24.3125943362622,22.0215099867785,70.3932748023311));
#2331=CARTESIAN_POINT('Ctrl Pts',(7.10937851325026,32.3138047951911,69.696892770001));
#2332=CARTESIAN_POINT('Ctrl Pts',(7.92050362599841,31.7964222497193,69.791827824063));
#2333=CARTESIAN_POINT('Ctrl Pts',(9.50666956795757,30.7387128944989,70.0663777761033));
#2334=CARTESIAN_POINT('Ctrl Pts',(11.8431408384872,29.1097927353602,70.6079063552489));
#2335=CARTESIAN_POINT('Ctrl Pts',(14.1689040644466,27.4758682984113,71.1710733619277));
#2336=CARTESIAN_POINT('Ctrl Pts',(16.6722142080333,26.0300823069336,71.172038987427));
#2337=CARTESIAN_POINT('Ctrl Pts',(19.2501426173062,24.8314284602192,70.6116392178346));
#2338=CARTESIAN_POINT('Ctrl Pts',(21.8259359407728,23.6240561467778,70.070488192991));
#2339=CARTESIAN_POINT('Ctrl Pts',(23.5383716761467,22.7767148391356,69.7971028893934));
#2340=CARTESIAN_POINT('Ctrl Pts',(24.3957166623072,22.3315574858867,69.7007136856105));
#2341=CARTESIAN_POINT('',(24.1195139288217,21.7762235785845,70.7313922714505));
#2342=CARTESIAN_POINT('',(24.3957166623072,22.3315574858867,69.7007136856105));
#2343=CARTESIAN_POINT('Ctrl Pts',(24.1195139288217,21.7762235785845,70.7313922714504));
#2344=CARTESIAN_POINT('Ctrl Pts',(24.2428795881704,21.9898991684855,70.4134427325093));
#2345=CARTESIAN_POINT('Ctrl Pts',(24.3312670448531,22.1788957042458,70.0679868346778));
#2346=CARTESIAN_POINT('Ctrl Pts',(24.3957166623068,22.3315574858869,69.7007136856105));
#2347=CARTESIAN_POINT('',(7.10937851325031,32.3138047951911,69.6968927700009));
#2348=CARTESIAN_POINT('Ctrl Pts',(24.3957166623072,22.3315574858867,69.7007136856105));
#2349=CARTESIAN_POINT('Ctrl Pts',(23.5383716761467,22.7767148391356,69.7971028893934));
#2350=CARTESIAN_POINT('Ctrl Pts',(21.8259359407728,23.6240561467778,70.070488192991));
#2351=CARTESIAN_POINT('Ctrl Pts',(19.2501426173062,24.8314284602192,70.6116392178346));
#2352=CARTESIAN_POINT('Ctrl Pts',(16.6722142080333,26.0300823069336,71.172038987427));
#2353=CARTESIAN_POINT('Ctrl Pts',(14.1689040644466,27.4758682984113,71.1710733619277));
#2354=CARTESIAN_POINT('Ctrl Pts',(11.8431408384872,29.1097927353602,70.6079063552489));
#2355=CARTESIAN_POINT('Ctrl Pts',(9.50666956795757,30.7387128944989,70.0663777761033));
#2356=CARTESIAN_POINT('Ctrl Pts',(7.92050362599841,31.7964222497193,69.791827824063));
#2357=CARTESIAN_POINT('Ctrl Pts',(7.10937851325026,32.3138047951911,69.696892770001));
#2358=CARTESIAN_POINT('',(5.48188158588657,29.4948974278318,72.5));
#2359=CARTESIAN_POINT('Ctrl Pts',(7.10937851325159,32.3138047951902,69.6968927700012));
#2360=CARTESIAN_POINT('Ctrl Pts',(6.97722325588314,32.0849051749407,70.2872468279365));
#2361=CARTESIAN_POINT('Ctrl Pts',(6.78962719215301,31.7599792610917,70.8216608531841));
#2362=CARTESIAN_POINT('Ctrl Pts',(6.40511446601437,31.0939836832628,71.56353958788));
#2363=CARTESIAN_POINT('Ctrl Pts',(6.23560646476906,30.8003872129795,71.8172610718703));
#2364=CARTESIAN_POINT('Ctrl Pts',(5.87263552081072,30.1717030963724,72.2301144263944));
#2365=CARTESIAN_POINT('Ctrl Pts',(5.68105264323894,29.8398718185633,72.3894893688714));
#2366=CARTESIAN_POINT('Ctrl Pts',(5.48188158588658,29.4948974278318,72.5));
#2367=CARTESIAN_POINT('',(22.8023896615753,19.4948974278318,72.5));
#2368=CARTESIAN_POINT('Origin',(0.,0.,72.5));
#2369=CARTESIAN_POINT('Ctrl Pts',(22.8026097541705,19.4946761531843,72.5));
#2370=CARTESIAN_POINT('Ctrl Pts',(22.8705441503229,19.6123693387155,72.462275674017));
#2371=CARTESIAN_POINT('Ctrl Pts',(22.9375098258355,19.7284088048349,72.4188105671944));
#2372=CARTESIAN_POINT('Ctrl Pts',(23.0033743160423,19.8425419878875,72.3698678500888));
#2373=CARTESIAN_POINT('Ctrl Pts',(23.071063940678,19.9598378523975,72.3195689084417));
#2374=CARTESIAN_POINT('Ctrl Pts',(23.1375907936383,20.0751208622426,72.2634842310512));
#2375=CARTESIAN_POINT('Ctrl Pts',(23.2027951972238,20.1881020441057,72.2018489142032));
#2376=CARTESIAN_POINT('Ctrl Pts',(23.2685292653213,20.3020009879491,72.1397129250352));
#2377=CARTESIAN_POINT('Ctrl Pts',(23.3329195453524,20.4135610318402,72.0719352585007));
#2378=CARTESIAN_POINT('Ctrl Pts',(23.3957825970771,20.5224635454343,71.9987127491428));
#2379=CARTESIAN_POINT('Ctrl Pts',(23.4587945950579,20.6316240901173,71.9253167480702));
#2380=CARTESIAN_POINT('Ctrl Pts',(23.5202723173528,20.7381149076741,71.8464495713053));
#2381=CARTESIAN_POINT('Ctrl Pts',(23.5800079370678,20.8415858668656,71.7622729463222));
#2382=CARTESIAN_POINT('Ctrl Pts',(23.6137717830036,20.9000698591912,71.7146945230817));
#2383=CARTESIAN_POINT('Ctrl Pts',(23.6469786353928,20.9575885166199,71.6654192450688));
#2384=CARTESIAN_POINT('Ctrl Pts',(23.6795873656925,21.0140737771902,71.6144720709055));
#2385=CARTESIAN_POINT('Ctrl Pts',(23.7054340282626,21.0588456973701,71.5740898049478));
#2386=CARTESIAN_POINT('Ctrl Pts',(23.730869129746,21.1029060873189,71.5327131544727));
#2387=CARTESIAN_POINT('Ctrl Pts',(23.7558762411445,21.1462269315383,71.4903595687355));
#2388=CARTESIAN_POINT('Ctrl Pts',(23.8119688854824,21.2433985187917,71.3953576077602));
#2389=CARTESIAN_POINT('Ctrl Pts',(23.865909968131,21.33685137331,71.2954426955101));
#2390=CARTESIAN_POINT('Ctrl Pts',(23.9175924519721,21.4263890805844,71.1909858242361));
#2391=CARTESIAN_POINT('Ctrl Pts',(23.9692749358133,21.5159267878587,71.086528952962));
#2392=CARTESIAN_POINT('Ctrl Pts',(24.0186989045379,21.6015496169476,70.9775294201434));
#2393=CARTESIAN_POINT('Ctrl Pts',(24.065730057216,21.6830270446013,70.8643277806697));
#2394=CARTESIAN_POINT('Ctrl Pts',(24.0839416227186,21.7145770157631,70.8204934505526));
#2395=CARTESIAN_POINT('Ctrl Pts',(24.1017786611782,21.7454773109881,70.7760669598667));
#2396=CARTESIAN_POINT('Ctrl Pts',(24.1192343543514,21.7757170457546,70.7310694516885));
#2397=CARTESIAN_POINT('Origin',(19.7893869098995,24.2762235785845,0.));
#2398=CARTESIAN_POINT('',(24.1195139288217,21.7762235785845,7.5));
#2399=CARTESIAN_POINT('',(24.1195139288217,21.7762235785845,0.));
#2400=CARTESIAN_POINT('',(24.2847736230819,26.4651727097759,7.5));
#2401=CARTESIAN_POINT('Origin',(19.7893869098995,24.2762235785845,7.5));
#2402=CARTESIAN_POINT('',(24.2847736230819,26.4651727097759,61.82887042717));
#2403=CARTESIAN_POINT('',(24.2847736230819,26.4651727097759,0.));
#2404=CARTESIAN_POINT('Origin',(19.7893869098995,24.2762235785845,71.0833662484066));
#2405=CARTESIAN_POINT('Origin',(22.8023896615753,19.4948974278318,7.5));
#2406=CARTESIAN_POINT('',(22.8023896615753,19.4948974278318,7.5));
#2407=CARTESIAN_POINT('',(22.8023896615753,19.4948974278318,7.5));
#2408=CARTESIAN_POINT('',(15.7313218497102,7.24744871391642,7.5));
#2409=CARTESIAN_POINT('Ctrl Pts',(-23.0716866242561,19.1754341883599,72.5));
#2410=CARTESIAN_POINT('Ctrl Pts',(-22.4779452542876,19.8898177422972,72.5));
#2411=CARTESIAN_POINT('Ctrl Pts',(-21.2018539764569,21.2923296097457,72.5));
#2412=CARTESIAN_POINT('Ctrl Pts',(-18.9742267900657,23.304447613184,72.5));
#2413=CARTESIAN_POINT('Ctrl Pts',(-16.4232791703341,25.1769941217731,72.5));
#2414=CARTESIAN_POINT('Ctrl Pts',(-13.5431540181941,26.8355190766458,72.5));
#2415=CARTESIAN_POINT('Ctrl Pts',(-10.64893716017,28.1015335929596,72.5));
#2416=CARTESIAN_POINT('Ctrl Pts',(-7.79446671031466,29.0189550920361,72.5));
#2417=CARTESIAN_POINT('Ctrl Pts',(-5.94533196450513,29.4195080532369,72.5));
#2418=CARTESIAN_POINT('Ctrl Pts',(-5.03408694364735,29.574616965293,72.5));
#2419=CARTESIAN_POINT('Ctrl Pts',(-23.3986078748919,19.8428177506102,72.3256401711846));
#2420=CARTESIAN_POINT('Ctrl Pts',(-22.7552553556837,20.5005836777574,72.2859767767133));
#2421=CARTESIAN_POINT('Ctrl Pts',(-21.3843402539963,21.7829753064044,72.2405058403067));
#2422=CARTESIAN_POINT('Ctrl Pts',(-19.060821574152,23.6178874730408,72.247084292231));
#2423=CARTESIAN_POINT('Ctrl Pts',(-16.4812873583534,25.3472942447954,72.3033519950663));
#2424=CARTESIAN_POINT('Ctrl Pts',(-13.6635368220462,26.9722513742428,72.3016235032379));
#2425=CARTESIAN_POINT('Ctrl Pts',(-10.8791916148588,28.3358344813521,72.2454679818199));
#2426=CARTESIAN_POINT('Ctrl Pts',(-8.12982898858891,29.4258306959898,72.2403018370535));
#2427=CARTESIAN_POINT('Ctrl Pts',(-6.33678318562511,29.9681918604064,72.2872973990444));
#2428=CARTESIAN_POINT('Ctrl Pts',(-5.44956008747596,30.1942691480571,72.3272136971083));
#2429=CARTESIAN_POINT('Ctrl Pts',(-23.9839372431679,21.1202661347006,71.632239460246));
#2430=CARTESIAN_POINT('Ctrl Pts',(-23.2341586828829,21.6554752631396,71.578244535364));
#2431=CARTESIAN_POINT('Ctrl Pts',(-21.6800365463648,22.693546063717,71.5503802740727));
#2432=CARTESIAN_POINT('Ctrl Pts',(-19.1952617657806,24.1950533880758,71.6712348928254));
#2433=CARTESIAN_POINT('Ctrl Pts',(-16.5815331456807,25.662426456861,71.8840270192769));
#2434=CARTESIAN_POINT('Ctrl Pts',(-13.8898615657386,27.2186809429821,71.8782859973287));
#2435=CARTESIAN_POINT('Ctrl Pts',(-11.3158547512216,28.7455224013579,71.6656130153511));
#2436=CARTESIAN_POINT('Ctrl Pts',(-8.77397957977736,30.1437031762862,71.5476549013644));
#2437=CARTESIAN_POINT('Ctrl Pts',(-7.10001011933821,30.9668190070723,71.5796391262622));
#2438=CARTESIAN_POINT('Ctrl Pts',(-6.26530714072332,31.3460328476021,71.6344191699813));
#2439=CARTESIAN_POINT('Ctrl Pts',(-24.3125943362629,22.0215099867781,70.393274802331));
#2440=CARTESIAN_POINT('Ctrl Pts',(-23.4820161352383,22.4809568954199,70.4311845646129));
#2441=CARTESIAN_POINT('Ctrl Pts',(-21.8072567765471,23.3642273582482,70.5929624744112));
#2442=CARTESIAN_POINT('Ctrl Pts',(-19.2446458937771,24.6429251907339,70.9811831356802));
#2443=CARTESIAN_POINT('Ctrl Pts',(-16.645857511047,25.9172626842376,71.4184915089898));
#2444=CARTESIAN_POINT('Ctrl Pts',(-14.0815744878038,27.4030397623652,71.4084712324476));
#2445=CARTESIAN_POINT('Ctrl Pts',(-11.6821332218459,29.0150171084608,70.9696038179832));
#2446=CARTESIAN_POINT('Ctrl Pts',(-9.29364461522922,30.5933281456833,70.5845329075895));
#2447=CARTESIAN_POINT('Ctrl Pts',(-7.69237917728959,31.5985159028368,70.4284556585054));
#2448=CARTESIAN_POINT('Ctrl Pts',(-6.88246856182727,32.0855722843446,70.3917766899848));
#2449=CARTESIAN_POINT('Ctrl Pts',(-24.3957166623079,22.3315574858863,69.7007136856104));
#2450=CARTESIAN_POINT('Ctrl Pts',(-23.5383716761474,22.7767148391352,69.7971028893933));
#2451=CARTESIAN_POINT('Ctrl Pts',(-21.8260852539148,23.6220211792833,70.0742577250195));
#2452=CARTESIAN_POINT('Ctrl Pts',(-19.247965281452,24.8298230999474,70.6171761092042));
#2453=CARTESIAN_POINT('Ctrl Pts',(-16.6689648932987,26.0289931070726,71.177774624343));
#2454=CARTESIAN_POINT('Ctrl Pts',(-14.1681830183246,27.4792082770949,71.1654180188805));
#2455=CARTESIAN_POINT('Ctrl Pts',(-11.8436457632512,29.1123284589962,70.6024375590288));
#2456=CARTESIAN_POINT('Ctrl Pts',(-9.50824321783005,30.7397802780556,70.0625556900536));
#2457=CARTESIAN_POINT('Ctrl Pts',(-7.92050362599841,31.7964222497192,69.791827824063));
#2458=CARTESIAN_POINT('Ctrl Pts',(-7.10937851325023,32.3138047951911,69.696892770001));
#2459=CARTESIAN_POINT('',(-5.48188158588654,29.4948974278318,72.5));
#2460=CARTESIAN_POINT('',(-7.10937851325028,32.3138047951911,69.6968927700009));
#2461=CARTESIAN_POINT('Ctrl Pts',(-5.48188158588654,29.4948974278318,72.5));
#2462=CARTESIAN_POINT('Ctrl Pts',(-5.80049492390237,30.0467519172443,72.3232164776439));
#2463=CARTESIAN_POINT('Ctrl Pts',(-6.09854596955175,30.5629914718138,72.0220355353371));
#2464=CARTESIAN_POINT('Ctrl Pts',(-6.51878115136223,31.2908601578374,71.3648367995958));
#2465=CARTESIAN_POINT('Ctrl Pts',(-6.66291436143258,31.5405062004848,71.0774114530452));
#2466=CARTESIAN_POINT('Ctrl Pts',(-6.91671174199685,31.98009615845,70.4324778552772));
#2467=CARTESIAN_POINT('Ctrl Pts',(-7.02455266895684,32.1668821230769,70.0758204221759));
#2468=CARTESIAN_POINT('Ctrl Pts',(-7.10937851325156,32.3138047951902,69.6968927700012));
#2469=CARTESIAN_POINT('',(-24.3957166623079,22.3315574858863,69.7007136856104));
#2470=CARTESIAN_POINT('Ctrl Pts',(-7.10937851325023,32.3138047951911,69.696892770001));
#2471=CARTESIAN_POINT('Ctrl Pts',(-7.92050362599841,31.7964222497192,69.791827824063));
#2472=CARTESIAN_POINT('Ctrl Pts',(-9.50824321783005,30.7397802780556,70.0625556900536));
#2473=CARTESIAN_POINT('Ctrl Pts',(-11.8436457632512,29.1123284589962,70.6024375590288));
#2474=CARTESIAN_POINT('Ctrl Pts',(-14.1681830183246,27.4792082770949,71.1654180188805));
#2475=CARTESIAN_POINT('Ctrl Pts',(-16.6689648932987,26.0289931070726,71.177774624343));
#2476=CARTESIAN_POINT('Ctrl Pts',(-19.247965281452,24.8298230999474,70.6171761092042));
#2477=CARTESIAN_POINT('Ctrl Pts',(-21.8260852539148,23.6220211792833,70.0742577250195));
#2478=CARTESIAN_POINT('Ctrl Pts',(-23.5383716761474,22.7767148391352,69.7971028893933));
#2479=CARTESIAN_POINT('Ctrl Pts',(-24.3957166623079,22.3315574858863,69.7007136856104));
#2480=CARTESIAN_POINT('',(-24.1195139288253,21.7762235785907,70.7313922714412));
#2481=CARTESIAN_POINT('Ctrl Pts',(-24.3957166623076,22.3315574858865,69.7007136856105));
#2482=CARTESIAN_POINT('Ctrl Pts',(-24.3312670448543,22.178895704247,70.0679868346742));
#2483=CARTESIAN_POINT('Ctrl Pts',(-24.2428795881723,21.989899168489,70.4134427325026));
#2484=CARTESIAN_POINT('Ctrl Pts',(-24.1195139288253,21.7762235785907,70.7313922714412));
#2485=CARTESIAN_POINT('',(-22.8023896615753,19.4948974278318,72.5));
#2486=CARTESIAN_POINT('Ctrl Pts',(-24.1192349276544,21.7757144195541,70.7310738744227));
#2487=CARTESIAN_POINT('Ctrl Pts',(-24.0746694710511,21.6985197846212,70.8459457222532));
#2488=CARTESIAN_POINT('Ctrl Pts',(-24.0276643220949,21.6170894109207,70.9569957859818));
#2489=CARTESIAN_POINT('Ctrl Pts',(-23.978333717005,21.5316226411165,71.0638809906596));
#2490=CARTESIAN_POINT('Ctrl Pts',(-23.9299834706486,21.4478543725581,71.1686420404909));
#2491=CARTESIAN_POINT('Ctrl Pts',(-23.8793991211657,21.36020818579,71.2694026487856));
#2492=CARTESIAN_POINT('Ctrl Pts',(-23.8266641941616,21.2688432075326,71.3658067189547));
#2493=CARTESIAN_POINT('Ctrl Pts',(-23.8095371075756,21.2391699723082,71.3971165348741));
#2494=CARTESIAN_POINT('Ctrl Pts',(-23.7921829956308,21.2091042729928,71.4279665255377));
#2495=CARTESIAN_POINT('Ctrl Pts',(-23.7746041999513,21.178650990513,71.4583435754291));
#2496=CARTESIAN_POINT('Ctrl Pts',(-23.7683890167683,21.1678838860658,71.4690837269774));
#2497=CARTESIAN_POINT('Ctrl Pts',(-23.7621479900273,21.1570721504696,71.4797609224261));
#2498=CARTESIAN_POINT('Ctrl Pts',(-23.755881301445,21.1462161033084,71.4903746767306));
#2499=CARTESIAN_POINT('Ctrl Pts',(-23.7004960719834,21.0502699500601,71.5841794365946));
#2500=CARTESIAN_POINT('Ctrl Pts',(-23.6431084417144,20.9508652331657,71.6730314206389));
#2501=CARTESIAN_POINT('Ctrl Pts',(-23.5839230897132,20.8483405837273,71.7567736450093));
#2502=CARTESIAN_POINT('Ctrl Pts',(-23.5250820672339,20.7464124038939,71.8400286724788));
#2503=CARTESIAN_POINT('Ctrl Pts',(-23.4644639813427,20.6414000740624,71.9182336737002));
#2504=CARTESIAN_POINT('Ctrl Pts',(-23.4022468620998,20.5336081297459,71.99119841143));
#2505=CARTESIAN_POINT('Ctrl Pts',(-23.3728963956096,20.4827580761261,72.0256189875633));
#2506=CARTESIAN_POINT('Ctrl Pts',(-23.3431897627143,20.431289074115,72.0588728275679));
#2507=CARTESIAN_POINT('Ctrl Pts',(-23.3131440509653,20.3792313121806,72.0909367009466));
#2508=CARTESIAN_POINT('Ctrl Pts',(-23.2485246670074,20.267270559361,72.1598965499373));
#2509=CARTESIAN_POINT('Ctrl Pts',(-23.1824907482293,20.15284995406,72.2231928735911));
#2510=CARTESIAN_POINT('Ctrl Pts',(-23.1152329168515,20.0363037701074,72.2806309076615));
#2511=CARTESIAN_POINT('Ctrl Pts',(-23.0490270026686,19.9215803766373,72.3371706068549));
#2512=CARTESIAN_POINT('Ctrl Pts',(-22.9816349062156,19.8047968836756,72.3880342563744));
#2513=CARTESIAN_POINT('Ctrl Pts',(-22.9132195549657,19.6862494575278,72.4329956550172));
#2514=CARTESIAN_POINT('Ctrl Pts',(-22.8766458523227,19.6228759860215,72.4570312668256));
#2515=CARTESIAN_POINT('Ctrl Pts',(-22.8397794236223,19.5589980735342,72.4793794089512));
#2516=CARTESIAN_POINT('Ctrl Pts',(-22.8026432813165,19.4946590031756,72.5));
#2517=CARTESIAN_POINT('Origin',(0.,0.,72.5));
#2518=CARTESIAN_POINT('Origin',(-27.1602540378444,27.0429399400242,7.5));
#2519=CARTESIAN_POINT('',(-24.1195139288253,21.7762235785907,7.5));
#2520=CARTESIAN_POINT('',(-24.1195139288253,21.7762235785907,0.));
#2521=CARTESIAN_POINT('',(-22.8023896615753,19.4948974278318,7.5));
#2522=CARTESIAN_POINT('',(-17.9102540378455,11.0214699700141,7.5));
#2523=CARTESIAN_POINT('',(-22.8023896615753,19.4948974278318,7.5));
#2524=CARTESIAN_POINT('Origin',(-19.7893869099031,24.2762235785907,0.));
#2525=CARTESIAN_POINT('',(-24.2847736230878,26.4651727097773,61.8288704271607));
#2526=CARTESIAN_POINT('Origin',(-19.7893869099031,24.2762235785907,71.0833662483906));
#2527=CARTESIAN_POINT('',(-24.2847736230878,26.4651727097773,7.5));
#2528=CARTESIAN_POINT('',(-24.2847736230878,26.4651727097773,0.));
#2529=CARTESIAN_POINT('Origin',(-19.7893869099031,24.2762235785907,7.5));
#2530=CARTESIAN_POINT('Origin',(-11.6698729810778,-30.212812921102,7.5));
#2531=CARTESIAN_POINT('',(-7.33974596215562,-32.712812921102,68.6678125730815));
#2532=CARTESIAN_POINT('',(-14.1698729810778,-34.5429399400242,57.5));
#2533=CARTESIAN_POINT('Origin',(-11.6698729810778,-30.212812921102,68.6678125730815));
#2534=CARTESIAN_POINT('',(-14.1698729810778,-34.5429399400242,7.5));
#2535=CARTESIAN_POINT('',(-14.1698729810778,-34.5429399400242,7.5));
#2536=CARTESIAN_POINT('',(-7.33974596215562,-32.712812921102,7.5));
#2537=CARTESIAN_POINT('Origin',(-11.6698729810778,-30.212812921102,7.5));
#2538=CARTESIAN_POINT('',(-7.33974596215562,-32.712812921102,7.5));
#2539=CARTESIAN_POINT('Origin',(-27.1602540378444,-27.0429399400242,7.5));
#2540=CARTESIAN_POINT('',(-24.8519279275925,-28.3756526411556,57.5));
#2541=CARTESIAN_POINT('',(-18.5,-32.0429399400242,57.5));
#2542=CARTESIAN_POINT('',(-24.8519279275925,-28.3756526411556,7.5));
#2543=CARTESIAN_POINT('',(-24.8519279275925,-28.3756526411556,7.5));
#2544=CARTESIAN_POINT('',(-22.8301270189242,-29.5429399400231,7.5));
#2545=CARTESIAN_POINT('Origin',(-9.83974596215562,-37.0429399400242,57.5));
#2546=CARTESIAN_POINT('Origin',(-25.6109127034773,-27.1109127034707,59.0987941599108));
#2547=CARTESIAN_POINT('',(-6.48188158588657,-31.2269482354007,72.5));
#2548=CARTESIAN_POINT('',(-18.020520987812,-28.4424394736994,65.));
#2549=CARTESIAN_POINT('Origin',(-16.7431335172299,-29.1799394736994,65.));
#2550=CARTESIAN_POINT('Origin',(-25.6109127034773,-27.1109127034707,0.));
#2551=CARTESIAN_POINT('',(-27.0859127034773,-27.1109127034707,7.5));
#2552=CARTESIAN_POINT('Origin',(-25.6109127034773,-27.1109127034707,7.5));
#2553=CARTESIAN_POINT('',(-27.0859127034773,-27.1109127034707,0.));
#2554=CARTESIAN_POINT('',(-27.0859127034773,-27.1109127034707,0.));
#2555=CARTESIAN_POINT('Origin',(-25.6109127034773,-27.1109127034707,0.));
#2556=CARTESIAN_POINT('Origin',(-25.6109127034773,-27.1109127034707,7.5));
#2557=CARTESIAN_POINT('Origin',(-32.,-5.,7.5));
#2558=CARTESIAN_POINT('',(-32.,-10.,68.1678137370598));
#2559=CARTESIAN_POINT('',(-37.,-5.,57.0000008493662));
#2560=CARTESIAN_POINT('Origin',(-32.,-5.,68.1678137370598));
#2561=CARTESIAN_POINT('',(-37.,-5.,7.5));
#2562=CARTESIAN_POINT('',(-37.,-5.,7.5));
#2563=CARTESIAN_POINT('',(-32.,-10.,7.5));
#2564=CARTESIAN_POINT('Origin',(-32.,-5.,7.5));
#2565=CARTESIAN_POINT('',(-32.,-10.,7.5));
#2566=CARTESIAN_POINT('Origin',(-37.,10.,7.5));
#2567=CARTESIAN_POINT('',(-37.,5.,57.0000008493662));
#2568=CARTESIAN_POINT('',(-37.,0.,57.0000008493662));
#2569=CARTESIAN_POINT('',(-37.,5.,7.5));
#2570=CARTESIAN_POINT('',(-37.,5.,7.5));
#2571=CARTESIAN_POINT('',(-37.,5.00000000000167,7.5));
#2572=CARTESIAN_POINT('Origin',(-37.000000551343,-10.,57.0000008493662));
#2573=CARTESIAN_POINT('',(-30.2842712474619,-10.,72.0000008493662));
#2574=CARTESIAN_POINT('',(-30.2842712474619,-10.,72.0000008493662));
#2575=CARTESIAN_POINT('',(-30.2842712474619,10.,72.0000008493662));
#2576=CARTESIAN_POINT('',(-30.2842712474619,-10.,72.0000008493662));
#2577=CARTESIAN_POINT('',(-32.,10.,68.1678137370598));
#2578=CARTESIAN_POINT('',(-30.2842712474619,10.,72.0000008493662));
#2579=CARTESIAN_POINT('Origin',(-32.,5.,68.1678137370598));
#2580=CARTESIAN_POINT('',(-33.418278636214,-1.475,65.));
#2581=CARTESIAN_POINT('Origin',(-33.418278636214,-4.44089209850063E-15,
65.));
#2582=CARTESIAN_POINT('Origin',(-32.,5.,7.5));
#2583=CARTESIAN_POINT('',(-32.,10.,7.5));
#2584=CARTESIAN_POINT('',(-32.,10.,7.5));
#2585=CARTESIAN_POINT('Origin',(-32.,5.,7.5));
#2586=CARTESIAN_POINT('Origin',(-28.2842712474619,10.,7.5));
#2587=CARTESIAN_POINT('',(-28.2842712474619,10.,72.0000008493662));
#2588=CARTESIAN_POINT('',(-28.2842712474619,10.,72.0000008493662));
#2589=CARTESIAN_POINT('',(-28.2842712474619,10.,7.5));
#2590=CARTESIAN_POINT('',(-28.2842712474619,10.,57.0000008493662));
#2591=CARTESIAN_POINT('',(-14.1421356237326,10.,7.5));
#2592=CARTESIAN_POINT('Origin',(-25.6109127034773,27.1109127034773,0.));
#2593=CARTESIAN_POINT('',(-27.0859127034773,27.1109127034773,7.5));
#2594=CARTESIAN_POINT('Origin',(-25.6109127034773,27.1109127034773,7.5));
#2595=CARTESIAN_POINT('',(-24.8519279275869,28.3756526411588,57.5));
#2596=CARTESIAN_POINT('Origin',(-25.6109127034773,27.1109127034773,59.0987941598979));
#2597=CARTESIAN_POINT('',(-24.8519279275869,28.3756526411588,7.5));
#2598=CARTESIAN_POINT('',(-24.8519279275869,28.3756526411588,7.5));
#2599=CARTESIAN_POINT('Origin',(-25.6109127034773,27.1109127034773,7.5));
#2600=CARTESIAN_POINT('',(-27.0859127034773,27.1109127034773,0.));
#2601=CARTESIAN_POINT('',(-27.0859127034773,27.1109127034773,0.));
#2602=CARTESIAN_POINT('Origin',(-25.6109127034773,27.1109127034773,0.));
#2603=CARTESIAN_POINT('Origin',(-6.48188158588654,31.2269482354007,72.5));
#2604=CARTESIAN_POINT('',(-7.33974596215559,32.712812921102,68.6678125730815));
#2605=CARTESIAN_POINT('',(-6.48188158588654,31.2269482354007,72.5));
#2606=CARTESIAN_POINT('',(-14.1698729810778,34.5429399400242,57.5));
#2607=CARTESIAN_POINT('Origin',(-11.6698729810778,30.212812921102,68.6678125730815));
#2608=CARTESIAN_POINT('',(-18.5,32.0429399400242,57.5));
#2609=CARTESIAN_POINT('',(-18.3273050513239,28.2653176120477,65.));
#2610=CARTESIAN_POINT('Origin',(-17.0499175807419,29.0028176120477,65.));
#2611=CARTESIAN_POINT('Origin',(-11.6698729810778,30.212812921102,7.5));
#2612=CARTESIAN_POINT('',(-7.33974596215559,32.712812921102,7.5));
#2613=CARTESIAN_POINT('',(-7.33974596215559,32.712812921102,7.5));
#2614=CARTESIAN_POINT('',(-14.1698729810778,34.5429399400242,7.5));
#2615=CARTESIAN_POINT('Origin',(-11.6698729810778,30.212812921102,7.5));
#2616=CARTESIAN_POINT('',(-14.1698729810778,34.5429399400242,7.5));
#2617=CARTESIAN_POINT('Origin',(-5.48188158588654,29.4948974278318,7.5));
#2618=CARTESIAN_POINT('',(-5.48188158588654,29.4948974278318,7.5));
#2619=CARTESIAN_POINT('',(-5.48188158588654,29.4948974278318,7.5));
#2620=CARTESIAN_POINT('',(1.58918622597779,17.2474487139179,7.5));
#2621=CARTESIAN_POINT('Origin',(11.6698729810778,30.212812921102,7.5));
#2622=CARTESIAN_POINT('',(7.33974596215563,32.712812921102,68.6678125730815));
#2623=CARTESIAN_POINT('',(14.1698729810778,34.5429399400242,57.5));
#2624=CARTESIAN_POINT('Origin',(11.6698729810778,30.212812921102,68.6678125730815));
#2625=CARTESIAN_POINT('',(14.1698729810778,34.5429399400242,7.5));
#2626=CARTESIAN_POINT('',(14.1698729810778,34.5429399400242,7.5));
#2627=CARTESIAN_POINT('',(7.33974596215562,32.712812921102,7.5));
#2628=CARTESIAN_POINT('Origin',(11.6698729810778,30.212812921102,7.5));
#2629=CARTESIAN_POINT('',(7.33974596215562,32.712812921102,7.5));
#2630=CARTESIAN_POINT('Origin',(27.1602540378444,27.0429399400242,7.5));
#2631=CARTESIAN_POINT('',(24.8519279275835,28.3756526411608,57.5));
#2632=CARTESIAN_POINT('',(18.5,32.0429399400242,57.5));
#2633=CARTESIAN_POINT('',(24.8519279275835,28.3756526411608,7.5));
#2634=CARTESIAN_POINT('',(24.8519279275835,28.3756526411608,7.5));
#2635=CARTESIAN_POINT('',(22.8301270189202,29.5429399400254,7.5));
#2636=CARTESIAN_POINT('Origin',(9.83974596215562,37.0429399400242,57.5));
#2637=CARTESIAN_POINT('',(24.1359127034707,27.1109127034773,60.7460465144348));
#2638=CARTESIAN_POINT('Origin',(25.6109127034707,27.1109127034773,59.0987941599052));
#2639=CARTESIAN_POINT('Origin',(25.6109127034707,27.1109127034773,59.0987941599052));
#2640=CARTESIAN_POINT('',(6.48188158588657,31.2269482354007,72.5));
#2641=CARTESIAN_POINT('',(15.621614635919,29.8274487017255,65.));
#2642=CARTESIAN_POINT('Origin',(16.8990021065011,29.0899487017255,65.));
#2643=CARTESIAN_POINT('Origin',(25.6109127034707,27.1109127034773,0.));
#2644=CARTESIAN_POINT('Origin',(25.6109127034707,27.1109127034773,7.5));
#2645=CARTESIAN_POINT('',(24.1359127034707,27.1109127034773,0.));
#2646=CARTESIAN_POINT('',(24.1359127034707,27.1109127034773,0.));
#2647=CARTESIAN_POINT('Origin',(25.6109127034707,27.1109127034773,0.));
#2648=CARTESIAN_POINT('Origin',(32.,5.,7.5));
#2649=CARTESIAN_POINT('',(37.,5.,7.5));
#2650=CARTESIAN_POINT('',(37.,5.,7.5));
#2651=CARTESIAN_POINT('Origin',(32.,5.,7.5));
#2652=CARTESIAN_POINT('Origin',(37.,-10.,7.5));
#2653=CARTESIAN_POINT('',(37.,-5.,7.5));
#2654=CARTESIAN_POINT('',(37.,-5.,7.5));
#2655=CARTESIAN_POINT('',(37.,-4.99999999999834,7.5));
#2656=CARTESIAN_POINT('Origin',(32.,-5.,7.5));
#2657=CARTESIAN_POINT('',(32.,-10.,7.5));
#2658=CARTESIAN_POINT('',(32.,-10.,7.5));
#2659=CARTESIAN_POINT('Origin',(32.,-5.,7.5));
#2660=CARTESIAN_POINT('Origin',(28.2842712474619,-10.,7.5));
#2661=CARTESIAN_POINT('',(28.2842712474619,-10.,7.5));
#2662=CARTESIAN_POINT('',(28.2842712474619,-10.,7.5));
#2663=CARTESIAN_POINT('',(14.1421356237293,-10.,7.5));
#2664=CARTESIAN_POINT('Origin',(11.6698729810778,-30.212812921102,7.5));
#2665=CARTESIAN_POINT('',(14.1698729810778,-34.5429399400242,7.5));
#2666=CARTESIAN_POINT('Origin',(11.6698729810778,-30.212812921102,7.5));
#2667=CARTESIAN_POINT('',(14.1698729810778,-34.5429399400242,7.5));
#2668=CARTESIAN_POINT('Origin',(-3.29514193708746E-12,3.33066907387547E-12,
7.5));
#2669=CARTESIAN_POINT('Origin',(-24.5000000000033,-25.9999999999967,7.5));
#2670=CARTESIAN_POINT('',(5.48188158588657,29.4948974278318,7.5));
#2671=CARTESIAN_POINT('Origin',(0.,0.,7.5));
#2672=CARTESIAN_POINT('',(0.589745962155932,21.0214699700126,7.5));
#2673=CARTESIAN_POINT('',(-28.2842712474619,-10.,7.5));
#2674=CARTESIAN_POINT('Origin',(0.,0.,7.5));
#2675=CARTESIAN_POINT('',(-18.5000000000016,-10.,7.5));
#2676=CARTESIAN_POINT('',(-14.1698729810783,34.5429399400239,7.5));
#2677=CARTESIAN_POINT('Origin',(0.,0.,7.5));
#2678=CARTESIAN_POINT('',(29.8130620777142,-3.34384951072297,7.5));
#2679=CARTESIAN_POINT('',(-12.0106724161388,-27.4907938792644,7.5));
#2680=CARTESIAN_POINT('',(0.459656622450024,-20.2910460519519,7.5));
#2681=CARTESIAN_POINT('Origin',(0.,0.,7.5));
#2682=CARTESIAN_POINT('',(22.8023896615753,-19.4948974278318,7.5));
#2683=CARTESIAN_POINT('',(26.9138008509906,-12.3737243569574,7.5));
#2684=CARTESIAN_POINT('',(26.5363995913325,-25.962392342138,7.5));
#2685=CARTESIAN_POINT('',(17.9102540378433,-11.0214699700102,7.5));
#2686=CARTESIAN_POINT('',(24.8519279275892,-28.3756526411575,7.5));
#2687=CARTESIAN_POINT('Origin',(25.6109127034707,-27.1109127034707,7.5));
#2688=CARTESIAN_POINT('',(14.1698729810773,-34.5429399400245,7.5));
#2689=CARTESIAN_POINT('',(-5.48188158588657,-29.4948974278318,7.5));
#2690=CARTESIAN_POINT('',(2.74094079294163,-29.4948974278318,7.5));
#2691=CARTESIAN_POINT('',(-0.589745962155304,-21.0214699700116,7.5));
#2692=CARTESIAN_POINT('Origin',(0.,0.,7.5));
#2693=CARTESIAN_POINT('Origin',(-24.5000000000033,-25.9999999999967,7.5));
#2694=CARTESIAN_POINT('Origin',(-24.5000000000033,-25.9999999999967,0.));
#2695=CARTESIAN_POINT('Origin',(-3.29514193708746E-12,3.33066907387547E-12,
0.));
#2696=CARTESIAN_POINT('',(24.1359127034707,-27.1109127034707,0.));
#2697=CARTESIAN_POINT('Origin',(25.6109127034707,-27.1109127034707,0.));
#2698=CARTESIAN_POINT('',(28.2842712474619,-10.,0.));
#2699=CARTESIAN_POINT('',(-5.48188158588658,-29.4948974278318,0.));
#2700=CARTESIAN_POINT('',(2.95965662245002,-24.6211730708741,0.));
#2701=CARTESIAN_POINT('',(5.48188158588655,-29.4948974278318,0.));
#2702=CARTESIAN_POINT('',(2.74094079294163,-29.4948974278318,0.));
#2703=CARTESIAN_POINT('',(22.8023896615753,-19.4948974278318,0.));
#2704=CARTESIAN_POINT('Origin',(0.,0.,0.));
#2705=CARTESIAN_POINT('',(26.9138008509906,-12.3737243569574,-5.55111512312578E-16));
#2706=CARTESIAN_POINT('Origin',(0.459656622450024,-20.2910460519519,2.5));
#2707=CARTESIAN_POINT('',(28.2842712474619,-10.,2.5));
#2708=CARTESIAN_POINT('Ctrl Pts',(29.8130620777142,-3.34384951072298,7.5));
#2709=CARTESIAN_POINT('Ctrl Pts',(29.7183639200189,-4.18815845613492,7.5));
#2710=CARTESIAN_POINT('Ctrl Pts',(29.5776552880416,-5.08985784514709,7.35367048305139));
#2711=CARTESIAN_POINT('Ctrl Pts',(29.2362601749821,-6.78125616779644,6.77486804842828));
#2712=CARTESIAN_POINT('Ctrl Pts',(29.0364575868153,-7.57174282815254,6.34417768675044));
#2713=CARTESIAN_POINT('Ctrl Pts',(28.7159270255276,-8.6975506594852,5.4267718778153));
#2714=CARTESIAN_POINT('Ctrl Pts',(28.5693571219105,-9.16025056614639,4.92570975685875));
#2715=CARTESIAN_POINT('Ctrl Pts',(28.4061723695215,-9.64981662938077,4.06817871593645));
#2716=CARTESIAN_POINT('Ctrl Pts',(28.3612864642606,-9.77987889545207,3.76463792274675));
#2717=CARTESIAN_POINT('Ctrl Pts',(28.3002777570143,-9.95504294372276,3.13997819516823));
#2718=CARTESIAN_POINT('Ctrl Pts',(28.2842712474619,-10.,2.81880733436811));
#2719=CARTESIAN_POINT('Ctrl Pts',(28.2842712474619,-10.,2.5));
#2720=CARTESIAN_POINT('',(-5.48188158588658,-29.4948974278318,2.5));
#2721=CARTESIAN_POINT('Ctrl Pts',(-5.48188158588659,-29.4948974278318,2.5));
#2722=CARTESIAN_POINT('Ctrl Pts',(-5.48188158588659,-29.4948974278318,2.81880733436811));
#2723=CARTESIAN_POINT('Ctrl Pts',(-5.52881879347824,-29.4862809435915,3.13997819516823));
#2724=CARTESIAN_POINT('Ctrl Pts',(-5.71101966273353,-29.4515340097835,3.76463792274675));
#2725=CARTESIAN_POINT('Ctrl Pts',(-5.84609984185551,-29.4253752109756,4.06817871593644));
#2726=CARTESIAN_POINT('Ctrl Pts',(-6.35166886564171,-29.3219143204376,4.92570975685874));
#2727=CARTESIAN_POINT('Ctrl Pts',(-6.82566369094754,-29.2174976270696,5.4267718778153));
#2728=CARTESIAN_POINT('Ctrl Pts',(-7.96090715330495,-28.9321813201677,6.34417768675044));
#2729=CARTESIAN_POINT('Ctrl Pts',(-8.74538997660942,-28.709972107084,6.77486804842828));
#2730=CARTESIAN_POINT('Ctrl Pts',(-10.3808814484719,-28.1599297863967,7.35367048305138));
#2731=CARTESIAN_POINT('Ctrl Pts',(-11.232130341922,-27.8309373417147,7.5));
#2732=CARTESIAN_POINT('Ctrl Pts',(-12.0106724161388,-27.4907938792644,7.5));
#2733=CARTESIAN_POINT('',(2.95965662245002,-24.6211730708741,2.5));
#2734=CARTESIAN_POINT('Origin',(-5.48188158588658,-29.4948974278318,7.5));
#2735=CARTESIAN_POINT('',(-5.48188158588658,-29.4948974278318,7.5));
#2736=CARTESIAN_POINT('',(28.2842712474619,-10.,7.5));
#2737=CARTESIAN_POINT('Origin',(28.2842712474619,-10.,7.5));
#2738=CARTESIAN_POINT('',(22.8023896615753,-19.4948974278318,7.5));
#2739=CARTESIAN_POINT('',(28.2842712474619,-10.,7.5));
#2740=CARTESIAN_POINT('Origin',(5.48188158588655,-29.4948974278318,7.5));
#2741=CARTESIAN_POINT('',(-5.48188158588658,-29.4948974278318,7.5));
#2742=CARTESIAN_POINT('',(5.48188158588655,-29.4948974278318,7.5));
#2743=CARTESIAN_POINT('Origin',(-18.4220657053644,-32.0879353260112,65.));
#2744=CARTESIAN_POINT('',(13.7845528758266,26.6455643966035,65.));
#2745=CARTESIAN_POINT('Ctrl Pts',(13.7845528758266,26.6455643966035,65.));
#2746=CARTESIAN_POINT('Ctrl Pts',(13.7845528758266,26.6455643966035,65.1852352331771));
#2747=CARTESIAN_POINT('Ctrl Pts',(13.8175090621071,26.6285958930499,65.3827990015365));
#2748=CARTESIAN_POINT('Ctrl Pts',(13.9510781232702,26.5588609527902,65.7462054409515));
#2749=CARTESIAN_POINT('Ctrl Pts',(14.0516404959356,26.506009970301,65.912050443591));
#2750=CARTESIAN_POINT('Ctrl Pts',(14.282608653421,26.3822715780933,66.1739368075457));
#2751=CARTESIAN_POINT('Ctrl Pts',(14.4284081828033,26.3031188296539,66.2874458308971));
#2752=CARTESIAN_POINT('Ctrl Pts',(14.7459945984574,26.1263978795126,66.4379781516004));
#2753=CARTESIAN_POINT('Ctrl Pts',(14.9177344269134,26.0287438892095,66.475));
#2754=CARTESIAN_POINT('Ctrl Pts',(15.23801754279,25.8425451167732,66.475));
#2755=CARTESIAN_POINT('Ctrl Pts',(15.4078739483959,25.74160934519,66.4379705636653));
#2756=CARTESIAN_POINT('Ctrl Pts',(15.7186256935403,25.5530396938721,66.2874254952676));
#2757=CARTESIAN_POINT('Ctrl Pts',(15.8595724282086,25.4654890486227,66.1739117099714));
#2758=CARTESIAN_POINT('Ctrl Pts',(16.0814143191537,25.3259803690353,65.9120286063821));
#2759=CARTESIAN_POINT('Ctrl Pts',(16.1771173979828,25.2647293905962,65.7461932972514));
#2760=CARTESIAN_POINT('Ctrl Pts',(16.3038353291359,25.183141822555,65.3827990434436));
#2761=CARTESIAN_POINT('Ctrl Pts',(16.3348978930962,25.1628915433446,65.1852373648163));
#2762=CARTESIAN_POINT('Ctrl Pts',(16.3348978930962,25.1628915433446,64.8147626351837));
#2763=CARTESIAN_POINT('Ctrl Pts',(16.3038353291359,25.183141822555,64.6172009565564));
#2764=CARTESIAN_POINT('Ctrl Pts',(16.1771173979828,25.2647293905962,64.2538067027486));
#2765=CARTESIAN_POINT('Ctrl Pts',(16.0814143191537,25.3259803690353,64.0879713936179));
#2766=CARTESIAN_POINT('Ctrl Pts',(15.8595724282086,25.4654890486227,63.8260882900286));
#2767=CARTESIAN_POINT('Ctrl Pts',(15.7186256935403,25.5530396938721,63.7125745047324));
#2768=CARTESIAN_POINT('Ctrl Pts',(15.4078739483959,25.74160934519,63.5620294363347));
#2769=CARTESIAN_POINT('Ctrl Pts',(15.23801754279,25.8425451167732,63.525));
#2770=CARTESIAN_POINT('Ctrl Pts',(14.9177344269134,26.0287438892095,63.525));
#2771=CARTESIAN_POINT('Ctrl Pts',(14.7459945984574,26.1263978795126,63.5620218483995));
#2772=CARTESIAN_POINT('Ctrl Pts',(14.4284081828033,26.3031188296539,63.7125541691029));
#2773=CARTESIAN_POINT('Ctrl Pts',(14.282608653421,26.3822715780933,63.8260631924542));
#2774=CARTESIAN_POINT('Ctrl Pts',(14.0516404959356,26.506009970301,64.087949556409));
#2775=CARTESIAN_POINT('Ctrl Pts',(13.9510781232702,26.5588609527902,64.2537945590485));
#2776=CARTESIAN_POINT('Ctrl Pts',(13.8175090621071,26.6285958930499,64.6172009984634));
#2777=CARTESIAN_POINT('Ctrl Pts',(13.7845528758266,26.6455643966035,64.8147647668229));
#2778=CARTESIAN_POINT('Ctrl Pts',(13.7845528758266,26.6455643966035,65.));
#2779=CARTESIAN_POINT('',(-19.6994531759465,-31.3504353260112,65.));
#2780=CARTESIAN_POINT('Origin',(-18.4220657053644,-32.0879353260112,65.));
#2781=CARTESIAN_POINT('',(-16.1834592277195,-25.2605551685774,65.));
#2782=CARTESIAN_POINT('',(-19.6994531759465,-31.3504353260112,65.));
#2783=CARTESIAN_POINT('Ctrl Pts',(-16.1834592277195,-25.2605551685774,65.));
#2784=CARTESIAN_POINT('Ctrl Pts',(-16.1834592277195,-25.2605551685774,64.8147647668229));
#2785=CARTESIAN_POINT('Ctrl Pts',(-16.1522859794376,-25.2806118113314,64.6172009984635));
#2786=CARTESIAN_POINT('Ctrl Pts',(-16.0251092190598,-25.3614185413284,64.2537945590485));
#2787=CARTESIAN_POINT('Ctrl Pts',(-15.9290577392765,-25.4220826194769,64.087949556409));
#2788=CARTESIAN_POINT('Ctrl Pts',(-15.7064130694585,-25.5602377152207,63.8260631924543));
#2789=CARTESIAN_POINT('Ctrl Pts',(-15.5649650138394,-25.6469274373059,63.7125541691029));
#2790=CARTESIAN_POINT('Ctrl Pts',(-15.2531269738091,-25.8336048660885,63.5620218483995));
#2791=CARTESIAN_POINT('Ctrl Pts',(-15.0826862231977,-25.9335089252215,63.525));
#2792=CARTESIAN_POINT('Ctrl Pts',(-14.7612917981761,-26.1177828537556,63.525));
#2793=CARTESIAN_POINT('Ctrl Pts',(-14.5889506530315,-26.2144149302143,63.5620294363347));
#2794=CARTESIAN_POINT('Ctrl Pts',(-14.2702686720352,-26.3892490101207,63.7125745047324));
#2795=CARTESIAN_POINT('Ctrl Pts',(-14.1239742217974,-26.4675371402992,63.8260882900286));
#2796=CARTESIAN_POINT('Ctrl Pts',(-13.8922352157537,-26.5899035136876,64.0879713936179));
#2797=CARTESIAN_POINT('Ctrl Pts',(-13.7913387730042,-26.6421593219544,64.2538067027486));
#2798=CARTESIAN_POINT('Ctrl Pts',(-13.657322900871,-26.7111064854274,64.6172009565564));
#2799=CARTESIAN_POINT('Ctrl Pts',(-13.6242543626609,-26.7278823153185,64.8147626351837));
#2800=CARTESIAN_POINT('Ctrl Pts',(-13.6242543626609,-26.7278823153185,65.1852373648163));
#2801=CARTESIAN_POINT('Ctrl Pts',(-13.657322900871,-26.7111064854273,65.3827990434436));
#2802=CARTESIAN_POINT('Ctrl Pts',(-13.7913387730042,-26.6421593219544,65.7461932972514));
#2803=CARTESIAN_POINT('Ctrl Pts',(-13.8922352157537,-26.5899035136876,65.9120286063821));
#2804=CARTESIAN_POINT('Ctrl Pts',(-14.1239742217974,-26.4675371402992,66.1739117099714));
#2805=CARTESIAN_POINT('Ctrl Pts',(-14.2702686720352,-26.3892490101207,66.2874254952676));
#2806=CARTESIAN_POINT('Ctrl Pts',(-14.5889506530315,-26.2144149302143,66.4379705636653));
#2807=CARTESIAN_POINT('Ctrl Pts',(-14.7612917981761,-26.1177828537556,66.475));
#2808=CARTESIAN_POINT('Ctrl Pts',(-15.0826862231977,-25.9335089252215,66.475));
#2809=CARTESIAN_POINT('Ctrl Pts',(-15.2531269738091,-25.8336048660885,66.4379781516004));
#2810=CARTESIAN_POINT('Ctrl Pts',(-15.5649650138394,-25.6469274373059,66.2874458308971));
#2811=CARTESIAN_POINT('Ctrl Pts',(-15.7064130694585,-25.5602377152207,66.1739368075457));
#2812=CARTESIAN_POINT('Ctrl Pts',(-15.9290577392765,-25.4220826194769,65.912050443591));
#2813=CARTESIAN_POINT('Ctrl Pts',(-16.0251092190598,-25.3614185413284,65.7462054409515));
#2814=CARTESIAN_POINT('Ctrl Pts',(-16.1522859794376,-25.2806118113314,65.3827990015365));
#2815=CARTESIAN_POINT('Ctrl Pts',(-16.1834592277195,-25.2605551685774,65.1852352331771));
#2816=CARTESIAN_POINT('Ctrl Pts',(-16.1834592277195,-25.2605551685774,65.));
#2817=CARTESIAN_POINT('Origin',(18.2711502311236,-32.175066415689,65.));
#2818=CARTESIAN_POINT('',(13.4685332026159,-26.8066897130182,65.));
#2819=CARTESIAN_POINT('',(16.9937627605415,-32.912566415689,65.));
#2820=CARTESIAN_POINT('Ctrl Pts',(13.4685332026159,-26.8066897130182,65.));
#2821=CARTESIAN_POINT('Ctrl Pts',(13.4685332026159,-26.8066897130182,64.8147608960845));
#2822=CARTESIAN_POINT('Ctrl Pts',(13.5017105490021,-26.7901006623308,64.6172020450971));
#2823=CARTESIAN_POINT('Ctrl Pts',(13.6361577518652,-26.7219176521075,64.2538221532286));
#2824=CARTESIAN_POINT('Ctrl Pts',(13.7373762990221,-26.6702392896134,64.0879979720933));
#2825=CARTESIAN_POINT('Ctrl Pts',(13.969860515482,-26.5492029106355,63.8261162690403));
#2826=CARTESIAN_POINT('Ctrl Pts',(14.1166359546625,-26.4717515762899,63.7125961157675));
#2827=CARTESIAN_POINT('Ctrl Pts',(14.4363813880329,-26.2987439740434,63.5620368835396));
#2828=CARTESIAN_POINT('Ctrl Pts',(14.6093056349908,-26.2031012612938,63.525));
#2829=CARTESIAN_POINT('Ctrl Pts',(14.9317767127745,-26.020690766157,63.525));
#2830=CARTESIAN_POINT('Ctrl Pts',(15.1027838168113,-25.921785015828,63.5620146001286));
#2831=CARTESIAN_POINT('Ctrl Pts',(15.4156754891846,-25.7369377866985,63.7125363963065));
#2832=CARTESIAN_POINT('Ctrl Pts',(15.5576102002485,-25.6510803614312,63.8260425654336));
#2833=CARTESIAN_POINT('Ctrl Pts',(15.7810302707108,-25.5142361472367,64.0879338433571));
#2834=CARTESIAN_POINT('Ctrl Pts',(15.8774174001385,-25.4541409278266,64.253786491334));
#2835=CARTESIAN_POINT('Ctrl Pts',(16.0050365786948,-25.374090679102,64.6172021687618));
#2836=CARTESIAN_POINT('Ctrl Pts',(16.0363168199084,-25.3542214010118,64.8147671567211));
#2837=CARTESIAN_POINT('Ctrl Pts',(16.0363168199084,-25.3542214010118,65.1852328432789));
#2838=CARTESIAN_POINT('Ctrl Pts',(16.0050365786948,-25.374090679102,65.3827978312382));
#2839=CARTESIAN_POINT('Ctrl Pts',(15.8774174001385,-25.4541409278266,65.746213508666));
#2840=CARTESIAN_POINT('Ctrl Pts',(15.7810302707108,-25.5142361472367,65.9120661566429));
#2841=CARTESIAN_POINT('Ctrl Pts',(15.5576102002485,-25.6510803614312,66.1739574345664));
#2842=CARTESIAN_POINT('Ctrl Pts',(15.4156754891846,-25.7369377866985,66.2874636036935));
#2843=CARTESIAN_POINT('Ctrl Pts',(15.1027838168113,-25.921785015828,66.4379853998714));
#2844=CARTESIAN_POINT('Ctrl Pts',(14.9317767127745,-26.020690766157,66.475));
#2845=CARTESIAN_POINT('Ctrl Pts',(14.6093056349908,-26.2031012612938,66.475));
#2846=CARTESIAN_POINT('Ctrl Pts',(14.4363813880329,-26.2987439740434,66.4379631164604));
#2847=CARTESIAN_POINT('Ctrl Pts',(14.1166359546625,-26.4717515762898,66.2874038842324));
#2848=CARTESIAN_POINT('Ctrl Pts',(13.969860515482,-26.5492029106355,66.1738837309597));
#2849=CARTESIAN_POINT('Ctrl Pts',(13.7373762990221,-26.6702392896134,65.9120020279067));
#2850=CARTESIAN_POINT('Ctrl Pts',(13.6361577518652,-26.7219176521075,65.7461778467714));
#2851=CARTESIAN_POINT('Ctrl Pts',(13.5017105490021,-26.7901006623309,65.3827979549029));
#2852=CARTESIAN_POINT('Ctrl Pts',(13.4685332026159,-26.8066897130182,65.1852391039155));
#2853=CARTESIAN_POINT('Ctrl Pts',(13.4685332026159,-26.8066897130182,65.));
#2854=CARTESIAN_POINT('Origin',(18.2711502311236,-32.175066415689,65.));
#2855=CARTESIAN_POINT('',(-16.4810076815328,25.0674367616886,65.));
#2856=CARTESIAN_POINT('Ctrl Pts',(-16.4810076815328,25.0674367616886,65.));
#2857=CARTESIAN_POINT('Ctrl Pts',(-16.4810076815328,25.0674367616886,65.1852391039155));
#2858=CARTESIAN_POINT('Ctrl Pts',(-16.4500524690198,25.0878746611456,65.3827979549029));
#2859=CARTESIAN_POINT('Ctrl Pts',(-16.3237806486283,25.1702178491811,65.7461778467714));
#2860=CARTESIAN_POINT('Ctrl Pts',(-16.228416600304,25.2320365011061,65.9120020279067));
#2861=CARTESIAN_POINT('Ctrl Pts',(-16.0073539130971,25.3728555490503,66.1738837309597));
#2862=CARTESIAN_POINT('Ctrl Pts',(-15.8668913704065,25.4612411408594,66.2874038842324));
#2863=CARTESIAN_POINT('Ctrl Pts',(-15.557189675128,25.651645007779,66.4379631164604));
#2864=CARTESIAN_POINT('Ctrl Pts',(-15.3878985327211,25.7535804422001,66.475));
#2865=CARTESIAN_POINT('Ctrl Pts',(-15.0686908711238,25.9416433399781,66.475));
#2866=CARTESIAN_POINT('Ctrl Pts',(-14.8975324267402,26.0402869611371,66.4379853998714));
#2867=CARTESIAN_POINT('Ctrl Pts',(-14.5810041943082,26.2188354834802,66.2874636036935));
#2868=CARTESIAN_POINT('Ctrl Pts',(-14.4356821273913,26.2988258363067,66.1739574345664));
#2869=CARTESIAN_POINT('Ctrl Pts',(-14.2054615263068,26.4238911859451,65.9120661566429));
#2870=CARTESIAN_POINT('Ctrl Pts',(-14.1052239749378,26.4773172789223,65.746213508666));
#2871=CARTESIAN_POINT('Ctrl Pts',(-13.9720888366849,26.5478136051999,65.3827978312382));
#2872=CARTESIAN_POINT('Ctrl Pts',(-13.9392414164971,26.5649684496822,65.1852328432789));
#2873=CARTESIAN_POINT('Ctrl Pts',(-13.9392414164971,26.5649684496822,64.8147671567211));
#2874=CARTESIAN_POINT('Ctrl Pts',(-13.9720888366849,26.5478136051999,64.6172021687618));
#2875=CARTESIAN_POINT('Ctrl Pts',(-14.1052239749378,26.4773172789223,64.253786491334));
#2876=CARTESIAN_POINT('Ctrl Pts',(-14.2054615263068,26.4238911859451,64.0879338433571));
#2877=CARTESIAN_POINT('Ctrl Pts',(-14.4356821273913,26.2988258363067,63.8260425654336));
#2878=CARTESIAN_POINT('Ctrl Pts',(-14.5810041943082,26.2188354834802,63.7125363963065));
#2879=CARTESIAN_POINT('Ctrl Pts',(-14.8975324267402,26.0402869611371,63.5620146001286));
#2880=CARTESIAN_POINT('Ctrl Pts',(-15.0686908711238,25.9416433399781,63.525));
#2881=CARTESIAN_POINT('Ctrl Pts',(-15.3878985327211,25.7535804422001,63.525));
#2882=CARTESIAN_POINT('Ctrl Pts',(-15.557189675128,25.651645007779,63.5620368835396));
#2883=CARTESIAN_POINT('Ctrl Pts',(-15.8668913704065,25.4612411408594,63.7125961157675));
#2884=CARTESIAN_POINT('Ctrl Pts',(-16.0073539130971,25.3728555490503,63.8261162690403));
#2885=CARTESIAN_POINT('Ctrl Pts',(-16.228416600304,25.2320365011061,64.0879979720933));
#2886=CARTESIAN_POINT('Ctrl Pts',(-16.3237806486283,25.1702178491811,64.2538221532286));
#2887=CARTESIAN_POINT('Ctrl Pts',(-16.4500524690198,25.0878746611456,64.6172020450971));
#2888=CARTESIAN_POINT('Ctrl Pts',(-16.4810076815328,25.0674367616886,64.8147608960845));
#2889=CARTESIAN_POINT('Ctrl Pts',(-16.4810076815328,25.0674367616886,65.));
#2890=CARTESIAN_POINT('',(16.9937627605415,-32.912566415689,65.));
#2891=CARTESIAN_POINT('Origin',(37.,-4.44089209850063E-15,65.));
#2892=CARTESIAN_POINT('',(29.9637176431764,-1.47500000000001,65.));
#2893=CARTESIAN_POINT('',(37.,-1.475,65.));
#2894=CARTESIAN_POINT('Ctrl Pts',(29.9637176431764,-1.47500000000001,65.));
#2895=CARTESIAN_POINT('Ctrl Pts',(29.9637176431764,-1.47500000000001,64.8147636583154));
#2896=CARTESIAN_POINT('Ctrl Pts',(29.9656120730266,-1.43797436031227,64.6172008293502));
#2897=CARTESIAN_POINT('Ctrl Pts',(29.9724571217362,-1.28743592143009,64.2538001466586));
#2898=CARTESIAN_POINT('Ctrl Pts',(29.9773092065885,-1.17392476684436,64.087959762344));
#2899=CARTESIAN_POINT('Ctrl Pts',(29.9864194124035,-0.912040263516381,63.8260752590161));
#2900=CARTESIAN_POINT('Ctrl Pts',(29.9912689373502,-0.746199867374336,63.7125640851638));
#2901=CARTESIAN_POINT('Ctrl Pts',(29.9981081324645,-0.382799147504727,63.5620256293191));
#2902=CARTESIAN_POINT('Ctrl Pts',(30.,-0.185236305101432,63.525));
#2903=CARTESIAN_POINT('Ctrl Pts',(30.,0.185236305101424,63.525));
#2904=CARTESIAN_POINT('Ctrl Pts',(29.9981081324645,0.382799147504719,63.5620256293191));
#2905=CARTESIAN_POINT('Ctrl Pts',(29.9912689373502,0.746199867374327,63.7125640851638));
#2906=CARTESIAN_POINT('Ctrl Pts',(29.9864194124035,0.912040263516372,63.8260752590161));
#2907=CARTESIAN_POINT('Ctrl Pts',(29.9773092065885,1.17392476684435,64.087959762344));
#2908=CARTESIAN_POINT('Ctrl Pts',(29.9724571217362,1.28743592143008,64.2538001466586));
#2909=CARTESIAN_POINT('Ctrl Pts',(29.9656120730266,1.43797436031226,64.6172008293502));
#2910=CARTESIAN_POINT('Ctrl Pts',(29.9637176431764,1.475,64.8147636583154));
#2911=CARTESIAN_POINT('Ctrl Pts',(29.9637176431764,1.475,65.1852363416846));
#2912=CARTESIAN_POINT('Ctrl Pts',(29.9656120730266,1.43797436031226,65.3827991706498));
#2913=CARTESIAN_POINT('Ctrl Pts',(29.9724571217362,1.28743592143008,65.7461998533414));
#2914=CARTESIAN_POINT('Ctrl Pts',(29.9773092065885,1.17392476684435,65.912040237656));
#2915=CARTESIAN_POINT('Ctrl Pts',(29.9864194124035,0.912040263516372,66.1739247409839));
#2916=CARTESIAN_POINT('Ctrl Pts',(29.9912689373502,0.746199867374327,66.2874359148362));
#2917=CARTESIAN_POINT('Ctrl Pts',(29.9981081324645,0.382799147504719,66.4379743706809));
#2918=CARTESIAN_POINT('Ctrl Pts',(30.,0.185236305101424,66.475));
#2919=CARTESIAN_POINT('Ctrl Pts',(30.,-0.185236305101432,66.475));
#2920=CARTESIAN_POINT('Ctrl Pts',(29.9981081324645,-0.382799147504727,66.4379743706809));
#2921=CARTESIAN_POINT('Ctrl Pts',(29.9912689373502,-0.746199867374336,66.2874359148362));
#2922=CARTESIAN_POINT('Ctrl Pts',(29.9864194124035,-0.912040263516381,66.1739247409839));
#2923=CARTESIAN_POINT('Ctrl Pts',(29.9773092065885,-1.17392476684436,65.912040237656));
#2924=CARTESIAN_POINT('Ctrl Pts',(29.9724571217362,-1.28743592143009,65.7461998533414));
#2925=CARTESIAN_POINT('Ctrl Pts',(29.9656120730266,-1.43797436031227,65.3827991706498));
#2926=CARTESIAN_POINT('Ctrl Pts',(29.9637176431764,-1.475,65.1852363416846));
#2927=CARTESIAN_POINT('Ctrl Pts',(29.9637176431764,-1.475,65.));
#2928=CARTESIAN_POINT('Origin',(37.,-4.44089209850063E-15,65.));
#2929=CARTESIAN_POINT('',(-29.9637176431764,-1.475,65.));
#2930=CARTESIAN_POINT('Ctrl Pts',(-29.9637176431764,-1.475,65.));
#2931=CARTESIAN_POINT('Ctrl Pts',(-29.9637176431764,-1.475,65.1852363416846));
#2932=CARTESIAN_POINT('Ctrl Pts',(-29.9656120730266,-1.43797436031227,65.3827991706498));
#2933=CARTESIAN_POINT('Ctrl Pts',(-29.9724571217362,-1.28743592143009,65.7461998533414));
#2934=CARTESIAN_POINT('Ctrl Pts',(-29.9773092065885,-1.17392476684436,65.912040237656));
#2935=CARTESIAN_POINT('Ctrl Pts',(-29.9864194124035,-0.912040263516381,
66.1739247409839));
#2936=CARTESIAN_POINT('Ctrl Pts',(-29.9912689373501,-0.746199867374336,
66.2874359148362));
#2937=CARTESIAN_POINT('Ctrl Pts',(-29.9981081324645,-0.382799147504727,
66.4379743706809));
#2938=CARTESIAN_POINT('Ctrl Pts',(-30.,-0.185236305101433,66.475));
#2939=CARTESIAN_POINT('Ctrl Pts',(-30.,0.185236305101423,66.475));
#2940=CARTESIAN_POINT('Ctrl Pts',(-29.9981081324645,0.382799147504718,66.4379743706809));
#2941=CARTESIAN_POINT('Ctrl Pts',(-29.9912689373501,0.746199867374327,66.2874359148362));
#2942=CARTESIAN_POINT('Ctrl Pts',(-29.9864194124035,0.912040263516372,66.1739247409839));
#2943=CARTESIAN_POINT('Ctrl Pts',(-29.9773092065885,1.17392476684435,65.912040237656));
#2944=CARTESIAN_POINT('Ctrl Pts',(-29.9724571217362,1.28743592143008,65.7461998533414));
#2945=CARTESIAN_POINT('Ctrl Pts',(-29.9656120730266,1.43797436031226,65.3827991706498));
#2946=CARTESIAN_POINT('Ctrl Pts',(-29.9637176431764,1.475,65.1852363416846));
#2947=CARTESIAN_POINT('Ctrl Pts',(-29.9637176431764,1.475,64.8147636583154));
#2948=CARTESIAN_POINT('Ctrl Pts',(-29.9656120730266,1.43797436031226,64.6172008293502));
#2949=CARTESIAN_POINT('Ctrl Pts',(-29.9724571217362,1.28743592143008,64.2538001466586));
#2950=CARTESIAN_POINT('Ctrl Pts',(-29.9773092065885,1.17392476684435,64.087959762344));
#2951=CARTESIAN_POINT('Ctrl Pts',(-29.9864194124035,0.912040263516372,63.8260752590161));
#2952=CARTESIAN_POINT('Ctrl Pts',(-29.9912689373502,0.74619986737432,63.7125640851638));
#2953=CARTESIAN_POINT('Ctrl Pts',(-29.9981081324645,0.382799147504711,63.5620256293191));
#2954=CARTESIAN_POINT('Ctrl Pts',(-30.,0.185236305101424,63.525));
#2955=CARTESIAN_POINT('Ctrl Pts',(-30.,-0.185236305101432,63.525));
#2956=CARTESIAN_POINT('Ctrl Pts',(-29.9981081324645,-0.382799147504718,
63.5620256293191));
#2957=CARTESIAN_POINT('Ctrl Pts',(-29.9912689373502,-0.746199867374327,
63.7125640851638));
#2958=CARTESIAN_POINT('Ctrl Pts',(-29.9864194124035,-0.91204026351638,63.8260752590161));
#2959=CARTESIAN_POINT('Ctrl Pts',(-29.9773092065885,-1.17392476684436,64.087959762344));
#2960=CARTESIAN_POINT('Ctrl Pts',(-29.9724571217362,-1.28743592143009,64.2538001466586));
#2961=CARTESIAN_POINT('Ctrl Pts',(-29.9656120730266,-1.43797436031227,64.6172008293502));
#2962=CARTESIAN_POINT('Ctrl Pts',(-29.9637176431764,-1.475,64.8147636583154));
#2963=CARTESIAN_POINT('Ctrl Pts',(-29.9637176431764,-1.475,65.));
#2964=CARTESIAN_POINT('',(37.,-1.475,65.));
#2965=CARTESIAN_POINT('Origin',(27.1602540378444,-27.0429399400242,7.5));
#2966=CARTESIAN_POINT('',(26.5363995913325,-25.962392342138,7.5));
#2967=CARTESIAN_POINT('',(22.8023896615753,-19.4948974278318,7.5));
#2968=CARTESIAN_POINT('Origin',(-30.2842712474619,-10.,72.0000008493662));
#2969=CARTESIAN_POINT('',(-28.2842712474619,-10.,72.0000008493662));
#2970=CARTESIAN_POINT('Origin',(0.,0.,72.0000008493662));
#2971=CARTESIAN_POINT('',(-28.2842712474619,-10.,72.0000008493662));
#2972=CARTESIAN_POINT('Origin',(0.,0.,7.5));
#2973=CARTESIAN_POINT('',(-28.2842712474619,-10.,57.0000008493662));
#2974=CARTESIAN_POINT('Origin',(-37.,-10.,7.5));
#2975=CARTESIAN_POINT('Origin',(0.,0.,7.5));
#2976=CARTESIAN_POINT('Origin',(-9.83974596215559,37.0429399400242,7.5));
#2977=CARTESIAN_POINT('Origin',(0.,0.,7.5));
#2978=CARTESIAN_POINT('Origin',(9.83974596215561,-37.0429399400242,7.5));
#2979=CARTESIAN_POINT('',(24.8519279275892,-28.3756526411575,7.5));
#2980=CARTESIAN_POINT('Origin',(0.,0.,7.5));
#2981=CARTESIAN_POINT('Origin',(0.,0.,7.5));
#2982=CARTESIAN_POINT('',(-5.48188158588657,-29.4948974278318,7.5));
#2983=CARTESIAN_POINT('Origin',(-9.83974596215562,-37.0429399400242,7.5));
#2984=CARTESIAN_POINT('Origin',(0.,0.,7.5));
#2985=CARTESIAN_POINT('',(5.48188158588657,29.4948974278318,7.5));
#2986=CARTESIAN_POINT('Origin',(9.83974596215563,37.0429399400242,7.5));
#2987=CARTESIAN_POINT('Origin',(25.6109127034707,-27.1109127034707,0.));
#2988=CARTESIAN_POINT('',(24.1359127034707,-27.1109127034707,0.));
#2989=UNCERTAINTY_MEASURE_WITH_UNIT(LENGTH_MEASURE(0.01),#2993,
'DISTANCE_ACCURACY_VALUE',
'Maximum model space distance between geometric entities at asserted c
onnectivities');
#2990=UNCERTAINTY_MEASURE_WITH_UNIT(LENGTH_MEASURE(0.01),#2993,
'DISTANCE_ACCURACY_VALUE',
'Maximum model space distance between geometric entities at asserted c
onnectivities');
#2991=(
GEOMETRIC_REPRESENTATION_CONTEXT(3)
GLOBAL_UNCERTAINTY_ASSIGNED_CONTEXT((#2989))
GLOBAL_UNIT_ASSIGNED_CONTEXT((#2993,#2995,#2996))
REPRESENTATION_CONTEXT('','3D')
);
#2992=(
GEOMETRIC_REPRESENTATION_CONTEXT(3)
GLOBAL_UNCERTAINTY_ASSIGNED_CONTEXT((#2990))
GLOBAL_UNIT_ASSIGNED_CONTEXT((#2993,#2995,#2996))
REPRESENTATION_CONTEXT('','3D')
);
#2993=(
LENGTH_UNIT()
NAMED_UNIT(*)
SI_UNIT(.MILLI.,.METRE.)
);
#2994=(
LENGTH_UNIT()
NAMED_UNIT(*)
SI_UNIT($,.METRE.)
);
#2995=(
NAMED_UNIT(*)
PLANE_ANGLE_UNIT()
SI_UNIT($,.RADIAN.)
);
#2996=(
NAMED_UNIT(*)
SI_UNIT($,.STERADIAN.)
SOLID_ANGLE_UNIT()
);
#2997=SHAPE_DEFINITION_REPRESENTATION(#2998,#2999);
#2998=PRODUCT_DEFINITION_SHAPE('',$,#3001);
#2999=SHAPE_REPRESENTATION('',(#1410),#2991);
#3000=PRODUCT_DEFINITION_CONTEXT('part definition',#3005,'design');
#3001=PRODUCT_DEFINITION('GYRA PCB BASE LID','GYRA PCB BASE LID v8',#3002,
#3000);
#3002=PRODUCT_DEFINITION_FORMATION('',$,#3007);
#3003=PRODUCT_RELATED_PRODUCT_CATEGORY('GYRA PCB BASE LID v8',
'GYRA PCB BASE LID v8',(#3007));
#3004=APPLICATION_PROTOCOL_DEFINITION('international standard',
'automotive_design',2009,#3005);
#3005=APPLICATION_CONTEXT(
'Core Data for Automotive Mechanical Design Process');
#3006=PRODUCT_CONTEXT('part definition',#3005,'mechanical');
#3007=PRODUCT('GYRA PCB BASE LID','GYRA PCB BASE LID v8',$,(#3006));
#3008=PRESENTATION_STYLE_ASSIGNMENT((#3009));
#3009=SURFACE_STYLE_USAGE(.BOTH.,#3010);
#3010=SURFACE_SIDE_STYLE('',(#3011));
#3011=SURFACE_STYLE_FILL_AREA(#3012);
#3012=FILL_AREA_STYLE('Plastic - Matte (White)',(#3013));
#3013=FILL_AREA_STYLE_COLOUR('Plastic - Matte (White)',#3014);
#3014=COLOUR_RGB('Plastic - Matte (White)',0.964705882352941,0.964705882352941,
0.952941176470588);
ENDSEC;
END-ISO-10303-21;
