ISO-10303-21;
HEADER;
/* Generated by software containing ST-Developer
 * from STEP Tools, Inc. (www.steptools.com) 
 */

FILE_DESCRIPTION(
/* description */ (''),
/* implementation_level */ '2;1');

FILE_NAME(
/* name */ 'GYRA ROLL PITCH BRAKET PROTOTYPE V4.step',
/* time_stamp */ '2026-05-21T19:58:54+05:30',
/* author */ (''),
/* organization */ (''),
/* preprocessor_version */ 'ST-DEVELOPER v20.1',
/* originating_system */ 'Autodesk Translation Framework v15.8.0.0',
/* authorisation */ '');

FILE_SCHEMA (('AUTOMOTIVE_DESIGN { 1 0 10303 214 3 1 1 }'));
ENDSEC;

DATA;
#10=MECHANICAL_DESIGN_GEOMETRIC_PRESENTATION_REPRESENTATION('',(#13),#3237);
#11=SHAPE_REPRESENTATION_RELATIONSHIP('SRR','None',#3244,#12);
#12=ADVANCED_BREP_SHAPE_REPRESENTATION('',(#14),#3236);
#13=STYLED_ITEM('',(#3253),#14);
#14=MANIFOLD_SOLID_BREP('HEAD',#1883);
#15=TOROIDAL_SURFACE('',#2081,2.5,1.);
#16=(
BOUNDED_CURVE()
B_SPLINE_CURVE(2,(#3162,#3163,#3164),.UNSPECIFIED.,.F.,.F.)
B_SPLINE_CURVE_WITH_KNOTS((3,3),(0.,0.4000123849198),.UNSPECIFIED.)
CURVE()
GEOMETRIC_REPRESENTATION_ITEM()
RATIONAL_B_SPLINE_CURVE((1.,0.999994368217257,1.))
REPRESENTATION_ITEM('')
);
#17=(
BOUNDED_CURVE()
B_SPLINE_CURVE(2,(#3168,#3169,#3170),.UNSPECIFIED.,.F.,.F.)
B_SPLINE_CURVE_WITH_KNOTS((3,3),(0.,0.4000031019403),.UNSPECIFIED.)
CURVE()
GEOMETRIC_REPRESENTATION_ITEM()
RATIONAL_B_SPLINE_CURVE((1.,0.999996532646454,1.))
REPRESENTATION_ITEM('')
);
#18=(
BOUNDED_CURVE()
B_SPLINE_CURVE(2,(#3187,#3188,#3189),.UNSPECIFIED.,.F.,.F.)
B_SPLINE_CURVE_WITH_KNOTS((3,3),(0.,0.400009985812389),.UNSPECIFIED.)
CURVE()
GEOMETRIC_REPRESENTATION_ITEM()
RATIONAL_B_SPLINE_CURVE((1.,0.999993447008987,1.))
REPRESENTATION_ITEM('')
);
#19=(
BOUNDED_CURVE()
B_SPLINE_CURVE(2,(#3192,#3193,#3194),.UNSPECIFIED.,.F.,.F.)
B_SPLINE_CURVE_WITH_KNOTS((3,3),(0.,0.400008854006619),.UNSPECIFIED.)
CURVE()
GEOMETRIC_REPRESENTATION_ITEM()
RATIONAL_B_SPLINE_CURVE((1.,0.999993788123899,1.))
REPRESENTATION_ITEM('')
);
#20=B_SPLINE_CURVE_WITH_KNOTS('',3,(#3133,#3134,#3135,#3136,#3137,#3138,
#3139,#3140,#3141,#3142),.UNSPECIFIED.,.F.,.F.,(4,2,2,2,4),(0.173231112511713,
0.215805386843895,0.258379661176077,0.296945903032025,0.335512144887973),
 .UNSPECIFIED.);
#21=B_SPLINE_CURVE_WITH_KNOTS('',3,(#3144,#3145,#3146,#3147,#3148,#3149,
#3150,#3151,#3152,#3153),.UNSPECIFIED.,.F.,.F.,(4,2,2,2,4),(0.335369610505555,
0.373935852361504,0.412502094217452,0.455076368549633,0.497650642881815),
 .UNSPECIFIED.);
#22=CYLINDRICAL_SURFACE('',#1927,1.4);
#23=CYLINDRICAL_SURFACE('',#1929,1.4);
#24=CYLINDRICAL_SURFACE('',#1931,1.4);
#25=CYLINDRICAL_SURFACE('',#1933,2.5);
#26=CYLINDRICAL_SURFACE('',#1937,1.4);
#27=CYLINDRICAL_SURFACE('',#1939,1.4);
#28=CYLINDRICAL_SURFACE('',#1941,1.4);
#29=CYLINDRICAL_SURFACE('',#1953,22.);
#30=CYLINDRICAL_SURFACE('',#1987,6.5);
#31=CYLINDRICAL_SURFACE('',#1989,3.5);
#32=CYLINDRICAL_SURFACE('',#1992,5.);
#33=CYLINDRICAL_SURFACE('',#2001,5.);
#34=CYLINDRICAL_SURFACE('',#2004,5.);
#35=CYLINDRICAL_SURFACE('',#2007,5.);
#36=CYLINDRICAL_SURFACE('',#2013,5.);
#37=CYLINDRICAL_SURFACE('',#2021,1.);
#38=CYLINDRICAL_SURFACE('',#2024,1.);
#39=CYLINDRICAL_SURFACE('',#2026,1.);
#40=CYLINDRICAL_SURFACE('',#2028,5.);
#41=CYLINDRICAL_SURFACE('',#2031,5.);
#42=CYLINDRICAL_SURFACE('',#2033,5.);
#43=CYLINDRICAL_SURFACE('',#2037,1.45);
#44=CYLINDRICAL_SURFACE('',#2039,1.45);
#45=CYLINDRICAL_SURFACE('',#2051,1.);
#46=CYLINDRICAL_SURFACE('',#2052,1.);
#47=CYLINDRICAL_SURFACE('',#2053,6.54852254653654);
#48=CYLINDRICAL_SURFACE('',#2057,1.45);
#49=CYLINDRICAL_SURFACE('',#2058,1.45);
#50=CYLINDRICAL_SURFACE('',#2061,5.76143953765029);
#51=CYLINDRICAL_SURFACE('',#2071,1.515);
#52=CYLINDRICAL_SURFACE('',#2072,1.515);
#53=CYLINDRICAL_SURFACE('',#2073,1.515);
#54=CYLINDRICAL_SURFACE('',#2074,1.515);
#55=CYLINDRICAL_SURFACE('',#2085,1.5);
#56=FACE_BOUND('',#315,.T.);
#57=FACE_BOUND('',#317,.T.);
#58=FACE_BOUND('',#318,.T.);
#59=FACE_BOUND('',#319,.T.);
#60=FACE_BOUND('',#320,.T.);
#61=FACE_BOUND('',#321,.T.);
#62=FACE_BOUND('',#322,.T.);
#63=FACE_BOUND('',#323,.T.);
#64=FACE_BOUND('',#333,.T.);
#65=FACE_BOUND('',#334,.T.);
#66=FACE_BOUND('',#335,.T.);
#67=FACE_BOUND('',#336,.T.);
#68=FACE_BOUND('',#337,.T.);
#69=FACE_BOUND('',#338,.T.);
#70=FACE_BOUND('',#339,.T.);
#71=FACE_BOUND('',#340,.T.);
#72=FACE_BOUND('',#341,.T.);
#73=FACE_BOUND('',#342,.T.);
#74=FACE_BOUND('',#343,.T.);
#75=FACE_BOUND('',#348,.T.);
#76=FACE_BOUND('',#349,.T.);
#77=FACE_BOUND('',#350,.T.);
#78=FACE_BOUND('',#351,.T.);
#79=FACE_BOUND('',#352,.T.);
#80=FACE_BOUND('',#408,.T.);
#81=FACE_BOUND('',#414,.T.);
#82=FACE_BOUND('',#416,.T.);
#83=CIRCLE('',#1904,22.);
#84=CIRCLE('',#1905,1.515);
#85=CIRCLE('',#1906,1.515);
#86=CIRCLE('',#1908,1.515);
#87=CIRCLE('',#1909,1.515);
#88=CIRCLE('',#1910,1.515);
#89=CIRCLE('',#1911,1.515);
#90=CIRCLE('',#1913,1.515);
#91=CIRCLE('',#1914,1.515);
#92=CIRCLE('',#1915,1.515);
#93=CIRCLE('',#1916,1.515);
#94=CIRCLE('',#1918,1.515);
#95=CIRCLE('',#1919,1.515);
#96=CIRCLE('',#1920,1.5);
#97=CIRCLE('',#1921,1.4);
#98=CIRCLE('',#1922,1.4);
#99=CIRCLE('',#1923,1.4);
#100=CIRCLE('',#1924,1.4);
#101=CIRCLE('',#1925,1.4);
#102=CIRCLE('',#1926,1.4);
#103=CIRCLE('',#1928,1.4);
#104=CIRCLE('',#1930,1.4);
#105=CIRCLE('',#1932,1.4);
#106=CIRCLE('',#1934,2.5);
#107=CIRCLE('',#1935,2.5);
#108=CIRCLE('',#1936,2.5);
#109=CIRCLE('',#1938,1.4);
#110=CIRCLE('',#1940,1.4);
#111=CIRCLE('',#1942,1.4);
#112=CIRCLE('',#1944,22.);
#113=CIRCLE('',#1945,22.);
#114=CIRCLE('',#1946,22.);
#115=CIRCLE('',#1947,1.515);
#116=CIRCLE('',#1948,1.515);
#117=CIRCLE('',#1949,1.515);
#118=CIRCLE('',#1950,1.515);
#119=CIRCLE('',#1956,22.);
#120=CIRCLE('',#1957,22.);
#121=CIRCLE('',#1961,5.);
#122=CIRCLE('',#1962,5.);
#123=CIRCLE('',#1963,5.);
#124=CIRCLE('',#1964,5.);
#125=CIRCLE('',#1965,6.54852254653654);
#126=CIRCLE('',#1966,1.45);
#127=CIRCLE('',#1967,1.45);
#128=CIRCLE('',#1968,1.45);
#129=CIRCLE('',#1969,1.45);
#130=CIRCLE('',#1977,6.5);
#131=CIRCLE('',#1978,3.5);
#132=CIRCLE('',#1982,3.5);
#133=CIRCLE('',#1983,6.5);
#134=CIRCLE('',#1993,5.);
#135=CIRCLE('',#1994,5.);
#136=CIRCLE('',#1996,5.);
#137=CIRCLE('',#1997,5.);
#138=CIRCLE('',#1998,5.);
#139=CIRCLE('',#1999,5.76143953765029);
#140=CIRCLE('',#2002,5.);
#141=CIRCLE('',#2005,5.);
#142=CIRCLE('',#2008,5.);
#143=CIRCLE('',#2014,5.);
#144=CIRCLE('',#2018,1.);
#145=CIRCLE('',#2029,5.);
#146=CIRCLE('',#2032,5.);
#147=CIRCLE('',#2034,5.);
#148=CIRCLE('',#2038,1.45);
#149=CIRCLE('',#2040,1.45);
#150=CIRCLE('',#2043,1.45);
#151=CIRCLE('',#2045,1.45);
#152=CIRCLE('',#2049,6.54852254653654);
#153=CIRCLE('',#2050,6.54852254653654);
#154=CIRCLE('',#2062,5.76143953765029);
#155=CIRCLE('',#2082,1.);
#156=CIRCLE('',#2083,1.5);
#157=CIRCLE('',#2084,1.5);
#158=PLANE('',#1903);
#159=PLANE('',#1912);
#160=PLANE('',#1943);
#161=PLANE('',#1951);
#162=PLANE('',#1952);
#163=PLANE('',#1960);
#164=PLANE('',#1970);
#165=PLANE('',#1971);
#166=PLANE('',#1972);
#167=PLANE('',#1973);
#168=PLANE('',#1974);
#169=PLANE('',#1975);
#170=PLANE('',#1976);
#171=PLANE('',#1979);
#172=PLANE('',#1980);
#173=PLANE('',#1981);
#174=PLANE('',#1984);
#175=PLANE('',#1985);
#176=PLANE('',#1986);
#177=PLANE('',#1988);
#178=PLANE('',#1990);
#179=PLANE('',#1991);
#180=PLANE('',#1995);
#181=PLANE('',#2000);
#182=PLANE('',#2003);
#183=PLANE('',#2006);
#184=PLANE('',#2009);
#185=PLANE('',#2010);
#186=PLANE('',#2011);
#187=PLANE('',#2012);
#188=PLANE('',#2015);
#189=PLANE('',#2017);
#190=PLANE('',#2019);
#191=PLANE('',#2020);
#192=PLANE('',#2030);
#193=PLANE('',#2035);
#194=PLANE('',#2036);
#195=PLANE('',#2041);
#196=PLANE('',#2042);
#197=PLANE('',#2044);
#198=PLANE('',#2046);
#199=PLANE('',#2047);
#200=PLANE('',#2048);
#201=PLANE('',#2059);
#202=PLANE('',#2060);
#203=PLANE('',#2065);
#204=PLANE('',#2066);
#205=PLANE('',#2067);
#206=PLANE('',#2068);
#207=PLANE('',#2069);
#208=PLANE('',#2070);
#209=PLANE('',#2075);
#210=PLANE('',#2076);
#211=PLANE('',#2077);
#212=PLANE('',#2078);
#213=PLANE('',#2079);
#214=PLANE('',#2080);
#215=FACE_OUTER_BOUND('',#311,.T.);
#216=FACE_OUTER_BOUND('',#312,.T.);
#217=FACE_OUTER_BOUND('',#313,.T.);
#218=FACE_OUTER_BOUND('',#314,.T.);
#219=FACE_OUTER_BOUND('',#316,.T.);
#220=FACE_OUTER_BOUND('',#324,.T.);
#221=FACE_OUTER_BOUND('',#325,.T.);
#222=FACE_OUTER_BOUND('',#326,.T.);
#223=FACE_OUTER_BOUND('',#327,.T.);
#224=FACE_OUTER_BOUND('',#328,.T.);
#225=FACE_OUTER_BOUND('',#329,.T.);
#226=FACE_OUTER_BOUND('',#330,.T.);
#227=FACE_OUTER_BOUND('',#331,.T.);
#228=FACE_OUTER_BOUND('',#332,.T.);
#229=FACE_OUTER_BOUND('',#344,.T.);
#230=FACE_OUTER_BOUND('',#345,.T.);
#231=FACE_OUTER_BOUND('',#346,.T.);
#232=FACE_OUTER_BOUND('',#347,.T.);
#233=FACE_OUTER_BOUND('',#353,.T.);
#234=FACE_OUTER_BOUND('',#354,.T.);
#235=FACE_OUTER_BOUND('',#355,.T.);
#236=FACE_OUTER_BOUND('',#356,.T.);
#237=FACE_OUTER_BOUND('',#357,.T.);
#238=FACE_OUTER_BOUND('',#358,.T.);
#239=FACE_OUTER_BOUND('',#359,.T.);
#240=FACE_OUTER_BOUND('',#360,.T.);
#241=FACE_OUTER_BOUND('',#361,.T.);
#242=FACE_OUTER_BOUND('',#362,.T.);
#243=FACE_OUTER_BOUND('',#363,.T.);
#244=FACE_OUTER_BOUND('',#364,.T.);
#245=FACE_OUTER_BOUND('',#365,.T.);
#246=FACE_OUTER_BOUND('',#366,.T.);
#247=FACE_OUTER_BOUND('',#367,.T.);
#248=FACE_OUTER_BOUND('',#368,.T.);
#249=FACE_OUTER_BOUND('',#369,.T.);
#250=FACE_OUTER_BOUND('',#370,.T.);
#251=FACE_OUTER_BOUND('',#371,.T.);
#252=FACE_OUTER_BOUND('',#372,.T.);
#253=FACE_OUTER_BOUND('',#373,.T.);
#254=FACE_OUTER_BOUND('',#374,.T.);
#255=FACE_OUTER_BOUND('',#375,.T.);
#256=FACE_OUTER_BOUND('',#376,.T.);
#257=FACE_OUTER_BOUND('',#377,.T.);
#258=FACE_OUTER_BOUND('',#378,.T.);
#259=FACE_OUTER_BOUND('',#379,.T.);
#260=FACE_OUTER_BOUND('',#380,.T.);
#261=FACE_OUTER_BOUND('',#381,.T.);
#262=FACE_OUTER_BOUND('',#382,.T.);
#263=FACE_OUTER_BOUND('',#383,.T.);
#264=FACE_OUTER_BOUND('',#384,.T.);
#265=FACE_OUTER_BOUND('',#385,.T.);
#266=FACE_OUTER_BOUND('',#386,.T.);
#267=FACE_OUTER_BOUND('',#387,.T.);
#268=FACE_OUTER_BOUND('',#388,.T.);
#269=FACE_OUTER_BOUND('',#389,.T.);
#270=FACE_OUTER_BOUND('',#390,.T.);
#271=FACE_OUTER_BOUND('',#391,.T.);
#272=FACE_OUTER_BOUND('',#392,.T.);
#273=FACE_OUTER_BOUND('',#393,.T.);
#274=FACE_OUTER_BOUND('',#394,.T.);
#275=FACE_OUTER_BOUND('',#395,.T.);
#276=FACE_OUTER_BOUND('',#396,.T.);
#277=FACE_OUTER_BOUND('',#397,.T.);
#278=FACE_OUTER_BOUND('',#398,.T.);
#279=FACE_OUTER_BOUND('',#399,.T.);
#280=FACE_OUTER_BOUND('',#400,.T.);
#281=FACE_OUTER_BOUND('',#401,.T.);
#282=FACE_OUTER_BOUND('',#402,.T.);
#283=FACE_OUTER_BOUND('',#403,.T.);
#284=FACE_OUTER_BOUND('',#404,.T.);
#285=FACE_OUTER_BOUND('',#405,.T.);
#286=FACE_OUTER_BOUND('',#406,.T.);
#287=FACE_OUTER_BOUND('',#407,.T.);
#288=FACE_OUTER_BOUND('',#409,.T.);
#289=FACE_OUTER_BOUND('',#410,.T.);
#290=FACE_OUTER_BOUND('',#411,.T.);
#291=FACE_OUTER_BOUND('',#412,.T.);
#292=FACE_OUTER_BOUND('',#413,.T.);
#293=FACE_OUTER_BOUND('',#415,.T.);
#294=FACE_OUTER_BOUND('',#417,.T.);
#295=FACE_OUTER_BOUND('',#418,.T.);
#296=FACE_OUTER_BOUND('',#419,.T.);
#297=FACE_OUTER_BOUND('',#420,.T.);
#298=FACE_OUTER_BOUND('',#421,.T.);
#299=FACE_OUTER_BOUND('',#422,.T.);
#300=FACE_OUTER_BOUND('',#423,.T.);
#301=FACE_OUTER_BOUND('',#424,.T.);
#302=FACE_OUTER_BOUND('',#425,.T.);
#303=FACE_OUTER_BOUND('',#426,.T.);
#304=FACE_OUTER_BOUND('',#427,.T.);
#305=FACE_OUTER_BOUND('',#428,.T.);
#306=FACE_OUTER_BOUND('',#429,.T.);
#307=FACE_OUTER_BOUND('',#430,.T.);
#308=FACE_OUTER_BOUND('',#431,.T.);
#309=FACE_OUTER_BOUND('',#432,.T.);
#310=FACE_OUTER_BOUND('',#433,.T.);
#311=EDGE_LOOP('',(#1241,#1242,#1243,#1244));
#312=EDGE_LOOP('',(#1245,#1246,#1247,#1248));
#313=EDGE_LOOP('',(#1249,#1250,#1251,#1252));
#314=EDGE_LOOP('',(#1253,#1254,#1255,#1256));
#315=EDGE_LOOP('',(#1257,#1258,#1259,#1260,#1261,#1262,#1263,#1264,#1265,
#1266));
#316=EDGE_LOOP('',(#1267,#1268,#1269,#1270,#1271,#1272,#1273,#1274,#1275,
#1276));
#317=EDGE_LOOP('',(#1277));
#318=EDGE_LOOP('',(#1278));
#319=EDGE_LOOP('',(#1279));
#320=EDGE_LOOP('',(#1280));
#321=EDGE_LOOP('',(#1281));
#322=EDGE_LOOP('',(#1282));
#323=EDGE_LOOP('',(#1283));
#324=EDGE_LOOP('',(#1284,#1285,#1286,#1287));
#325=EDGE_LOOP('',(#1288,#1289,#1290,#1291));
#326=EDGE_LOOP('',(#1292,#1293,#1294,#1295));
#327=EDGE_LOOP('',(#1296,#1297,#1298,#1299));
#328=EDGE_LOOP('',(#1300,#1301,#1302,#1303,#1304));
#329=EDGE_LOOP('',(#1305,#1306,#1307,#1308));
#330=EDGE_LOOP('',(#1309,#1310,#1311,#1312));
#331=EDGE_LOOP('',(#1313,#1314,#1315,#1316));
#332=EDGE_LOOP('',(#1317,#1318,#1319,#1320));
#333=EDGE_LOOP('',(#1321));
#334=EDGE_LOOP('',(#1322));
#335=EDGE_LOOP('',(#1323));
#336=EDGE_LOOP('',(#1324));
#337=EDGE_LOOP('',(#1325));
#338=EDGE_LOOP('',(#1326));
#339=EDGE_LOOP('',(#1327));
#340=EDGE_LOOP('',(#1328));
#341=EDGE_LOOP('',(#1329));
#342=EDGE_LOOP('',(#1330));
#343=EDGE_LOOP('',(#1331));
#344=EDGE_LOOP('',(#1332,#1333,#1334,#1335));
#345=EDGE_LOOP('',(#1336,#1337,#1338,#1339,#1340,#1341,#1342,#1343));
#346=EDGE_LOOP('',(#1344,#1345,#1346,#1347,#1348,#1349,#1350,#1351,#1352,
#1353,#1354,#1355,#1356,#1357,#1358,#1359));
#347=EDGE_LOOP('',(#1360,#1361,#1362,#1363,#1364,#1365,#1366,#1367,#1368,
#1369,#1370,#1371));
#348=EDGE_LOOP('',(#1372,#1373,#1374,#1375,#1376,#1377,#1378,#1379));
#349=EDGE_LOOP('',(#1380));
#350=EDGE_LOOP('',(#1381));
#351=EDGE_LOOP('',(#1382));
#352=EDGE_LOOP('',(#1383));
#353=EDGE_LOOP('',(#1384,#1385,#1386,#1387));
#354=EDGE_LOOP('',(#1388,#1389,#1390,#1391));
#355=EDGE_LOOP('',(#1392,#1393,#1394,#1395));
#356=EDGE_LOOP('',(#1396,#1397,#1398,#1399));
#357=EDGE_LOOP('',(#1400,#1401,#1402,#1403));
#358=EDGE_LOOP('',(#1404,#1405,#1406,#1407));
#359=EDGE_LOOP('',(#1408,#1409,#1410,#1411,#1412,#1413,#1414,#1415,#1416,
#1417,#1418,#1419,#1420,#1421,#1422,#1423,#1424));
#360=EDGE_LOOP('',(#1425,#1426,#1427,#1428));
#361=EDGE_LOOP('',(#1429,#1430,#1431,#1432));
#362=EDGE_LOOP('',(#1433,#1434,#1435,#1436,#1437,#1438,#1439,#1440,#1441,
#1442,#1443,#1444,#1445,#1446,#1447,#1448,#1449));
#363=EDGE_LOOP('',(#1450,#1451,#1452,#1453));
#364=EDGE_LOOP('',(#1454,#1455,#1456,#1457));
#365=EDGE_LOOP('',(#1458,#1459,#1460,#1461));
#366=EDGE_LOOP('',(#1462,#1463,#1464,#1465));
#367=EDGE_LOOP('',(#1466,#1467,#1468,#1469));
#368=EDGE_LOOP('',(#1470,#1471,#1472,#1473));
#369=EDGE_LOOP('',(#1474,#1475,#1476,#1477));
#370=EDGE_LOOP('',(#1478,#1479,#1480,#1481,#1482,#1483,#1484,#1485));
#371=EDGE_LOOP('',(#1486,#1487,#1488,#1489));
#372=EDGE_LOOP('',(#1490,#1491,#1492,#1493,#1494,#1495,#1496,#1497,#1498,
#1499));
#373=EDGE_LOOP('',(#1500,#1501,#1502,#1503));
#374=EDGE_LOOP('',(#1504,#1505,#1506,#1507));
#375=EDGE_LOOP('',(#1508,#1509,#1510,#1511));
#376=EDGE_LOOP('',(#1512,#1513,#1514,#1515));
#377=EDGE_LOOP('',(#1516,#1517,#1518,#1519));
#378=EDGE_LOOP('',(#1520,#1521,#1522,#1523));
#379=EDGE_LOOP('',(#1524,#1525,#1526,#1527));
#380=EDGE_LOOP('',(#1528,#1529,#1530,#1531));
#381=EDGE_LOOP('',(#1532,#1533,#1534,#1535));
#382=EDGE_LOOP('',(#1536,#1537,#1538,#1539));
#383=EDGE_LOOP('',(#1540,#1541,#1542,#1543));
#384=EDGE_LOOP('',(#1544,#1545,#1546,#1547));
#385=EDGE_LOOP('',(#1548,#1549,#1550,#1551,#1552,#1553));
#386=EDGE_LOOP('',(#1554,#1555,#1556,#1557));
#387=EDGE_LOOP('',(#1558,#1559,#1560,#1561));
#388=EDGE_LOOP('',(#1562,#1563,#1564,#1565,#1566,#1567));
#389=EDGE_LOOP('',(#1568,#1569,#1570,#1571));
#390=EDGE_LOOP('',(#1572,#1573,#1574,#1575));
#391=EDGE_LOOP('',(#1576,#1577,#1578,#1579));
#392=EDGE_LOOP('',(#1580,#1581,#1582,#1583));
#393=EDGE_LOOP('',(#1584,#1585,#1586,#1587));
#394=EDGE_LOOP('',(#1588,#1589,#1590,#1591));
#395=EDGE_LOOP('',(#1592,#1593,#1594,#1595));
#396=EDGE_LOOP('',(#1596,#1597,#1598,#1599));
#397=EDGE_LOOP('',(#1600,#1601,#1602,#1603));
#398=EDGE_LOOP('',(#1604,#1605,#1606,#1607));
#399=EDGE_LOOP('',(#1608));
#400=EDGE_LOOP('',(#1609));
#401=EDGE_LOOP('',(#1610));
#402=EDGE_LOOP('',(#1611));
#403=EDGE_LOOP('',(#1612,#1613,#1614,#1615));
#404=EDGE_LOOP('',(#1616,#1617,#1618,#1619,#1620,#1621,#1622,#1623));
#405=EDGE_LOOP('',(#1624,#1625,#1626,#1627,#1628,#1629));
#406=EDGE_LOOP('',(#1630,#1631,#1632,#1633));
#407=EDGE_LOOP('',(#1634,#1635,#1636,#1637,#1638,#1639,#1640,#1641,#1642,
#1643,#1644,#1645));
#408=EDGE_LOOP('',(#1646,#1647,#1648,#1649));
#409=EDGE_LOOP('',(#1650,#1651,#1652,#1653));
#410=EDGE_LOOP('',(#1654,#1655,#1656,#1657));
#411=EDGE_LOOP('',(#1658,#1659,#1660,#1661));
#412=EDGE_LOOP('',(#1662,#1663));
#413=EDGE_LOOP('',(#1664,#1665,#1666,#1667));
#414=EDGE_LOOP('',(#1668,#1669,#1670,#1671));
#415=EDGE_LOOP('',(#1672,#1673,#1674,#1675,#1676,#1677,#1678,#1679));
#416=EDGE_LOOP('',(#1680,#1681,#1682,#1683,#1684,#1685,#1686,#1687,#1688,
#1689));
#417=EDGE_LOOP('',(#1690,#1691,#1692,#1693));
#418=EDGE_LOOP('',(#1694,#1695,#1696,#1697));
#419=EDGE_LOOP('',(#1698,#1699,#1700,#1701));
#420=EDGE_LOOP('',(#1702,#1703,#1704,#1705));
#421=EDGE_LOOP('',(#1706,#1707,#1708,#1709));
#422=EDGE_LOOP('',(#1710,#1711,#1712,#1713,#1714,#1715,#1716,#1717));
#423=EDGE_LOOP('',(#1718,#1719,#1720,#1721,#1722,#1723,#1724,#1725));
#424=EDGE_LOOP('',(#1726,#1727,#1728,#1729,#1730,#1731,#1732,#1733));
#425=EDGE_LOOP('',(#1734,#1735,#1736,#1737,#1738,#1739,#1740,#1741));
#426=EDGE_LOOP('',(#1742,#1743,#1744));
#427=EDGE_LOOP('',(#1745,#1746,#1747));
#428=EDGE_LOOP('',(#1748,#1749,#1750,#1751,#1752,#1753,#1754,#1755,#1756,
#1757,#1758,#1759));
#429=EDGE_LOOP('',(#1760,#1761,#1762,#1763));
#430=EDGE_LOOP('',(#1764,#1765,#1766,#1767));
#431=EDGE_LOOP('',(#1768,#1769,#1770,#1771));
#432=EDGE_LOOP('',(#1772,#1773,#1774,#1775,#1776,#1777));
#433=EDGE_LOOP('',(#1778,#1779,#1780,#1781,#1782));
#434=ELLIPSE('',#1897,20.,6.03000000000001);
#435=ELLIPSE('',#1898,20.,6.03000000000001);
#436=ELLIPSE('',#1899,20.,6.03000000000001);
#437=ELLIPSE('',#1900,20.,6.03000000000001);
#438=ELLIPSE('',#1901,20.,6.03000000000001);
#439=ELLIPSE('',#1902,20.,6.03000000000001);
#440=ELLIPSE('',#1907,20.,6.03000000000001);
#441=ELLIPSE('',#1917,20.,6.03000000000001);
#442=ELLIPSE('',#1954,31.1126983722081,22.);
#443=ELLIPSE('',#1955,31.1126983722081,22.);
#444=ELLIPSE('',#1958,31.1126983722081,22.);
#445=ELLIPSE('',#1959,31.1126983722081,22.);
#446=ELLIPSE('',#2016,1.00772279516469,1.);
#447=ELLIPSE('',#2022,1.4142135623731,1.);
#448=ELLIPSE('',#2023,1.41421356237282,1.);
#449=ELLIPSE('',#2025,1.4142135623731,1.);
#450=ELLIPSE('',#2027,1.41421356237309,1.);
#451=ELLIPSE('',#2054,6.54871527887774,6.54852254653654);
#452=ELLIPSE('',#2055,6.54871527887774,6.54852254653654);
#453=ELLIPSE('',#2056,6.54871527887774,6.54852254653654);
#454=ELLIPSE('',#2063,5.76160910501803,5.76143953765029);
#455=ELLIPSE('',#2064,5.76160910501803,5.76143953765029);
#456=LINE('',#2643,#624);
#457=LINE('',#2647,#625);
#458=LINE('',#2661,#626);
#459=LINE('',#2665,#627);
#460=LINE('',#2675,#628);
#461=LINE('',#2679,#629);
#462=LINE('',#2684,#630);
#463=LINE('',#2686,#631);
#464=LINE('',#2689,#632);
#465=LINE('',#2737,#633);
#466=LINE('',#2738,#634);
#467=LINE('',#2742,#635);
#468=LINE('',#2746,#636);
#469=LINE('',#2750,#637);
#470=LINE('',#2755,#638);
#471=LINE('',#2762,#639);
#472=LINE('',#2766,#640);
#473=LINE('',#2770,#641);
#474=LINE('',#2774,#642);
#475=LINE('',#2791,#643);
#476=LINE('',#2793,#644);
#477=LINE('',#2795,#645);
#478=LINE('',#2796,#646);
#479=LINE('',#2799,#647);
#480=LINE('',#2800,#648);
#481=LINE('',#2802,#649);
#482=LINE('',#2803,#650);
#483=LINE('',#2806,#651);
#484=LINE('',#2808,#652);
#485=LINE('',#2812,#653);
#486=LINE('',#2816,#654);
#487=LINE('',#2819,#655);
#488=LINE('',#2821,#656);
#489=LINE('',#2825,#657);
#490=LINE('',#2829,#658);
#491=LINE('',#2834,#659);
#492=LINE('',#2836,#660);
#493=LINE('',#2838,#661);
#494=LINE('',#2840,#662);
#495=LINE('',#2844,#663);
#496=LINE('',#2848,#664);
#497=LINE('',#2852,#665);
#498=LINE('',#2855,#666);
#499=LINE('',#2858,#667);
#500=LINE('',#2860,#668);
#501=LINE('',#2862,#669);
#502=LINE('',#2864,#670);
#503=LINE('',#2866,#671);
#504=LINE('',#2868,#672);
#505=LINE('',#2871,#673);
#506=LINE('',#2883,#674);
#507=LINE('',#2884,#675);
#508=LINE('',#2885,#676);
#509=LINE('',#2889,#677);
#510=LINE('',#2890,#678);
#511=LINE('',#2891,#679);
#512=LINE('',#2894,#680);
#513=LINE('',#2895,#681);
#514=LINE('',#2898,#682);
#515=LINE('',#2899,#683);
#516=LINE('',#2902,#684);
#517=LINE('',#2903,#685);
#518=LINE('',#2906,#686);
#519=LINE('',#2907,#687);
#520=LINE('',#2910,#688);
#521=LINE('',#2914,#689);
#522=LINE('',#2915,#690);
#523=LINE('',#2917,#691);
#524=LINE('',#2919,#692);
#525=LINE('',#2923,#693);
#526=LINE('',#2925,#694);
#527=LINE('',#2926,#695);
#528=LINE('',#2928,#696);
#529=LINE('',#2929,#697);
#530=LINE('',#2932,#698);
#531=LINE('',#2933,#699);
#532=LINE('',#2936,#700);
#533=LINE('',#2937,#701);
#534=LINE('',#2940,#702);
#535=LINE('',#2941,#703);
#536=LINE('',#2943,#704);
#537=LINE('',#2945,#705);
#538=LINE('',#2947,#706);
#539=LINE('',#2950,#707);
#540=LINE('',#2952,#708);
#541=LINE('',#2955,#709);
#542=LINE('',#2957,#710);
#543=LINE('',#2958,#711);
#544=LINE('',#2961,#712);
#545=LINE('',#2963,#713);
#546=LINE('',#2965,#714);
#547=LINE('',#2967,#715);
#548=LINE('',#2971,#716);
#549=LINE('',#2973,#717);
#550=LINE('',#2974,#718);
#551=LINE('',#2980,#719);
#552=LINE('',#2983,#720);
#553=LINE('',#2986,#721);
#554=LINE('',#2990,#722);
#555=LINE('',#2994,#723);
#556=LINE('',#2998,#724);
#557=LINE('',#3001,#725);
#558=LINE('',#3004,#726);
#559=LINE('',#3005,#727);
#560=LINE('',#3008,#728);
#561=LINE('',#3011,#729);
#562=LINE('',#3014,#730);
#563=LINE('',#3015,#731);
#564=LINE('',#3019,#732);
#565=LINE('',#3022,#733);
#566=LINE('',#3023,#734);
#567=LINE('',#3027,#735);
#568=LINE('',#3029,#736);
#569=LINE('',#3033,#737);
#570=LINE('',#3035,#738);
#571=LINE('',#3037,#739);
#572=LINE('',#3038,#740);
#573=LINE('',#3042,#741);
#574=LINE('',#3044,#742);
#575=LINE('',#3046,#743);
#576=LINE('',#3047,#744);
#577=LINE('',#3050,#745);
#578=LINE('',#3052,#746);
#579=LINE('',#3053,#747);
#580=LINE('',#3057,#748);
#581=LINE('',#3060,#749);
#582=LINE('',#3066,#750);
#583=LINE('',#3068,#751);
#584=LINE('',#3070,#752);
#585=LINE('',#3071,#753);
#586=LINE('',#3073,#754);
#587=LINE('',#3074,#755);
#588=LINE('',#3084,#756);
#589=LINE('',#3087,#757);
#590=LINE('',#3090,#758);
#591=LINE('',#3091,#759);
#592=LINE('',#3097,#760);
#593=LINE('',#3100,#761);
#594=LINE('',#3102,#762);
#595=LINE('',#3103,#763);
#596=LINE('',#3107,#764);
#597=LINE('',#3111,#765);
#598=LINE('',#3123,#766);
#599=LINE('',#3124,#767);
#600=LINE('',#3125,#768);
#601=LINE('',#3131,#769);
#602=LINE('',#3158,#770);
#603=LINE('',#3159,#771);
#604=LINE('',#3173,#772);
#605=LINE('',#3175,#773);
#606=LINE('',#3177,#774);
#607=LINE('',#3182,#775);
#608=LINE('',#3196,#776);
#609=LINE('',#3199,#777);
#610=LINE('',#3200,#778);
#611=LINE('',#3202,#779);
#612=LINE('',#3204,#780);
#613=LINE('',#3207,#781);
#614=LINE('',#3209,#782);
#615=LINE('',#3211,#783);
#616=LINE('',#3213,#784);
#617=LINE('',#3215,#785);
#618=LINE('',#3217,#786);
#619=LINE('',#3219,#787);
#620=LINE('',#3220,#788);
#621=LINE('',#3222,#789);
#622=LINE('',#3224,#790);
#623=LINE('',#3233,#791);
#624=VECTOR('',#2088,10.);
#625=VECTOR('',#2091,10.);
#626=VECTOR('',#2094,10.);
#627=VECTOR('',#2097,10.);
#628=VECTOR('',#2100,10.);
#629=VECTOR('',#2103,10.);
#630=VECTOR('',#2108,10.);
#631=VECTOR('',#2109,10.);
#632=VECTOR('',#2112,10.);
#633=VECTOR('',#2157,10.);
#634=VECTOR('',#2158,10.);
#635=VECTOR('',#2163,1.4);
#636=VECTOR('',#2168,1.4);
#637=VECTOR('',#2173,1.4);
#638=VECTOR('',#2178,2.5);
#639=VECTOR('',#2187,1.4);
#640=VECTOR('',#2192,1.4);
#641=VECTOR('',#2197,1.4);
#642=VECTOR('',#2200,10.);
#643=VECTOR('',#2217,10.);
#644=VECTOR('',#2218,10.);
#645=VECTOR('',#2219,10.);
#646=VECTOR('',#2220,10.);
#647=VECTOR('',#2223,10.);
#648=VECTOR('',#2224,10.);
#649=VECTOR('',#2225,10.);
#650=VECTOR('',#2226,10.);
#651=VECTOR('',#2229,10.);
#652=VECTOR('',#2230,10.);
#653=VECTOR('',#2233,10.);
#654=VECTOR('',#2236,10.);
#655=VECTOR('',#2239,10.);
#656=VECTOR('',#2240,10.);
#657=VECTOR('',#2243,10.);
#658=VECTOR('',#2246,10.);
#659=VECTOR('',#2251,10.);
#660=VECTOR('',#2252,10.);
#661=VECTOR('',#2253,10.);
#662=VECTOR('',#2254,10.);
#663=VECTOR('',#2257,10.);
#664=VECTOR('',#2260,10.);
#665=VECTOR('',#2263,10.);
#666=VECTOR('',#2266,10.);
#667=VECTOR('',#2267,10.);
#668=VECTOR('',#2268,10.);
#669=VECTOR('',#2269,10.);
#670=VECTOR('',#2270,10.);
#671=VECTOR('',#2271,10.);
#672=VECTOR('',#2272,10.);
#673=VECTOR('',#2275,10.);
#674=VECTOR('',#2286,10.);
#675=VECTOR('',#2287,10.);
#676=VECTOR('',#2288,10.);
#677=VECTOR('',#2291,10.);
#678=VECTOR('',#2292,10.);
#679=VECTOR('',#2293,10.);
#680=VECTOR('',#2296,10.);
#681=VECTOR('',#2297,10.);
#682=VECTOR('',#2300,10.);
#683=VECTOR('',#2301,10.);
#684=VECTOR('',#2304,10.);
#685=VECTOR('',#2305,10.);
#686=VECTOR('',#2308,10.);
#687=VECTOR('',#2309,10.);
#688=VECTOR('',#2312,10.);
#689=VECTOR('',#2315,10.);
#690=VECTOR('',#2316,10.);
#691=VECTOR('',#2317,10.);
#692=VECTOR('',#2318,10.);
#693=VECTOR('',#2321,10.);
#694=VECTOR('',#2322,10.);
#695=VECTOR('',#2323,10.);
#696=VECTOR('',#2324,10.);
#697=VECTOR('',#2325,10.);
#698=VECTOR('',#2328,10.);
#699=VECTOR('',#2329,10.);
#700=VECTOR('',#2332,10.);
#701=VECTOR('',#2333,10.);
#702=VECTOR('',#2336,10.);
#703=VECTOR('',#2337,10.);
#704=VECTOR('',#2338,10.);
#705=VECTOR('',#2339,10.);
#706=VECTOR('',#2340,10.);
#707=VECTOR('',#2343,10.);
#708=VECTOR('',#2344,10.);
#709=VECTOR('',#2347,10.);
#710=VECTOR('',#2350,10.);
#711=VECTOR('',#2351,10.);
#712=VECTOR('',#2356,10.);
#713=VECTOR('',#2359,10.);
#714=VECTOR('',#2362,10.);
#715=VECTOR('',#2365,10.);
#716=VECTOR('',#2370,10.);
#717=VECTOR('',#2371,10.);
#718=VECTOR('',#2372,10.);
#719=VECTOR('',#2377,10.);
#720=VECTOR('',#2380,10.);
#721=VECTOR('',#2383,10.);
#722=VECTOR('',#2386,10.);
#723=VECTOR('',#2389,10.);
#724=VECTOR('',#2392,10.);
#725=VECTOR('',#2395,10.);
#726=VECTOR('',#2398,10.);
#727=VECTOR('',#2399,10.);
#728=VECTOR('',#2402,10.);
#729=VECTOR('',#2405,10.);
#730=VECTOR('',#2408,10.);
#731=VECTOR('',#2409,10.);
#732=VECTOR('',#2414,10.);
#733=VECTOR('',#2417,10.);
#734=VECTOR('',#2418,10.);
#735=VECTOR('',#2423,10.);
#736=VECTOR('',#2426,10.);
#737=VECTOR('',#2429,10.);
#738=VECTOR('',#2430,10.);
#739=VECTOR('',#2431,10.);
#740=VECTOR('',#2432,10.);
#741=VECTOR('',#2435,10.);
#742=VECTOR('',#2436,10.);
#743=VECTOR('',#2437,10.);
#744=VECTOR('',#2438,10.);
#745=VECTOR('',#2441,10.);
#746=VECTOR('',#2442,10.);
#747=VECTOR('',#2443,10.);
#748=VECTOR('',#2448,5.);
#749=VECTOR('',#2453,10.);
#750=VECTOR('',#2460,10.);
#751=VECTOR('',#2461,10.);
#752=VECTOR('',#2462,10.);
#753=VECTOR('',#2463,10.);
#754=VECTOR('',#2466,10.);
#755=VECTOR('',#2467,10.);
#756=VECTOR('',#2484,10.);
#757=VECTOR('',#2487,10.);
#758=VECTOR('',#2490,10.);
#759=VECTOR('',#2491,10.);
#760=VECTOR('',#2502,10.);
#761=VECTOR('',#2505,10.);
#762=VECTOR('',#2506,10.);
#763=VECTOR('',#2507,10.);
#764=VECTOR('',#2512,1.45);
#765=VECTOR('',#2517,1.45);
#766=VECTOR('',#2532,10.);
#767=VECTOR('',#2533,10.);
#768=VECTOR('',#2534,10.);
#769=VECTOR('',#2541,10.);
#770=VECTOR('',#2550,10.);
#771=VECTOR('',#2551,10.);
#772=VECTOR('',#2558,1.45);
#773=VECTOR('',#2561,1.45);
#774=VECTOR('',#2564,10.);
#775=VECTOR('',#2571,10.);
#776=VECTOR('',#2578,10.);
#777=VECTOR('',#2583,10.);
#778=VECTOR('',#2584,10.);
#779=VECTOR('',#2587,10.);
#780=VECTOR('',#2590,10.);
#781=VECTOR('',#2595,1.515);
#782=VECTOR('',#2598,1.515);
#783=VECTOR('',#2601,1.515);
#784=VECTOR('',#2604,1.515);
#785=VECTOR('',#2607,10.);
#786=VECTOR('',#2610,10.);
#787=VECTOR('',#2613,10.);
#788=VECTOR('',#2614,10.);
#789=VECTOR('',#2617,10.);
#790=VECTOR('',#2620,10.);
#791=VECTOR('',#2633,1.5);
#792=VERTEX_POINT('',#2641);
#793=VERTEX_POINT('',#2642);
#794=VERTEX_POINT('',#2644);
#795=VERTEX_POINT('',#2646);
#796=VERTEX_POINT('',#2659);
#797=VERTEX_POINT('',#2660);
#798=VERTEX_POINT('',#2662);
#799=VERTEX_POINT('',#2664);
#800=VERTEX_POINT('',#2673);
#801=VERTEX_POINT('',#2674);
#802=VERTEX_POINT('',#2676);
#803=VERTEX_POINT('',#2678);
#804=VERTEX_POINT('',#2682);
#805=VERTEX_POINT('',#2683);
#806=VERTEX_POINT('',#2685);
#807=VERTEX_POINT('',#2687);
#808=VERTEX_POINT('',#2690);
#809=VERTEX_POINT('',#2692);
#810=VERTEX_POINT('',#2694);
#811=VERTEX_POINT('',#2698);
#812=VERTEX_POINT('',#2702);
#813=VERTEX_POINT('',#2705);
#814=VERTEX_POINT('',#2707);
#815=VERTEX_POINT('',#2709);
#816=VERTEX_POINT('',#2713);
#817=VERTEX_POINT('',#2715);
#818=VERTEX_POINT('',#2717);
#819=VERTEX_POINT('',#2719);
#820=VERTEX_POINT('',#2721);
#821=VERTEX_POINT('',#2723);
#822=VERTEX_POINT('',#2725);
#823=VERTEX_POINT('',#2740);
#824=VERTEX_POINT('',#2744);
#825=VERTEX_POINT('',#2748);
#826=VERTEX_POINT('',#2752);
#827=VERTEX_POINT('',#2754);
#828=VERTEX_POINT('',#2756);
#829=VERTEX_POINT('',#2760);
#830=VERTEX_POINT('',#2764);
#831=VERTEX_POINT('',#2768);
#832=VERTEX_POINT('',#2772);
#833=VERTEX_POINT('',#2773);
#834=VERTEX_POINT('',#2775);
#835=VERTEX_POINT('',#2777);
#836=VERTEX_POINT('',#2780);
#837=VERTEX_POINT('',#2782);
#838=VERTEX_POINT('',#2784);
#839=VERTEX_POINT('',#2786);
#840=VERTEX_POINT('',#2789);
#841=VERTEX_POINT('',#2790);
#842=VERTEX_POINT('',#2792);
#843=VERTEX_POINT('',#2794);
#844=VERTEX_POINT('',#2798);
#845=VERTEX_POINT('',#2801);
#846=VERTEX_POINT('',#2805);
#847=VERTEX_POINT('',#2807);
#848=VERTEX_POINT('',#2809);
#849=VERTEX_POINT('',#2811);
#850=VERTEX_POINT('',#2813);
#851=VERTEX_POINT('',#2815);
#852=VERTEX_POINT('',#2817);
#853=VERTEX_POINT('',#2820);
#854=VERTEX_POINT('',#2822);
#855=VERTEX_POINT('',#2824);
#856=VERTEX_POINT('',#2826);
#857=VERTEX_POINT('',#2828);
#858=VERTEX_POINT('',#2832);
#859=VERTEX_POINT('',#2833);
#860=VERTEX_POINT('',#2835);
#861=VERTEX_POINT('',#2837);
#862=VERTEX_POINT('',#2839);
#863=VERTEX_POINT('',#2841);
#864=VERTEX_POINT('',#2843);
#865=VERTEX_POINT('',#2845);
#866=VERTEX_POINT('',#2847);
#867=VERTEX_POINT('',#2849);
#868=VERTEX_POINT('',#2851);
#869=VERTEX_POINT('',#2853);
#870=VERTEX_POINT('',#2856);
#871=VERTEX_POINT('',#2857);
#872=VERTEX_POINT('',#2859);
#873=VERTEX_POINT('',#2861);
#874=VERTEX_POINT('',#2863);
#875=VERTEX_POINT('',#2865);
#876=VERTEX_POINT('',#2867);
#877=VERTEX_POINT('',#2869);
#878=VERTEX_POINT('',#2872);
#879=VERTEX_POINT('',#2874);
#880=VERTEX_POINT('',#2876);
#881=VERTEX_POINT('',#2878);
#882=VERTEX_POINT('',#2881);
#883=VERTEX_POINT('',#2882);
#884=VERTEX_POINT('',#2887);
#885=VERTEX_POINT('',#2888);
#886=VERTEX_POINT('',#2893);
#887=VERTEX_POINT('',#2897);
#888=VERTEX_POINT('',#2901);
#889=VERTEX_POINT('',#2905);
#890=VERTEX_POINT('',#2909);
#891=VERTEX_POINT('',#2911);
#892=VERTEX_POINT('',#2913);
#893=VERTEX_POINT('',#2916);
#894=VERTEX_POINT('',#2918);
#895=VERTEX_POINT('',#2920);
#896=VERTEX_POINT('',#2922);
#897=VERTEX_POINT('',#2924);
#898=VERTEX_POINT('',#2927);
#899=VERTEX_POINT('',#2931);
#900=VERTEX_POINT('',#2935);
#901=VERTEX_POINT('',#2939);
#902=VERTEX_POINT('',#2942);
#903=VERTEX_POINT('',#2944);
#904=VERTEX_POINT('',#2946);
#905=VERTEX_POINT('',#2949);
#906=VERTEX_POINT('',#2951);
#907=VERTEX_POINT('',#2953);
#908=VERTEX_POINT('',#2970);
#909=VERTEX_POINT('',#2972);
#910=VERTEX_POINT('',#2976);
#911=VERTEX_POINT('',#2977);
#912=VERTEX_POINT('',#2979);
#913=VERTEX_POINT('',#2981);
#914=VERTEX_POINT('',#2985);
#915=VERTEX_POINT('',#2987);
#916=VERTEX_POINT('',#2989);
#917=VERTEX_POINT('',#2991);
#918=VERTEX_POINT('',#2993);
#919=VERTEX_POINT('',#2995);
#920=VERTEX_POINT('',#2997);
#921=VERTEX_POINT('',#2999);
#922=VERTEX_POINT('',#3003);
#923=VERTEX_POINT('',#3007);
#924=VERTEX_POINT('',#3009);
#925=VERTEX_POINT('',#3013);
#926=VERTEX_POINT('',#3017);
#927=VERTEX_POINT('',#3021);
#928=VERTEX_POINT('',#3025);
#929=VERTEX_POINT('',#3031);
#930=VERTEX_POINT('',#3032);
#931=VERTEX_POINT('',#3034);
#932=VERTEX_POINT('',#3036);
#933=VERTEX_POINT('',#3040);
#934=VERTEX_POINT('',#3041);
#935=VERTEX_POINT('',#3043);
#936=VERTEX_POINT('',#3045);
#937=VERTEX_POINT('',#3049);
#938=VERTEX_POINT('',#3051);
#939=VERTEX_POINT('',#3055);
#940=VERTEX_POINT('',#3064);
#941=VERTEX_POINT('',#3065);
#942=VERTEX_POINT('',#3067);
#943=VERTEX_POINT('',#3069);
#944=VERTEX_POINT('',#3083);
#945=VERTEX_POINT('',#3085);
#946=VERTEX_POINT('',#3089);
#947=VERTEX_POINT('',#3099);
#948=VERTEX_POINT('',#3101);
#949=VERTEX_POINT('',#3105);
#950=VERTEX_POINT('',#3109);
#951=VERTEX_POINT('',#3114);
#952=VERTEX_POINT('',#3117);
#953=VERTEX_POINT('',#3121);
#954=VERTEX_POINT('',#3122);
#955=VERTEX_POINT('',#3127);
#956=VERTEX_POINT('',#3129);
#957=VERTEX_POINT('',#3155);
#958=VERTEX_POINT('',#3156);
#959=VERTEX_POINT('',#3160);
#960=VERTEX_POINT('',#3161);
#961=VERTEX_POINT('',#3165);
#962=VERTEX_POINT('',#3167);
#963=VERTEX_POINT('',#3180);
#964=VERTEX_POINT('',#3183);
#965=VERTEX_POINT('',#3184);
#966=VERTEX_POINT('',#3186);
#967=VERTEX_POINT('',#3190);
#968=VERTEX_POINT('',#3227);
#969=VERTEX_POINT('',#3229);
#970=EDGE_CURVE('',#792,#793,#456,.T.);
#971=EDGE_CURVE('',#794,#793,#434,.T.);
#972=EDGE_CURVE('',#794,#795,#457,.T.);
#973=EDGE_CURVE('',#795,#792,#435,.T.);
#974=EDGE_CURVE('',#796,#797,#458,.T.);
#975=EDGE_CURVE('',#798,#797,#436,.T.);
#976=EDGE_CURVE('',#798,#799,#459,.T.);
#977=EDGE_CURVE('',#799,#796,#437,.T.);
#978=EDGE_CURVE('',#800,#801,#460,.T.);
#979=EDGE_CURVE('',#802,#801,#438,.T.);
#980=EDGE_CURVE('',#802,#803,#461,.T.);
#981=EDGE_CURVE('',#803,#800,#439,.T.);
#982=EDGE_CURVE('',#804,#805,#462,.T.);
#983=EDGE_CURVE('',#804,#806,#463,.T.);
#984=EDGE_CURVE('',#806,#807,#83,.T.);
#985=EDGE_CURVE('',#807,#805,#464,.T.);
#986=EDGE_CURVE('',#801,#808,#84,.T.);
#987=EDGE_CURVE('',#808,#809,#85,.T.);
#988=EDGE_CURVE('',#809,#810,#440,.T.);
#989=EDGE_CURVE('',#810,#794,#86,.T.);
#990=EDGE_CURVE('',#793,#798,#87,.T.);
#991=EDGE_CURVE('',#797,#811,#88,.T.);
#992=EDGE_CURVE('',#811,#802,#89,.T.);
#993=EDGE_CURVE('',#799,#812,#90,.T.);
#994=EDGE_CURVE('',#812,#792,#91,.T.);
#995=EDGE_CURVE('',#795,#813,#92,.T.);
#996=EDGE_CURVE('',#813,#814,#93,.T.);
#997=EDGE_CURVE('',#815,#814,#441,.T.);
#998=EDGE_CURVE('',#815,#800,#94,.T.);
#999=EDGE_CURVE('',#803,#796,#95,.T.);
#1000=EDGE_CURVE('',#816,#816,#96,.T.);
#1001=EDGE_CURVE('',#817,#817,#97,.T.);
#1002=EDGE_CURVE('',#818,#818,#98,.T.);
#1003=EDGE_CURVE('',#819,#819,#99,.T.);
#1004=EDGE_CURVE('',#820,#820,#100,.T.);
#1005=EDGE_CURVE('',#821,#821,#101,.T.);
#1006=EDGE_CURVE('',#822,#822,#102,.T.);
#1007=EDGE_CURVE('',#809,#815,#465,.T.);
#1008=EDGE_CURVE('',#814,#810,#466,.T.);
#1009=EDGE_CURVE('',#823,#823,#103,.T.);
#1010=EDGE_CURVE('',#823,#818,#467,.T.);
#1011=EDGE_CURVE('',#824,#824,#104,.T.);
#1012=EDGE_CURVE('',#824,#821,#468,.T.);
#1013=EDGE_CURVE('',#825,#825,#105,.T.);
#1014=EDGE_CURVE('',#825,#820,#469,.T.);
#1015=EDGE_CURVE('',#826,#826,#106,.T.);
#1016=EDGE_CURVE('',#826,#827,#470,.T.);
#1017=EDGE_CURVE('',#828,#827,#107,.T.);
#1018=EDGE_CURVE('',#827,#828,#108,.T.);
#1019=EDGE_CURVE('',#829,#829,#109,.T.);
#1020=EDGE_CURVE('',#829,#819,#471,.T.);
#1021=EDGE_CURVE('',#830,#830,#110,.T.);
#1022=EDGE_CURVE('',#830,#822,#472,.T.);
#1023=EDGE_CURVE('',#831,#831,#111,.T.);
#1024=EDGE_CURVE('',#831,#817,#473,.T.);
#1025=EDGE_CURVE('',#832,#833,#474,.T.);
#1026=EDGE_CURVE('',#834,#832,#112,.T.);
#1027=EDGE_CURVE('',#834,#835,#113,.T.);
#1028=EDGE_CURVE('',#833,#835,#114,.T.);
#1029=EDGE_CURVE('',#836,#836,#115,.T.);
#1030=EDGE_CURVE('',#837,#837,#116,.T.);
#1031=EDGE_CURVE('',#838,#838,#117,.T.);
#1032=EDGE_CURVE('',#839,#839,#118,.T.);
#1033=EDGE_CURVE('',#840,#841,#475,.T.);
#1034=EDGE_CURVE('',#841,#842,#476,.T.);
#1035=EDGE_CURVE('',#843,#842,#477,.T.);
#1036=EDGE_CURVE('',#840,#843,#478,.T.);
#1037=EDGE_CURVE('',#842,#844,#479,.T.);
#1038=EDGE_CURVE('',#844,#834,#480,.T.);
#1039=EDGE_CURVE('',#835,#845,#481,.T.);
#1040=EDGE_CURVE('',#845,#843,#482,.T.);
#1041=EDGE_CURVE('',#846,#835,#483,.T.);
#1042=EDGE_CURVE('',#834,#847,#484,.T.);
#1043=EDGE_CURVE('',#847,#848,#442,.T.);
#1044=EDGE_CURVE('',#848,#849,#485,.T.);
#1045=EDGE_CURVE('',#849,#850,#443,.T.);
#1046=EDGE_CURVE('',#850,#851,#486,.T.);
#1047=EDGE_CURVE('',#851,#852,#119,.T.);
#1048=EDGE_CURVE('',#852,#807,#487,.T.);
#1049=EDGE_CURVE('',#806,#853,#488,.T.);
#1050=EDGE_CURVE('',#853,#854,#120,.T.);
#1051=EDGE_CURVE('',#854,#855,#489,.T.);
#1052=EDGE_CURVE('',#855,#856,#444,.T.);
#1053=EDGE_CURVE('',#856,#857,#490,.T.);
#1054=EDGE_CURVE('',#857,#846,#445,.T.);
#1055=EDGE_CURVE('',#858,#859,#491,.T.);
#1056=EDGE_CURVE('',#860,#858,#492,.T.);
#1057=EDGE_CURVE('',#861,#860,#493,.T.);
#1058=EDGE_CURVE('',#861,#862,#494,.T.);
#1059=EDGE_CURVE('',#862,#863,#121,.T.);
#1060=EDGE_CURVE('',#863,#864,#495,.T.);
#1061=EDGE_CURVE('',#864,#865,#122,.T.);
#1062=EDGE_CURVE('',#865,#866,#496,.T.);
#1063=EDGE_CURVE('',#866,#867,#123,.T.);
#1064=EDGE_CURVE('',#867,#868,#497,.T.);
#1065=EDGE_CURVE('',#868,#869,#124,.T.);
#1066=EDGE_CURVE('',#869,#859,#498,.T.);
#1067=EDGE_CURVE('',#870,#871,#499,.T.);
#1068=EDGE_CURVE('',#871,#872,#500,.T.);
#1069=EDGE_CURVE('',#872,#873,#501,.T.);
#1070=EDGE_CURVE('',#873,#874,#502,.T.);
#1071=EDGE_CURVE('',#874,#875,#503,.T.);
#1072=EDGE_CURVE('',#875,#876,#504,.T.);
#1073=EDGE_CURVE('',#876,#877,#125,.T.);
#1074=EDGE_CURVE('',#877,#870,#505,.T.);
#1075=EDGE_CURVE('',#878,#878,#126,.T.);
#1076=EDGE_CURVE('',#879,#879,#127,.T.);
#1077=EDGE_CURVE('',#880,#880,#128,.T.);
#1078=EDGE_CURVE('',#881,#881,#129,.T.);
#1079=EDGE_CURVE('',#882,#883,#506,.T.);
#1080=EDGE_CURVE('',#882,#870,#507,.T.);
#1081=EDGE_CURVE('',#883,#877,#508,.T.);
#1082=EDGE_CURVE('',#884,#885,#509,.T.);
#1083=EDGE_CURVE('',#884,#876,#510,.T.);
#1084=EDGE_CURVE('',#885,#875,#511,.T.);
#1085=EDGE_CURVE('',#885,#886,#512,.T.);
#1086=EDGE_CURVE('',#886,#874,#513,.T.);
#1087=EDGE_CURVE('',#886,#887,#514,.T.);
#1088=EDGE_CURVE('',#887,#873,#515,.T.);
#1089=EDGE_CURVE('',#887,#888,#516,.T.);
#1090=EDGE_CURVE('',#888,#872,#517,.T.);
#1091=EDGE_CURVE('',#889,#882,#518,.T.);
#1092=EDGE_CURVE('',#889,#871,#519,.T.);
#1093=EDGE_CURVE('',#804,#890,#520,.T.);
#1094=EDGE_CURVE('',#890,#891,#130,.T.);
#1095=EDGE_CURVE('',#891,#892,#521,.T.);
#1096=EDGE_CURVE('',#861,#892,#522,.T.);
#1097=EDGE_CURVE('',#860,#893,#523,.T.);
#1098=EDGE_CURVE('',#893,#894,#524,.T.);
#1099=EDGE_CURVE('',#895,#894,#131,.T.);
#1100=EDGE_CURVE('',#895,#896,#525,.T.);
#1101=EDGE_CURVE('',#896,#897,#526,.T.);
#1102=EDGE_CURVE('',#897,#840,#527,.T.);
#1103=EDGE_CURVE('',#898,#845,#528,.T.);
#1104=EDGE_CURVE('',#898,#853,#529,.T.);
#1105=EDGE_CURVE('',#899,#858,#530,.T.);
#1106=EDGE_CURVE('',#893,#899,#531,.T.);
#1107=EDGE_CURVE('',#900,#899,#532,.T.);
#1108=EDGE_CURVE('',#894,#900,#533,.T.);
#1109=EDGE_CURVE('',#901,#852,#534,.T.);
#1110=EDGE_CURVE('',#844,#901,#535,.T.);
#1111=EDGE_CURVE('',#841,#902,#536,.T.);
#1112=EDGE_CURVE('',#902,#903,#537,.T.);
#1113=EDGE_CURVE('',#903,#904,#538,.T.);
#1114=EDGE_CURVE('',#904,#900,#132,.T.);
#1115=EDGE_CURVE('',#859,#905,#539,.T.);
#1116=EDGE_CURVE('',#905,#906,#540,.T.);
#1117=EDGE_CURVE('',#906,#907,#133,.T.);
#1118=EDGE_CURVE('',#907,#805,#541,.T.);
#1119=EDGE_CURVE('',#896,#903,#542,.T.);
#1120=EDGE_CURVE('',#897,#902,#543,.T.);
#1121=EDGE_CURVE('',#890,#907,#544,.T.);
#1122=EDGE_CURVE('',#891,#906,#545,.T.);
#1123=EDGE_CURVE('',#892,#905,#546,.T.);
#1124=EDGE_CURVE('',#895,#904,#547,.T.);
#1125=EDGE_CURVE('',#908,#869,#548,.T.);
#1126=EDGE_CURVE('',#909,#908,#549,.T.);
#1127=EDGE_CURVE('',#862,#909,#550,.T.);
#1128=EDGE_CURVE('',#910,#911,#134,.T.);
#1129=EDGE_CURVE('',#911,#912,#551,.T.);
#1130=EDGE_CURVE('',#912,#913,#135,.F.);
#1131=EDGE_CURVE('',#913,#910,#552,.T.);
#1132=EDGE_CURVE('',#910,#914,#553,.T.);
#1133=EDGE_CURVE('',#915,#914,#136,.T.);
#1134=EDGE_CURVE('',#915,#916,#554,.T.);
#1135=EDGE_CURVE('',#917,#916,#137,.T.);
#1136=EDGE_CURVE('',#917,#918,#555,.T.);
#1137=EDGE_CURVE('',#919,#918,#138,.T.);
#1138=EDGE_CURVE('',#919,#920,#556,.T.);
#1139=EDGE_CURVE('',#920,#921,#139,.T.);
#1140=EDGE_CURVE('',#921,#911,#557,.T.);
#1141=EDGE_CURVE('',#922,#913,#558,.T.);
#1142=EDGE_CURVE('',#914,#922,#559,.T.);
#1143=EDGE_CURVE('',#918,#923,#560,.T.);
#1144=EDGE_CURVE('',#923,#924,#140,.F.);
#1145=EDGE_CURVE('',#924,#919,#561,.T.);
#1146=EDGE_CURVE('',#925,#924,#562,.T.);
#1147=EDGE_CURVE('',#925,#920,#563,.T.);
#1148=EDGE_CURVE('',#922,#926,#141,.F.);
#1149=EDGE_CURVE('',#926,#915,#564,.T.);
#1150=EDGE_CURVE('',#927,#926,#565,.T.);
#1151=EDGE_CURVE('',#916,#927,#566,.T.);
#1152=EDGE_CURVE('',#927,#928,#142,.F.);
#1153=EDGE_CURVE('',#928,#917,#567,.T.);
#1154=EDGE_CURVE('',#923,#928,#568,.T.);
#1155=EDGE_CURVE('',#929,#930,#569,.T.);
#1156=EDGE_CURVE('',#930,#931,#570,.T.);
#1157=EDGE_CURVE('',#932,#931,#571,.F.);
#1158=EDGE_CURVE('',#929,#932,#572,.T.);
#1159=EDGE_CURVE('',#933,#934,#573,.T.);
#1160=EDGE_CURVE('',#935,#933,#574,.T.);
#1161=EDGE_CURVE('',#936,#935,#575,.T.);
#1162=EDGE_CURVE('',#936,#934,#576,.T.);
#1163=EDGE_CURVE('',#937,#863,#577,.T.);
#1164=EDGE_CURVE('',#938,#937,#578,.T.);
#1165=EDGE_CURVE('',#864,#938,#579,.T.);
#1166=EDGE_CURVE('',#938,#939,#143,.T.);
#1167=EDGE_CURVE('',#939,#865,#580,.T.);
#1168=EDGE_CURVE('',#930,#882,#446,.F.);
#1169=EDGE_CURVE('',#889,#929,#581,.T.);
#1170=EDGE_CURVE('',#932,#888,#144,.T.);
#1171=EDGE_CURVE('',#940,#941,#582,.T.);
#1172=EDGE_CURVE('',#942,#940,#583,.T.);
#1173=EDGE_CURVE('',#943,#942,#584,.T.);
#1174=EDGE_CURVE('',#943,#941,#585,.T.);
#1175=EDGE_CURVE('',#941,#933,#586,.T.);
#1176=EDGE_CURVE('',#935,#943,#587,.T.);
#1177=EDGE_CURVE('',#940,#931,#447,.F.);
#1178=EDGE_CURVE('',#887,#941,#448,.T.);
#1179=EDGE_CURVE('',#886,#933,#449,.T.);
#1180=EDGE_CURVE('',#885,#934,#450,.F.);
#1181=EDGE_CURVE('',#866,#944,#588,.T.);
#1182=EDGE_CURVE('',#945,#944,#145,.T.);
#1183=EDGE_CURVE('',#945,#867,#589,.T.);
#1184=EDGE_CURVE('',#946,#945,#590,.T.);
#1185=EDGE_CURVE('',#868,#946,#591,.T.);
#1186=EDGE_CURVE('',#908,#946,#146,.T.);
#1187=EDGE_CURVE('',#937,#909,#147,.T.);
#1188=EDGE_CURVE('',#944,#939,#592,.T.);
#1189=EDGE_CURVE('',#934,#947,#593,.T.);
#1190=EDGE_CURVE('',#948,#936,#594,.T.);
#1191=EDGE_CURVE('',#947,#948,#595,.T.);
#1192=EDGE_CURVE('',#949,#949,#148,.T.);
#1193=EDGE_CURVE('',#949,#880,#596,.T.);
#1194=EDGE_CURVE('',#950,#950,#149,.T.);
#1195=EDGE_CURVE('',#950,#881,#597,.T.);
#1196=EDGE_CURVE('',#951,#951,#150,.T.);
#1197=EDGE_CURVE('',#952,#952,#151,.T.);
#1198=EDGE_CURVE('',#953,#954,#598,.T.);
#1199=EDGE_CURVE('',#942,#954,#599,.T.);
#1200=EDGE_CURVE('',#953,#940,#600,.T.);
#1201=EDGE_CURVE('',#948,#955,#152,.T.);
#1202=EDGE_CURVE('',#954,#956,#153,.T.);
#1203=EDGE_CURVE('',#956,#955,#601,.T.);
#1204=EDGE_CURVE('',#883,#953,#20,.T.);
#1205=EDGE_CURVE('',#947,#884,#21,.T.);
#1206=EDGE_CURVE('',#957,#958,#451,.T.);
#1207=EDGE_CURVE('',#956,#958,#602,.T.);
#1208=EDGE_CURVE('',#955,#957,#603,.T.);
#1209=EDGE_CURVE('',#959,#960,#16,.T.);
#1210=EDGE_CURVE('',#960,#961,#452,.T.);
#1211=EDGE_CURVE('',#961,#962,#17,.T.);
#1212=EDGE_CURVE('',#962,#959,#453,.T.);
#1213=EDGE_CURVE('',#951,#878,#604,.T.);
#1214=EDGE_CURVE('',#952,#879,#605,.T.);
#1215=EDGE_CURVE('',#958,#957,#606,.T.);
#1216=EDGE_CURVE('',#963,#925,#154,.T.);
#1217=EDGE_CURVE('',#921,#963,#607,.T.);
#1218=EDGE_CURVE('',#964,#965,#454,.T.);
#1219=EDGE_CURVE('',#965,#966,#18,.T.);
#1220=EDGE_CURVE('',#966,#967,#455,.T.);
#1221=EDGE_CURVE('',#967,#964,#19,.T.);
#1222=EDGE_CURVE('',#912,#963,#608,.T.);
#1223=EDGE_CURVE('',#966,#959,#609,.T.);
#1224=EDGE_CURVE('',#967,#962,#610,.T.);
#1225=EDGE_CURVE('',#965,#960,#611,.T.);
#1226=EDGE_CURVE('',#964,#961,#612,.T.);
#1227=EDGE_CURVE('',#838,#808,#613,.T.);
#1228=EDGE_CURVE('',#839,#812,#614,.T.);
#1229=EDGE_CURVE('',#837,#813,#615,.T.);
#1230=EDGE_CURVE('',#836,#811,#616,.T.);
#1231=EDGE_CURVE('',#901,#851,#617,.T.);
#1232=EDGE_CURVE('',#854,#898,#618,.T.);
#1233=EDGE_CURVE('',#846,#847,#619,.T.);
#1234=EDGE_CURVE('',#855,#850,#620,.T.);
#1235=EDGE_CURVE('',#856,#849,#621,.T.);
#1236=EDGE_CURVE('',#857,#848,#622,.T.);
#1237=EDGE_CURVE('',#828,#968,#155,.T.);
#1238=EDGE_CURVE('',#968,#969,#156,.T.);
#1239=EDGE_CURVE('',#969,#968,#157,.T.);
#1240=EDGE_CURVE('',#816,#969,#623,.T.);
#1241=ORIENTED_EDGE('',*,*,#970,.T.);
#1242=ORIENTED_EDGE('',*,*,#971,.F.);
#1243=ORIENTED_EDGE('',*,*,#972,.T.);
#1244=ORIENTED_EDGE('',*,*,#973,.T.);
#1245=ORIENTED_EDGE('',*,*,#974,.T.);
#1246=ORIENTED_EDGE('',*,*,#975,.F.);
#1247=ORIENTED_EDGE('',*,*,#976,.T.);
#1248=ORIENTED_EDGE('',*,*,#977,.T.);
#1249=ORIENTED_EDGE('',*,*,#978,.T.);
#1250=ORIENTED_EDGE('',*,*,#979,.F.);
#1251=ORIENTED_EDGE('',*,*,#980,.T.);
#1252=ORIENTED_EDGE('',*,*,#981,.T.);
#1253=ORIENTED_EDGE('',*,*,#982,.F.);
#1254=ORIENTED_EDGE('',*,*,#983,.T.);
#1255=ORIENTED_EDGE('',*,*,#984,.T.);
#1256=ORIENTED_EDGE('',*,*,#985,.T.);
#1257=ORIENTED_EDGE('',*,*,#986,.T.);
#1258=ORIENTED_EDGE('',*,*,#987,.T.);
#1259=ORIENTED_EDGE('',*,*,#988,.T.);
#1260=ORIENTED_EDGE('',*,*,#989,.T.);
#1261=ORIENTED_EDGE('',*,*,#971,.T.);
#1262=ORIENTED_EDGE('',*,*,#990,.T.);
#1263=ORIENTED_EDGE('',*,*,#975,.T.);
#1264=ORIENTED_EDGE('',*,*,#991,.T.);
#1265=ORIENTED_EDGE('',*,*,#992,.T.);
#1266=ORIENTED_EDGE('',*,*,#979,.T.);
#1267=ORIENTED_EDGE('',*,*,#993,.T.);
#1268=ORIENTED_EDGE('',*,*,#994,.T.);
#1269=ORIENTED_EDGE('',*,*,#973,.F.);
#1270=ORIENTED_EDGE('',*,*,#995,.T.);
#1271=ORIENTED_EDGE('',*,*,#996,.T.);
#1272=ORIENTED_EDGE('',*,*,#997,.F.);
#1273=ORIENTED_EDGE('',*,*,#998,.T.);
#1274=ORIENTED_EDGE('',*,*,#981,.F.);
#1275=ORIENTED_EDGE('',*,*,#999,.T.);
#1276=ORIENTED_EDGE('',*,*,#977,.F.);
#1277=ORIENTED_EDGE('',*,*,#1000,.T.);
#1278=ORIENTED_EDGE('',*,*,#1001,.T.);
#1279=ORIENTED_EDGE('',*,*,#1002,.T.);
#1280=ORIENTED_EDGE('',*,*,#1003,.T.);
#1281=ORIENTED_EDGE('',*,*,#1004,.T.);
#1282=ORIENTED_EDGE('',*,*,#1005,.T.);
#1283=ORIENTED_EDGE('',*,*,#1006,.T.);
#1284=ORIENTED_EDGE('',*,*,#1007,.T.);
#1285=ORIENTED_EDGE('',*,*,#997,.T.);
#1286=ORIENTED_EDGE('',*,*,#1008,.T.);
#1287=ORIENTED_EDGE('',*,*,#988,.F.);
#1288=ORIENTED_EDGE('',*,*,#1009,.F.);
#1289=ORIENTED_EDGE('',*,*,#1010,.T.);
#1290=ORIENTED_EDGE('',*,*,#1002,.F.);
#1291=ORIENTED_EDGE('',*,*,#1010,.F.);
#1292=ORIENTED_EDGE('',*,*,#1011,.F.);
#1293=ORIENTED_EDGE('',*,*,#1012,.T.);
#1294=ORIENTED_EDGE('',*,*,#1005,.F.);
#1295=ORIENTED_EDGE('',*,*,#1012,.F.);
#1296=ORIENTED_EDGE('',*,*,#1013,.F.);
#1297=ORIENTED_EDGE('',*,*,#1014,.T.);
#1298=ORIENTED_EDGE('',*,*,#1004,.F.);
#1299=ORIENTED_EDGE('',*,*,#1014,.F.);
#1300=ORIENTED_EDGE('',*,*,#1015,.F.);
#1301=ORIENTED_EDGE('',*,*,#1016,.T.);
#1302=ORIENTED_EDGE('',*,*,#1017,.F.);
#1303=ORIENTED_EDGE('',*,*,#1018,.F.);
#1304=ORIENTED_EDGE('',*,*,#1016,.F.);
#1305=ORIENTED_EDGE('',*,*,#1019,.F.);
#1306=ORIENTED_EDGE('',*,*,#1020,.T.);
#1307=ORIENTED_EDGE('',*,*,#1003,.F.);
#1308=ORIENTED_EDGE('',*,*,#1020,.F.);
#1309=ORIENTED_EDGE('',*,*,#1021,.F.);
#1310=ORIENTED_EDGE('',*,*,#1022,.T.);
#1311=ORIENTED_EDGE('',*,*,#1006,.F.);
#1312=ORIENTED_EDGE('',*,*,#1022,.F.);
#1313=ORIENTED_EDGE('',*,*,#1023,.F.);
#1314=ORIENTED_EDGE('',*,*,#1024,.T.);
#1315=ORIENTED_EDGE('',*,*,#1001,.F.);
#1316=ORIENTED_EDGE('',*,*,#1024,.F.);
#1317=ORIENTED_EDGE('',*,*,#1025,.F.);
#1318=ORIENTED_EDGE('',*,*,#1026,.F.);
#1319=ORIENTED_EDGE('',*,*,#1027,.T.);
#1320=ORIENTED_EDGE('',*,*,#1028,.F.);
#1321=ORIENTED_EDGE('',*,*,#1023,.T.);
#1322=ORIENTED_EDGE('',*,*,#1021,.T.);
#1323=ORIENTED_EDGE('',*,*,#1019,.T.);
#1324=ORIENTED_EDGE('',*,*,#1015,.T.);
#1325=ORIENTED_EDGE('',*,*,#1013,.T.);
#1326=ORIENTED_EDGE('',*,*,#1011,.T.);
#1327=ORIENTED_EDGE('',*,*,#1009,.T.);
#1328=ORIENTED_EDGE('',*,*,#1029,.T.);
#1329=ORIENTED_EDGE('',*,*,#1030,.T.);
#1330=ORIENTED_EDGE('',*,*,#1031,.T.);
#1331=ORIENTED_EDGE('',*,*,#1032,.T.);
#1332=ORIENTED_EDGE('',*,*,#1033,.T.);
#1333=ORIENTED_EDGE('',*,*,#1034,.T.);
#1334=ORIENTED_EDGE('',*,*,#1035,.F.);
#1335=ORIENTED_EDGE('',*,*,#1036,.F.);
#1336=ORIENTED_EDGE('',*,*,#1035,.T.);
#1337=ORIENTED_EDGE('',*,*,#1037,.T.);
#1338=ORIENTED_EDGE('',*,*,#1038,.T.);
#1339=ORIENTED_EDGE('',*,*,#1026,.T.);
#1340=ORIENTED_EDGE('',*,*,#1025,.T.);
#1341=ORIENTED_EDGE('',*,*,#1028,.T.);
#1342=ORIENTED_EDGE('',*,*,#1039,.T.);
#1343=ORIENTED_EDGE('',*,*,#1040,.T.);
#1344=ORIENTED_EDGE('',*,*,#1041,.T.);
#1345=ORIENTED_EDGE('',*,*,#1027,.F.);
#1346=ORIENTED_EDGE('',*,*,#1042,.T.);
#1347=ORIENTED_EDGE('',*,*,#1043,.T.);
#1348=ORIENTED_EDGE('',*,*,#1044,.T.);
#1349=ORIENTED_EDGE('',*,*,#1045,.T.);
#1350=ORIENTED_EDGE('',*,*,#1046,.T.);
#1351=ORIENTED_EDGE('',*,*,#1047,.T.);
#1352=ORIENTED_EDGE('',*,*,#1048,.T.);
#1353=ORIENTED_EDGE('',*,*,#984,.F.);
#1354=ORIENTED_EDGE('',*,*,#1049,.T.);
#1355=ORIENTED_EDGE('',*,*,#1050,.T.);
#1356=ORIENTED_EDGE('',*,*,#1051,.T.);
#1357=ORIENTED_EDGE('',*,*,#1052,.T.);
#1358=ORIENTED_EDGE('',*,*,#1053,.T.);
#1359=ORIENTED_EDGE('',*,*,#1054,.T.);
#1360=ORIENTED_EDGE('',*,*,#1055,.F.);
#1361=ORIENTED_EDGE('',*,*,#1056,.F.);
#1362=ORIENTED_EDGE('',*,*,#1057,.F.);
#1363=ORIENTED_EDGE('',*,*,#1058,.T.);
#1364=ORIENTED_EDGE('',*,*,#1059,.T.);
#1365=ORIENTED_EDGE('',*,*,#1060,.T.);
#1366=ORIENTED_EDGE('',*,*,#1061,.T.);
#1367=ORIENTED_EDGE('',*,*,#1062,.T.);
#1368=ORIENTED_EDGE('',*,*,#1063,.T.);
#1369=ORIENTED_EDGE('',*,*,#1064,.T.);
#1370=ORIENTED_EDGE('',*,*,#1065,.T.);
#1371=ORIENTED_EDGE('',*,*,#1066,.T.);
#1372=ORIENTED_EDGE('',*,*,#1067,.T.);
#1373=ORIENTED_EDGE('',*,*,#1068,.T.);
#1374=ORIENTED_EDGE('',*,*,#1069,.T.);
#1375=ORIENTED_EDGE('',*,*,#1070,.T.);
#1376=ORIENTED_EDGE('',*,*,#1071,.T.);
#1377=ORIENTED_EDGE('',*,*,#1072,.T.);
#1378=ORIENTED_EDGE('',*,*,#1073,.T.);
#1379=ORIENTED_EDGE('',*,*,#1074,.T.);
#1380=ORIENTED_EDGE('',*,*,#1075,.T.);
#1381=ORIENTED_EDGE('',*,*,#1076,.T.);
#1382=ORIENTED_EDGE('',*,*,#1077,.T.);
#1383=ORIENTED_EDGE('',*,*,#1078,.T.);
#1384=ORIENTED_EDGE('',*,*,#1079,.F.);
#1385=ORIENTED_EDGE('',*,*,#1080,.T.);
#1386=ORIENTED_EDGE('',*,*,#1074,.F.);
#1387=ORIENTED_EDGE('',*,*,#1081,.F.);
#1388=ORIENTED_EDGE('',*,*,#1082,.F.);
#1389=ORIENTED_EDGE('',*,*,#1083,.T.);
#1390=ORIENTED_EDGE('',*,*,#1072,.F.);
#1391=ORIENTED_EDGE('',*,*,#1084,.F.);
#1392=ORIENTED_EDGE('',*,*,#1085,.F.);
#1393=ORIENTED_EDGE('',*,*,#1084,.T.);
#1394=ORIENTED_EDGE('',*,*,#1071,.F.);
#1395=ORIENTED_EDGE('',*,*,#1086,.F.);
#1396=ORIENTED_EDGE('',*,*,#1087,.F.);
#1397=ORIENTED_EDGE('',*,*,#1086,.T.);
#1398=ORIENTED_EDGE('',*,*,#1070,.F.);
#1399=ORIENTED_EDGE('',*,*,#1088,.F.);
#1400=ORIENTED_EDGE('',*,*,#1089,.F.);
#1401=ORIENTED_EDGE('',*,*,#1088,.T.);
#1402=ORIENTED_EDGE('',*,*,#1069,.F.);
#1403=ORIENTED_EDGE('',*,*,#1090,.F.);
#1404=ORIENTED_EDGE('',*,*,#1091,.F.);
#1405=ORIENTED_EDGE('',*,*,#1092,.T.);
#1406=ORIENTED_EDGE('',*,*,#1067,.F.);
#1407=ORIENTED_EDGE('',*,*,#1080,.F.);
#1408=ORIENTED_EDGE('',*,*,#1093,.T.);
#1409=ORIENTED_EDGE('',*,*,#1094,.T.);
#1410=ORIENTED_EDGE('',*,*,#1095,.T.);
#1411=ORIENTED_EDGE('',*,*,#1096,.F.);
#1412=ORIENTED_EDGE('',*,*,#1057,.T.);
#1413=ORIENTED_EDGE('',*,*,#1097,.T.);
#1414=ORIENTED_EDGE('',*,*,#1098,.T.);
#1415=ORIENTED_EDGE('',*,*,#1099,.F.);
#1416=ORIENTED_EDGE('',*,*,#1100,.T.);
#1417=ORIENTED_EDGE('',*,*,#1101,.T.);
#1418=ORIENTED_EDGE('',*,*,#1102,.T.);
#1419=ORIENTED_EDGE('',*,*,#1036,.T.);
#1420=ORIENTED_EDGE('',*,*,#1040,.F.);
#1421=ORIENTED_EDGE('',*,*,#1103,.F.);
#1422=ORIENTED_EDGE('',*,*,#1104,.T.);
#1423=ORIENTED_EDGE('',*,*,#1049,.F.);
#1424=ORIENTED_EDGE('',*,*,#983,.F.);
#1425=ORIENTED_EDGE('',*,*,#1056,.T.);
#1426=ORIENTED_EDGE('',*,*,#1105,.F.);
#1427=ORIENTED_EDGE('',*,*,#1106,.F.);
#1428=ORIENTED_EDGE('',*,*,#1097,.F.);
#1429=ORIENTED_EDGE('',*,*,#1106,.T.);
#1430=ORIENTED_EDGE('',*,*,#1107,.F.);
#1431=ORIENTED_EDGE('',*,*,#1108,.F.);
#1432=ORIENTED_EDGE('',*,*,#1098,.F.);
#1433=ORIENTED_EDGE('',*,*,#985,.F.);
#1434=ORIENTED_EDGE('',*,*,#1048,.F.);
#1435=ORIENTED_EDGE('',*,*,#1109,.F.);
#1436=ORIENTED_EDGE('',*,*,#1110,.F.);
#1437=ORIENTED_EDGE('',*,*,#1037,.F.);
#1438=ORIENTED_EDGE('',*,*,#1034,.F.);
#1439=ORIENTED_EDGE('',*,*,#1111,.T.);
#1440=ORIENTED_EDGE('',*,*,#1112,.T.);
#1441=ORIENTED_EDGE('',*,*,#1113,.T.);
#1442=ORIENTED_EDGE('',*,*,#1114,.T.);
#1443=ORIENTED_EDGE('',*,*,#1107,.T.);
#1444=ORIENTED_EDGE('',*,*,#1105,.T.);
#1445=ORIENTED_EDGE('',*,*,#1055,.T.);
#1446=ORIENTED_EDGE('',*,*,#1115,.T.);
#1447=ORIENTED_EDGE('',*,*,#1116,.T.);
#1448=ORIENTED_EDGE('',*,*,#1117,.T.);
#1449=ORIENTED_EDGE('',*,*,#1118,.T.);
#1450=ORIENTED_EDGE('',*,*,#1101,.F.);
#1451=ORIENTED_EDGE('',*,*,#1119,.T.);
#1452=ORIENTED_EDGE('',*,*,#1112,.F.);
#1453=ORIENTED_EDGE('',*,*,#1120,.F.);
#1454=ORIENTED_EDGE('',*,*,#1102,.F.);
#1455=ORIENTED_EDGE('',*,*,#1120,.T.);
#1456=ORIENTED_EDGE('',*,*,#1111,.F.);
#1457=ORIENTED_EDGE('',*,*,#1033,.F.);
#1458=ORIENTED_EDGE('',*,*,#1093,.F.);
#1459=ORIENTED_EDGE('',*,*,#982,.T.);
#1460=ORIENTED_EDGE('',*,*,#1118,.F.);
#1461=ORIENTED_EDGE('',*,*,#1121,.F.);
#1462=ORIENTED_EDGE('',*,*,#1094,.F.);
#1463=ORIENTED_EDGE('',*,*,#1121,.T.);
#1464=ORIENTED_EDGE('',*,*,#1117,.F.);
#1465=ORIENTED_EDGE('',*,*,#1122,.F.);
#1466=ORIENTED_EDGE('',*,*,#1123,.F.);
#1467=ORIENTED_EDGE('',*,*,#1095,.F.);
#1468=ORIENTED_EDGE('',*,*,#1122,.T.);
#1469=ORIENTED_EDGE('',*,*,#1116,.F.);
#1470=ORIENTED_EDGE('',*,*,#1099,.T.);
#1471=ORIENTED_EDGE('',*,*,#1108,.T.);
#1472=ORIENTED_EDGE('',*,*,#1114,.F.);
#1473=ORIENTED_EDGE('',*,*,#1124,.F.);
#1474=ORIENTED_EDGE('',*,*,#1100,.F.);
#1475=ORIENTED_EDGE('',*,*,#1124,.T.);
#1476=ORIENTED_EDGE('',*,*,#1113,.F.);
#1477=ORIENTED_EDGE('',*,*,#1119,.F.);
#1478=ORIENTED_EDGE('',*,*,#1096,.T.);
#1479=ORIENTED_EDGE('',*,*,#1123,.T.);
#1480=ORIENTED_EDGE('',*,*,#1115,.F.);
#1481=ORIENTED_EDGE('',*,*,#1066,.F.);
#1482=ORIENTED_EDGE('',*,*,#1125,.F.);
#1483=ORIENTED_EDGE('',*,*,#1126,.F.);
#1484=ORIENTED_EDGE('',*,*,#1127,.F.);
#1485=ORIENTED_EDGE('',*,*,#1058,.F.);
#1486=ORIENTED_EDGE('',*,*,#1128,.T.);
#1487=ORIENTED_EDGE('',*,*,#1129,.T.);
#1488=ORIENTED_EDGE('',*,*,#1130,.T.);
#1489=ORIENTED_EDGE('',*,*,#1131,.T.);
#1490=ORIENTED_EDGE('',*,*,#1128,.F.);
#1491=ORIENTED_EDGE('',*,*,#1132,.T.);
#1492=ORIENTED_EDGE('',*,*,#1133,.F.);
#1493=ORIENTED_EDGE('',*,*,#1134,.T.);
#1494=ORIENTED_EDGE('',*,*,#1135,.F.);
#1495=ORIENTED_EDGE('',*,*,#1136,.T.);
#1496=ORIENTED_EDGE('',*,*,#1137,.F.);
#1497=ORIENTED_EDGE('',*,*,#1138,.T.);
#1498=ORIENTED_EDGE('',*,*,#1139,.T.);
#1499=ORIENTED_EDGE('',*,*,#1140,.T.);
#1500=ORIENTED_EDGE('',*,*,#1131,.F.);
#1501=ORIENTED_EDGE('',*,*,#1141,.F.);
#1502=ORIENTED_EDGE('',*,*,#1142,.F.);
#1503=ORIENTED_EDGE('',*,*,#1132,.F.);
#1504=ORIENTED_EDGE('',*,*,#1137,.T.);
#1505=ORIENTED_EDGE('',*,*,#1143,.T.);
#1506=ORIENTED_EDGE('',*,*,#1144,.T.);
#1507=ORIENTED_EDGE('',*,*,#1145,.T.);
#1508=ORIENTED_EDGE('',*,*,#1145,.F.);
#1509=ORIENTED_EDGE('',*,*,#1146,.F.);
#1510=ORIENTED_EDGE('',*,*,#1147,.T.);
#1511=ORIENTED_EDGE('',*,*,#1138,.F.);
#1512=ORIENTED_EDGE('',*,*,#1133,.T.);
#1513=ORIENTED_EDGE('',*,*,#1142,.T.);
#1514=ORIENTED_EDGE('',*,*,#1148,.T.);
#1515=ORIENTED_EDGE('',*,*,#1149,.T.);
#1516=ORIENTED_EDGE('',*,*,#1149,.F.);
#1517=ORIENTED_EDGE('',*,*,#1150,.F.);
#1518=ORIENTED_EDGE('',*,*,#1151,.F.);
#1519=ORIENTED_EDGE('',*,*,#1134,.F.);
#1520=ORIENTED_EDGE('',*,*,#1135,.T.);
#1521=ORIENTED_EDGE('',*,*,#1151,.T.);
#1522=ORIENTED_EDGE('',*,*,#1152,.T.);
#1523=ORIENTED_EDGE('',*,*,#1153,.T.);
#1524=ORIENTED_EDGE('',*,*,#1143,.F.);
#1525=ORIENTED_EDGE('',*,*,#1136,.F.);
#1526=ORIENTED_EDGE('',*,*,#1153,.F.);
#1527=ORIENTED_EDGE('',*,*,#1154,.F.);
#1528=ORIENTED_EDGE('',*,*,#1155,.T.);
#1529=ORIENTED_EDGE('',*,*,#1156,.T.);
#1530=ORIENTED_EDGE('',*,*,#1157,.F.);
#1531=ORIENTED_EDGE('',*,*,#1158,.F.);
#1532=ORIENTED_EDGE('',*,*,#1159,.F.);
#1533=ORIENTED_EDGE('',*,*,#1160,.F.);
#1534=ORIENTED_EDGE('',*,*,#1161,.F.);
#1535=ORIENTED_EDGE('',*,*,#1162,.T.);
#1536=ORIENTED_EDGE('',*,*,#1163,.F.);
#1537=ORIENTED_EDGE('',*,*,#1164,.F.);
#1538=ORIENTED_EDGE('',*,*,#1165,.F.);
#1539=ORIENTED_EDGE('',*,*,#1060,.F.);
#1540=ORIENTED_EDGE('',*,*,#1165,.T.);
#1541=ORIENTED_EDGE('',*,*,#1166,.T.);
#1542=ORIENTED_EDGE('',*,*,#1167,.T.);
#1543=ORIENTED_EDGE('',*,*,#1061,.F.);
#1544=ORIENTED_EDGE('',*,*,#1091,.T.);
#1545=ORIENTED_EDGE('',*,*,#1168,.F.);
#1546=ORIENTED_EDGE('',*,*,#1155,.F.);
#1547=ORIENTED_EDGE('',*,*,#1169,.F.);
#1548=ORIENTED_EDGE('',*,*,#1169,.T.);
#1549=ORIENTED_EDGE('',*,*,#1158,.T.);
#1550=ORIENTED_EDGE('',*,*,#1170,.T.);
#1551=ORIENTED_EDGE('',*,*,#1090,.T.);
#1552=ORIENTED_EDGE('',*,*,#1068,.F.);
#1553=ORIENTED_EDGE('',*,*,#1092,.F.);
#1554=ORIENTED_EDGE('',*,*,#1171,.F.);
#1555=ORIENTED_EDGE('',*,*,#1172,.F.);
#1556=ORIENTED_EDGE('',*,*,#1173,.F.);
#1557=ORIENTED_EDGE('',*,*,#1174,.T.);
#1558=ORIENTED_EDGE('',*,*,#1175,.F.);
#1559=ORIENTED_EDGE('',*,*,#1174,.F.);
#1560=ORIENTED_EDGE('',*,*,#1176,.F.);
#1561=ORIENTED_EDGE('',*,*,#1160,.T.);
#1562=ORIENTED_EDGE('',*,*,#1089,.T.);
#1563=ORIENTED_EDGE('',*,*,#1170,.F.);
#1564=ORIENTED_EDGE('',*,*,#1157,.T.);
#1565=ORIENTED_EDGE('',*,*,#1177,.F.);
#1566=ORIENTED_EDGE('',*,*,#1171,.T.);
#1567=ORIENTED_EDGE('',*,*,#1178,.F.);
#1568=ORIENTED_EDGE('',*,*,#1175,.T.);
#1569=ORIENTED_EDGE('',*,*,#1179,.F.);
#1570=ORIENTED_EDGE('',*,*,#1087,.T.);
#1571=ORIENTED_EDGE('',*,*,#1178,.T.);
#1572=ORIENTED_EDGE('',*,*,#1159,.T.);
#1573=ORIENTED_EDGE('',*,*,#1180,.F.);
#1574=ORIENTED_EDGE('',*,*,#1085,.T.);
#1575=ORIENTED_EDGE('',*,*,#1179,.T.);
#1576=ORIENTED_EDGE('',*,*,#1181,.T.);
#1577=ORIENTED_EDGE('',*,*,#1182,.F.);
#1578=ORIENTED_EDGE('',*,*,#1183,.T.);
#1579=ORIENTED_EDGE('',*,*,#1063,.F.);
#1580=ORIENTED_EDGE('',*,*,#1183,.F.);
#1581=ORIENTED_EDGE('',*,*,#1184,.F.);
#1582=ORIENTED_EDGE('',*,*,#1185,.F.);
#1583=ORIENTED_EDGE('',*,*,#1064,.F.);
#1584=ORIENTED_EDGE('',*,*,#1185,.T.);
#1585=ORIENTED_EDGE('',*,*,#1186,.F.);
#1586=ORIENTED_EDGE('',*,*,#1125,.T.);
#1587=ORIENTED_EDGE('',*,*,#1065,.F.);
#1588=ORIENTED_EDGE('',*,*,#1127,.T.);
#1589=ORIENTED_EDGE('',*,*,#1187,.F.);
#1590=ORIENTED_EDGE('',*,*,#1163,.T.);
#1591=ORIENTED_EDGE('',*,*,#1059,.F.);
#1592=ORIENTED_EDGE('',*,*,#1188,.F.);
#1593=ORIENTED_EDGE('',*,*,#1181,.F.);
#1594=ORIENTED_EDGE('',*,*,#1062,.F.);
#1595=ORIENTED_EDGE('',*,*,#1167,.F.);
#1596=ORIENTED_EDGE('',*,*,#1189,.F.);
#1597=ORIENTED_EDGE('',*,*,#1162,.F.);
#1598=ORIENTED_EDGE('',*,*,#1190,.F.);
#1599=ORIENTED_EDGE('',*,*,#1191,.F.);
#1600=ORIENTED_EDGE('',*,*,#1192,.T.);
#1601=ORIENTED_EDGE('',*,*,#1193,.T.);
#1602=ORIENTED_EDGE('',*,*,#1077,.F.);
#1603=ORIENTED_EDGE('',*,*,#1193,.F.);
#1604=ORIENTED_EDGE('',*,*,#1194,.T.);
#1605=ORIENTED_EDGE('',*,*,#1195,.T.);
#1606=ORIENTED_EDGE('',*,*,#1078,.F.);
#1607=ORIENTED_EDGE('',*,*,#1195,.F.);
#1608=ORIENTED_EDGE('',*,*,#1194,.F.);
#1609=ORIENTED_EDGE('',*,*,#1196,.F.);
#1610=ORIENTED_EDGE('',*,*,#1197,.F.);
#1611=ORIENTED_EDGE('',*,*,#1192,.F.);
#1612=ORIENTED_EDGE('',*,*,#1198,.T.);
#1613=ORIENTED_EDGE('',*,*,#1199,.F.);
#1614=ORIENTED_EDGE('',*,*,#1172,.T.);
#1615=ORIENTED_EDGE('',*,*,#1200,.F.);
#1616=ORIENTED_EDGE('',*,*,#1201,.F.);
#1617=ORIENTED_EDGE('',*,*,#1190,.T.);
#1618=ORIENTED_EDGE('',*,*,#1161,.T.);
#1619=ORIENTED_EDGE('',*,*,#1176,.T.);
#1620=ORIENTED_EDGE('',*,*,#1173,.T.);
#1621=ORIENTED_EDGE('',*,*,#1199,.T.);
#1622=ORIENTED_EDGE('',*,*,#1202,.T.);
#1623=ORIENTED_EDGE('',*,*,#1203,.T.);
#1624=ORIENTED_EDGE('',*,*,#1200,.T.);
#1625=ORIENTED_EDGE('',*,*,#1177,.T.);
#1626=ORIENTED_EDGE('',*,*,#1156,.F.);
#1627=ORIENTED_EDGE('',*,*,#1168,.T.);
#1628=ORIENTED_EDGE('',*,*,#1079,.T.);
#1629=ORIENTED_EDGE('',*,*,#1204,.T.);
#1630=ORIENTED_EDGE('',*,*,#1082,.T.);
#1631=ORIENTED_EDGE('',*,*,#1180,.T.);
#1632=ORIENTED_EDGE('',*,*,#1189,.T.);
#1633=ORIENTED_EDGE('',*,*,#1205,.T.);
#1634=ORIENTED_EDGE('',*,*,#1206,.T.);
#1635=ORIENTED_EDGE('',*,*,#1207,.F.);
#1636=ORIENTED_EDGE('',*,*,#1202,.F.);
#1637=ORIENTED_EDGE('',*,*,#1198,.F.);
#1638=ORIENTED_EDGE('',*,*,#1204,.F.);
#1639=ORIENTED_EDGE('',*,*,#1081,.T.);
#1640=ORIENTED_EDGE('',*,*,#1073,.F.);
#1641=ORIENTED_EDGE('',*,*,#1083,.F.);
#1642=ORIENTED_EDGE('',*,*,#1205,.F.);
#1643=ORIENTED_EDGE('',*,*,#1191,.T.);
#1644=ORIENTED_EDGE('',*,*,#1201,.T.);
#1645=ORIENTED_EDGE('',*,*,#1208,.T.);
#1646=ORIENTED_EDGE('',*,*,#1209,.T.);
#1647=ORIENTED_EDGE('',*,*,#1210,.T.);
#1648=ORIENTED_EDGE('',*,*,#1211,.T.);
#1649=ORIENTED_EDGE('',*,*,#1212,.T.);
#1650=ORIENTED_EDGE('',*,*,#1196,.T.);
#1651=ORIENTED_EDGE('',*,*,#1213,.T.);
#1652=ORIENTED_EDGE('',*,*,#1075,.F.);
#1653=ORIENTED_EDGE('',*,*,#1213,.F.);
#1654=ORIENTED_EDGE('',*,*,#1197,.T.);
#1655=ORIENTED_EDGE('',*,*,#1214,.T.);
#1656=ORIENTED_EDGE('',*,*,#1076,.F.);
#1657=ORIENTED_EDGE('',*,*,#1214,.F.);
#1658=ORIENTED_EDGE('',*,*,#1215,.T.);
#1659=ORIENTED_EDGE('',*,*,#1208,.F.);
#1660=ORIENTED_EDGE('',*,*,#1203,.F.);
#1661=ORIENTED_EDGE('',*,*,#1207,.T.);
#1662=ORIENTED_EDGE('',*,*,#1206,.F.);
#1663=ORIENTED_EDGE('',*,*,#1215,.F.);
#1664=ORIENTED_EDGE('',*,*,#1139,.F.);
#1665=ORIENTED_EDGE('',*,*,#1147,.F.);
#1666=ORIENTED_EDGE('',*,*,#1216,.F.);
#1667=ORIENTED_EDGE('',*,*,#1217,.F.);
#1668=ORIENTED_EDGE('',*,*,#1218,.T.);
#1669=ORIENTED_EDGE('',*,*,#1219,.T.);
#1670=ORIENTED_EDGE('',*,*,#1220,.T.);
#1671=ORIENTED_EDGE('',*,*,#1221,.T.);
#1672=ORIENTED_EDGE('',*,*,#1188,.T.);
#1673=ORIENTED_EDGE('',*,*,#1166,.F.);
#1674=ORIENTED_EDGE('',*,*,#1164,.T.);
#1675=ORIENTED_EDGE('',*,*,#1187,.T.);
#1676=ORIENTED_EDGE('',*,*,#1126,.T.);
#1677=ORIENTED_EDGE('',*,*,#1186,.T.);
#1678=ORIENTED_EDGE('',*,*,#1184,.T.);
#1679=ORIENTED_EDGE('',*,*,#1182,.T.);
#1680=ORIENTED_EDGE('',*,*,#1222,.T.);
#1681=ORIENTED_EDGE('',*,*,#1216,.T.);
#1682=ORIENTED_EDGE('',*,*,#1146,.T.);
#1683=ORIENTED_EDGE('',*,*,#1144,.F.);
#1684=ORIENTED_EDGE('',*,*,#1154,.T.);
#1685=ORIENTED_EDGE('',*,*,#1152,.F.);
#1686=ORIENTED_EDGE('',*,*,#1150,.T.);
#1687=ORIENTED_EDGE('',*,*,#1148,.F.);
#1688=ORIENTED_EDGE('',*,*,#1141,.T.);
#1689=ORIENTED_EDGE('',*,*,#1130,.F.);
#1690=ORIENTED_EDGE('',*,*,#1129,.F.);
#1691=ORIENTED_EDGE('',*,*,#1140,.F.);
#1692=ORIENTED_EDGE('',*,*,#1217,.T.);
#1693=ORIENTED_EDGE('',*,*,#1222,.F.);
#1694=ORIENTED_EDGE('',*,*,#1220,.F.);
#1695=ORIENTED_EDGE('',*,*,#1223,.T.);
#1696=ORIENTED_EDGE('',*,*,#1212,.F.);
#1697=ORIENTED_EDGE('',*,*,#1224,.F.);
#1698=ORIENTED_EDGE('',*,*,#1219,.F.);
#1699=ORIENTED_EDGE('',*,*,#1225,.T.);
#1700=ORIENTED_EDGE('',*,*,#1209,.F.);
#1701=ORIENTED_EDGE('',*,*,#1223,.F.);
#1702=ORIENTED_EDGE('',*,*,#1218,.F.);
#1703=ORIENTED_EDGE('',*,*,#1226,.T.);
#1704=ORIENTED_EDGE('',*,*,#1210,.F.);
#1705=ORIENTED_EDGE('',*,*,#1225,.F.);
#1706=ORIENTED_EDGE('',*,*,#1211,.F.);
#1707=ORIENTED_EDGE('',*,*,#1226,.F.);
#1708=ORIENTED_EDGE('',*,*,#1221,.F.);
#1709=ORIENTED_EDGE('',*,*,#1224,.T.);
#1710=ORIENTED_EDGE('',*,*,#1031,.F.);
#1711=ORIENTED_EDGE('',*,*,#1227,.T.);
#1712=ORIENTED_EDGE('',*,*,#986,.F.);
#1713=ORIENTED_EDGE('',*,*,#978,.F.);
#1714=ORIENTED_EDGE('',*,*,#998,.F.);
#1715=ORIENTED_EDGE('',*,*,#1007,.F.);
#1716=ORIENTED_EDGE('',*,*,#987,.F.);
#1717=ORIENTED_EDGE('',*,*,#1227,.F.);
#1718=ORIENTED_EDGE('',*,*,#1032,.F.);
#1719=ORIENTED_EDGE('',*,*,#1228,.T.);
#1720=ORIENTED_EDGE('',*,*,#993,.F.);
#1721=ORIENTED_EDGE('',*,*,#976,.F.);
#1722=ORIENTED_EDGE('',*,*,#990,.F.);
#1723=ORIENTED_EDGE('',*,*,#970,.F.);
#1724=ORIENTED_EDGE('',*,*,#994,.F.);
#1725=ORIENTED_EDGE('',*,*,#1228,.F.);
#1726=ORIENTED_EDGE('',*,*,#1030,.F.);
#1727=ORIENTED_EDGE('',*,*,#1229,.T.);
#1728=ORIENTED_EDGE('',*,*,#995,.F.);
#1729=ORIENTED_EDGE('',*,*,#972,.F.);
#1730=ORIENTED_EDGE('',*,*,#989,.F.);
#1731=ORIENTED_EDGE('',*,*,#1008,.F.);
#1732=ORIENTED_EDGE('',*,*,#996,.F.);
#1733=ORIENTED_EDGE('',*,*,#1229,.F.);
#1734=ORIENTED_EDGE('',*,*,#1029,.F.);
#1735=ORIENTED_EDGE('',*,*,#1230,.T.);
#1736=ORIENTED_EDGE('',*,*,#991,.F.);
#1737=ORIENTED_EDGE('',*,*,#974,.F.);
#1738=ORIENTED_EDGE('',*,*,#999,.F.);
#1739=ORIENTED_EDGE('',*,*,#980,.F.);
#1740=ORIENTED_EDGE('',*,*,#992,.F.);
#1741=ORIENTED_EDGE('',*,*,#1230,.F.);
#1742=ORIENTED_EDGE('',*,*,#1231,.F.);
#1743=ORIENTED_EDGE('',*,*,#1109,.T.);
#1744=ORIENTED_EDGE('',*,*,#1047,.F.);
#1745=ORIENTED_EDGE('',*,*,#1050,.F.);
#1746=ORIENTED_EDGE('',*,*,#1104,.F.);
#1747=ORIENTED_EDGE('',*,*,#1232,.F.);
#1748=ORIENTED_EDGE('',*,*,#1041,.F.);
#1749=ORIENTED_EDGE('',*,*,#1233,.T.);
#1750=ORIENTED_EDGE('',*,*,#1042,.F.);
#1751=ORIENTED_EDGE('',*,*,#1038,.F.);
#1752=ORIENTED_EDGE('',*,*,#1110,.T.);
#1753=ORIENTED_EDGE('',*,*,#1231,.T.);
#1754=ORIENTED_EDGE('',*,*,#1046,.F.);
#1755=ORIENTED_EDGE('',*,*,#1234,.F.);
#1756=ORIENTED_EDGE('',*,*,#1051,.F.);
#1757=ORIENTED_EDGE('',*,*,#1232,.T.);
#1758=ORIENTED_EDGE('',*,*,#1103,.T.);
#1759=ORIENTED_EDGE('',*,*,#1039,.F.);
#1760=ORIENTED_EDGE('',*,*,#1045,.F.);
#1761=ORIENTED_EDGE('',*,*,#1235,.F.);
#1762=ORIENTED_EDGE('',*,*,#1052,.F.);
#1763=ORIENTED_EDGE('',*,*,#1234,.T.);
#1764=ORIENTED_EDGE('',*,*,#1043,.F.);
#1765=ORIENTED_EDGE('',*,*,#1233,.F.);
#1766=ORIENTED_EDGE('',*,*,#1054,.F.);
#1767=ORIENTED_EDGE('',*,*,#1236,.T.);
#1768=ORIENTED_EDGE('',*,*,#1044,.F.);
#1769=ORIENTED_EDGE('',*,*,#1236,.F.);
#1770=ORIENTED_EDGE('',*,*,#1053,.F.);
#1771=ORIENTED_EDGE('',*,*,#1235,.T.);
#1772=ORIENTED_EDGE('',*,*,#1018,.T.);
#1773=ORIENTED_EDGE('',*,*,#1237,.T.);
#1774=ORIENTED_EDGE('',*,*,#1238,.T.);
#1775=ORIENTED_EDGE('',*,*,#1239,.T.);
#1776=ORIENTED_EDGE('',*,*,#1237,.F.);
#1777=ORIENTED_EDGE('',*,*,#1017,.T.);
#1778=ORIENTED_EDGE('',*,*,#1000,.F.);
#1779=ORIENTED_EDGE('',*,*,#1240,.T.);
#1780=ORIENTED_EDGE('',*,*,#1238,.F.);
#1781=ORIENTED_EDGE('',*,*,#1239,.F.);
#1782=ORIENTED_EDGE('',*,*,#1240,.F.);
#1783=(
BOUNDED_SURFACE()
B_SPLINE_SURFACE(1,2,((#2635,#2636,#2637),(#2638,#2639,#2640)),
 .UNSPECIFIED.,.F.,.F.,.F.)
B_SPLINE_SURFACE_WITH_KNOTS((2,2),(3,3),(-0.12725,0.12275),(-1.90547517081136,
-1.23611747501296),.UNSPECIFIED.)
GEOMETRIC_REPRESENTATION_ITEM()
RATIONAL_B_SPLINE_SURFACE(((1.,0.944515845837798,1.),(1.,0.944515845837798,
1.)))
REPRESENTATION_ITEM('')
SURFACE()
);
#1784=(
BOUNDED_SURFACE()
B_SPLINE_SURFACE(1,2,((#2649,#2650,#2651,#2652,#2653),(#2654,#2655,#2656,
#2657,#2658)),.UNSPECIFIED.,.F.,.F.,.F.)
B_SPLINE_SURFACE_WITH_KNOTS((2,2),(3,2,3),(-0.12725,0.12275),(-1.12099121315681,
-1.06132886923405E-8,1.12099119193023),.UNSPECIFIED.)
GEOMETRIC_REPRESENTATION_ITEM()
RATIONAL_B_SPLINE_SURFACE(((1.,0.846991750417301,1.,0.846991750417301,1.),
(1.,0.846991750417301,1.,0.846991750417301,1.)))
REPRESENTATION_ITEM('')
SURFACE()
);
#1785=(
BOUNDED_SURFACE()
B_SPLINE_SURFACE(1,2,((#2667,#2668,#2669),(#2670,#2671,#2672)),
 .UNSPECIFIED.,.F.,.F.,.F.)
B_SPLINE_SURFACE_WITH_KNOTS((2,2),(3,3),(-0.12725,0.12275),(1.23611746887446,
1.90547516853105),.UNSPECIFIED.)
GEOMETRIC_REPRESENTATION_ITEM()
RATIONAL_B_SPLINE_SURFACE(((1.,0.944515845204158,1.),(1.,0.944515845204158,
1.)))
REPRESENTATION_ITEM('')
SURFACE()
);
#1786=(
BOUNDED_SURFACE()
B_SPLINE_SURFACE(1,2,((#2727,#2728,#2729,#2730,#2731),(#2732,#2733,#2734,
#2735,#2736)),.UNSPECIFIED.,.F.,.F.,.F.)
B_SPLINE_SURFACE_WITH_KNOTS((2,2),(3,2,3),(-0.12725,0.12275),(2.02060144859799,
3.14159265638905,4.26258386418011),.UNSPECIFIED.)
GEOMETRIC_REPRESENTATION_ITEM()
RATIONAL_B_SPLINE_SURFACE(((1.,0.84699174902249,1.,0.84699174902249,1.),
(1.,0.84699174902249,1.,0.84699174902249,1.)))
REPRESENTATION_ITEM('')
SURFACE()
);
#1787=ADVANCED_FACE('',(#215),#1783,.T.);
#1788=ADVANCED_FACE('',(#216),#1784,.T.);
#1789=ADVANCED_FACE('',(#217),#1785,.T.);
#1790=ADVANCED_FACE('',(#218,#56),#158,.T.);
#1791=ADVANCED_FACE('',(#219,#57,#58,#59,#60,#61,#62,#63),#159,.T.);
#1792=ADVANCED_FACE('',(#220),#1786,.T.);
#1793=ADVANCED_FACE('',(#221),#22,.F.);
#1794=ADVANCED_FACE('',(#222),#23,.F.);
#1795=ADVANCED_FACE('',(#223),#24,.F.);
#1796=ADVANCED_FACE('',(#224),#25,.F.);
#1797=ADVANCED_FACE('',(#225),#26,.F.);
#1798=ADVANCED_FACE('',(#226),#27,.F.);
#1799=ADVANCED_FACE('',(#227),#28,.F.);
#1800=ADVANCED_FACE('',(#228,#64,#65,#66,#67,#68,#69,#70,#71,#72,#73,#74),
#160,.T.);
#1801=ADVANCED_FACE('',(#229),#161,.T.);
#1802=ADVANCED_FACE('',(#230),#162,.T.);
#1803=ADVANCED_FACE('',(#231),#29,.T.);
#1804=ADVANCED_FACE('',(#232,#75,#76,#77,#78,#79),#163,.T.);
#1805=ADVANCED_FACE('',(#233),#164,.T.);
#1806=ADVANCED_FACE('',(#234),#165,.T.);
#1807=ADVANCED_FACE('',(#235),#166,.T.);
#1808=ADVANCED_FACE('',(#236),#167,.T.);
#1809=ADVANCED_FACE('',(#237),#168,.T.);
#1810=ADVANCED_FACE('',(#238),#169,.T.);
#1811=ADVANCED_FACE('',(#239),#170,.T.);
#1812=ADVANCED_FACE('',(#240),#171,.F.);
#1813=ADVANCED_FACE('',(#241),#172,.T.);
#1814=ADVANCED_FACE('',(#242),#173,.T.);
#1815=ADVANCED_FACE('',(#243),#174,.T.);
#1816=ADVANCED_FACE('',(#244),#175,.T.);
#1817=ADVANCED_FACE('',(#245),#176,.T.);
#1818=ADVANCED_FACE('',(#246),#30,.T.);
#1819=ADVANCED_FACE('',(#247),#177,.T.);
#1820=ADVANCED_FACE('',(#248),#31,.F.);
#1821=ADVANCED_FACE('',(#249),#178,.T.);
#1822=ADVANCED_FACE('',(#250),#179,.F.);
#1823=ADVANCED_FACE('',(#251),#32,.T.);
#1824=ADVANCED_FACE('',(#252),#180,.T.);
#1825=ADVANCED_FACE('',(#253),#181,.T.);
#1826=ADVANCED_FACE('',(#254),#33,.T.);
#1827=ADVANCED_FACE('',(#255),#182,.T.);
#1828=ADVANCED_FACE('',(#256),#34,.T.);
#1829=ADVANCED_FACE('',(#257),#183,.T.);
#1830=ADVANCED_FACE('',(#258),#35,.T.);
#1831=ADVANCED_FACE('',(#259),#184,.T.);
#1832=ADVANCED_FACE('',(#260),#185,.F.);
#1833=ADVANCED_FACE('',(#261),#186,.F.);
#1834=ADVANCED_FACE('',(#262),#187,.T.);
#1835=ADVANCED_FACE('',(#263),#36,.T.);
#1836=ADVANCED_FACE('',(#264),#188,.T.);
#1837=ADVANCED_FACE('',(#265),#189,.T.);
#1838=ADVANCED_FACE('',(#266),#190,.F.);
#1839=ADVANCED_FACE('',(#267),#191,.F.);
#1840=ADVANCED_FACE('',(#268),#37,.T.);
#1841=ADVANCED_FACE('',(#269),#38,.T.);
#1842=ADVANCED_FACE('',(#270),#39,.T.);
#1843=ADVANCED_FACE('',(#271),#40,.T.);
#1844=ADVANCED_FACE('',(#272),#192,.T.);
#1845=ADVANCED_FACE('',(#273),#41,.T.);
#1846=ADVANCED_FACE('',(#274),#42,.T.);
#1847=ADVANCED_FACE('',(#275),#193,.T.);
#1848=ADVANCED_FACE('',(#276),#194,.F.);
#1849=ADVANCED_FACE('',(#277),#43,.F.);
#1850=ADVANCED_FACE('',(#278),#44,.F.);
#1851=ADVANCED_FACE('',(#279),#195,.F.);
#1852=ADVANCED_FACE('',(#280),#196,.F.);
#1853=ADVANCED_FACE('',(#281),#197,.F.);
#1854=ADVANCED_FACE('',(#282),#198,.F.);
#1855=ADVANCED_FACE('',(#283),#199,.F.);
#1856=ADVANCED_FACE('',(#284),#200,.F.);
#1857=ADVANCED_FACE('',(#285),#45,.T.);
#1858=ADVANCED_FACE('',(#286),#46,.T.);
#1859=ADVANCED_FACE('',(#287,#80),#47,.F.);
#1860=ADVANCED_FACE('',(#288),#48,.F.);
#1861=ADVANCED_FACE('',(#289),#49,.F.);
#1862=ADVANCED_FACE('',(#290),#201,.T.);
#1863=ADVANCED_FACE('',(#291),#202,.T.);
#1864=ADVANCED_FACE('',(#292,#81),#50,.T.);
#1865=ADVANCED_FACE('',(#293,#82),#203,.T.);
#1866=ADVANCED_FACE('',(#294),#204,.T.);
#1867=ADVANCED_FACE('',(#295),#205,.F.);
#1868=ADVANCED_FACE('',(#296),#206,.F.);
#1869=ADVANCED_FACE('',(#297),#207,.F.);
#1870=ADVANCED_FACE('',(#298),#208,.F.);
#1871=ADVANCED_FACE('',(#299),#51,.F.);
#1872=ADVANCED_FACE('',(#300),#52,.F.);
#1873=ADVANCED_FACE('',(#301),#53,.F.);
#1874=ADVANCED_FACE('',(#302),#54,.F.);
#1875=ADVANCED_FACE('',(#303),#209,.T.);
#1876=ADVANCED_FACE('',(#304),#210,.T.);
#1877=ADVANCED_FACE('',(#305),#211,.T.);
#1878=ADVANCED_FACE('',(#306),#212,.F.);
#1879=ADVANCED_FACE('',(#307),#213,.F.);
#1880=ADVANCED_FACE('',(#308),#214,.F.);
#1881=ADVANCED_FACE('',(#309),#15,.T.);
#1882=ADVANCED_FACE('',(#310),#55,.F.);
#1883=CLOSED_SHELL('',(#1787,#1788,#1789,#1790,#1791,#1792,#1793,#1794,
#1795,#1796,#1797,#1798,#1799,#1800,#1801,#1802,#1803,#1804,#1805,#1806,
#1807,#1808,#1809,#1810,#1811,#1812,#1813,#1814,#1815,#1816,#1817,#1818,
#1819,#1820,#1821,#1822,#1823,#1824,#1825,#1826,#1827,#1828,#1829,#1830,
#1831,#1832,#1833,#1834,#1835,#1836,#1837,#1838,#1839,#1840,#1841,#1842,
#1843,#1844,#1845,#1846,#1847,#1848,#1849,#1850,#1851,#1852,#1853,#1854,
#1855,#1856,#1857,#1858,#1859,#1860,#1861,#1862,#1863,#1864,#1865,#1866,
#1867,#1868,#1869,#1870,#1871,#1872,#1873,#1874,#1875,#1876,#1877,#1878,
#1879,#1880,#1881,#1882));
#1884=DERIVED_UNIT_ELEMENT(#1886,1.);
#1885=DERIVED_UNIT_ELEMENT(#3239,-3.);
#1886=(
MASS_UNIT()
NAMED_UNIT(*)
SI_UNIT(.KILO.,.GRAM.)
);
#1887=DERIVED_UNIT((#1884,#1885));
#1888=MEASURE_REPRESENTATION_ITEM('density measure',
POSITIVE_RATIO_MEASURE(952.),#1887);
#1889=PROPERTY_DEFINITION_REPRESENTATION(#1894,#1891);
#1890=PROPERTY_DEFINITION_REPRESENTATION(#1895,#1892);
#1891=REPRESENTATION('material name',(#1893),#3236);
#1892=REPRESENTATION('density',(#1888),#3236);
#1893=DESCRIPTIVE_REPRESENTATION_ITEM('Plastic, Opaque White',
'Plastic, Opaque White');
#1894=PROPERTY_DEFINITION('material property','material name',#3246);
#1895=PROPERTY_DEFINITION('material property','density of part',#3246);
#1896=AXIS2_PLACEMENT_3D('',#2634,#2086,#2087);
#1897=AXIS2_PLACEMENT_3D('',#2645,#2089,#2090);
#1898=AXIS2_PLACEMENT_3D('',#2648,#2092,#2093);
#1899=AXIS2_PLACEMENT_3D('',#2663,#2095,#2096);
#1900=AXIS2_PLACEMENT_3D('',#2666,#2098,#2099);
#1901=AXIS2_PLACEMENT_3D('',#2677,#2101,#2102);
#1902=AXIS2_PLACEMENT_3D('',#2680,#2104,#2105);
#1903=AXIS2_PLACEMENT_3D('',#2681,#2106,#2107);
#1904=AXIS2_PLACEMENT_3D('',#2688,#2110,#2111);
#1905=AXIS2_PLACEMENT_3D('',#2691,#2113,#2114);
#1906=AXIS2_PLACEMENT_3D('',#2693,#2115,#2116);
#1907=AXIS2_PLACEMENT_3D('',#2695,#2117,#2118);
#1908=AXIS2_PLACEMENT_3D('',#2696,#2119,#2120);
#1909=AXIS2_PLACEMENT_3D('',#2697,#2121,#2122);
#1910=AXIS2_PLACEMENT_3D('',#2699,#2123,#2124);
#1911=AXIS2_PLACEMENT_3D('',#2700,#2125,#2126);
#1912=AXIS2_PLACEMENT_3D('',#2701,#2127,#2128);
#1913=AXIS2_PLACEMENT_3D('',#2703,#2129,#2130);
#1914=AXIS2_PLACEMENT_3D('',#2704,#2131,#2132);
#1915=AXIS2_PLACEMENT_3D('',#2706,#2133,#2134);
#1916=AXIS2_PLACEMENT_3D('',#2708,#2135,#2136);
#1917=AXIS2_PLACEMENT_3D('',#2710,#2137,#2138);
#1918=AXIS2_PLACEMENT_3D('',#2711,#2139,#2140);
#1919=AXIS2_PLACEMENT_3D('',#2712,#2141,#2142);
#1920=AXIS2_PLACEMENT_3D('',#2714,#2143,#2144);
#1921=AXIS2_PLACEMENT_3D('',#2716,#2145,#2146);
#1922=AXIS2_PLACEMENT_3D('',#2718,#2147,#2148);
#1923=AXIS2_PLACEMENT_3D('',#2720,#2149,#2150);
#1924=AXIS2_PLACEMENT_3D('',#2722,#2151,#2152);
#1925=AXIS2_PLACEMENT_3D('',#2724,#2153,#2154);
#1926=AXIS2_PLACEMENT_3D('',#2726,#2155,#2156);
#1927=AXIS2_PLACEMENT_3D('',#2739,#2159,#2160);
#1928=AXIS2_PLACEMENT_3D('',#2741,#2161,#2162);
#1929=AXIS2_PLACEMENT_3D('',#2743,#2164,#2165);
#1930=AXIS2_PLACEMENT_3D('',#2745,#2166,#2167);
#1931=AXIS2_PLACEMENT_3D('',#2747,#2169,#2170);
#1932=AXIS2_PLACEMENT_3D('',#2749,#2171,#2172);
#1933=AXIS2_PLACEMENT_3D('',#2751,#2174,#2175);
#1934=AXIS2_PLACEMENT_3D('',#2753,#2176,#2177);
#1935=AXIS2_PLACEMENT_3D('',#2757,#2179,#2180);
#1936=AXIS2_PLACEMENT_3D('',#2758,#2181,#2182);
#1937=AXIS2_PLACEMENT_3D('',#2759,#2183,#2184);
#1938=AXIS2_PLACEMENT_3D('',#2761,#2185,#2186);
#1939=AXIS2_PLACEMENT_3D('',#2763,#2188,#2189);
#1940=AXIS2_PLACEMENT_3D('',#2765,#2190,#2191);
#1941=AXIS2_PLACEMENT_3D('',#2767,#2193,#2194);
#1942=AXIS2_PLACEMENT_3D('',#2769,#2195,#2196);
#1943=AXIS2_PLACEMENT_3D('',#2771,#2198,#2199);
#1944=AXIS2_PLACEMENT_3D('',#2776,#2201,#2202);
#1945=AXIS2_PLACEMENT_3D('',#2778,#2203,#2204);
#1946=AXIS2_PLACEMENT_3D('',#2779,#2205,#2206);
#1947=AXIS2_PLACEMENT_3D('',#2781,#2207,#2208);
#1948=AXIS2_PLACEMENT_3D('',#2783,#2209,#2210);
#1949=AXIS2_PLACEMENT_3D('',#2785,#2211,#2212);
#1950=AXIS2_PLACEMENT_3D('',#2787,#2213,#2214);
#1951=AXIS2_PLACEMENT_3D('',#2788,#2215,#2216);
#1952=AXIS2_PLACEMENT_3D('',#2797,#2221,#2222);
#1953=AXIS2_PLACEMENT_3D('',#2804,#2227,#2228);
#1954=AXIS2_PLACEMENT_3D('',#2810,#2231,#2232);
#1955=AXIS2_PLACEMENT_3D('',#2814,#2234,#2235);
#1956=AXIS2_PLACEMENT_3D('',#2818,#2237,#2238);
#1957=AXIS2_PLACEMENT_3D('',#2823,#2241,#2242);
#1958=AXIS2_PLACEMENT_3D('',#2827,#2244,#2245);
#1959=AXIS2_PLACEMENT_3D('',#2830,#2247,#2248);
#1960=AXIS2_PLACEMENT_3D('',#2831,#2249,#2250);
#1961=AXIS2_PLACEMENT_3D('',#2842,#2255,#2256);
#1962=AXIS2_PLACEMENT_3D('',#2846,#2258,#2259);
#1963=AXIS2_PLACEMENT_3D('',#2850,#2261,#2262);
#1964=AXIS2_PLACEMENT_3D('',#2854,#2264,#2265);
#1965=AXIS2_PLACEMENT_3D('',#2870,#2273,#2274);
#1966=AXIS2_PLACEMENT_3D('',#2873,#2276,#2277);
#1967=AXIS2_PLACEMENT_3D('',#2875,#2278,#2279);
#1968=AXIS2_PLACEMENT_3D('',#2877,#2280,#2281);
#1969=AXIS2_PLACEMENT_3D('',#2879,#2282,#2283);
#1970=AXIS2_PLACEMENT_3D('',#2880,#2284,#2285);
#1971=AXIS2_PLACEMENT_3D('',#2886,#2289,#2290);
#1972=AXIS2_PLACEMENT_3D('',#2892,#2294,#2295);
#1973=AXIS2_PLACEMENT_3D('',#2896,#2298,#2299);
#1974=AXIS2_PLACEMENT_3D('',#2900,#2302,#2303);
#1975=AXIS2_PLACEMENT_3D('',#2904,#2306,#2307);
#1976=AXIS2_PLACEMENT_3D('',#2908,#2310,#2311);
#1977=AXIS2_PLACEMENT_3D('',#2912,#2313,#2314);
#1978=AXIS2_PLACEMENT_3D('',#2921,#2319,#2320);
#1979=AXIS2_PLACEMENT_3D('',#2930,#2326,#2327);
#1980=AXIS2_PLACEMENT_3D('',#2934,#2330,#2331);
#1981=AXIS2_PLACEMENT_3D('',#2938,#2334,#2335);
#1982=AXIS2_PLACEMENT_3D('',#2948,#2341,#2342);
#1983=AXIS2_PLACEMENT_3D('',#2954,#2345,#2346);
#1984=AXIS2_PLACEMENT_3D('',#2956,#2348,#2349);
#1985=AXIS2_PLACEMENT_3D('',#2959,#2352,#2353);
#1986=AXIS2_PLACEMENT_3D('',#2960,#2354,#2355);
#1987=AXIS2_PLACEMENT_3D('',#2962,#2357,#2358);
#1988=AXIS2_PLACEMENT_3D('',#2964,#2360,#2361);
#1989=AXIS2_PLACEMENT_3D('',#2966,#2363,#2364);
#1990=AXIS2_PLACEMENT_3D('',#2968,#2366,#2367);
#1991=AXIS2_PLACEMENT_3D('',#2969,#2368,#2369);
#1992=AXIS2_PLACEMENT_3D('',#2975,#2373,#2374);
#1993=AXIS2_PLACEMENT_3D('',#2978,#2375,#2376);
#1994=AXIS2_PLACEMENT_3D('',#2982,#2378,#2379);
#1995=AXIS2_PLACEMENT_3D('',#2984,#2381,#2382);
#1996=AXIS2_PLACEMENT_3D('',#2988,#2384,#2385);
#1997=AXIS2_PLACEMENT_3D('',#2992,#2387,#2388);
#1998=AXIS2_PLACEMENT_3D('',#2996,#2390,#2391);
#1999=AXIS2_PLACEMENT_3D('',#3000,#2393,#2394);
#2000=AXIS2_PLACEMENT_3D('',#3002,#2396,#2397);
#2001=AXIS2_PLACEMENT_3D('',#3006,#2400,#2401);
#2002=AXIS2_PLACEMENT_3D('',#3010,#2403,#2404);
#2003=AXIS2_PLACEMENT_3D('',#3012,#2406,#2407);
#2004=AXIS2_PLACEMENT_3D('',#3016,#2410,#2411);
#2005=AXIS2_PLACEMENT_3D('',#3018,#2412,#2413);
#2006=AXIS2_PLACEMENT_3D('',#3020,#2415,#2416);
#2007=AXIS2_PLACEMENT_3D('',#3024,#2419,#2420);
#2008=AXIS2_PLACEMENT_3D('',#3026,#2421,#2422);
#2009=AXIS2_PLACEMENT_3D('',#3028,#2424,#2425);
#2010=AXIS2_PLACEMENT_3D('',#3030,#2427,#2428);
#2011=AXIS2_PLACEMENT_3D('',#3039,#2433,#2434);
#2012=AXIS2_PLACEMENT_3D('',#3048,#2439,#2440);
#2013=AXIS2_PLACEMENT_3D('',#3054,#2444,#2445);
#2014=AXIS2_PLACEMENT_3D('',#3056,#2446,#2447);
#2015=AXIS2_PLACEMENT_3D('',#3058,#2449,#2450);
#2016=AXIS2_PLACEMENT_3D('',#3059,#2451,#2452);
#2017=AXIS2_PLACEMENT_3D('',#3061,#2454,#2455);
#2018=AXIS2_PLACEMENT_3D('',#3062,#2456,#2457);
#2019=AXIS2_PLACEMENT_3D('',#3063,#2458,#2459);
#2020=AXIS2_PLACEMENT_3D('',#3072,#2464,#2465);
#2021=AXIS2_PLACEMENT_3D('',#3075,#2468,#2469);
#2022=AXIS2_PLACEMENT_3D('',#3076,#2470,#2471);
#2023=AXIS2_PLACEMENT_3D('',#3077,#2472,#2473);
#2024=AXIS2_PLACEMENT_3D('',#3078,#2474,#2475);
#2025=AXIS2_PLACEMENT_3D('',#3079,#2476,#2477);
#2026=AXIS2_PLACEMENT_3D('',#3080,#2478,#2479);
#2027=AXIS2_PLACEMENT_3D('',#3081,#2480,#2481);
#2028=AXIS2_PLACEMENT_3D('',#3082,#2482,#2483);
#2029=AXIS2_PLACEMENT_3D('',#3086,#2485,#2486);
#2030=AXIS2_PLACEMENT_3D('',#3088,#2488,#2489);
#2031=AXIS2_PLACEMENT_3D('',#3092,#2492,#2493);
#2032=AXIS2_PLACEMENT_3D('',#3093,#2494,#2495);
#2033=AXIS2_PLACEMENT_3D('',#3094,#2496,#2497);
#2034=AXIS2_PLACEMENT_3D('',#3095,#2498,#2499);
#2035=AXIS2_PLACEMENT_3D('',#3096,#2500,#2501);
#2036=AXIS2_PLACEMENT_3D('',#3098,#2503,#2504);
#2037=AXIS2_PLACEMENT_3D('',#3104,#2508,#2509);
#2038=AXIS2_PLACEMENT_3D('',#3106,#2510,#2511);
#2039=AXIS2_PLACEMENT_3D('',#3108,#2513,#2514);
#2040=AXIS2_PLACEMENT_3D('',#3110,#2515,#2516);
#2041=AXIS2_PLACEMENT_3D('',#3112,#2518,#2519);
#2042=AXIS2_PLACEMENT_3D('',#3113,#2520,#2521);
#2043=AXIS2_PLACEMENT_3D('',#3115,#2522,#2523);
#2044=AXIS2_PLACEMENT_3D('',#3116,#2524,#2525);
#2045=AXIS2_PLACEMENT_3D('',#3118,#2526,#2527);
#2046=AXIS2_PLACEMENT_3D('',#3119,#2528,#2529);
#2047=AXIS2_PLACEMENT_3D('',#3120,#2530,#2531);
#2048=AXIS2_PLACEMENT_3D('',#3126,#2535,#2536);
#2049=AXIS2_PLACEMENT_3D('',#3128,#2537,#2538);
#2050=AXIS2_PLACEMENT_3D('',#3130,#2539,#2540);
#2051=AXIS2_PLACEMENT_3D('',#3132,#2542,#2543);
#2052=AXIS2_PLACEMENT_3D('',#3143,#2544,#2545);
#2053=AXIS2_PLACEMENT_3D('',#3154,#2546,#2547);
#2054=AXIS2_PLACEMENT_3D('',#3157,#2548,#2549);
#2055=AXIS2_PLACEMENT_3D('',#3166,#2552,#2553);
#2056=AXIS2_PLACEMENT_3D('',#3171,#2554,#2555);
#2057=AXIS2_PLACEMENT_3D('',#3172,#2556,#2557);
#2058=AXIS2_PLACEMENT_3D('',#3174,#2559,#2560);
#2059=AXIS2_PLACEMENT_3D('',#3176,#2562,#2563);
#2060=AXIS2_PLACEMENT_3D('',#3178,#2565,#2566);
#2061=AXIS2_PLACEMENT_3D('',#3179,#2567,#2568);
#2062=AXIS2_PLACEMENT_3D('',#3181,#2569,#2570);
#2063=AXIS2_PLACEMENT_3D('',#3185,#2572,#2573);
#2064=AXIS2_PLACEMENT_3D('',#3191,#2574,#2575);
#2065=AXIS2_PLACEMENT_3D('',#3195,#2576,#2577);
#2066=AXIS2_PLACEMENT_3D('',#3197,#2579,#2580);
#2067=AXIS2_PLACEMENT_3D('',#3198,#2581,#2582);
#2068=AXIS2_PLACEMENT_3D('',#3201,#2585,#2586);
#2069=AXIS2_PLACEMENT_3D('',#3203,#2588,#2589);
#2070=AXIS2_PLACEMENT_3D('',#3205,#2591,#2592);
#2071=AXIS2_PLACEMENT_3D('',#3206,#2593,#2594);
#2072=AXIS2_PLACEMENT_3D('',#3208,#2596,#2597);
#2073=AXIS2_PLACEMENT_3D('',#3210,#2599,#2600);
#2074=AXIS2_PLACEMENT_3D('',#3212,#2602,#2603);
#2075=AXIS2_PLACEMENT_3D('',#3214,#2605,#2606);
#2076=AXIS2_PLACEMENT_3D('',#3216,#2608,#2609);
#2077=AXIS2_PLACEMENT_3D('',#3218,#2611,#2612);
#2078=AXIS2_PLACEMENT_3D('',#3221,#2615,#2616);
#2079=AXIS2_PLACEMENT_3D('',#3223,#2618,#2619);
#2080=AXIS2_PLACEMENT_3D('',#3225,#2621,#2622);
#2081=AXIS2_PLACEMENT_3D('',#3226,#2623,#2624);
#2082=AXIS2_PLACEMENT_3D('',#3228,#2625,#2626);
#2083=AXIS2_PLACEMENT_3D('',#3230,#2627,#2628);
#2084=AXIS2_PLACEMENT_3D('',#3231,#2629,#2630);
#2085=AXIS2_PLACEMENT_3D('',#3232,#2631,#2632);
#2086=DIRECTION('axis',(0.,0.,1.));
#2087=DIRECTION('refdir',(1.,0.,0.));
#2088=DIRECTION('',(0.,0.,-1.));
#2089=DIRECTION('center_axis',(0.,0.,1.));
#2090=DIRECTION('ref_axis',(0.,-1.,0.));
#2091=DIRECTION('',(0.,0.,1.));
#2092=DIRECTION('center_axis',(0.,0.,1.));
#2093=DIRECTION('ref_axis',(0.,-1.,0.));
#2094=DIRECTION('',(0.,0.,-1.));
#2095=DIRECTION('center_axis',(0.,0.,1.));
#2096=DIRECTION('ref_axis',(0.,-1.,0.));
#2097=DIRECTION('',(0.,0.,1.));
#2098=DIRECTION('center_axis',(0.,0.,1.));
#2099=DIRECTION('ref_axis',(0.,-1.,0.));
#2100=DIRECTION('',(0.,0.,-1.));
#2101=DIRECTION('center_axis',(0.,0.,1.));
#2102=DIRECTION('ref_axis',(0.,-1.,0.));
#2103=DIRECTION('',(0.,0.,1.));
#2104=DIRECTION('center_axis',(0.,0.,1.));
#2105=DIRECTION('ref_axis',(0.,-1.,0.));
#2106=DIRECTION('center_axis',(0.,0.,-1.));
#2107=DIRECTION('ref_axis',(-1.,0.,0.));
#2108=DIRECTION('',(-1.,0.,0.));
#2109=DIRECTION('',(0.,-1.,0.));
#2110=DIRECTION('center_axis',(0.,0.,-1.));
#2111=DIRECTION('ref_axis',(1.,0.,0.));
#2112=DIRECTION('',(0.,1.,0.));
#2113=DIRECTION('center_axis',(0.,0.,1.));
#2114=DIRECTION('ref_axis',(-1.,0.,0.));
#2115=DIRECTION('center_axis',(0.,0.,1.));
#2116=DIRECTION('ref_axis',(-1.,0.,0.));
#2117=DIRECTION('center_axis',(0.,0.,1.));
#2118=DIRECTION('ref_axis',(0.,-1.,0.));
#2119=DIRECTION('center_axis',(0.,0.,1.));
#2120=DIRECTION('ref_axis',(-1.,0.,0.));
#2121=DIRECTION('center_axis',(0.,0.,1.));
#2122=DIRECTION('ref_axis',(-1.,0.,0.));
#2123=DIRECTION('center_axis',(0.,0.,1.));
#2124=DIRECTION('ref_axis',(-1.,0.,0.));
#2125=DIRECTION('center_axis',(0.,0.,1.));
#2126=DIRECTION('ref_axis',(-1.,0.,0.));
#2127=DIRECTION('center_axis',(0.,0.,-1.));
#2128=DIRECTION('ref_axis',(1.,0.,0.));
#2129=DIRECTION('center_axis',(0.,0.,1.));
#2130=DIRECTION('ref_axis',(-1.,0.,0.));
#2131=DIRECTION('center_axis',(0.,0.,1.));
#2132=DIRECTION('ref_axis',(-1.,0.,0.));
#2133=DIRECTION('center_axis',(0.,0.,1.));
#2134=DIRECTION('ref_axis',(-1.,0.,0.));
#2135=DIRECTION('center_axis',(0.,0.,1.));
#2136=DIRECTION('ref_axis',(-1.,0.,0.));
#2137=DIRECTION('center_axis',(0.,0.,1.));
#2138=DIRECTION('ref_axis',(0.,-1.,0.));
#2139=DIRECTION('center_axis',(0.,0.,1.));
#2140=DIRECTION('ref_axis',(-1.,0.,0.));
#2141=DIRECTION('center_axis',(0.,0.,1.));
#2142=DIRECTION('ref_axis',(-1.,0.,0.));
#2143=DIRECTION('center_axis',(0.,0.,1.));
#2144=DIRECTION('ref_axis',(1.,0.,0.));
#2145=DIRECTION('center_axis',(0.,0.,1.));
#2146=DIRECTION('ref_axis',(-1.,0.,0.));
#2147=DIRECTION('center_axis',(0.,0.,1.));
#2148=DIRECTION('ref_axis',(-1.,0.,0.));
#2149=DIRECTION('center_axis',(0.,0.,1.));
#2150=DIRECTION('ref_axis',(-1.,0.,0.));
#2151=DIRECTION('center_axis',(0.,0.,1.));
#2152=DIRECTION('ref_axis',(-1.,0.,0.));
#2153=DIRECTION('center_axis',(0.,0.,1.));
#2154=DIRECTION('ref_axis',(-1.,0.,0.));
#2155=DIRECTION('center_axis',(0.,0.,1.));
#2156=DIRECTION('ref_axis',(-1.,0.,0.));
#2157=DIRECTION('',(0.,0.,1.));
#2158=DIRECTION('',(0.,0.,-1.));
#2159=DIRECTION('center_axis',(0.,0.,1.));
#2160=DIRECTION('ref_axis',(1.,0.,0.));
#2161=DIRECTION('center_axis',(0.,0.,-1.));
#2162=DIRECTION('ref_axis',(1.,0.,0.));
#2163=DIRECTION('',(0.,0.,-1.));
#2164=DIRECTION('center_axis',(0.,0.,1.));
#2165=DIRECTION('ref_axis',(1.,0.,0.));
#2166=DIRECTION('center_axis',(0.,0.,-1.));
#2167=DIRECTION('ref_axis',(1.,0.,0.));
#2168=DIRECTION('',(0.,0.,-1.));
#2169=DIRECTION('center_axis',(0.,0.,1.));
#2170=DIRECTION('ref_axis',(1.,0.,0.));
#2171=DIRECTION('center_axis',(0.,0.,-1.));
#2172=DIRECTION('ref_axis',(1.,0.,0.));
#2173=DIRECTION('',(0.,0.,-1.));
#2174=DIRECTION('center_axis',(0.,0.,1.));
#2175=DIRECTION('ref_axis',(1.,0.,0.));
#2176=DIRECTION('center_axis',(0.,0.,-1.));
#2177=DIRECTION('ref_axis',(1.,0.,0.));
#2178=DIRECTION('',(0.,0.,-1.));
#2179=DIRECTION('center_axis',(0.,0.,1.));
#2180=DIRECTION('ref_axis',(1.,0.,0.));
#2181=DIRECTION('center_axis',(0.,0.,1.));
#2182=DIRECTION('ref_axis',(1.,0.,0.));
#2183=DIRECTION('center_axis',(0.,0.,1.));
#2184=DIRECTION('ref_axis',(1.,0.,0.));
#2185=DIRECTION('center_axis',(0.,0.,-1.));
#2186=DIRECTION('ref_axis',(1.,0.,0.));
#2187=DIRECTION('',(0.,0.,-1.));
#2188=DIRECTION('center_axis',(0.,0.,1.));
#2189=DIRECTION('ref_axis',(1.,0.,0.));
#2190=DIRECTION('center_axis',(0.,0.,-1.));
#2191=DIRECTION('ref_axis',(1.,0.,0.));
#2192=DIRECTION('',(0.,0.,-1.));
#2193=DIRECTION('center_axis',(0.,0.,1.));
#2194=DIRECTION('ref_axis',(1.,0.,0.));
#2195=DIRECTION('center_axis',(0.,0.,-1.));
#2196=DIRECTION('ref_axis',(1.,0.,0.));
#2197=DIRECTION('',(0.,0.,-1.));
#2198=DIRECTION('center_axis',(0.,0.,1.));
#2199=DIRECTION('ref_axis',(1.,0.,0.));
#2200=DIRECTION('',(1.,0.,0.));
#2201=DIRECTION('center_axis',(0.,0.,-1.));
#2202=DIRECTION('ref_axis',(1.,0.,0.));
#2203=DIRECTION('center_axis',(0.,0.,1.));
#2204=DIRECTION('ref_axis',(1.,0.,0.));
#2205=DIRECTION('center_axis',(0.,-1.85037170770859E-16,-1.));
#2206=DIRECTION('ref_axis',(1.,0.,0.));
#2207=DIRECTION('center_axis',(0.,0.,-1.));
#2208=DIRECTION('ref_axis',(-1.,0.,0.));
#2209=DIRECTION('center_axis',(0.,0.,-1.));
#2210=DIRECTION('ref_axis',(-1.,0.,0.));
#2211=DIRECTION('center_axis',(0.,0.,-1.));
#2212=DIRECTION('ref_axis',(-1.,0.,0.));
#2213=DIRECTION('center_axis',(0.,0.,-1.));
#2214=DIRECTION('ref_axis',(-1.,0.,0.));
#2215=DIRECTION('center_axis',(0.,1.,0.));
#2216=DIRECTION('ref_axis',(-1.,0.,0.));
#2217=DIRECTION('',(-1.,0.,0.));
#2218=DIRECTION('',(0.,0.,1.));
#2219=DIRECTION('',(-1.,0.,0.));
#2220=DIRECTION('',(0.,0.,1.));
#2221=DIRECTION('center_axis',(0.,1.85037170770859E-16,1.));
#2222=DIRECTION('ref_axis',(0.,-1.,1.85037170770859E-16));
#2223=DIRECTION('',(0.,-1.,1.85037170770859E-16));
#2224=DIRECTION('',(1.,0.,0.));
#2225=DIRECTION('',(1.,0.,0.));
#2226=DIRECTION('',(0.,1.,-1.85037170770859E-16));
#2227=DIRECTION('center_axis',(0.,0.,1.));
#2228=DIRECTION('ref_axis',(6.12323399573677E-17,-1.,0.));
#2229=DIRECTION('',(0.,0.,1.));
#2230=DIRECTION('',(0.,0.,-1.));
#2231=DIRECTION('center_axis',(0.,-0.707106781186548,0.707106781186547));
#2232=DIRECTION('ref_axis',(0.,0.707106781186547,0.707106781186548));
#2233=DIRECTION('',(0.,0.,-1.));
#2234=DIRECTION('center_axis',(0.,-0.707106781186547,-0.707106781186548));
#2235=DIRECTION('ref_axis',(0.,0.707106781186548,-0.707106781186547));
#2236=DIRECTION('',(0.,0.,-1.));
#2237=DIRECTION('center_axis',(0.,0.,1.));
#2238=DIRECTION('ref_axis',(1.,0.,0.));
#2239=DIRECTION('',(0.,0.,-1.));
#2240=DIRECTION('',(0.,0.,1.));
#2241=DIRECTION('center_axis',(0.,0.,1.));
#2242=DIRECTION('ref_axis',(1.,0.,0.));
#2243=DIRECTION('',(0.,0.,1.));
#2244=DIRECTION('center_axis',(0.,-0.707106781186547,-0.707106781186548));
#2245=DIRECTION('ref_axis',(0.,0.707106781186548,-0.707106781186547));
#2246=DIRECTION('',(0.,0.,1.));
#2247=DIRECTION('center_axis',(0.,-0.707106781186548,0.707106781186547));
#2248=DIRECTION('ref_axis',(0.,0.707106781186547,0.707106781186548));
#2249=DIRECTION('center_axis',(-1.87970762572194E-31,-0.84282437967452,
0.538188689054556));
#2250=DIRECTION('ref_axis',(1.,1.27468686875606E-15,1.99620912012456E-15));
#2251=DIRECTION('',(0.,-0.538188689054556,-0.842824379674519));
#2252=DIRECTION('',(-1.,1.5765018593641E-31,-1.02379227816104E-31));
#2253=DIRECTION('',(0.,0.538188689054556,0.842824379674519));
#2254=DIRECTION('',(1.,1.27468686875606E-15,1.99620912012456E-15));
#2255=DIRECTION('center_axis',(-1.87970762572194E-31,-0.84282437967452,
0.538188689054556));
#2256=DIRECTION('ref_axis',(0.707106781186549,-0.380556871588374,-0.595966834217197));
#2257=DIRECTION('',(-2.368475785867E-15,0.538188689054556,0.842824379674519));
#2258=DIRECTION('center_axis',(-1.87970762572194E-31,-0.84282437967452,
0.538188689054556));
#2259=DIRECTION('ref_axis',(0.707106781186546,0.380556871588375,0.595966834217199));
#2260=DIRECTION('',(-1.,-1.27468687825322E-15,-1.99620913499747E-15));
#2261=DIRECTION('center_axis',(-1.87970762572194E-31,-0.84282437967452,
0.538188689054556));
#2262=DIRECTION('ref_axis',(-0.707106781186549,0.380556871588376,0.595966834217196));
#2263=DIRECTION('',(2.368475785867E-15,-0.538188689054556,-0.842824379674519));
#2264=DIRECTION('center_axis',(-1.87970762572194E-31,-0.84282437967452,
0.538188689054556));
#2265=DIRECTION('ref_axis',(-0.707106781186546,-0.380556871588375,-0.595966834217199));
#2266=DIRECTION('',(1.,1.27468686875606E-15,1.99620912012456E-15));
#2267=DIRECTION('',(-1.,1.45829432062969E-31,-1.20890987266437E-31));
#2268=DIRECTION('',(-2.5790878136561E-16,-0.538188689054556,-0.842824379674519));
#2269=DIRECTION('',(-1.,1.58426341361856E-31,-1.01163738289314E-31));
#2270=DIRECTION('',(0.,0.538188689054556,0.842824379674519));
#2271=DIRECTION('',(1.,-1.58426341361856E-31,1.01163738289314E-31));
#2272=DIRECTION('',(0.,-0.538188689054556,-0.842824379674519));
#2273=DIRECTION('center_axis',(1.87970762572194E-31,0.84282437967452,-0.538188689054556));
#2274=DIRECTION('ref_axis',(0.939120135249584,-0.184915690495308,-0.289585149787497));
#2275=DIRECTION('',(0.,-0.538188689054556,-0.842824379674519));
#2276=DIRECTION('center_axis',(1.87970762572194E-31,0.84282437967452,-0.538188689054556));
#2277=DIRECTION('ref_axis',(-1.,0.,0.));
#2278=DIRECTION('center_axis',(1.87970762572194E-31,0.84282437967452,-0.538188689054556));
#2279=DIRECTION('ref_axis',(-1.,0.,0.));
#2280=DIRECTION('center_axis',(1.87970762572194E-31,0.84282437967452,-0.538188689054556));
#2281=DIRECTION('ref_axis',(-1.,0.,0.));
#2282=DIRECTION('center_axis',(1.87970762572194E-31,0.84282437967452,-0.538188689054556));
#2283=DIRECTION('ref_axis',(-1.,0.,0.));
#2284=DIRECTION('center_axis',(-1.,0.,0.));
#2285=DIRECTION('ref_axis',(0.,-0.538188689054556,-0.842824379674519));
#2286=DIRECTION('',(0.,0.538188689054556,0.842824379674519));
#2287=DIRECTION('',(0.,-0.842824379674519,0.538188689054556));
#2288=DIRECTION('',(0.,-0.842824379674519,0.538188689054556));
#2289=DIRECTION('center_axis',(-1.,0.,0.));
#2290=DIRECTION('ref_axis',(0.,-0.538188689054556,-0.842824379674519));
#2291=DIRECTION('',(0.,0.538188689054556,0.842824379674519));
#2292=DIRECTION('',(0.,-0.842824379674519,0.538188689054556));
#2293=DIRECTION('',(0.,-0.842824379674519,0.538188689054556));
#2294=DIRECTION('center_axis',(-2.2990052930329E-46,-0.538188689054556,
-0.842824379674519));
#2295=DIRECTION('ref_axis',(1.,-1.58426341361856E-31,1.01163738289314E-31));
#2296=DIRECTION('',(-1.,1.58426341361856E-31,-1.01163738289314E-31));
#2297=DIRECTION('',(0.,-0.842824379674519,0.538188689054556));
#2298=DIRECTION('center_axis',(1.,0.,0.));
#2299=DIRECTION('ref_axis',(0.,0.538188689054556,0.842824379674519));
#2300=DIRECTION('',(0.,-0.538188689054556,-0.842824379674519));
#2301=DIRECTION('',(0.,-0.842824379674519,0.538188689054556));
#2302=DIRECTION('center_axis',(2.2990052930329E-46,0.538188689054556,0.842824379674519));
#2303=DIRECTION('ref_axis',(-1.,1.58426341361856E-31,-1.01163738289314E-31));
#2304=DIRECTION('',(1.,-1.58426341361856E-31,1.01163738289314E-31));
#2305=DIRECTION('',(0.,-0.842824379674519,0.538188689054556));
#2306=DIRECTION('center_axis',(-2.34061204835351E-32,0.538188689054556,
0.842824379674519));
#2307=DIRECTION('ref_axis',(-1.,1.45829432062969E-31,-1.20890987266437E-31));
#2308=DIRECTION('',(1.,-1.45829432062969E-31,1.20890987266437E-31));
#2309=DIRECTION('',(0.,-0.842824379674519,0.538188689054556));
#2310=DIRECTION('center_axis',(1.,0.,0.));
#2311=DIRECTION('ref_axis',(0.,-0.139173100960065,-0.99026806874157));
#2312=DIRECTION('',(0.,1.,2.63830095409984E-17));
#2313=DIRECTION('center_axis',(1.,0.,0.));
#2314=DIRECTION('ref_axis',(0.,6.83214169000097E-16,-1.));
#2315=DIRECTION('',(0.,0.550406514324271,0.834896801400872));
#2316=DIRECTION('',(0.,0.842824379674519,-0.538188689054556));
#2317=DIRECTION('',(0.,-0.838670567945424,0.544639035015027));
#2318=DIRECTION('',(0.,-0.544639035015026,-0.838670567945425));
#2319=DIRECTION('center_axis',(1.,0.,0.));
#2320=DIRECTION('ref_axis',(0.,0.,-1.));
#2321=DIRECTION('',(0.,-1.,-1.86002920197408E-16));
#2322=DIRECTION('',(0.,-0.707106781186349,-0.707106781186746));
#2323=DIRECTION('',(0.,-1.,0.));
#2324=DIRECTION('',(0.,0.,1.));
#2325=DIRECTION('',(0.,-1.,0.));
#2326=DIRECTION('center_axis',(0.,-0.544639035015027,-0.838670567945424));
#2327=DIRECTION('ref_axis',(0.,-0.838670567945424,0.544639035015027));
#2328=DIRECTION('',(0.,0.838670567945424,-0.544639035015027));
#2329=DIRECTION('',(-1.,0.,0.));
#2330=DIRECTION('center_axis',(0.,-0.838670567945425,0.544639035015026));
#2331=DIRECTION('ref_axis',(0.,0.544639035015026,0.838670567945425));
#2332=DIRECTION('',(0.,0.544639035015026,0.838670567945425));
#2333=DIRECTION('',(-1.,0.,0.));
#2334=DIRECTION('center_axis',(-1.,0.,0.));
#2335=DIRECTION('ref_axis',(0.,0.139173100960065,0.99026806874157));
#2336=DIRECTION('',(0.,-1.,0.));
#2337=DIRECTION('',(0.,0.,-1.));
#2338=DIRECTION('',(0.,1.,0.));
#2339=DIRECTION('',(0.,0.707106781186349,0.707106781186746));
#2340=DIRECTION('',(0.,1.,1.86002920197408E-16));
#2341=DIRECTION('center_axis',(1.,0.,0.));
#2342=DIRECTION('ref_axis',(0.,0.,-1.));
#2343=DIRECTION('',(0.,0.842824379674519,-0.538188689054556));
#2344=DIRECTION('',(0.,-0.550406514324271,-0.834896801400872));
#2345=DIRECTION('center_axis',(-1.,0.,0.));
#2346=DIRECTION('ref_axis',(0.,6.83214169000097E-16,-1.));
#2347=DIRECTION('',(0.,-1.,-2.63830095409984E-17));
#2348=DIRECTION('center_axis',(0.,-0.707106781186746,0.707106781186349));
#2349=DIRECTION('ref_axis',(0.,0.707106781186349,0.707106781186746));
#2350=DIRECTION('',(-1.,0.,0.));
#2351=DIRECTION('',(-1.,0.,0.));
#2352=DIRECTION('center_axis',(0.,0.,1.));
#2353=DIRECTION('ref_axis',(0.,1.,0.));
#2354=DIRECTION('center_axis',(0.,2.63830095409984E-17,-1.));
#2355=DIRECTION('ref_axis',(0.,-1.,-2.63830095409984E-17));
#2356=DIRECTION('',(-1.,0.,0.));
#2357=DIRECTION('center_axis',(-1.,0.,0.));
#2358=DIRECTION('ref_axis',(0.,6.83214169000097E-16,-1.));
#2359=DIRECTION('',(-1.,0.,0.));
#2360=DIRECTION('center_axis',(0.,0.834896801400872,-0.550406514324271));
#2361=DIRECTION('ref_axis',(0.,-0.550406514324271,-0.834896801400872));
#2362=DIRECTION('',(-1.,-1.30376277006897E-15,-1.97764259358825E-15));
#2363=DIRECTION('center_axis',(-1.,0.,0.));
#2364=DIRECTION('ref_axis',(0.,0.,-1.));
#2365=DIRECTION('',(-1.,0.,0.));
#2366=DIRECTION('center_axis',(0.,-1.86002920197408E-16,1.));
#2367=DIRECTION('ref_axis',(0.,1.,1.86002920197408E-16));
#2368=DIRECTION('center_axis',(-2.36847576822048E-15,0.538188689054556,
0.84282437967452));
#2369=DIRECTION('ref_axis',(-1.,-1.27468686875606E-15,-1.99620912012456E-15));
#2370=DIRECTION('',(0.,-0.842824379674519,0.538188689054556));
#2371=DIRECTION('',(-1.,-1.27468686875606E-15,-1.99620912012456E-15));
#2372=DIRECTION('',(-3.27592979820491E-29,0.842824379674519,-0.538188689054556));
#2373=DIRECTION('center_axis',(0.,0.84282437967452,-0.538188689054556));
#2374=DIRECTION('ref_axis',(0.707106781186548,-0.380556871588376,-0.595966834217197));
#2375=DIRECTION('center_axis',(-2.82701857022613E-19,-0.842824379674519,
0.538188689054556));
#2376=DIRECTION('ref_axis',(0.707106781186548,-0.380556871588376,-0.595966834217197));
#2377=DIRECTION('',(0.,-0.842824379674519,0.538188689054556));
#2378=DIRECTION('center_axis',(0.,-0.842824379674519,0.538188689054556));
#2379=DIRECTION('ref_axis',(0.707106781186548,-0.380556871588376,-0.595966834217197));
#2380=DIRECTION('',(0.,0.842824379674519,-0.538188689054556));
#2381=DIRECTION('center_axis',(2.82701857022613E-19,0.842824379674519,-0.538188689054556));
#2382=DIRECTION('ref_axis',(-1.,2.38268017277918E-19,-1.52146941824289E-19));
#2383=DIRECTION('',(-1.,2.12322764979825E-16,-3.55123663398745E-16));
#2384=DIRECTION('center_axis',(-2.82701857022613E-19,-0.842824379674519,
0.538188689054556));
#2385=DIRECTION('ref_axis',(-0.707106781186548,-0.380556871588373,-0.595966834217199));
#2386=DIRECTION('',(7.33377412043939E-16,0.538188689054556,0.842824379674519));
#2387=DIRECTION('center_axis',(-2.82701857022613E-19,-0.842824379674519,
0.538188689054556));
#2388=DIRECTION('ref_axis',(-0.707106781186547,0.380556871588375,0.595966834217199));
#2389=DIRECTION('',(1.,-2.38268017277918E-19,1.52146941824288E-19));
#2390=DIRECTION('center_axis',(-2.82701857022613E-19,-0.842824379674519,
0.538188689054556));
#2391=DIRECTION('ref_axis',(0.707106781186547,0.380556871588375,0.595966834217199));
#2392=DIRECTION('',(0.,-0.538188689054556,-0.842824379674519));
#2393=DIRECTION('center_axis',(2.82701857022613E-19,0.842824379674519,-0.538188689054556));
#2394=DIRECTION('ref_axis',(0.347483138671864,0.504652123559001,0.790304816210897));
#2395=DIRECTION('',(7.17243095768355E-16,-0.538188689054559,-0.842824379674518));
#2396=DIRECTION('center_axis',(2.07075987620516E-30,-0.538188689054556,
-0.84282437967452));
#2397=DIRECTION('ref_axis',(-1.,4.11688005971015E-14,-2.62884930213562E-14));
#2398=DIRECTION('',(1.,1.11445954312163E-30,1.7452869081175E-30));
#2399=DIRECTION('',(0.,-0.842824379674519,0.538188689054556));
#2400=DIRECTION('center_axis',(0.,0.84282437967452,-0.538188689054556));
#2401=DIRECTION('ref_axis',(0.707106781186547,0.380556871588375,0.595966834217199));
#2402=DIRECTION('',(0.,-0.842824379674519,0.538188689054556));
#2403=DIRECTION('center_axis',(0.,-0.842824379674519,0.538188689054556));
#2404=DIRECTION('ref_axis',(0.707106781186547,0.380556871588375,0.595966834217199));
#2405=DIRECTION('',(0.,0.842824379674519,-0.538188689054556));
#2406=DIRECTION('center_axis',(1.,0.,0.));
#2407=DIRECTION('ref_axis',(0.,-0.538188689054556,-0.842824379674519));
#2408=DIRECTION('',(0.,0.538188689054556,0.842824379674519));
#2409=DIRECTION('',(0.,0.842824379674519,-0.538188689054556));
#2410=DIRECTION('center_axis',(0.,0.84282437967452,-0.538188689054556));
#2411=DIRECTION('ref_axis',(-0.707106781186548,-0.380556871588373,-0.595966834217199));
#2412=DIRECTION('center_axis',(0.,-0.842824379674519,0.538188689054556));
#2413=DIRECTION('ref_axis',(-0.707106781186548,-0.380556871588373,-0.595966834217199));
#2414=DIRECTION('',(0.,0.842824379674519,-0.538188689054556));
#2415=DIRECTION('center_axis',(-1.,0.,0.));
#2416=DIRECTION('ref_axis',(0.,0.538188689054477,0.84282437967457));
#2417=DIRECTION('',(0.,-0.538188689054556,-0.842824379674519));
#2418=DIRECTION('',(0.,-0.842824379674519,0.538188689054556));
#2419=DIRECTION('center_axis',(0.,0.84282437967452,-0.538188689054556));
#2420=DIRECTION('ref_axis',(-0.707106781186547,0.380556871588375,0.595966834217199));
#2421=DIRECTION('center_axis',(0.,-0.842824379674519,0.538188689054556));
#2422=DIRECTION('ref_axis',(-0.707106781186547,0.380556871588375,0.595966834217199));
#2423=DIRECTION('',(0.,0.842824379674519,-0.538188689054556));
#2424=DIRECTION('center_axis',(0.,0.538188689054556,0.84282437967452));
#2425=DIRECTION('ref_axis',(1.,0.,0.));
#2426=DIRECTION('',(-1.,0.,0.));
#2427=DIRECTION('center_axis',(0.,-0.84282437967452,0.538188689054555));
#2428=DIRECTION('ref_axis',(-1.,0.,0.));
#2429=DIRECTION('',(1.,0.,0.));
#2430=DIRECTION('',(0.,-0.538188689054556,-0.842824379674519));
#2431=DIRECTION('',(-1.,1.58426341361856E-31,-1.01163738289314E-31));
#2432=DIRECTION('',(0.,-0.538188689054555,-0.84282437967452));
#2433=DIRECTION('center_axis',(0.,0.538188689054555,0.84282437967452));
#2434=DIRECTION('ref_axis',(1.,0.,0.));
#2435=DIRECTION('',(1.,-1.58426341361856E-31,1.01163738289314E-31));
#2436=DIRECTION('',(0.,-0.842824379674519,0.538188689054557));
#2437=DIRECTION('',(-1.,7.92687056501373E-19,-5.0617331208874E-19));
#2438=DIRECTION('',(0.,-0.84282437967452,0.538188689054555));
#2439=DIRECTION('center_axis',(1.,1.27468687825325E-15,1.99620913499746E-15));
#2440=DIRECTION('ref_axis',(0.,0.842824379674512,-0.538188689054568));
#2441=DIRECTION('',(0.,-0.84282437967452,0.538188689054555));
#2442=DIRECTION('',(2.368475785867E-15,-0.538188689054556,-0.842824379674519));
#2443=DIRECTION('',(-3.25713272194769E-29,0.842824379674519,-0.538188689054556));
#2444=DIRECTION('center_axis',(3.25713272194769E-29,-0.842824379674519,
0.538188689054556));
#2445=DIRECTION('ref_axis',(0.707106781186546,0.380556871588375,0.595966834217199));
#2446=DIRECTION('center_axis',(0.,-0.842824379674519,0.538188689054556));
#2447=DIRECTION('ref_axis',(0.997905494489539,0.0348147106754503,0.0545211884332434));
#2448=DIRECTION('',(3.25713272194769E-29,-0.842824379674519,0.538188689054556));
#2449=DIRECTION('center_axis',(0.,0.638208432870132,0.769863621827562));
#2450=DIRECTION('ref_axis',(2.0872192862953E-15,-0.769863621827562,0.638208432870132));
#2451=DIRECTION('center_axis',(0.,-0.638208432870132,-0.769863621827562));
#2452=DIRECTION('ref_axis',(8.40057464551384E-15,-0.769863621827562,0.638208432870132));
#2453=DIRECTION('',(-2.0872192862953E-15,0.769863621827562,-0.638208432870132));
#2454=DIRECTION('center_axis',(-1.,-1.60687419929563E-15,1.33208094976284E-15));
#2455=DIRECTION('ref_axis',(-3.45332379448109E-32,0.638208432870136,0.769863621827558));
#2456=DIRECTION('center_axis',(1.,1.60687419929563E-15,-1.33208094976284E-15));
#2457=DIRECTION('ref_axis',(0.,-0.215409962628824,0.976523705805573));
#2458=DIRECTION('center_axis',(0.,-0.538188689054555,-0.84282437967452));
#2459=DIRECTION('ref_axis',(-1.,0.,0.));
#2460=DIRECTION('',(-1.,1.58426341361856E-31,-1.01163738289314E-31));
#2461=DIRECTION('',(0.,-0.842824379674519,0.538188689054557));
#2462=DIRECTION('',(1.,0.,0.));
#2463=DIRECTION('',(0.,-0.842824379674519,0.538188689054557));
#2464=DIRECTION('center_axis',(-1.,0.,0.));
#2465=DIRECTION('ref_axis',(0.,0.544639035015027,0.838670567945424));
#2466=DIRECTION('',(0.,0.538188689054556,0.842824379674519));
#2467=DIRECTION('',(0.,-0.538188689054556,-0.842824379674519));
#2468=DIRECTION('center_axis',(1.,-1.58426341361856E-31,1.01163738289314E-31));
#2469=DIRECTION('ref_axis',(0.,-0.215409962628824,0.976523705805573));
#2470=DIRECTION('center_axis',(-0.707106781186548,-0.380556871588374,-0.595966834217198));
#2471=DIRECTION('ref_axis',(-0.707106781186547,0.380556871588375,0.595966834217198));
#2472=DIRECTION('center_axis',(-0.707106781186408,0.380556871588185,0.595966834217485));
#2473=DIRECTION('ref_axis',(0.707106781186687,0.380556871588565,0.595966834216911));
#2474=DIRECTION('center_axis',(0.,-0.538188689054556,-0.842824379674519));
#2475=DIRECTION('ref_axis',(0.707106781186546,-0.5959668342172,0.380556871588375));
#2476=DIRECTION('center_axis',(0.707106781186543,0.380556871588377,0.595966834217202));
#2477=DIRECTION('ref_axis',(0.707106781186552,-0.380556871588372,-0.595966834217195));
#2478=DIRECTION('center_axis',(-1.,1.58426341361856E-31,-1.01163738289314E-31));
#2479=DIRECTION('ref_axis',(0.,-0.976523705805573,-0.215409962628824));
#2480=DIRECTION('center_axis',(-0.707106781186546,0.380556871588375,0.5959668342172));
#2481=DIRECTION('ref_axis',(-0.707106781186549,-0.380556871588374,-0.595966834217197));
#2482=DIRECTION('center_axis',(-1.87970762572194E-31,-0.842824379674519,
0.538188689054556));
#2483=DIRECTION('ref_axis',(-0.707106781186549,0.380556871588376,0.595966834217196));
#2484=DIRECTION('',(0.,0.84282437967452,-0.538188689054555));
#2485=DIRECTION('center_axis',(0.,0.842824379674519,-0.538188689054556));
#2486=DIRECTION('ref_axis',(-0.707106781186549,0.380556871588376,0.595966834217196));
#2487=DIRECTION('',(0.,-0.842824379674519,0.538188689054556));
#2488=DIRECTION('center_axis',(-1.,-1.27468687825322E-15,-1.99620913499747E-15));
#2489=DIRECTION('ref_axis',(0.,-0.842824379674519,0.538188689054556));
#2490=DIRECTION('',(-2.368475785867E-15,0.538188689054556,0.842824379674519));
#2491=DIRECTION('',(0.,0.84282437967452,-0.538188689054555));
#2492=DIRECTION('center_axis',(0.,-0.84282437967452,0.538188689054556));
#2493=DIRECTION('ref_axis',(-0.707106781186546,-0.380556871588375,-0.595966834217199));
#2494=DIRECTION('center_axis',(0.,0.842824379674519,-0.538188689054556));
#2495=DIRECTION('ref_axis',(-0.707106781186546,-0.380556871588375,-0.5959668342172));
#2496=DIRECTION('center_axis',(3.27592979820491E-29,-0.84282437967452,0.538188689054556));
#2497=DIRECTION('ref_axis',(0.707106781186549,-0.380556871588374,-0.595966834217197));
#2498=DIRECTION('center_axis',(0.,0.842824379674519,-0.538188689054556));
#2499=DIRECTION('ref_axis',(0.707106781186549,-0.380556871588374,-0.595966834217197));
#2500=DIRECTION('center_axis',(-2.368475785867E-15,0.538188689054556,0.842824379674519));
#2501=DIRECTION('ref_axis',(1.,1.2900023319588E-15,1.98642939422246E-15));
#2502=DIRECTION('',(1.,1.27468687825322E-15,1.99620913499747E-15));
#2503=DIRECTION('center_axis',(1.,0.,0.));
#2504=DIRECTION('ref_axis',(0.,-0.544639035015027,-0.838670567945424));
#2505=DIRECTION('',(0.,-0.538188689054556,-0.842824379674519));
#2506=DIRECTION('',(0.,0.538188689054556,0.842824379674519));
#2507=DIRECTION('',(-9.01501095995627E-15,0.842824379674517,-0.53818868905456));
#2508=DIRECTION('center_axis',(0.,-0.842824379674519,0.538188689054556));
#2509=DIRECTION('ref_axis',(-1.,0.,0.));
#2510=DIRECTION('center_axis',(0.,0.842824379674519,-0.538188689054556));
#2511=DIRECTION('ref_axis',(-1.,0.,0.));
#2512=DIRECTION('',(0.,-0.842824379674519,0.538188689054556));
#2513=DIRECTION('center_axis',(0.,-0.842824379674519,0.538188689054556));
#2514=DIRECTION('ref_axis',(-1.,0.,0.));
#2515=DIRECTION('center_axis',(0.,0.842824379674519,-0.538188689054556));
#2516=DIRECTION('ref_axis',(-1.,0.,0.));
#2517=DIRECTION('',(0.,-0.842824379674519,0.538188689054556));
#2518=DIRECTION('center_axis',(0.,0.842824379674519,-0.538188689054556));
#2519=DIRECTION('ref_axis',(-1.,0.,0.));
#2520=DIRECTION('center_axis',(0.,0.842824379674519,-0.538188689054556));
#2521=DIRECTION('ref_axis',(-1.,0.,0.));
#2522=DIRECTION('center_axis',(0.,0.842824379674519,-0.538188689054556));
#2523=DIRECTION('ref_axis',(-1.,0.,0.));
#2524=DIRECTION('center_axis',(0.,0.842824379674519,-0.538188689054556));
#2525=DIRECTION('ref_axis',(-1.,0.,0.));
#2526=DIRECTION('center_axis',(0.,0.842824379674519,-0.538188689054556));
#2527=DIRECTION('ref_axis',(-1.,0.,0.));
#2528=DIRECTION('center_axis',(0.,0.842824379674519,-0.538188689054556));
#2529=DIRECTION('ref_axis',(-1.,0.,0.));
#2530=DIRECTION('center_axis',(1.,0.,0.));
#2531=DIRECTION('ref_axis',(0.,-0.544639035015027,-0.838670567945424));
#2532=DIRECTION('',(-9.01501095995627E-15,0.842824379674517,-0.53818868905456));
#2533=DIRECTION('',(0.,0.538188689054556,0.842824379674519));
#2534=DIRECTION('',(0.,-0.538188689054556,-0.842824379674519));
#2535=DIRECTION('center_axis',(2.82701857022613E-19,0.842824379674519,-0.538188689054556));
#2536=DIRECTION('ref_axis',(-1.,2.38268017277918E-19,-1.52146941824289E-19));
#2537=DIRECTION('center_axis',(2.82701857022613E-19,0.842824379674519,-0.538188689054556));
#2538=DIRECTION('ref_axis',(0.939120135249584,-0.184915690495308,-0.289585149787497));
#2539=DIRECTION('center_axis',(-2.82701857022613E-19,-0.842824379674519,
0.538188689054556));
#2540=DIRECTION('ref_axis',(0.939120135249584,-0.184915690495308,-0.289585149787497));
#2541=DIRECTION('',(0.,0.538188689054556,0.842824379674519));
#2542=DIRECTION('center_axis',(0.,0.538188689054556,0.842824379674519));
#2543=DIRECTION('ref_axis',(-0.707106781186546,-0.5959668342172,0.380556871588375));
#2544=DIRECTION('center_axis',(0.,0.538188689054556,0.842824379674519));
#2545=DIRECTION('ref_axis',(-0.707106781186546,-0.5959668342172,0.380556871588375));
#2546=DIRECTION('center_axis',(-9.01501095995627E-15,0.842824379674517,
-0.53818868905456));
#2547=DIRECTION('ref_axis',(0.939120135249584,-0.184915690495308,-0.289585149787497));
#2548=DIRECTION('center_axis',(0.,0.838670567945424,-0.544639035015027));
#2549=DIRECTION('ref_axis',(2.12801998062119E-12,-0.544639035015027,-0.838670567945424));
#2550=DIRECTION('',(0.,0.84282437967452,-0.538188689054555));
#2551=DIRECTION('',(0.,0.84282437967452,-0.538188689054555));
#2552=DIRECTION('center_axis',(0.,0.838670567945424,-0.544639035015027));
#2553=DIRECTION('ref_axis',(2.12801998062119E-12,-0.544639035015027,-0.838670567945424));
#2554=DIRECTION('center_axis',(0.,-0.838670567945424,0.544639035015027));
#2555=DIRECTION('ref_axis',(2.12801998062119E-12,-0.544639035015027,-0.838670567945424));
#2556=DIRECTION('center_axis',(0.,-0.842824379674519,0.538188689054556));
#2557=DIRECTION('ref_axis',(-1.,0.,0.));
#2558=DIRECTION('',(0.,-0.842824379674519,0.538188689054556));
#2559=DIRECTION('center_axis',(0.,-0.842824379674519,0.538188689054556));
#2560=DIRECTION('ref_axis',(-1.,0.,0.));
#2561=DIRECTION('',(0.,-0.842824379674519,0.538188689054556));
#2562=DIRECTION('center_axis',(1.,0.,0.));
#2563=DIRECTION('ref_axis',(0.,-0.538188689054556,-0.842824379674519));
#2564=DIRECTION('',(0.,0.544639035015027,0.838670567945424));
#2565=DIRECTION('center_axis',(0.,-0.838670567945424,0.544639035015027));
#2566=DIRECTION('ref_axis',(0.,-0.544639035015027,-0.838670567945424));
#2567=DIRECTION('center_axis',(0.,0.84282437967452,-0.538188689054556));
#2568=DIRECTION('ref_axis',(0.347483138671865,0.504652123559002,0.790304816210897));
#2569=DIRECTION('center_axis',(0.,-0.842824379674519,0.538188689054556));
#2570=DIRECTION('ref_axis',(0.347483138671865,0.504652123559002,0.790304816210897));
#2571=DIRECTION('',(0.,-0.842824379674519,0.538188689054556));
#2572=DIRECTION('center_axis',(0.,-0.838670567945424,0.544639035015027));
#2573=DIRECTION('ref_axis',(-5.41419781623795E-13,0.544639035015027,0.838670567945424));
#2574=DIRECTION('center_axis',(0.,0.838670567945424,-0.544639035015027));
#2575=DIRECTION('ref_axis',(-5.41419781623795E-13,0.544639035015027,0.838670567945424));
#2576=DIRECTION('center_axis',(0.,0.842824379674519,-0.538188689054556));
#2577=DIRECTION('ref_axis',(-1.,0.,0.));
#2578=DIRECTION('',(0.,0.538188689054556,0.842824379674519));
#2579=DIRECTION('center_axis',(1.,0.,0.));
#2580=DIRECTION('ref_axis',(0.,-0.538188689054556,-0.842824379674519));
#2581=DIRECTION('center_axis',(0.,0.838670567945424,-0.544639035015027));
#2582=DIRECTION('ref_axis',(0.,-0.544639035015027,-0.838670567945424));
#2583=DIRECTION('',(-1.,0.,0.));
#2584=DIRECTION('',(-1.,0.,0.));
#2585=DIRECTION('center_axis',(0.,0.544639035015027,0.838670567945424));
#2586=DIRECTION('ref_axis',(0.,0.838670567945424,-0.544639035015027));
#2587=DIRECTION('',(-1.,0.,0.));
#2588=DIRECTION('center_axis',(0.,-0.838670567945424,0.544639035015027));
#2589=DIRECTION('ref_axis',(0.,0.544639035015027,0.838670567945424));
#2590=DIRECTION('',(-1.,0.,0.));
#2591=DIRECTION('center_axis',(0.,-0.544639035015027,-0.838670567945424));
#2592=DIRECTION('ref_axis',(0.,-0.838670567945424,0.544639035015027));
#2593=DIRECTION('center_axis',(0.,0.,1.));
#2594=DIRECTION('ref_axis',(-1.,0.,0.));
#2595=DIRECTION('',(0.,0.,-1.));
#2596=DIRECTION('center_axis',(0.,0.,1.));
#2597=DIRECTION('ref_axis',(-1.,0.,0.));
#2598=DIRECTION('',(0.,0.,-1.));
#2599=DIRECTION('center_axis',(0.,0.,1.));
#2600=DIRECTION('ref_axis',(-1.,0.,0.));
#2601=DIRECTION('',(0.,0.,-1.));
#2602=DIRECTION('center_axis',(0.,0.,1.));
#2603=DIRECTION('ref_axis',(-1.,0.,0.));
#2604=DIRECTION('',(0.,0.,-1.));
#2605=DIRECTION('center_axis',(0.,0.,1.));
#2606=DIRECTION('ref_axis',(-1.,0.,0.));
#2607=DIRECTION('',(1.,0.,0.));
#2608=DIRECTION('center_axis',(0.,0.,1.));
#2609=DIRECTION('ref_axis',(-1.,0.,0.));
#2610=DIRECTION('',(1.,0.,0.));
#2611=DIRECTION('center_axis',(0.,-1.,-3.17296278326189E-16));
#2612=DIRECTION('ref_axis',(0.,3.17296278326189E-16,-1.));
#2613=DIRECTION('',(-1.,0.,0.));
#2614=DIRECTION('',(-1.,0.,0.));
#2615=DIRECTION('center_axis',(0.,-0.707106781186547,-0.707106781186548));
#2616=DIRECTION('ref_axis',(0.,-0.707106781186548,0.707106781186547));
#2617=DIRECTION('',(-1.,0.,0.));
#2618=DIRECTION('center_axis',(0.,-0.707106781186548,0.707106781186547));
#2619=DIRECTION('ref_axis',(0.,0.707106781186547,0.707106781186548));
#2620=DIRECTION('',(-1.,0.,0.));
#2621=DIRECTION('center_axis',(0.,-1.,0.));
#2622=DIRECTION('ref_axis',(0.,0.,1.));
#2623=DIRECTION('center_axis',(0.,0.,-1.));
#2624=DIRECTION('ref_axis',(-1.,0.,0.));
#2625=DIRECTION('center_axis',(0.,-1.,0.));
#2626=DIRECTION('ref_axis',(1.,0.,0.));
#2627=DIRECTION('center_axis',(0.,0.,-1.));
#2628=DIRECTION('ref_axis',(1.,0.,0.));
#2629=DIRECTION('center_axis',(0.,0.,-1.));
#2630=DIRECTION('ref_axis',(1.,0.,0.));
#2631=DIRECTION('center_axis',(0.,0.,1.));
#2632=DIRECTION('ref_axis',(1.,0.,0.));
#2633=DIRECTION('',(0.,0.,1.));
#2634=CARTESIAN_POINT('',(0.,0.,0.));
#2635=CARTESIAN_POINT('Ctrl Pts',(-5.69543055809227,-3.43068300195097,-2.545));
#2636=CARTESIAN_POINT('Ctrl Pts',(-6.38422322565835,-10.0000000822164,-2.545));
#2637=CARTESIAN_POINT('Ctrl Pts',(-5.6954305427116,-16.5693171447412,-2.545));
#2638=CARTESIAN_POINT('Ctrl Pts',(-5.69543055809227,-3.43068300195097,2.455));
#2639=CARTESIAN_POINT('Ctrl Pts',(-6.38422322565835,-10.0000000822164,2.455));
#2640=CARTESIAN_POINT('Ctrl Pts',(-5.6954305427116,-16.5693171447412,2.455));
#2641=CARTESIAN_POINT('',(-5.6954305427116,-16.5693171447412,2.455));
#2642=CARTESIAN_POINT('',(-5.6954305427116,-16.5693171447412,-2.545));
#2643=CARTESIAN_POINT('',(-5.6954305427116,-16.5693171447412,7.));
#2644=CARTESIAN_POINT('',(-5.69543055809227,-3.43068300195098,-2.545));
#2645=CARTESIAN_POINT('Origin',(-6.66133814775094E-15,-10.,-2.545));
#2646=CARTESIAN_POINT('',(-5.69543055809227,-3.43068300195098,2.455));
#2647=CARTESIAN_POINT('',(-5.69543055809227,-3.43068300195098,7.));
#2648=CARTESIAN_POINT('Origin',(-6.66133814775094E-15,-10.,2.455));
#2649=CARTESIAN_POINT('Ctrl Pts',(-5.43020708024013,-18.6958008198464,-2.545));
#2650=CARTESIAN_POINT('Ctrl Pts',(-3.78467019767594,-29.9999998667735,-2.545));
#2651=CARTESIAN_POINT('Ctrl Pts',(-6.39981374761512E-8,-30.,-2.545));
#2652=CARTESIAN_POINT('Ctrl Pts',(3.78467006967967,-30.0000001332265,-2.545));
#2653=CARTESIAN_POINT('Ctrl Pts',(5.43020702458861,-18.6958012021506,-2.545));
#2654=CARTESIAN_POINT('Ctrl Pts',(-5.43020708024013,-18.6958008198464,2.455));
#2655=CARTESIAN_POINT('Ctrl Pts',(-3.78467019767594,-29.9999998667735,2.455));
#2656=CARTESIAN_POINT('Ctrl Pts',(-6.39981374761512E-8,-30.,2.455));
#2657=CARTESIAN_POINT('Ctrl Pts',(3.78467006967967,-30.0000001332265,2.455));
#2658=CARTESIAN_POINT('Ctrl Pts',(5.43020702458861,-18.6958012021506,2.455));
#2659=CARTESIAN_POINT('',(5.43020702458861,-18.6958012021506,2.455));
#2660=CARTESIAN_POINT('',(5.43020702458861,-18.6958012021506,-2.545));
#2661=CARTESIAN_POINT('',(5.43020702458861,-18.6958012021506,7.));
#2662=CARTESIAN_POINT('',(-5.43020708024013,-18.6958008198464,-2.545));
#2663=CARTESIAN_POINT('Origin',(-6.66133814775094E-15,-10.,-2.545));
#2664=CARTESIAN_POINT('',(-5.43020708024013,-18.6958008198464,2.455));
#2665=CARTESIAN_POINT('',(-5.43020708024013,-18.6958008198464,7.));
#2666=CARTESIAN_POINT('Origin',(-6.66133814775094E-15,-10.,2.455));
#2667=CARTESIAN_POINT('Ctrl Pts',(5.69543053055337,-16.5693172606995,-2.545));
#2668=CARTESIAN_POINT('Ctrl Pts',(6.38422322994127,-10.0000001713501,-2.545));
#2669=CARTESIAN_POINT('Ctrl Pts',(5.69543056260877,-3.43068304502693,-2.545));
#2670=CARTESIAN_POINT('Ctrl Pts',(5.69543053055337,-16.5693172606995,2.455));
#2671=CARTESIAN_POINT('Ctrl Pts',(6.38422322994127,-10.0000001713501,2.455));
#2672=CARTESIAN_POINT('Ctrl Pts',(5.69543056260877,-3.43068304502693,2.455));
#2673=CARTESIAN_POINT('',(5.69543056260877,-3.43068304502693,2.455));
#2674=CARTESIAN_POINT('',(5.69543056260877,-3.43068304502693,-2.545));
#2675=CARTESIAN_POINT('',(5.69543056260877,-3.43068304502693,7.));
#2676=CARTESIAN_POINT('',(5.69543053055337,-16.5693172606995,-2.545));
#2677=CARTESIAN_POINT('Origin',(-6.66133814775094E-15,-10.,-2.545));
#2678=CARTESIAN_POINT('',(5.69543053055337,-16.5693172606995,2.455));
#2679=CARTESIAN_POINT('',(5.69543053055337,-16.5693172606995,7.));
#2680=CARTESIAN_POINT('Origin',(-6.66133814775094E-15,-10.,2.455));
#2681=CARTESIAN_POINT('Origin',(14.,14.3880803917238,-2.545));
#2682=CARTESIAN_POINT('',(14.,11.5,-2.54478734141145));
#2683=CARTESIAN_POINT('',(-14.,11.5,-2.54478734141145));
#2684=CARTESIAN_POINT('',(14.,11.5,-2.54478734141145));
#2685=CARTESIAN_POINT('',(14.,6.97056274847714,-2.545));
#2686=CARTESIAN_POINT('',(14.,14.3880803917238,-2.545));
#2687=CARTESIAN_POINT('',(-14.,6.97056274847714,-2.545));
#2688=CARTESIAN_POINT('Origin',(0.,-10.,-2.545));
#2689=CARTESIAN_POINT('',(-14.,14.3880803917238,-2.545));
#2690=CARTESIAN_POINT('',(6.01500006705523,-2.5,-2.545));
#2691=CARTESIAN_POINT('Origin',(4.50000006705523,-2.5,-2.545));
#2692=CARTESIAN_POINT('',(5.43020705883322,-1.3041990330965,-2.545));
#2693=CARTESIAN_POINT('Origin',(4.50000006705523,-2.5,-2.545));
#2694=CARTESIAN_POINT('',(-5.43020707351133,-1.30419913392932,-2.545));
#2695=CARTESIAN_POINT('Origin',(-6.66133814775094E-15,-10.,-2.545));
#2696=CARTESIAN_POINT('Origin',(-4.5,-2.5000000372529,-2.545));
#2697=CARTESIAN_POINT('Origin',(-4.49999989941716,-17.5,-2.545));
#2698=CARTESIAN_POINT('',(6.015,-17.5000002607703,-2.545));
#2699=CARTESIAN_POINT('Origin',(4.5,-17.5000002607703,-2.545));
#2700=CARTESIAN_POINT('Origin',(4.5,-17.5000002607703,-2.545));
#2701=CARTESIAN_POINT('Origin',(-6.66133814775094E-15,-10.,2.455));
#2702=CARTESIAN_POINT('',(-2.98499989941716,-17.5,2.455));
#2703=CARTESIAN_POINT('Origin',(-4.49999989941716,-17.5,2.455));
#2704=CARTESIAN_POINT('Origin',(-4.49999989941716,-17.5,2.455));
#2705=CARTESIAN_POINT('',(-2.985,-2.5000000372529,2.455));
#2706=CARTESIAN_POINT('Origin',(-4.5,-2.5000000372529,2.455));
#2707=CARTESIAN_POINT('',(-5.43020707351133,-1.30419913392932,2.455));
#2708=CARTESIAN_POINT('Origin',(-4.5,-2.5000000372529,2.455));
#2709=CARTESIAN_POINT('',(5.43020705883322,-1.30419903309651,2.455));
#2710=CARTESIAN_POINT('Origin',(-6.66133814775094E-15,-10.,2.455));
#2711=CARTESIAN_POINT('Origin',(4.50000006705523,-2.5,2.455));
#2712=CARTESIAN_POINT('Origin',(4.5,-17.5000002607703,2.455));
#2713=CARTESIAN_POINT('',(-1.5,-10.,2.455));
#2714=CARTESIAN_POINT('Origin',(0.,-10.,2.455));
#2715=CARTESIAN_POINT('',(-1.40000000000001,-23.,2.455));
#2716=CARTESIAN_POINT('Origin',(-6.66133814775094E-15,-23.,2.455));
#2717=CARTESIAN_POINT('',(-1.40000000000001,-17.,2.455));
#2718=CARTESIAN_POINT('Origin',(-6.66133814775094E-15,-17.,2.455));
#2719=CARTESIAN_POINT('',(-1.40000000000001,2.04899549736968E-15,2.455));
#2720=CARTESIAN_POINT('Origin',(-6.66133814775094E-15,2.22044604925031E-15,
2.455));
#2721=CARTESIAN_POINT('',(-1.40000000000001,-3.,2.455));
#2722=CARTESIAN_POINT('Origin',(-6.66133814775094E-15,-3.,2.455));
#2723=CARTESIAN_POINT('',(-1.40000000000001,3.,2.455));
#2724=CARTESIAN_POINT('Origin',(-6.66133814775094E-15,3.,2.455));
#2725=CARTESIAN_POINT('',(-1.40000000000001,-20.,2.455));
#2726=CARTESIAN_POINT('Origin',(-6.66133814775094E-15,-20.,2.455));
#2727=CARTESIAN_POINT('Ctrl Pts',(5.43020705883322,-1.30419903309652,-2.545));
#2728=CARTESIAN_POINT('Ctrl Pts',(3.78467013885212,10.0000000351385,-2.545));
#2729=CARTESIAN_POINT('Ctrl Pts',(-1.68795272635387E-8,10.,-2.545));
#2730=CARTESIAN_POINT('Ctrl Pts',(-3.78467017261117,9.99999996486147,-2.545));
#2731=CARTESIAN_POINT('Ctrl Pts',(-5.43020707351133,-1.30419913392932,-2.545));
#2732=CARTESIAN_POINT('Ctrl Pts',(5.43020705883322,-1.30419903309652,2.455));
#2733=CARTESIAN_POINT('Ctrl Pts',(3.78467013885212,10.0000000351385,2.455));
#2734=CARTESIAN_POINT('Ctrl Pts',(-1.68795272635387E-8,10.,2.455));
#2735=CARTESIAN_POINT('Ctrl Pts',(-3.78467017261117,9.99999996486147,2.455));
#2736=CARTESIAN_POINT('Ctrl Pts',(-5.43020707351133,-1.30419913392932,2.455));
#2737=CARTESIAN_POINT('',(5.43020705883322,-1.3041990330965,7.));
#2738=CARTESIAN_POINT('',(-5.43020707351133,-1.30419913392932,7.));
#2739=CARTESIAN_POINT('Origin',(-6.66133814775094E-15,-17.,7.));
#2740=CARTESIAN_POINT('',(-1.40000000000001,-17.,8.5));
#2741=CARTESIAN_POINT('Origin',(-6.66133814775094E-15,-17.,8.5));
#2742=CARTESIAN_POINT('',(-1.40000000000001,-17.,7.));
#2743=CARTESIAN_POINT('Origin',(-6.66133814775094E-15,3.,7.));
#2744=CARTESIAN_POINT('',(-1.40000000000001,3.,8.5));
#2745=CARTESIAN_POINT('Origin',(-6.66133814775094E-15,3.,8.5));
#2746=CARTESIAN_POINT('',(-1.40000000000001,3.,7.));
#2747=CARTESIAN_POINT('Origin',(-6.66133814775094E-15,-3.,7.));
#2748=CARTESIAN_POINT('',(-1.40000000000001,-3.,8.5));
#2749=CARTESIAN_POINT('Origin',(-6.66133814775094E-15,-3.,8.5));
#2750=CARTESIAN_POINT('',(-1.40000000000001,-3.,7.));
#2751=CARTESIAN_POINT('Origin',(0.,-10.,7.));
#2752=CARTESIAN_POINT('',(-2.5,-10.,8.5));
#2753=CARTESIAN_POINT('Origin',(0.,-10.,8.5));
#2754=CARTESIAN_POINT('',(-2.5,-10.,7.));
#2755=CARTESIAN_POINT('',(-2.5,-10.,7.));
#2756=CARTESIAN_POINT('',(2.5,-10.,7.));
#2757=CARTESIAN_POINT('Origin',(0.,-10.,7.));
#2758=CARTESIAN_POINT('Origin',(0.,-10.,7.));
#2759=CARTESIAN_POINT('Origin',(-6.66133814775094E-15,2.22044604925031E-15,
7.));
#2760=CARTESIAN_POINT('',(-1.40000000000001,2.22044604925031E-15,8.5));
#2761=CARTESIAN_POINT('Origin',(-6.66133814775094E-15,2.22044604925031E-15,
8.5));
#2762=CARTESIAN_POINT('',(-1.40000000000001,2.04899549736968E-15,7.));
#2763=CARTESIAN_POINT('Origin',(-6.66133814775094E-15,-20.,7.));
#2764=CARTESIAN_POINT('',(-1.40000000000001,-20.,8.5));
#2765=CARTESIAN_POINT('Origin',(-6.66133814775094E-15,-20.,8.5));
#2766=CARTESIAN_POINT('',(-1.40000000000001,-20.,7.));
#2767=CARTESIAN_POINT('Origin',(-6.66133814775094E-15,-23.,7.));
#2768=CARTESIAN_POINT('',(-1.40000000000001,-23.,8.5));
#2769=CARTESIAN_POINT('Origin',(-6.66133814775094E-15,-23.,8.5));
#2770=CARTESIAN_POINT('',(-1.40000000000001,-23.,7.));
#2771=CARTESIAN_POINT('Origin',(0.,-10.,8.5));
#2772=CARTESIAN_POINT('',(-12.7072203456579,7.95902422424163,8.50001054757137));
#2773=CARTESIAN_POINT('',(12.7072203456579,7.95902422424162,8.5000210955));
#2774=CARTESIAN_POINT('',(14.,7.95902422424162,8.5000210955));
#2775=CARTESIAN_POINT('',(-13.9029103787362,7.05019304878476,8.5));
#2776=CARTESIAN_POINT('Origin',(0.,-10.,8.5));
#2777=CARTESIAN_POINT('',(13.9029103787362,7.05019304878476,8.5000210955));
#2778=CARTESIAN_POINT('Origin',(0.,-10.,8.5));
#2779=CARTESIAN_POINT('Origin',(0.,-10.,8.5000210955));
#2780=CARTESIAN_POINT('',(6.015,-17.5000002607703,8.5));
#2781=CARTESIAN_POINT('Origin',(4.5,-17.5000002607703,8.5));
#2782=CARTESIAN_POINT('',(-2.985,-2.5000000372529,8.5));
#2783=CARTESIAN_POINT('Origin',(-4.5,-2.5000000372529,8.5));
#2784=CARTESIAN_POINT('',(6.01500006705523,-2.5,8.5));
#2785=CARTESIAN_POINT('Origin',(4.50000006705523,-2.5,8.5));
#2786=CARTESIAN_POINT('',(-2.98499989941716,-17.5,8.5));
#2787=CARTESIAN_POINT('Origin',(-4.49999989941716,-17.5,8.5));
#2788=CARTESIAN_POINT('Origin',(14.,11.5,6.9980210955));
#2789=CARTESIAN_POINT('',(14.,11.5,8.4980210955));
#2790=CARTESIAN_POINT('',(-14.,11.5,8.4980210955));
#2791=CARTESIAN_POINT('',(14.,11.5,8.4980210955));
#2792=CARTESIAN_POINT('',(-14.,11.5,8.5000210955));
#2793=CARTESIAN_POINT('',(-14.,11.5,6.9980210955));
#2794=CARTESIAN_POINT('',(14.,11.5,8.5000210955));
#2795=CARTESIAN_POINT('',(7.,11.5,8.5000210955));
#2796=CARTESIAN_POINT('',(14.,11.5,6.9980210955));
#2797=CARTESIAN_POINT('Origin',(0.,13.0501930487848,8.5000210955));
#2798=CARTESIAN_POINT('',(-14.,7.05019304878476,8.5000210955));
#2799=CARTESIAN_POINT('',(-14.,13.0501930487848,8.5000210955));
#2800=CARTESIAN_POINT('',(0.,7.05019304878476,8.5000210955));
#2801=CARTESIAN_POINT('',(14.,7.05019304878476,8.5000210955));
#2802=CARTESIAN_POINT('',(0.,7.05019304878476,8.5000210955));
#2803=CARTESIAN_POINT('',(14.,13.0501930487848,8.5000210955));
#2804=CARTESIAN_POINT('Origin',(0.,-10.,0.));
#2805=CARTESIAN_POINT('',(13.9029103787362,7.05019304878476,6.08918992004314));
#2806=CARTESIAN_POINT('',(13.9029103787362,7.05019304878476,6.9980210955));
#2807=CARTESIAN_POINT('',(-13.9029103787362,7.05019304878476,6.08918992004314));
#2808=CARTESIAN_POINT('',(-13.9029103787362,7.05019304878476,0.));
#2809=CARTESIAN_POINT('',(-14.,6.97056274847714,6.00955961973552));
#2810=CARTESIAN_POINT('Origin',(0.,-10.,-10.9610031287416));
#2811=CARTESIAN_POINT('',(-14.,6.97056274847714,6.00658358394214));
#2812=CARTESIAN_POINT('',(-14.,6.97056274847714,0.));
#2813=CARTESIAN_POINT('',(-13.9029103787362,7.05019304878476,5.92695328363452));
#2814=CARTESIAN_POINT('Origin',(0.,-10.,22.9771463324193));
#2815=CARTESIAN_POINT('',(-13.9029103787362,7.05019304878476,4.));
#2816=CARTESIAN_POINT('',(-13.9029103787362,7.05019304878476,0.));
#2817=CARTESIAN_POINT('',(-14.,6.97056274847714,4.));
#2818=CARTESIAN_POINT('Origin',(0.,-10.,4.));
#2819=CARTESIAN_POINT('',(-14.,6.97056274847714,-1.));
#2820=CARTESIAN_POINT('',(14.,6.97056274847714,4.));
#2821=CARTESIAN_POINT('',(14.,6.97056274847714,0.));
#2822=CARTESIAN_POINT('',(13.9029103787362,7.05019304878476,4.));
#2823=CARTESIAN_POINT('Origin',(0.,-10.,4.));
#2824=CARTESIAN_POINT('',(13.9029103787362,7.05019304878476,5.92695328363452));
#2825=CARTESIAN_POINT('',(13.9029103787362,7.05019304878476,0.));
#2826=CARTESIAN_POINT('',(14.,6.97056274847714,6.00658358394214));
#2827=CARTESIAN_POINT('Origin',(0.,-10.,22.9771463324193));
#2828=CARTESIAN_POINT('',(14.,6.97056274847714,6.00955961973552));
#2829=CARTESIAN_POINT('',(14.,6.97056274847714,0.));
#2830=CARTESIAN_POINT('Origin',(0.,-10.,-10.9610031287416));
#2831=CARTESIAN_POINT('Origin',(-19.6260004470348,54.6450983865061,42.9682578897211));
#2832=CARTESIAN_POINT('',(-14.,54.6505694817161,42.9768258372091));
#2833=CARTESIAN_POINT('',(-14.,54.6450983865061,42.9682578897211));
#2834=CARTESIAN_POINT('',(-14.,46.746844148356,30.5992851406381));
#2835=CARTESIAN_POINT('',(14.,54.6505694817161,42.9768258372091));
#2836=CARTESIAN_POINT('',(-2.81300022351742,54.6505694817161,42.9768258372091));
#2837=CARTESIAN_POINT('',(14.,54.6450983865061,42.9682578897212));
#2838=CARTESIAN_POINT('',(14.,46.746844148356,30.5992851406381));
#2839=CARTESIAN_POINT('',(35.374,54.6450983865061,42.9682578897212));
#2840=CARTESIAN_POINT('',(-4.62600033527613,54.6450983865061,42.9682578897211));
#2841=CARTESIAN_POINT('',(40.374,57.3360418317789,47.1823797880938));
#2842=CARTESIAN_POINT('Origin',(35.374,57.3360418317789,47.1823797880938));
#2843=CARTESIAN_POINT('',(40.3739999999999,68.09981561287,64.0388673815842));
#2844=CARTESIAN_POINT('',(40.374,54.6450983865062,42.9682578897212));
#2845=CARTESIAN_POINT('',(35.3739999999999,70.7907590581428,68.2529892799568));
#2846=CARTESIAN_POINT('Origin',(35.3739999999999,68.09981561287,64.0388673815842));
#2847=CARTESIAN_POINT('',(-14.6260004470349,70.7907590581428,68.2529892799567));
#2848=CARTESIAN_POINT('',(6.37399966472383,70.7907590581428,68.2529892799567));
#2849=CARTESIAN_POINT('',(-19.6260004470349,68.09981561287,64.0388673815841));
#2850=CARTESIAN_POINT('Origin',(-14.6260004470349,68.09981561287,64.0388673815841));
#2851=CARTESIAN_POINT('',(-19.6260004470348,57.3360418317789,47.1823797880937));
#2852=CARTESIAN_POINT('',(-19.6260004470348,54.6450983865061,42.9682578897211));
#2853=CARTESIAN_POINT('',(-14.6260004470348,54.6450983865061,42.9682578897211));
#2854=CARTESIAN_POINT('Origin',(-14.6260004470348,57.3360418317788,47.1823797880937));
#2855=CARTESIAN_POINT('',(-4.62600033527613,54.6450983865061,42.9682578897211));
#2856=CARTESIAN_POINT('',(31.8739997764826,57.3568234368065,47.2149245883139));
#2857=CARTESIAN_POINT('',(30.755012613845,57.3568234368065,47.2149245883139));
#2858=CARTESIAN_POINT('',(5.56450608340507,57.3568234368065,47.2149245883139));
#2859=CARTESIAN_POINT('',(30.755012613845,56.5287587981966,45.9181432185813));
#2860=CARTESIAN_POINT('',(30.755012613845,54.3585265864303,42.5194753260158));
#2861=CARTESIAN_POINT('',(-11.6260002235174,56.5287587981966,45.9181432185813));
#2862=CARTESIAN_POINT('',(-14.6260003352761,56.5287587981966,45.9181432185813));
#2863=CARTESIAN_POINT('',(-11.6260002235174,68.9070986464514,65.3031039510952));
#2864=CARTESIAN_POINT('',(-11.6260002235174,61.2379098274242,53.2928565407336));
#2865=CARTESIAN_POINT('',(31.8739997764826,68.9070986464514,65.3031039510952));
#2866=CARTESIAN_POINT('',(5.37399966472386,68.9070986464514,65.3031039510952));
#2867=CARTESIAN_POINT('',(31.8739997764826,65.5567362030553,60.0563063028564));
#2868=CARTESIAN_POINT('',(31.8739997764826,56.1251172814061,45.286024933826));
#2869=CARTESIAN_POINT('',(31.8739997764826,59.7043949626712,50.8913127311126));
#2870=CARTESIAN_POINT('Origin',(28.2241509780395,62.6305655828637,55.4738095169842));
#2871=CARTESIAN_POINT('',(31.8739997764826,56.1251172814061,45.286024933826));
#2872=CARTESIAN_POINT('',(36.1989997764768,60.0269852770458,51.3965016864571));
#2873=CARTESIAN_POINT('Origin',(34.7489997764768,60.0269852770458,51.3965016864571));
#2874=CARTESIAN_POINT('',(36.1989997764796,65.4088721675924,59.8247454832039));
#2875=CARTESIAN_POINT('Origin',(34.7489997764796,65.4088721675924,59.8247454832039));
#2876=CARTESIAN_POINT('',(-12.5510002234521,65.4088721676102,59.8247454832319));
#2877=CARTESIAN_POINT('Origin',(-14.0010002234521,65.4088721676103,59.8247454832319));
#2878=CARTESIAN_POINT('',(-12.5510002235177,60.026985277051,51.3965016864653));
#2879=CARTESIAN_POINT('Origin',(-14.0010002235177,60.026985277051,51.3965016864653));
#2880=CARTESIAN_POINT('Origin',(31.8739997764826,60.82113726574,50.1782127181153));
#2881=CARTESIAN_POINT('',(31.8739997764826,58.4735657398752,46.5018245753166));
#2882=CARTESIAN_POINT('',(31.8739997764826,60.82113726574,50.1782127181153));
#2883=CARTESIAN_POINT('',(31.8739997764826,57.2418595844749,44.5729249208287));
#2884=CARTESIAN_POINT('',(31.8739997764826,58.4735657398752,46.5018245753166));
#2885=CARTESIAN_POINT('',(31.8739997764826,60.82113726574,50.1782127181153));
#2886=CARTESIAN_POINT('Origin',(31.8739997764826,70.0238409495202,64.5900039380979));
#2887=CARTESIAN_POINT('',(31.8739997764826,66.673478506124,59.3432062898591));
#2888=CARTESIAN_POINT('',(31.8739997764826,70.0238409495201,64.5900039380979));
#2889=CARTESIAN_POINT('',(31.8739997764826,57.2418595844749,44.5729249208287));
#2890=CARTESIAN_POINT('',(31.8739997764826,66.673478506124,59.3432062898591));
#2891=CARTESIAN_POINT('',(31.8739997764826,70.0238409495201,64.5900039380979));
#2892=CARTESIAN_POINT('Origin',(-11.6260002235174,70.0238409495201,64.5900039380979));
#2893=CARTESIAN_POINT('',(-11.6260002235174,70.0238409495201,64.5900039380979));
#2894=CARTESIAN_POINT('',(5.37399966472386,70.0238409495201,64.5900039380979));
#2895=CARTESIAN_POINT('',(-11.6260002235174,70.0238409495201,64.5900039380979));
#2896=CARTESIAN_POINT('Origin',(-11.6260002235174,57.6455011012654,45.205043205584));
#2897=CARTESIAN_POINT('',(-11.6260002235174,57.6455011012654,45.205043205584));
#2898=CARTESIAN_POINT('',(-11.6260002235174,62.3546521304929,52.5797565277363));
#2899=CARTESIAN_POINT('',(-11.6260002235174,57.6455011012654,45.205043205584));
#2900=CARTESIAN_POINT('Origin',(30.755012613845,57.6455011012654,45.205043205584));
#2901=CARTESIAN_POINT('',(30.755012613845,57.6455011012654,45.205043205584));
#2902=CARTESIAN_POINT('',(-14.6260003352761,57.6455011012654,45.205043205584));
#2903=CARTESIAN_POINT('',(30.755012613845,57.6455011012654,45.205043205584));
#2904=CARTESIAN_POINT('Origin',(31.8739997764826,58.4735657398752,46.5018245753166));
#2905=CARTESIAN_POINT('',(30.755012613845,58.4735657398752,46.5018245753166));
#2906=CARTESIAN_POINT('',(5.56450608340507,58.4735657398752,46.5018245753166));
#2907=CARTESIAN_POINT('',(30.755012613845,58.4735657398752,46.5018245753166));
#2908=CARTESIAN_POINT('Origin',(14.,36.2738334582648,19.874432842888));
#2909=CARTESIAN_POINT('',(14.,32.5404924218351,-2.54478734141145));
#2910=CARTESIAN_POINT('',(14.,11.5,-2.54478734141145));
#2911=CARTESIAN_POINT('',(14.,37.9673216309407,0.377570315480794));
#2912=CARTESIAN_POINT('Origin',(14.,32.540492421835,3.95521265858855));
#2913=CARTESIAN_POINT('',(14.,62.6679259690845,37.8452510530584));
#2914=CARTESIAN_POINT('',(14.,37.9673216309407,0.377570315480794));
#2915=CARTESIAN_POINT('',(14.,56.2889032009906,41.9186001205538));
#2916=CARTESIAN_POINT('',(14.,54.6341679243075,42.9874771331305));
#2917=CARTESIAN_POINT('',(14.,54.0196696447246,43.3865369818985));
#2918=CARTESIAN_POINT('',(14.,33.2727404429016,10.0937633774474));
#2919=CARTESIAN_POINT('',(14.,55.7029462870533,44.6332514880058));
#2920=CARTESIAN_POINT('',(14.,30.3373934550926,8.5));
#2921=CARTESIAN_POINT('Origin',(14.,30.3373934550926,12.));
#2922=CARTESIAN_POINT('',(14.,12.4308516097249,8.5));
#2923=CARTESIAN_POINT('',(14.,30.3373934550926,8.5));
#2924=CARTESIAN_POINT('',(14.,12.4288727052249,8.4980210955));
#2925=CARTESIAN_POINT('',(14.,12.4308516097249,8.5));
#2926=CARTESIAN_POINT('',(14.,12.4288727052249,8.4980210955));
#2927=CARTESIAN_POINT('',(14.,7.05019304878476,4.));
#2928=CARTESIAN_POINT('',(14.,7.05019304878476,6.9980210955));
#2929=CARTESIAN_POINT('',(14.,14.3880803917238,4.));
#2930=CARTESIAN_POINT('Origin',(14.,55.7618406895749,42.2551578767239));
#2931=CARTESIAN_POINT('',(-14.,54.6341679243075,42.9874771331305));
#2932=CARTESIAN_POINT('',(-14.,54.0196696447246,43.3865369818985));
#2933=CARTESIAN_POINT('',(14.,54.6341679243075,42.9874771331305));
#2934=CARTESIAN_POINT('Origin',(14.,33.2727404429016,10.0937633774474));
#2935=CARTESIAN_POINT('',(-14.,33.2727404429016,10.0937633774474));
#2936=CARTESIAN_POINT('',(-14.,55.7029462870533,44.6332514880058));
#2937=CARTESIAN_POINT('',(14.,33.2727404429016,10.0937633774474));
#2938=CARTESIAN_POINT('Origin',(-14.,36.2738334582648,19.874432842888));
#2939=CARTESIAN_POINT('',(-14.,7.05019304878476,4.));
#2940=CARTESIAN_POINT('',(-14.,14.3880803917238,4.));
#2941=CARTESIAN_POINT('',(-14.,7.05019304878476,0.));
#2942=CARTESIAN_POINT('',(-14.,12.4288727052249,8.4980210955));
#2943=CARTESIAN_POINT('',(-14.,12.4288727052249,8.4980210955));
#2944=CARTESIAN_POINT('',(-14.,12.4308516097249,8.5));
#2945=CARTESIAN_POINT('',(-14.,12.4308516097249,8.5));
#2946=CARTESIAN_POINT('',(-14.,30.3373934550926,8.5));
#2947=CARTESIAN_POINT('',(-14.,30.3373934550926,8.5));
#2948=CARTESIAN_POINT('Origin',(-14.,30.3373934550926,12.));
#2949=CARTESIAN_POINT('',(-14.,62.6679259690844,37.8452510530584));
#2950=CARTESIAN_POINT('',(-14.,53.9160913120699,43.4337681088889));
#2951=CARTESIAN_POINT('',(-14.,37.9673216309407,0.377570315480794));
#2952=CARTESIAN_POINT('',(-14.,37.9673216309407,0.377570315480794));
#2953=CARTESIAN_POINT('',(-14.,32.5404924218351,-2.54478734141145));
#2954=CARTESIAN_POINT('Origin',(-14.,32.540492421835,3.95521265858855));
#2955=CARTESIAN_POINT('',(-14.,11.5,-2.54478734141145));
#2956=CARTESIAN_POINT('Origin',(14.,12.4288727052249,8.4980210955));
#2957=CARTESIAN_POINT('',(14.,12.4308516097249,8.5));
#2958=CARTESIAN_POINT('',(14.,12.4288727052249,8.4980210955));
#2959=CARTESIAN_POINT('Origin',(14.,11.5,8.4980210955));
#2960=CARTESIAN_POINT('Origin',(14.,32.5404924218351,-2.54478734141145));
#2961=CARTESIAN_POINT('',(14.,32.5404924218351,-2.54478734141145));
#2962=CARTESIAN_POINT('Origin',(14.,32.540492421835,3.95521265858855));
#2963=CARTESIAN_POINT('',(14.,37.9673216309407,0.377570315480794));
#2964=CARTESIAN_POINT('Origin',(14.,63.713445977238,39.4311721638935));
#2965=CARTESIAN_POINT('',(12.1869998882413,62.6679259690845,37.8452510530584));
#2966=CARTESIAN_POINT('Origin',(14.,30.3373934550926,12.));
#2967=CARTESIAN_POINT('',(14.,30.3373934550926,8.5));
#2968=CARTESIAN_POINT('Origin',(14.,12.4308516097249,8.5));
#2969=CARTESIAN_POINT('Origin',(10.3739997764826,60.0912617098987,39.490589741909));
#2970=CARTESIAN_POINT('',(-14.6260004470348,68.634804628595,34.0350781618212));
#2971=CARTESIAN_POINT('',(-14.6260004470348,55.7618406895748,42.2551578767238));
#2972=CARTESIAN_POINT('',(35.374,68.634804628595,34.0350781618212));
#2973=CARTESIAN_POINT('',(25.3739998882413,68.6348046285952,34.0350781618213));
#2974=CARTESIAN_POINT('',(35.374,57.9265511997368,40.8728738093165));
#2975=CARTESIAN_POINT('Origin',(29.1239997764826,72.6712197965029,40.3562610093801));
#2976=CARTESIAN_POINT('',(29.1239997764826,89.3652370837451,23.7637992627521));
#2977=CARTESIAN_POINT('',(34.1239997764826,92.0561805290178,27.9779211611247));
#2978=CARTESIAN_POINT('Origin',(29.1239997764826,92.0561805290178,27.9779211611247));
#2979=CARTESIAN_POINT('',(34.1239997764826,72.6712197965039,40.3562610093795));
#2980=CARTESIAN_POINT('',(34.1239997764826,72.6712197965029,40.3562610093801));
#2981=CARTESIAN_POINT('',(29.1239997764826,69.9802763512311,36.1421391110069));
#2982=CARTESIAN_POINT('Origin',(29.1239997764826,72.6712197965039,40.3562610093795));
#2983=CARTESIAN_POINT('',(29.1239997764826,69.9802763512301,36.1421391110075));
#2984=CARTESIAN_POINT('Origin',(10.4108366505291,96.092595696927,34.2991040086836));
#2985=CARTESIAN_POINT('',(-8.87600022351742,89.3652370837451,23.7637992627521));
#2986=CARTESIAN_POINT('',(34.1239997764826,89.3652370837451,23.7637992627521));
#2987=CARTESIAN_POINT('',(-13.8760002235174,92.0561805290178,27.9779211611247));
#2988=CARTESIAN_POINT('Origin',(-8.87600022351742,92.0561805290178,27.9779211611247));
#2989=CARTESIAN_POINT('',(-13.8760002235174,100.129010864836,40.6202868562425));
#2990=CARTESIAN_POINT('',(-13.8760002235174,89.3652370837451,23.7637992627521));
#2991=CARTESIAN_POINT('',(-8.87600022351742,102.819954310109,44.8344087546151));
#2992=CARTESIAN_POINT('Origin',(-8.87600022351742,100.129010864836,40.6202868562425));
#2993=CARTESIAN_POINT('',(29.1239997764826,102.819954310109,44.8344087546151));
#2994=CARTESIAN_POINT('',(22.2674182135059,102.819954310109,44.8344087546151));
#2995=CARTESIAN_POINT('',(34.1239997764826,100.129010864836,40.6202868562425));
#2996=CARTESIAN_POINT('Origin',(29.1239997764826,100.129010864836,40.6202868562425));
#2997=CARTESIAN_POINT('',(34.1239997764826,98.7812510194975,38.5096426180789));
#2998=CARTESIAN_POINT('',(34.1239997764826,97.4369233582123,36.4043733133813));
#2999=CARTESIAN_POINT('',(34.1239997764826,94.0750491630514,31.13954781499));
#3000=CARTESIAN_POINT('Origin',(30.3719966826717,96.4281500912745,34.8245952165345));
#3001=CARTESIAN_POINT('',(34.1239997764826,92.697493484435,28.9822421452321));
#3002=CARTESIAN_POINT('Origin',(34.1239997764826,69.9802763512301,36.1421391110075));
#3003=CARTESIAN_POINT('',(-8.87600022351742,69.9802763512311,36.1421391110069));
#3004=CARTESIAN_POINT('',(37.2489998882413,69.9802763512311,36.1421391110069));
#3005=CARTESIAN_POINT('',(-8.87600022351742,69.9802763512303,36.1421391110074));
#3006=CARTESIAN_POINT('Origin',(29.1239997764826,80.7440501323212,52.9986267044979));
#3007=CARTESIAN_POINT('',(29.1239997764826,83.434993577595,57.2127486028699));
#3008=CARTESIAN_POINT('',(29.1239997764826,83.434993577594,57.2127486028705));
#3009=CARTESIAN_POINT('',(34.1239997764826,80.7440501323222,52.9986267044973));
#3010=CARTESIAN_POINT('Origin',(29.1239997764826,80.7440501323222,52.9986267044973));
#3011=CARTESIAN_POINT('',(34.1239997764826,80.7440501323212,52.9986267044979));
#3012=CARTESIAN_POINT('Origin',(34.1239997764826,83.434993577594,57.2127486028705));
#3013=CARTESIAN_POINT('',(34.1239997764826,79.3962902869835,50.8879824663337));
#3014=CARTESIAN_POINT('',(34.1239997764826,76.034899103095,45.6239133823455));
#3015=CARTESIAN_POINT('',(34.1239997764826,79.3962902869835,50.8879824663337));
#3016=CARTESIAN_POINT('Origin',(-8.87600022351742,72.6712197965031,40.35626100938));
#3017=CARTESIAN_POINT('',(-13.8760002235174,72.6712197965038,40.3562610093795));
#3018=CARTESIAN_POINT('Origin',(-8.87600022351742,72.6712197965039,40.3562610093795));
#3019=CARTESIAN_POINT('',(-13.8760002235174,72.6712197965031,40.35626100938));
#3020=CARTESIAN_POINT('Origin',(-13.8760002235174,80.1760468777612,52.1091115578322));
#3021=CARTESIAN_POINT('',(-13.8760002235174,80.7440501323222,52.9986267044973));
#3022=CARTESIAN_POINT('',(-13.8760002235174,69.3075404899131,35.088608636414));
#3023=CARTESIAN_POINT('',(-13.8760002235174,80.7440501323215,52.9986267044978));
#3024=CARTESIAN_POINT('Origin',(-8.87600022351742,80.7440501323215,52.9986267044978));
#3025=CARTESIAN_POINT('',(-8.87600022351742,83.434993577595,57.2127486028699));
#3026=CARTESIAN_POINT('Origin',(-8.87600022351742,80.7440501323222,52.9986267044973));
#3027=CARTESIAN_POINT('',(-8.87600022351742,83.4349935775943,57.2127486028704));
#3028=CARTESIAN_POINT('Origin',(-13.8760002235174,83.434993577594,57.2127486028705));
#3029=CARTESIAN_POINT('',(13.2489998882413,83.434993577595,57.2127486028699));
#3030=CARTESIAN_POINT('Origin',(30.8739997764826,58.7141461542198,46.3023860710609));
#3031=CARTESIAN_POINT('',(30.755012613845,58.7141461542198,46.302386071061));
#3032=CARTESIAN_POINT('',(31.1500926293626,58.7141461542198,46.3023860710609));
#3033=CARTESIAN_POINT('',(10.5645061951638,58.7141461542198,46.3023860710609));
#3034=CARTESIAN_POINT('',(31.1500926293626,58.2964617591437,45.6482760937625));
#3035=CARTESIAN_POINT('',(31.1500926293626,57.5032216038474,44.4060312167938));
#3036=CARTESIAN_POINT('',(30.755012613845,58.2964617591437,45.6482760937625));
#3037=CARTESIAN_POINT('',(-14.6260003352761,58.2964617591437,45.6482760937625));
#3038=CARTESIAN_POINT('',(30.755012613845,58.7141461542198,46.302386071061));
#3039=CARTESIAN_POINT('Origin',(30.3739997764826,78.1444943011132,58.2180432887936));
#3040=CARTESIAN_POINT('',(-10.6260002235174,70.3284766401401,63.2089908693688));
#3041=CARTESIAN_POINT('',(30.8739997764826,70.3284766401401,63.2089908693688));
#3042=CARTESIAN_POINT('',(5.37399966472386,70.3284766401401,63.2089908693688));
#3043=CARTESIAN_POINT('',(-10.6260002235175,100.057928172651,44.2251373733751));
#3044=CARTESIAN_POINT('',(-10.6260002235174,69.4856522604656,63.7471795584234));
#3045=CARTESIAN_POINT('',(30.8739997764826,100.057928172651,44.2251373733751));
#3046=CARTESIAN_POINT('',(30.8739997764826,100.057928172651,44.2251373733751));
#3047=CARTESIAN_POINT('',(30.8739997764826,78.1444943011132,58.2180432887936));
#3048=CARTESIAN_POINT('Origin',(40.374,55.7618406895749,42.2551578767239));
#3049=CARTESIAN_POINT('',(40.374,71.3257480738679,38.2492000601939));
#3050=CARTESIAN_POINT('',(40.374,58.4527841348476,46.4692797750965));
#3051=CARTESIAN_POINT('',(40.3739999999999,82.089521854959,55.1056876536843));
#3052=CARTESIAN_POINT('',(40.374,68.6348046285951,34.0350781618213));
#3053=CARTESIAN_POINT('',(40.3739999999999,71.3812684261007,61.9434833011795));
#3054=CARTESIAN_POINT('Origin',(35.3739999999999,71.3812684261007,61.9434833011794));
#3055=CARTESIAN_POINT('',(35.3739999999999,84.7804653002318,59.3198095520569));
#3056=CARTESIAN_POINT('Origin',(35.3739999999999,82.089521854959,55.1056876536843));
#3057=CARTESIAN_POINT('',(35.3739999999999,74.0722118713734,66.1576051995521));
#3058=CARTESIAN_POINT('Origin',(30.755012613845,70.7114732325959,36.3567345345661));
#3059=CARTESIAN_POINT('Origin',(31.8739997764826,59.2493748607589,45.858687389447));
#3060=CARTESIAN_POINT('',(30.755012613845,62.9075189886918,42.8261263423892));
#3061=CARTESIAN_POINT('Origin',(30.755012613845,55.0769322743716,41.4289605938438));
#3062=CARTESIAN_POINT('Origin',(30.755012613845,58.4883254809399,44.6668545165295));
#3063=CARTESIAN_POINT('Origin',(-9.62600022351743,66.8425318309676,40.5187313156288));
#3064=CARTESIAN_POINT('',(30.8739997764826,59.0265141699945,45.509678896204));
#3065=CARTESIAN_POINT('',(-10.6260002235174,59.0265141699945,45.5096788962041));
#3066=CARTESIAN_POINT('',(-14.6260003352761,59.0265141699945,45.509678896204));
#3067=CARTESIAN_POINT('',(30.8739997764826,88.7559657025051,26.5258254002103));
#3068=CARTESIAN_POINT('',(30.8739997764826,58.18368979032,46.0478675852586));
#3069=CARTESIAN_POINT('',(-10.6260002235175,88.7559657025051,26.5258254002103));
#3070=CARTESIAN_POINT('',(-10.6260002235175,88.7559657025051,26.5258254002103));
#3071=CARTESIAN_POINT('',(-10.6260002235174,66.8425318309676,40.5187313156288));
#3072=CARTESIAN_POINT('Origin',(-10.6260002235174,77.6063056120587,57.3752189091191));
#3073=CARTESIAN_POINT('',(-10.6260002235174,63.1974765101674,52.0415678386818));
#3074=CARTESIAN_POINT('',(-10.6260002235175,100.057928172651,44.2251373733751));
#3075=CARTESIAN_POINT('Origin',(-14.6260003352761,58.4883254809399,44.6668545165295));
#3076=CARTESIAN_POINT('Origin',(31.8739997764826,58.4883254809399,44.6668545165295));
#3077=CARTESIAN_POINT('Origin',(-11.6260002235174,58.4883254809401,44.6668545165299));
#3078=CARTESIAN_POINT('Origin',(-11.6260002235174,63.1974765101674,52.0415678386818));
#3079=CARTESIAN_POINT('Origin',(-11.6260002235174,70.8666653291947,64.0518152490434));
#3080=CARTESIAN_POINT('Origin',(5.37399966472386,70.8666653291947,64.0518152490434));
#3081=CARTESIAN_POINT('Origin',(31.8739997764826,70.8666653291947,64.0518152490434));
#3082=CARTESIAN_POINT('Origin',(-14.6260004470349,75.7106894464244,59.1789151663644));
#3083=CARTESIAN_POINT('',(-14.6260004470349,84.7804653002318,59.3198095520568));
#3084=CARTESIAN_POINT('',(-14.6260004470349,80.5663434018592,62.0107529973296));
#3085=CARTESIAN_POINT('',(-19.6260004470349,82.089521854959,55.1056876536842));
#3086=CARTESIAN_POINT('Origin',(-14.6260004470349,82.089521854959,55.1056876536842));
#3087=CARTESIAN_POINT('',(-19.6260004470349,69.2165579159387,63.3257673685868));
#3088=CARTESIAN_POINT('Origin',(-19.6260004470348,64.4206827302225,36.726021607094));
#3089=CARTESIAN_POINT('',(-19.6260004470348,71.3257480738679,38.2492000601938));
#3090=CARTESIAN_POINT('',(-19.6260004470348,68.634804628595,34.0350781618211));
#3091=CARTESIAN_POINT('',(-19.6260004470348,67.1116261754952,40.9401435054666));
#3092=CARTESIAN_POINT('Origin',(-14.6260004470348,64.9469156653334,42.322427572874));
#3093=CARTESIAN_POINT('Origin',(-14.6260004470348,71.3257480738679,38.2492000601938));
#3094=CARTESIAN_POINT('Origin',(35.374,60.6174946450096,45.086995707689));
#3095=CARTESIAN_POINT('Origin',(35.374,71.3257480738679,38.2492000601939));
#3096=CARTESIAN_POINT('Origin',(10.3739997764825,76.2369223815354,64.7753211321445));
#3097=CARTESIAN_POINT('',(25.3739998882412,84.7804653002318,59.3198095520569));
#3098=CARTESIAN_POINT('Origin',(30.8739997764826,67.3807205200225,41.3615556953038));
#3099=CARTESIAN_POINT('',(30.8739997764826,67.8130445228617,59.2697265240277));
#3100=CARTESIAN_POINT('',(30.8739997764826,58.0846839641494,44.0347362317742));
#3101=CARTESIAN_POINT('',(30.8739997764826,97.5424960553721,40.2858730280337));
#3102=CARTESIAN_POINT('',(30.8739997764826,88.7559657025051,26.5258254002103));
#3103=CARTESIAN_POINT('',(30.8739997764826,66.9702201431874,59.8079152130821));
#3104=CARTESIAN_POINT('Origin',(-14.0010002234521,75.1844565113266,53.5825092006048));
#3105=CARTESIAN_POINT('',(-12.5510002234521,76.0272808910012,53.0443205115502));
#3106=CARTESIAN_POINT('Origin',(-14.0010002234521,76.0272808910012,53.0443205115502));
#3107=CARTESIAN_POINT('',(-12.5510002234521,75.1844565113266,53.5825092006048));
#3108=CARTESIAN_POINT('Origin',(-14.0010002235177,69.8025696207674,45.1542654038382));
#3109=CARTESIAN_POINT('',(-12.5510002235177,70.6453940004419,44.6160767147837));
#3110=CARTESIAN_POINT('Origin',(-14.0010002235177,70.6453940004419,44.6160767147837));
#3111=CARTESIAN_POINT('',(-12.5510002235177,69.8025696207674,45.1542654038382));
#3112=CARTESIAN_POINT('Origin',(-14.0010002235177,70.6453940004419,44.6160767147837));
#3113=CARTESIAN_POINT('Origin',(34.7489997764768,70.6453940004367,44.6160767147754));
#3114=CARTESIAN_POINT('',(36.1989997764768,70.6453940004367,44.6160767147754));
#3115=CARTESIAN_POINT('Origin',(34.7489997764768,70.6453940004367,44.6160767147754));
#3116=CARTESIAN_POINT('Origin',(34.7489997764796,76.0272808909833,53.0443205115223));
#3117=CARTESIAN_POINT('',(36.1989997764796,76.0272808909833,53.0443205115223));
#3118=CARTESIAN_POINT('Origin',(34.7489997764796,76.0272808909833,53.0443205115223));
#3119=CARTESIAN_POINT('Origin',(-14.0010002234521,76.0272808910012,53.0443205115502));
#3120=CARTESIAN_POINT('Origin',(30.8739997764826,67.3807205200225,41.3615556953038));
#3121=CARTESIAN_POINT('',(30.8739997764826,61.3672200083513,49.1753151058376));
#3122=CARTESIAN_POINT('',(30.8739997764826,91.0966715408619,30.1914616098439));
#3123=CARTESIAN_POINT('',(30.8739997764826,60.524395628677,49.7135037948921));
#3124=CARTESIAN_POINT('',(30.8739997764826,88.7559657025051,26.5258254002103));
#3125=CARTESIAN_POINT('',(30.8739997764826,58.0846839641494,44.0347362317742));
#3126=CARTESIAN_POINT('Origin',(10.4108366505291,94.4069469375779,35.3754813867927));
#3127=CARTESIAN_POINT('',(34.3740003576277,95.5305083665341,37.1350222014644));
#3128=CARTESIAN_POINT('Origin',(28.2241509780392,94.3195837981173,35.2386673189387));
#3129=CARTESIAN_POINT('',(34.3740003576277,93.1086592297002,33.3423124364133));
#3130=CARTESIAN_POINT('Origin',(28.2241509780392,94.3195837981173,35.2386673189387));
#3131=CARTESIAN_POINT('',(34.3740003576279,87.7267722589583,24.9140685140775));
#3132=CARTESIAN_POINT('Origin',(31.8739997764826,58.0846839641494,44.0347362317742));
#3133=CARTESIAN_POINT('Ctrl Pts',(31.8739997764826,60.82113726574,50.1782127181153));
#3134=CARTESIAN_POINT('Ctrl Pts',(31.7561719811122,60.778568396719,50.1115482166946));
#3135=CARTESIAN_POINT('Ctrl Pts',(31.6261051377005,60.7534966211267,50.0312416945419));
#3136=CARTESIAN_POINT('Ctrl Pts',(31.3786475569535,60.7599675172301,49.8573228725165));
#3137=CARTESIAN_POINT('Ctrl Pts',(31.2614387443725,60.7916296630037,49.7634563301633));
#3138=CARTESIAN_POINT('Ctrl Pts',(31.0812479835482,60.8947170550762,49.5900855487884));
#3139=CARTESIAN_POINT('Ctrl Pts',(31.0040604802037,60.9683158044424,49.5000187811686));
#3140=CARTESIAN_POINT('Ctrl Pts',(30.9003911075321,61.150471373678,49.3273365438403));
#3141=CARTESIAN_POINT('Ctrl Pts',(30.8739997764826,61.2588714454559,49.2445014896583));
#3142=CARTESIAN_POINT('Ctrl Pts',(30.8739997764826,61.3672200083513,49.1753151058376));
#3143=CARTESIAN_POINT('Origin',(31.8739997764826,58.0846839641494,44.0347362317742));
#3144=CARTESIAN_POINT('Ctrl Pts',(30.8739997764826,67.8130445228617,59.2697265240277));
#3145=CARTESIAN_POINT('Ctrl Pts',(30.8739997764826,67.7046959599663,59.3389129078484));
#3146=CARTESIAN_POINT('Ctrl Pts',(30.9003911075321,67.5839436928657,59.4024039446398));
#3147=CARTESIAN_POINT('Ctrl Pts',(31.0040604802037,67.3506529514095,59.495006517191));
#3148=CARTESIAN_POINT('Ctrl Pts',(31.0812479835482,67.2379812154995,59.5238834710603));
#3149=CARTESIAN_POINT('Ctrl Pts',(31.2614387443725,67.0373302751424,59.544465948381));
#3150=CARTESIAN_POINT('Ctrl Pts',(31.3786475569535,66.9388543699259,59.5336995497203));
#3151=CARTESIAN_POINT('Ctrl Pts',(31.6261051377005,66.7783533756702,59.4664012585534));
#3152=CARTESIAN_POINT('Ctrl Pts',(31.7561719811122,66.716047375145,59.4098707912798));
#3153=CARTESIAN_POINT('Ctrl Pts',(31.8739997764826,66.673478506124,59.3432062898591));
#3154=CARTESIAN_POINT('Origin',(28.2241509780395,63.7473078859321,54.7607095039871));
#3155=CARTESIAN_POINT('',(34.3740003576279,95.8823967157443,36.9103225678015));
#3156=CARTESIAN_POINT('',(34.3740003576279,93.431448888895,33.1361938810987));
#3157=CARTESIAN_POINT('Origin',(28.2241509780392,94.6569228023196,35.02325822445));
#3158=CARTESIAN_POINT('',(34.3740003576277,93.1086592297002,33.3423124364134));
#3159=CARTESIAN_POINT('',(34.3740003576277,95.5305083665341,37.1350222014645));
#3160=CARTESIAN_POINT('',(32.8118077275634,96.7806494130617,39.2115496681206));
#3161=CARTESIAN_POINT('',(32.7803383627152,93.4259670912913,41.3901058406437));
#3162=CARTESIAN_POINT('Ctrl Pts',(32.8118077275634,96.7806494130617,39.2115496681206));
#3163=CARTESIAN_POINT('Ctrl Pts',(32.7961245423456,95.0975355361289,40.3045766000168));
#3164=CARTESIAN_POINT('Ctrl Pts',(32.7803383627152,93.4259670912913,41.3901058406437));
#3165=CARTESIAN_POINT('',(34.0589720948645,89.2449077604607,34.9518390654675));
#3166=CARTESIAN_POINT('Origin',(28.2241509780392,90.8641014124207,37.4451786397518));
#3167=CARTESIAN_POINT('',(34.0432343458334,92.599590082231,32.7732828929444));
#3168=CARTESIAN_POINT('Ctrl Pts',(34.0589720948645,89.2449077604607,34.9518390654675));
#3169=CARTESIAN_POINT('Ctrl Pts',(34.0511436256465,90.9245140945778,33.8610899585092));
#3170=CARTESIAN_POINT('Ctrl Pts',(34.0432343458334,92.5995900822311,32.7732828929444));
#3171=CARTESIAN_POINT('Origin',(28.2241509780392,94.2354982034419,35.2923604928169));
#3172=CARTESIAN_POINT('Origin',(34.7489997764768,69.8025696207622,45.15426540383));
#3173=CARTESIAN_POINT('',(36.1989997764768,69.8025696207622,45.15426540383));
#3174=CARTESIAN_POINT('Origin',(34.7489997764796,75.1844565113087,53.5825092005768));
#3175=CARTESIAN_POINT('',(36.1989997764796,75.1844565113087,53.5825092005768));
#3176=CARTESIAN_POINT('Origin',(34.3740003576279,101.181489685813,45.9846783199171));
#3177=CARTESIAN_POINT('',(34.3740003576279,98.740795256358,41.3118703331112));
#3178=CARTESIAN_POINT('Origin',(34.3740003576279,95.8823967157443,36.9103225678015));
#3179=CARTESIAN_POINT('Origin',(30.3719966826717,77.0431893587605,47.2029350647893));
#3180=CARTESIAN_POINT('',(34.1239997764826,74.6900884305375,43.5178876632449));
#3181=CARTESIAN_POINT('Origin',(30.3719966826717,77.0431893587605,47.2029350647893));
#3182=CARTESIAN_POINT('',(34.1239997764826,74.6900884305375,43.5178876632449));
#3183=CARTESIAN_POINT('',(34.7385048150115,89.2449077604607,34.9518390654675));
#3184=CARTESIAN_POINT('',(34.596305146043,93.4259670912913,41.3901058406437));
#3185=CARTESIAN_POINT('Origin',(30.3719966826717,91.2921003305445,38.1042391783212));
#3186=CARTESIAN_POINT('',(34.6245608992815,96.7806494130617,39.2115496681206));
#3187=CARTESIAN_POINT('Ctrl Pts',(34.596305146043,93.4259670912913,41.3901058406437));
#3188=CARTESIAN_POINT('Ctrl Pts',(34.6104885722005,95.0977172727968,40.3044585788447));
#3189=CARTESIAN_POINT('Ctrl Pts',(34.6245608992815,96.7806494130617,39.2115496681206));
#3190=CARTESIAN_POINT('',(34.7118995043121,92.599590082231,32.7732828929444));
#3191=CARTESIAN_POINT('Origin',(30.3719966826717,94.6634971215658,35.9514210313863));
#3192=CARTESIAN_POINT('Ctrl Pts',(34.7118995043121,92.599590082231,32.7732828929444));
#3193=CARTESIAN_POINT('Ctrl Pts',(34.7252562438527,90.9273746313005,33.8592323042409));
#3194=CARTESIAN_POINT('Ctrl Pts',(34.7385048150115,89.2449077604607,34.9518390654675));
#3195=CARTESIAN_POINT('Origin',(40.374,68.6348046285951,34.0350781618212));
#3196=CARTESIAN_POINT('',(34.1239997764826,70.9736686902581,37.697830077654));
#3197=CARTESIAN_POINT('Origin',(34.1239997764826,73.31253275192,41.3605819934875));
#3198=CARTESIAN_POINT('Origin',(36.1239997764826,96.7806494130617,39.2115496681206));
#3199=CARTESIAN_POINT('',(36.1239997764826,96.7806494130617,39.2115496681206));
#3200=CARTESIAN_POINT('',(36.1239997764826,92.599590082231,32.7732828929444));
#3201=CARTESIAN_POINT('Origin',(36.1239997764826,93.4259670912913,41.3901058406437));
#3202=CARTESIAN_POINT('',(36.1239997764826,93.4259670912913,41.3901058406437));
#3203=CARTESIAN_POINT('Origin',(36.1239997764826,89.2449077604607,34.9518390654675));
#3204=CARTESIAN_POINT('',(36.1239997764826,89.2449077604607,34.9518390654675));
#3205=CARTESIAN_POINT('Origin',(36.1239997764826,92.599590082231,32.7732828929444));
#3206=CARTESIAN_POINT('Origin',(4.50000006705523,-2.5,7.));
#3207=CARTESIAN_POINT('',(6.01500006705523,-2.5,7.));
#3208=CARTESIAN_POINT('Origin',(-4.49999989941716,-17.5,7.));
#3209=CARTESIAN_POINT('',(-2.98499989941716,-17.5,7.));
#3210=CARTESIAN_POINT('Origin',(-4.5,-2.5000000372529,7.));
#3211=CARTESIAN_POINT('',(-2.985,-2.5000000372529,7.));
#3212=CARTESIAN_POINT('Origin',(4.5,-17.5000002607703,7.));
#3213=CARTESIAN_POINT('',(6.015,-17.5000002607703,7.));
#3214=CARTESIAN_POINT('Origin',(14.,14.3880803917238,4.));
#3215=CARTESIAN_POINT('',(0.,7.05019304878476,4.));
#3216=CARTESIAN_POINT('Origin',(14.,14.3880803917238,4.));
#3217=CARTESIAN_POINT('',(0.,7.05019304878476,4.));
#3218=CARTESIAN_POINT('Origin',(0.,7.05019304878476,6.9980210955));
#3219=CARTESIAN_POINT('',(14.,7.05019304878476,6.08918992004313));
#3220=CARTESIAN_POINT('',(14.,7.05019304878476,5.92695328363452));
#3221=CARTESIAN_POINT('Origin',(14.,7.05019304878476,5.92695328363452));
#3222=CARTESIAN_POINT('',(14.,6.97056274847714,6.00658358394214));
#3223=CARTESIAN_POINT('Origin',(14.,6.97056274847714,6.00955961973552));
#3224=CARTESIAN_POINT('',(14.,6.97056274847714,6.00955961973552));
#3225=CARTESIAN_POINT('Origin',(14.,6.97056274847714,6.00658358394214));
#3226=CARTESIAN_POINT('Origin',(0.,-10.,6.));
#3227=CARTESIAN_POINT('',(1.5,-10.,6.));
#3228=CARTESIAN_POINT('Origin',(2.5,-10.,6.));
#3229=CARTESIAN_POINT('',(-1.5,-10.,6.));
#3230=CARTESIAN_POINT('Origin',(0.,-10.,6.));
#3231=CARTESIAN_POINT('Origin',(0.,-10.,6.));
#3232=CARTESIAN_POINT('Origin',(0.,-10.,0.));
#3233=CARTESIAN_POINT('',(-1.5,-10.,0.));
#3234=UNCERTAINTY_MEASURE_WITH_UNIT(LENGTH_MEASURE(0.01),#3238,
'DISTANCE_ACCURACY_VALUE',
'Maximum model space distance between geometric entities at asserted c
onnectivities');
#3235=UNCERTAINTY_MEASURE_WITH_UNIT(LENGTH_MEASURE(0.01),#3238,
'DISTANCE_ACCURACY_VALUE',
'Maximum model space distance between geometric entities at asserted c
onnectivities');
#3236=(
GEOMETRIC_REPRESENTATION_CONTEXT(3)
GLOBAL_UNCERTAINTY_ASSIGNED_CONTEXT((#3234))
GLOBAL_UNIT_ASSIGNED_CONTEXT((#3238,#3240,#3241))
REPRESENTATION_CONTEXT('','3D')
);
#3237=(
GEOMETRIC_REPRESENTATION_CONTEXT(3)
GLOBAL_UNCERTAINTY_ASSIGNED_CONTEXT((#3235))
GLOBAL_UNIT_ASSIGNED_CONTEXT((#3238,#3240,#3241))
REPRESENTATION_CONTEXT('','3D')
);
#3238=(
LENGTH_UNIT()
NAMED_UNIT(*)
SI_UNIT(.MILLI.,.METRE.)
);
#3239=(
LENGTH_UNIT()
NAMED_UNIT(*)
SI_UNIT($,.METRE.)
);
#3240=(
NAMED_UNIT(*)
PLANE_ANGLE_UNIT()
SI_UNIT($,.RADIAN.)
);
#3241=(
NAMED_UNIT(*)
SI_UNIT($,.STERADIAN.)
SOLID_ANGLE_UNIT()
);
#3242=SHAPE_DEFINITION_REPRESENTATION(#3243,#3244);
#3243=PRODUCT_DEFINITION_SHAPE('',$,#3246);
#3244=SHAPE_REPRESENTATION('',(#1896),#3236);
#3245=PRODUCT_DEFINITION_CONTEXT('part definition',#3250,'design');
#3246=PRODUCT_DEFINITION('GYRA ROLL PITCH BRAKET PROTOTYPE V2',
'GYRA ROLL PITCH BRAKET PROTOTYPE V2 v15',#3247,#3245);
#3247=PRODUCT_DEFINITION_FORMATION('',$,#3252);
#3248=PRODUCT_RELATED_PRODUCT_CATEGORY(
'GYRA ROLL PITCH BRAKET PROTOTYPE V2 v15',
'GYRA ROLL PITCH BRAKET PROTOTYPE V2 v15',(#3252));
#3249=APPLICATION_PROTOCOL_DEFINITION('international standard',
'automotive_design',2009,#3250);
#3250=APPLICATION_CONTEXT(
'Core Data for Automotive Mechanical Design Process');
#3251=PRODUCT_CONTEXT('part definition',#3250,'mechanical');
#3252=PRODUCT('GYRA ROLL PITCH BRAKET PROTOTYPE V2',
'GYRA ROLL PITCH BRAKET PROTOTYPE V2 v15',$,(#3251));
#3253=PRESENTATION_STYLE_ASSIGNMENT((#3254));
#3254=SURFACE_STYLE_USAGE(.BOTH.,#3255);
#3255=SURFACE_SIDE_STYLE('',(#3256));
#3256=SURFACE_STYLE_FILL_AREA(#3257);
#3257=FILL_AREA_STYLE('Plastic - Matte (White)',(#3258));
#3258=FILL_AREA_STYLE_COLOUR('Plastic - Matte (White)',#3259);
#3259=COLOUR_RGB('Plastic - Matte (White)',0.964705882352941,0.964705882352941,
0.952941176470588);
ENDSEC;
END-ISO-10303-21;
