ISO-10303-21;
HEADER;
/* Generated by software containing ST-Developer
 * from STEP Tools, Inc. (www.steptools.com) 
 */

FILE_DESCRIPTION(
/* description */ (''),
/* implementation_level */ '2;1');

FILE_NAME(
/* name */ 'GYRA PITCH BRACKET v27.step',
/* time_stamp */ '2026-05-17T23:55:34+05:30',
/* author */ (''),
/* organization */ (''),
/* preprocessor_version */ 'ST-DEVELOPER v20.1',
/* originating_system */ 'Autodesk Translation Framework v15.8.0.0',
/* authorisation */ '');

FILE_SCHEMA (('AUTOMOTIVE_DESIGN { 1 0 10303 214 3 1 1 }'));
ENDSEC;

DATA;
#10=MECHANICAL_DESIGN_GEOMETRIC_PRESENTATION_REPRESENTATION('',(#13),#2209);
#11=SHAPE_REPRESENTATION_RELATIONSHIP('SRR','None',#2216,#12);
#12=ADVANCED_BREP_SHAPE_REPRESENTATION('',(#14),#2208);
#13=STYLED_ITEM('',(#2225),#14);
#14=MANIFOLD_SOLID_BREP('Body1',#1304);
#15=TOROIDAL_SURFACE('',#1430,11.15,1.);
#16=FACE_BOUND('',#152,.T.);
#17=FACE_BOUND('',#155,.T.);
#18=FACE_BOUND('',#157,.T.);
#19=FACE_BOUND('',#169,.T.);
#20=FACE_BOUND('',#170,.T.);
#21=FACE_BOUND('',#171,.T.);
#22=FACE_BOUND('',#172,.T.);
#23=FACE_BOUND('',#173,.T.);
#24=FACE_BOUND('',#188,.T.);
#25=FACE_BOUND('',#215,.T.);
#26=FACE_BOUND('',#216,.T.);
#27=FACE_BOUND('',#217,.T.);
#28=FACE_BOUND('',#218,.T.);
#29=FACE_BOUND('',#219,.T.);
#30=FACE_BOUND('',#229,.T.);
#31=FACE_BOUND('',#230,.T.);
#32=FACE_BOUND('',#231,.T.);
#33=FACE_BOUND('',#232,.T.);
#34=FACE_BOUND('',#233,.T.);
#35=PLANE('',#1321);
#36=PLANE('',#1328);
#37=PLANE('',#1329);
#38=PLANE('',#1330);
#39=PLANE('',#1331);
#40=PLANE('',#1332);
#41=PLANE('',#1335);
#42=PLANE('',#1336);
#43=PLANE('',#1337);
#44=PLANE('',#1338);
#45=PLANE('',#1346);
#46=PLANE('',#1347);
#47=PLANE('',#1348);
#48=PLANE('',#1349);
#49=PLANE('',#1350);
#50=PLANE('',#1359);
#51=PLANE('',#1360);
#52=PLANE('',#1361);
#53=PLANE('',#1362);
#54=PLANE('',#1363);
#55=PLANE('',#1366);
#56=PLANE('',#1372);
#57=PLANE('',#1373);
#58=PLANE('',#1381);
#59=PLANE('',#1382);
#60=PLANE('',#1390);
#61=PLANE('',#1393);
#62=PLANE('',#1395);
#63=PLANE('',#1396);
#64=PLANE('',#1399);
#65=PLANE('',#1402);
#66=PLANE('',#1404);
#67=PLANE('',#1406);
#68=PLANE('',#1409);
#69=PLANE('',#1411);
#70=PLANE('',#1414);
#71=PLANE('',#1415);
#72=PLANE('',#1417);
#73=PLANE('',#1418);
#74=PLANE('',#1419);
#75=PLANE('',#1422);
#76=PLANE('',#1445);
#77=FACE_OUTER_BOUND('',#146,.T.);
#78=FACE_OUTER_BOUND('',#147,.T.);
#79=FACE_OUTER_BOUND('',#148,.T.);
#80=FACE_OUTER_BOUND('',#149,.T.);
#81=FACE_OUTER_BOUND('',#150,.T.);
#82=FACE_OUTER_BOUND('',#151,.T.);
#83=FACE_OUTER_BOUND('',#153,.T.);
#84=FACE_OUTER_BOUND('',#154,.T.);
#85=FACE_OUTER_BOUND('',#156,.T.);
#86=FACE_OUTER_BOUND('',#158,.T.);
#87=FACE_OUTER_BOUND('',#159,.T.);
#88=FACE_OUTER_BOUND('',#160,.T.);
#89=FACE_OUTER_BOUND('',#161,.T.);
#90=FACE_OUTER_BOUND('',#162,.T.);
#91=FACE_OUTER_BOUND('',#163,.T.);
#92=FACE_OUTER_BOUND('',#164,.T.);
#93=FACE_OUTER_BOUND('',#165,.T.);
#94=FACE_OUTER_BOUND('',#166,.T.);
#95=FACE_OUTER_BOUND('',#167,.T.);
#96=FACE_OUTER_BOUND('',#168,.T.);
#97=FACE_OUTER_BOUND('',#174,.T.);
#98=FACE_OUTER_BOUND('',#175,.T.);
#99=FACE_OUTER_BOUND('',#176,.T.);
#100=FACE_OUTER_BOUND('',#177,.T.);
#101=FACE_OUTER_BOUND('',#178,.T.);
#102=FACE_OUTER_BOUND('',#179,.T.);
#103=FACE_OUTER_BOUND('',#180,.T.);
#104=FACE_OUTER_BOUND('',#181,.T.);
#105=FACE_OUTER_BOUND('',#182,.T.);
#106=FACE_OUTER_BOUND('',#183,.T.);
#107=FACE_OUTER_BOUND('',#184,.T.);
#108=FACE_OUTER_BOUND('',#185,.T.);
#109=FACE_OUTER_BOUND('',#186,.T.);
#110=FACE_OUTER_BOUND('',#187,.T.);
#111=FACE_OUTER_BOUND('',#189,.T.);
#112=FACE_OUTER_BOUND('',#190,.T.);
#113=FACE_OUTER_BOUND('',#191,.T.);
#114=FACE_OUTER_BOUND('',#192,.T.);
#115=FACE_OUTER_BOUND('',#193,.T.);
#116=FACE_OUTER_BOUND('',#194,.T.);
#117=FACE_OUTER_BOUND('',#195,.T.);
#118=FACE_OUTER_BOUND('',#196,.T.);
#119=FACE_OUTER_BOUND('',#197,.T.);
#120=FACE_OUTER_BOUND('',#198,.T.);
#121=FACE_OUTER_BOUND('',#199,.T.);
#122=FACE_OUTER_BOUND('',#200,.T.);
#123=FACE_OUTER_BOUND('',#201,.T.);
#124=FACE_OUTER_BOUND('',#202,.T.);
#125=FACE_OUTER_BOUND('',#203,.T.);
#126=FACE_OUTER_BOUND('',#204,.T.);
#127=FACE_OUTER_BOUND('',#205,.T.);
#128=FACE_OUTER_BOUND('',#206,.T.);
#129=FACE_OUTER_BOUND('',#207,.T.);
#130=FACE_OUTER_BOUND('',#208,.T.);
#131=FACE_OUTER_BOUND('',#209,.T.);
#132=FACE_OUTER_BOUND('',#210,.T.);
#133=FACE_OUTER_BOUND('',#211,.T.);
#134=FACE_OUTER_BOUND('',#212,.T.);
#135=FACE_OUTER_BOUND('',#213,.T.);
#136=FACE_OUTER_BOUND('',#214,.T.);
#137=FACE_OUTER_BOUND('',#220,.T.);
#138=FACE_OUTER_BOUND('',#221,.T.);
#139=FACE_OUTER_BOUND('',#222,.T.);
#140=FACE_OUTER_BOUND('',#223,.T.);
#141=FACE_OUTER_BOUND('',#224,.T.);
#142=FACE_OUTER_BOUND('',#225,.T.);
#143=FACE_OUTER_BOUND('',#226,.T.);
#144=FACE_OUTER_BOUND('',#227,.T.);
#145=FACE_OUTER_BOUND('',#228,.T.);
#146=EDGE_LOOP('',(#843,#844,#845,#846,#847,#848,#849,#850));
#147=EDGE_LOOP('',(#851,#852,#853,#854));
#148=EDGE_LOOP('',(#855,#856,#857,#858));
#149=EDGE_LOOP('',(#859,#860,#861,#862));
#150=EDGE_LOOP('',(#863,#864,#865,#866));
#151=EDGE_LOOP('',(#867,#868,#869,#870,#871,#872,#873,#874,#875,#876,#877,
#878));
#152=EDGE_LOOP('',(#879,#880,#881));
#153=EDGE_LOOP('',(#882,#883,#884,#885));
#154=EDGE_LOOP('',(#886,#887,#888,#889,#890,#891,#892,#893,#894,#895,#896,
#897));
#155=EDGE_LOOP('',(#898,#899,#900));
#156=EDGE_LOOP('',(#901,#902,#903,#904));
#157=EDGE_LOOP('',(#905));
#158=EDGE_LOOP('',(#906,#907,#908,#909));
#159=EDGE_LOOP('',(#910,#911,#912,#913));
#160=EDGE_LOOP('',(#914,#915,#916,#917));
#161=EDGE_LOOP('',(#918,#919,#920,#921));
#162=EDGE_LOOP('',(#922,#923,#924,#925));
#163=EDGE_LOOP('',(#926,#927,#928,#929,#930,#931));
#164=EDGE_LOOP('',(#932,#933,#934,#935,#936,#937));
#165=EDGE_LOOP('',(#938,#939,#940,#941,#942,#943,#944,#945,#946,#947));
#166=EDGE_LOOP('',(#948,#949,#950,#951,#952,#953));
#167=EDGE_LOOP('',(#954,#955,#956,#957));
#168=EDGE_LOOP('',(#958,#959,#960,#961,#962,#963,#964,#965));
#169=EDGE_LOOP('',(#966));
#170=EDGE_LOOP('',(#967));
#171=EDGE_LOOP('',(#968,#969,#970,#971,#972,#973,#974,#975));
#172=EDGE_LOOP('',(#976));
#173=EDGE_LOOP('',(#977));
#174=EDGE_LOOP('',(#978,#979,#980,#981));
#175=EDGE_LOOP('',(#982,#983,#984,#985));
#176=EDGE_LOOP('',(#986,#987,#988,#989));
#177=EDGE_LOOP('',(#990,#991,#992,#993));
#178=EDGE_LOOP('',(#994,#995,#996,#997));
#179=EDGE_LOOP('',(#998,#999,#1000,#1001));
#180=EDGE_LOOP('',(#1002,#1003,#1004,#1005));
#181=EDGE_LOOP('',(#1006,#1007,#1008,#1009,#1010));
#182=EDGE_LOOP('',(#1011,#1012,#1013,#1014));
#183=EDGE_LOOP('',(#1015,#1016,#1017,#1018));
#184=EDGE_LOOP('',(#1019,#1020,#1021,#1022,#1023,#1024,#1025,#1026,#1027,
#1028,#1029));
#185=EDGE_LOOP('',(#1030,#1031,#1032,#1033));
#186=EDGE_LOOP('',(#1034,#1035,#1036,#1037));
#187=EDGE_LOOP('',(#1038,#1039,#1040,#1041,#1042,#1043,#1044,#1045,#1046,
#1047));
#188=EDGE_LOOP('',(#1048,#1049,#1050,#1051,#1052,#1053,#1054,#1055,#1056,
#1057,#1058));
#189=EDGE_LOOP('',(#1059,#1060,#1061,#1062));
#190=EDGE_LOOP('',(#1063,#1064,#1065,#1066));
#191=EDGE_LOOP('',(#1067,#1068,#1069,#1070));
#192=EDGE_LOOP('',(#1071,#1072,#1073,#1074));
#193=EDGE_LOOP('',(#1075,#1076,#1077,#1078));
#194=EDGE_LOOP('',(#1079,#1080,#1081,#1082,#1083));
#195=EDGE_LOOP('',(#1084,#1085,#1086,#1087));
#196=EDGE_LOOP('',(#1088,#1089,#1090,#1091,#1092,#1093,#1094));
#197=EDGE_LOOP('',(#1095,#1096,#1097,#1098,#1099));
#198=EDGE_LOOP('',(#1100,#1101,#1102,#1103));
#199=EDGE_LOOP('',(#1104,#1105,#1106,#1107,#1108,#1109,#1110,#1111));
#200=EDGE_LOOP('',(#1112));
#201=EDGE_LOOP('',(#1113));
#202=EDGE_LOOP('',(#1114,#1115,#1116,#1117));
#203=EDGE_LOOP('',(#1118));
#204=EDGE_LOOP('',(#1119));
#205=EDGE_LOOP('',(#1120,#1121,#1122,#1123));
#206=EDGE_LOOP('',(#1124,#1125,#1126,#1127));
#207=EDGE_LOOP('',(#1128,#1129,#1130,#1131));
#208=EDGE_LOOP('',(#1132,#1133,#1134,#1135,#1136,#1137,#1138,#1139));
#209=EDGE_LOOP('',(#1140,#1141,#1142,#1143));
#210=EDGE_LOOP('',(#1144,#1145,#1146,#1147,#1148,#1149));
#211=EDGE_LOOP('',(#1150,#1151,#1152,#1153));
#212=EDGE_LOOP('',(#1154,#1155,#1156,#1157));
#213=EDGE_LOOP('',(#1158,#1159,#1160,#1161));
#214=EDGE_LOOP('',(#1162,#1163,#1164,#1165));
#215=EDGE_LOOP('',(#1166));
#216=EDGE_LOOP('',(#1167));
#217=EDGE_LOOP('',(#1168));
#218=EDGE_LOOP('',(#1169));
#219=EDGE_LOOP('',(#1170));
#220=EDGE_LOOP('',(#1171,#1172,#1173,#1174));
#221=EDGE_LOOP('',(#1175,#1176,#1177,#1178));
#222=EDGE_LOOP('',(#1179,#1180,#1181,#1182));
#223=EDGE_LOOP('',(#1183,#1184,#1185,#1186));
#224=EDGE_LOOP('',(#1187,#1188,#1189,#1190));
#225=EDGE_LOOP('',(#1191,#1192,#1193,#1194));
#226=EDGE_LOOP('',(#1195,#1196,#1197,#1198));
#227=EDGE_LOOP('',(#1199,#1200,#1201,#1202));
#228=EDGE_LOOP('',(#1203));
#229=EDGE_LOOP('',(#1204));
#230=EDGE_LOOP('',(#1205));
#231=EDGE_LOOP('',(#1206));
#232=EDGE_LOOP('',(#1207));
#233=EDGE_LOOP('',(#1208));
#234=B_SPLINE_CURVE_WITH_KNOTS('',3,(#1834,#1835,#1836,#1837),
 .UNSPECIFIED.,.F.,.F.,(4,4),(0.,0.121396364125942),.UNSPECIFIED.);
#235=B_SPLINE_CURVE_WITH_KNOTS('',3,(#1841,#1842,#1843,#1844),
 .UNSPECIFIED.,.F.,.F.,(4,4),(2.95730806287179,3.07870442699773),
 .UNSPECIFIED.);
#236=LINE('',#1832,#358);
#237=LINE('',#1839,#359);
#238=LINE('',#1846,#360);
#239=LINE('',#1849,#361);
#240=LINE('',#1852,#362);
#241=LINE('',#1854,#363);
#242=LINE('',#1855,#364);
#243=LINE('',#1861,#365);
#244=LINE('',#1867,#366);
#245=LINE('',#1870,#367);
#246=LINE('',#1873,#368);
#247=LINE('',#1875,#369);
#248=LINE('',#1876,#370);
#249=LINE('',#1879,#371);
#250=LINE('',#1881,#372);
#251=LINE('',#1882,#373);
#252=LINE('',#1884,#374);
#253=LINE('',#1886,#375);
#254=LINE('',#1888,#376);
#255=LINE('',#1889,#377);
#256=LINE('',#1892,#378);
#257=LINE('',#1894,#379);
#258=LINE('',#1895,#380);
#259=LINE('',#1898,#381);
#260=LINE('',#1899,#382);
#261=LINE('',#1902,#383);
#262=LINE('',#1904,#384);
#263=LINE('',#1905,#385);
#264=LINE('',#1907,#386);
#265=LINE('',#1909,#387);
#266=LINE('',#1910,#388);
#267=LINE('',#1913,#389);
#268=LINE('',#1915,#390);
#269=LINE('',#1916,#391);
#270=LINE('',#1923,#392);
#271=LINE('',#1924,#393);
#272=LINE('',#1926,#394);
#273=LINE('',#1927,#395);
#274=LINE('',#1929,#396);
#275=LINE('',#1936,#397);
#276=LINE('',#1939,#398);
#277=LINE('',#1944,#399);
#278=LINE('',#1948,#400);
#279=LINE('',#1953,#401);
#280=LINE('',#1955,#402);
#281=LINE('',#1957,#403);
#282=LINE('',#1958,#404);
#283=LINE('',#1959,#405);
#284=LINE('',#1962,#406);
#285=LINE('',#1964,#407);
#286=LINE('',#1966,#408);
#287=LINE('',#1968,#409);
#288=LINE('',#1970,#410);
#289=LINE('',#1972,#411);
#290=LINE('',#1974,#412);
#291=LINE('',#1975,#413);
#292=LINE('',#1979,#414);
#293=LINE('',#1981,#415);
#294=LINE('',#1982,#416);
#295=LINE('',#1984,#417);
#296=LINE('',#1985,#418);
#297=LINE('',#1987,#419);
#298=LINE('',#1992,#420);
#299=LINE('',#1996,#421);
#300=LINE('',#2000,#422);
#301=LINE('',#2007,#423);
#302=LINE('',#2009,#424);
#303=LINE('',#2011,#425);
#304=LINE('',#2013,#426);
#305=LINE('',#2015,#427);
#306=LINE('',#2016,#428);
#307=LINE('',#2022,#429);
#308=LINE('',#2023,#430);
#309=LINE('',#2025,#431);
#310=LINE('',#2027,#432);
#311=LINE('',#2031,#433);
#312=LINE('',#2033,#434);
#313=LINE('',#2034,#435);
#314=LINE('',#2037,#436);
#315=LINE('',#2041,#437);
#316=LINE('',#2042,#438);
#317=LINE('',#2050,#439);
#318=LINE('',#2053,#440);
#319=LINE('',#2056,#441);
#320=LINE('',#2058,#442);
#321=LINE('',#2059,#443);
#322=LINE('',#2062,#444);
#323=LINE('',#2068,#445);
#324=LINE('',#2072,#446);
#325=LINE('',#2076,#447);
#326=LINE('',#2080,#448);
#327=LINE('',#2083,#449);
#328=LINE('',#2086,#450);
#329=LINE('',#2087,#451);
#330=LINE('',#2089,#452);
#331=LINE('',#2091,#453);
#332=LINE('',#2095,#454);
#333=LINE('',#2099,#455);
#334=LINE('',#2102,#456);
#335=LINE('',#2107,#457);
#336=LINE('',#2110,#458);
#337=LINE('',#2111,#459);
#338=LINE('',#2113,#460);
#339=LINE('',#2116,#461);
#340=LINE('',#2118,#462);
#341=LINE('',#2120,#463);
#342=LINE('',#2126,#464);
#343=LINE('',#2130,#465);
#344=LINE('',#2134,#466);
#345=LINE('',#2135,#467);
#346=LINE('',#2143,#468);
#347=LINE('',#2151,#469);
#348=LINE('',#2153,#470);
#349=LINE('',#2158,#471);
#350=LINE('',#2161,#472);
#351=LINE('',#2163,#473);
#352=LINE('',#2183,#474);
#353=LINE('',#2187,#475);
#354=LINE('',#2191,#476);
#355=LINE('',#2195,#477);
#356=LINE('',#2199,#478);
#357=LINE('',#2203,#479);
#358=VECTOR('',#1452,10.);
#359=VECTOR('',#1453,10.);
#360=VECTOR('',#1454,10.);
#361=VECTOR('',#1457,10.);
#362=VECTOR('',#1460,10.);
#363=VECTOR('',#1461,10.);
#364=VECTOR('',#1462,10.);
#365=VECTOR('',#1469,10.);
#366=VECTOR('',#1474,10.);
#367=VECTOR('',#1477,10.);
#368=VECTOR('',#1480,10.);
#369=VECTOR('',#1481,10.);
#370=VECTOR('',#1482,10.);
#371=VECTOR('',#1485,10.);
#372=VECTOR('',#1486,10.);
#373=VECTOR('',#1487,10.);
#374=VECTOR('',#1488,10.);
#375=VECTOR('',#1489,10.);
#376=VECTOR('',#1490,10.);
#377=VECTOR('',#1491,10.);
#378=VECTOR('',#1492,10.);
#379=VECTOR('',#1493,10.);
#380=VECTOR('',#1494,10.);
#381=VECTOR('',#1497,10.);
#382=VECTOR('',#1498,10.);
#383=VECTOR('',#1501,10.);
#384=VECTOR('',#1502,10.);
#385=VECTOR('',#1503,10.);
#386=VECTOR('',#1504,10.);
#387=VECTOR('',#1505,10.);
#388=VECTOR('',#1506,10.);
#389=VECTOR('',#1507,10.);
#390=VECTOR('',#1508,10.);
#391=VECTOR('',#1509,10.);
#392=VECTOR('',#1518,10.);
#393=VECTOR('',#1519,10.);
#394=VECTOR('',#1522,10.);
#395=VECTOR('',#1523,10.);
#396=VECTOR('',#1526,10.);
#397=VECTOR('',#1533,10.);
#398=VECTOR('',#1536,10.);
#399=VECTOR('',#1541,10.);
#400=VECTOR('',#1544,10.);
#401=VECTOR('',#1549,10.);
#402=VECTOR('',#1550,10.);
#403=VECTOR('',#1551,10.);
#404=VECTOR('',#1552,10.);
#405=VECTOR('',#1553,10.);
#406=VECTOR('',#1556,10.);
#407=VECTOR('',#1557,10.);
#408=VECTOR('',#1558,10.);
#409=VECTOR('',#1559,10.);
#410=VECTOR('',#1560,10.);
#411=VECTOR('',#1561,10.);
#412=VECTOR('',#1562,10.);
#413=VECTOR('',#1563,10.);
#414=VECTOR('',#1566,10.);
#415=VECTOR('',#1567,10.);
#416=VECTOR('',#1568,10.);
#417=VECTOR('',#1569,10.);
#418=VECTOR('',#1570,10.);
#419=VECTOR('',#1573,10.);
#420=VECTOR('',#1578,10.);
#421=VECTOR('',#1581,10.);
#422=VECTOR('',#1584,10.);
#423=VECTOR('',#1591,10.);
#424=VECTOR('',#1592,10.);
#425=VECTOR('',#1593,10.);
#426=VECTOR('',#1594,10.);
#427=VECTOR('',#1595,10.);
#428=VECTOR('',#1596,10.);
#429=VECTOR('',#1603,10.);
#430=VECTOR('',#1604,10.);
#431=VECTOR('',#1607,10.);
#432=VECTOR('',#1610,10.);
#433=VECTOR('',#1615,10.);
#434=VECTOR('',#1616,10.);
#435=VECTOR('',#1617,10.);
#436=VECTOR('',#1620,10.);
#437=VECTOR('',#1625,10.);
#438=VECTOR('',#1626,10.);
#439=VECTOR('',#1635,10.);
#440=VECTOR('',#1638,10.);
#441=VECTOR('',#1641,10.);
#442=VECTOR('',#1642,10.);
#443=VECTOR('',#1643,10.);
#444=VECTOR('',#1646,10.);
#445=VECTOR('',#1651,10.);
#446=VECTOR('',#1654,10.);
#447=VECTOR('',#1657,10.);
#448=VECTOR('',#1662,10.);
#449=VECTOR('',#1665,10.);
#450=VECTOR('',#1668,10.);
#451=VECTOR('',#1669,10.);
#452=VECTOR('',#1672,10.);
#453=VECTOR('',#1673,10.);
#454=VECTOR('',#1676,10.);
#455=VECTOR('',#1679,10.);
#456=VECTOR('',#1682,10.);
#457=VECTOR('',#1687,10.);
#458=VECTOR('',#1692,10.);
#459=VECTOR('',#1693,10.);
#460=VECTOR('',#1696,10.);
#461=VECTOR('',#1701,10.);
#462=VECTOR('',#1704,10.);
#463=VECTOR('',#1707,10.);
#464=VECTOR('',#1716,10.);
#465=VECTOR('',#1721,10.);
#466=VECTOR('',#1728,10.);
#467=VECTOR('',#1729,10.);
#468=VECTOR('',#1740,1.45000000000001);
#469=VECTOR('',#1751,1.45);
#470=VECTOR('',#1754,10.);
#471=VECTOR('',#1763,10.);
#472=VECTOR('',#1768,1.45);
#473=VECTOR('',#1771,1.45000000000001);
#474=VECTOR('',#1796,10.15);
#475=VECTOR('',#1801,1.2645);
#476=VECTOR('',#1806,1.5);
#477=VECTOR('',#1811,1.2645);
#478=VECTOR('',#1816,1.2645);
#479=VECTOR('',#1821,1.2645);
#480=CIRCLE('',#1319,20.);
#481=CIRCLE('',#1320,20.);
#482=CIRCLE('',#1323,10.);
#483=CIRCLE('',#1324,10.);
#484=CIRCLE('',#1326,10.);
#485=CIRCLE('',#1327,10.);
#486=CIRCLE('',#1333,15.);
#487=CIRCLE('',#1334,11.15);
#488=CIRCLE('',#1340,4.843248002828);
#489=CIRCLE('',#1341,4.843248002828);
#490=CIRCLE('',#1343,6.8779370089244);
#491=CIRCLE('',#1344,6.8779370089244);
#492=CIRCLE('',#1345,6.8779370089244);
#493=CIRCLE('',#1351,5.);
#494=CIRCLE('',#1352,5.);
#495=CIRCLE('',#1353,5.);
#496=CIRCLE('',#1354,5.);
#497=CIRCLE('',#1355,1.45);
#498=CIRCLE('',#1356,1.45000000000001);
#499=CIRCLE('',#1357,1.45);
#500=CIRCLE('',#1358,1.45000000000001);
#501=CIRCLE('',#1365,5.);
#502=CIRCLE('',#1368,5.);
#503=CIRCLE('',#1370,5.);
#504=CIRCLE('',#1371,5.);
#505=CIRCLE('',#1374,7.843248002828);
#506=CIRCLE('',#1375,9.87793700892435);
#507=CIRCLE('',#1376,5.);
#508=CIRCLE('',#1377,5.);
#509=CIRCLE('',#1378,5.);
#510=CIRCLE('',#1380,5.);
#511=CIRCLE('',#1383,5.);
#512=CIRCLE('',#1384,5.);
#513=CIRCLE('',#1385,5.);
#514=CIRCLE('',#1386,9.87793700892441);
#515=CIRCLE('',#1387,7.843248002828);
#516=CIRCLE('',#1388,5.);
#517=CIRCLE('',#1397,7.843248002828);
#518=CIRCLE('',#1398,9.87793700892441);
#519=CIRCLE('',#1400,7.843248002828);
#520=CIRCLE('',#1401,9.87793700892441);
#521=CIRCLE('',#1405,1.45);
#522=CIRCLE('',#1407,1.45000000000001);
#523=CIRCLE('',#1410,1.45000000000001);
#524=CIRCLE('',#1412,1.45);
#525=CIRCLE('',#1423,15.);
#526=CIRCLE('',#1424,1.2645);
#527=CIRCLE('',#1425,1.2645);
#528=CIRCLE('',#1426,1.2645);
#529=CIRCLE('',#1427,1.5);
#530=CIRCLE('',#1428,1.2645);
#531=CIRCLE('',#1431,1.);
#532=CIRCLE('',#1432,10.15);
#533=CIRCLE('',#1434,10.15);
#534=CIRCLE('',#1436,1.2645);
#535=CIRCLE('',#1438,1.5);
#536=CIRCLE('',#1440,1.2645);
#537=CIRCLE('',#1442,1.2645);
#538=CIRCLE('',#1444,1.2645);
#539=VERTEX_POINT('',#1828);
#540=VERTEX_POINT('',#1829);
#541=VERTEX_POINT('',#1831);
#542=VERTEX_POINT('',#1833);
#543=VERTEX_POINT('',#1838);
#544=VERTEX_POINT('',#1840);
#545=VERTEX_POINT('',#1845);
#546=VERTEX_POINT('',#1847);
#547=VERTEX_POINT('',#1851);
#548=VERTEX_POINT('',#1853);
#549=VERTEX_POINT('',#1857);
#550=VERTEX_POINT('',#1859);
#551=VERTEX_POINT('',#1863);
#552=VERTEX_POINT('',#1864);
#553=VERTEX_POINT('',#1866);
#554=VERTEX_POINT('',#1868);
#555=VERTEX_POINT('',#1872);
#556=VERTEX_POINT('',#1874);
#557=VERTEX_POINT('',#1878);
#558=VERTEX_POINT('',#1880);
#559=VERTEX_POINT('',#1883);
#560=VERTEX_POINT('',#1885);
#561=VERTEX_POINT('',#1887);
#562=VERTEX_POINT('',#1890);
#563=VERTEX_POINT('',#1891);
#564=VERTEX_POINT('',#1893);
#565=VERTEX_POINT('',#1897);
#566=VERTEX_POINT('',#1901);
#567=VERTEX_POINT('',#1903);
#568=VERTEX_POINT('',#1906);
#569=VERTEX_POINT('',#1908);
#570=VERTEX_POINT('',#1911);
#571=VERTEX_POINT('',#1912);
#572=VERTEX_POINT('',#1914);
#573=VERTEX_POINT('',#1919);
#574=VERTEX_POINT('',#1922);
#575=VERTEX_POINT('',#1932);
#576=VERTEX_POINT('',#1933);
#577=VERTEX_POINT('',#1935);
#578=VERTEX_POINT('',#1937);
#579=VERTEX_POINT('',#1941);
#580=VERTEX_POINT('',#1943);
#581=VERTEX_POINT('',#1945);
#582=VERTEX_POINT('',#1947);
#583=VERTEX_POINT('',#1951);
#584=VERTEX_POINT('',#1952);
#585=VERTEX_POINT('',#1954);
#586=VERTEX_POINT('',#1956);
#587=VERTEX_POINT('',#1961);
#588=VERTEX_POINT('',#1963);
#589=VERTEX_POINT('',#1965);
#590=VERTEX_POINT('',#1967);
#591=VERTEX_POINT('',#1969);
#592=VERTEX_POINT('',#1971);
#593=VERTEX_POINT('',#1973);
#594=VERTEX_POINT('',#1977);
#595=VERTEX_POINT('',#1978);
#596=VERTEX_POINT('',#1980);
#597=VERTEX_POINT('',#1983);
#598=VERTEX_POINT('',#1989);
#599=VERTEX_POINT('',#1991);
#600=VERTEX_POINT('',#1993);
#601=VERTEX_POINT('',#1995);
#602=VERTEX_POINT('',#1997);
#603=VERTEX_POINT('',#1999);
#604=VERTEX_POINT('',#2002);
#605=VERTEX_POINT('',#2004);
#606=VERTEX_POINT('',#2006);
#607=VERTEX_POINT('',#2008);
#608=VERTEX_POINT('',#2010);
#609=VERTEX_POINT('',#2012);
#610=VERTEX_POINT('',#2014);
#611=VERTEX_POINT('',#2017);
#612=VERTEX_POINT('',#2019);
#613=VERTEX_POINT('',#2030);
#614=VERTEX_POINT('',#2032);
#615=VERTEX_POINT('',#2036);
#616=VERTEX_POINT('',#2040);
#617=VERTEX_POINT('',#2046);
#618=VERTEX_POINT('',#2047);
#619=VERTEX_POINT('',#2049);
#620=VERTEX_POINT('',#2051);
#621=VERTEX_POINT('',#2055);
#622=VERTEX_POINT('',#2057);
#623=VERTEX_POINT('',#2061);
#624=VERTEX_POINT('',#2063);
#625=VERTEX_POINT('',#2065);
#626=VERTEX_POINT('',#2067);
#627=VERTEX_POINT('',#2069);
#628=VERTEX_POINT('',#2071);
#629=VERTEX_POINT('',#2073);
#630=VERTEX_POINT('',#2075);
#631=VERTEX_POINT('',#2079);
#632=VERTEX_POINT('',#2081);
#633=VERTEX_POINT('',#2085);
#634=VERTEX_POINT('',#2090);
#635=VERTEX_POINT('',#2092);
#636=VERTEX_POINT('',#2094);
#637=VERTEX_POINT('',#2097);
#638=VERTEX_POINT('',#2098);
#639=VERTEX_POINT('',#2100);
#640=VERTEX_POINT('',#2103);
#641=VERTEX_POINT('',#2105);
#642=VERTEX_POINT('',#2123);
#643=VERTEX_POINT('',#2128);
#644=VERTEX_POINT('',#2137);
#645=VERTEX_POINT('',#2140);
#646=VERTEX_POINT('',#2145);
#647=VERTEX_POINT('',#2148);
#648=VERTEX_POINT('',#2166);
#649=VERTEX_POINT('',#2168);
#650=VERTEX_POINT('',#2170);
#651=VERTEX_POINT('',#2172);
#652=VERTEX_POINT('',#2174);
#653=VERTEX_POINT('',#2178);
#654=VERTEX_POINT('',#2182);
#655=VERTEX_POINT('',#2186);
#656=VERTEX_POINT('',#2190);
#657=VERTEX_POINT('',#2194);
#658=VERTEX_POINT('',#2198);
#659=VERTEX_POINT('',#2202);
#660=EDGE_CURVE('',#539,#540,#480,.F.);
#661=EDGE_CURVE('',#539,#541,#236,.T.);
#662=EDGE_CURVE('',#542,#541,#234,.F.);
#663=EDGE_CURVE('',#542,#543,#237,.T.);
#664=EDGE_CURVE('',#543,#544,#235,.T.);
#665=EDGE_CURVE('',#545,#544,#238,.F.);
#666=EDGE_CURVE('',#545,#546,#481,.T.);
#667=EDGE_CURVE('',#546,#540,#239,.T.);
#668=EDGE_CURVE('',#547,#546,#240,.T.);
#669=EDGE_CURVE('',#548,#547,#241,.T.);
#670=EDGE_CURVE('',#540,#548,#242,.T.);
#671=EDGE_CURVE('',#549,#548,#482,.T.);
#672=EDGE_CURVE('',#547,#550,#483,.T.);
#673=EDGE_CURVE('',#550,#549,#243,.T.);
#674=EDGE_CURVE('',#551,#552,#484,.T.);
#675=EDGE_CURVE('',#552,#553,#244,.T.);
#676=EDGE_CURVE('',#553,#554,#485,.T.);
#677=EDGE_CURVE('',#554,#551,#245,.T.);
#678=EDGE_CURVE('',#555,#554,#246,.T.);
#679=EDGE_CURVE('',#556,#555,#247,.T.);
#680=EDGE_CURVE('',#551,#556,#248,.T.);
#681=EDGE_CURVE('',#557,#553,#249,.T.);
#682=EDGE_CURVE('',#557,#558,#250,.T.);
#683=EDGE_CURVE('',#558,#550,#251,.T.);
#684=EDGE_CURVE('',#559,#545,#252,.T.);
#685=EDGE_CURVE('',#560,#559,#253,.T.);
#686=EDGE_CURVE('',#560,#561,#254,.T.);
#687=EDGE_CURVE('',#561,#555,#255,.T.);
#688=EDGE_CURVE('',#562,#563,#256,.T.);
#689=EDGE_CURVE('',#563,#564,#257,.T.);
#690=EDGE_CURVE('',#564,#562,#258,.T.);
#691=EDGE_CURVE('',#556,#565,#259,.T.);
#692=EDGE_CURVE('',#565,#561,#260,.T.);
#693=EDGE_CURVE('',#565,#566,#261,.T.);
#694=EDGE_CURVE('',#566,#567,#262,.T.);
#695=EDGE_CURVE('',#567,#539,#263,.T.);
#696=EDGE_CURVE('',#549,#568,#264,.T.);
#697=EDGE_CURVE('',#569,#568,#265,.T.);
#698=EDGE_CURVE('',#569,#552,#266,.T.);
#699=EDGE_CURVE('',#570,#571,#267,.T.);
#700=EDGE_CURVE('',#571,#572,#268,.T.);
#701=EDGE_CURVE('',#570,#572,#269,.T.);
#702=EDGE_CURVE('',#569,#557,#486,.T.);
#703=EDGE_CURVE('',#573,#573,#487,.T.);
#704=EDGE_CURVE('',#567,#574,#270,.T.);
#705=EDGE_CURVE('',#541,#574,#271,.T.);
#706=EDGE_CURVE('',#563,#572,#272,.T.);
#707=EDGE_CURVE('',#562,#570,#273,.T.);
#708=EDGE_CURVE('',#571,#564,#274,.T.);
#709=EDGE_CURVE('',#575,#576,#488,.T.);
#710=EDGE_CURVE('',#576,#577,#275,.T.);
#711=EDGE_CURVE('',#577,#578,#489,.T.);
#712=EDGE_CURVE('',#575,#578,#276,.T.);
#713=EDGE_CURVE('',#576,#579,#490,.T.);
#714=EDGE_CURVE('',#579,#580,#277,.T.);
#715=EDGE_CURVE('',#581,#580,#491,.T.);
#716=EDGE_CURVE('',#582,#581,#278,.T.);
#717=EDGE_CURVE('',#582,#577,#492,.T.);
#718=EDGE_CURVE('',#583,#584,#279,.T.);
#719=EDGE_CURVE('',#585,#583,#280,.T.);
#720=EDGE_CURVE('',#586,#585,#281,.T.);
#721=EDGE_CURVE('',#580,#586,#282,.T.);
#722=EDGE_CURVE('',#584,#579,#283,.T.);
#723=EDGE_CURVE('',#586,#587,#284,.T.);
#724=EDGE_CURVE('',#587,#588,#285,.T.);
#725=EDGE_CURVE('',#588,#589,#286,.T.);
#726=EDGE_CURVE('',#589,#590,#287,.T.);
#727=EDGE_CURVE('',#590,#591,#288,.T.);
#728=EDGE_CURVE('',#591,#592,#289,.T.);
#729=EDGE_CURVE('',#592,#593,#290,.T.);
#730=EDGE_CURVE('',#593,#581,#291,.T.);
#731=EDGE_CURVE('',#594,#595,#292,.T.);
#732=EDGE_CURVE('',#596,#594,#293,.T.);
#733=EDGE_CURVE('',#588,#596,#294,.T.);
#734=EDGE_CURVE('',#597,#587,#295,.T.);
#735=EDGE_CURVE('',#595,#597,#296,.T.);
#736=EDGE_CURVE('',#560,#566,#297,.T.);
#737=EDGE_CURVE('',#598,#542,#493,.T.);
#738=EDGE_CURVE('',#599,#598,#298,.T.);
#739=EDGE_CURVE('',#600,#599,#494,.T.);
#740=EDGE_CURVE('',#601,#600,#299,.T.);
#741=EDGE_CURVE('',#602,#601,#495,.T.);
#742=EDGE_CURVE('',#603,#602,#300,.T.);
#743=EDGE_CURVE('',#543,#603,#496,.T.);
#744=EDGE_CURVE('',#604,#604,#497,.T.);
#745=EDGE_CURVE('',#605,#605,#498,.T.);
#746=EDGE_CURVE('',#606,#582,#301,.T.);
#747=EDGE_CURVE('',#607,#606,#302,.T.);
#748=EDGE_CURVE('',#608,#607,#303,.T.);
#749=EDGE_CURVE('',#609,#608,#304,.T.);
#750=EDGE_CURVE('',#610,#609,#305,.T.);
#751=EDGE_CURVE('',#578,#610,#306,.T.);
#752=EDGE_CURVE('',#611,#611,#499,.T.);
#753=EDGE_CURVE('',#612,#612,#500,.T.);
#754=EDGE_CURVE('',#608,#591,#307,.T.);
#755=EDGE_CURVE('',#590,#609,#308,.T.);
#756=EDGE_CURVE('',#592,#607,#309,.T.);
#757=EDGE_CURVE('',#606,#593,#310,.T.);
#758=EDGE_CURVE('',#613,#600,#311,.T.);
#759=EDGE_CURVE('',#613,#614,#312,.T.);
#760=EDGE_CURVE('',#601,#614,#313,.T.);
#761=EDGE_CURVE('',#599,#615,#314,.T.);
#762=EDGE_CURVE('',#615,#613,#501,.T.);
#763=EDGE_CURVE('',#616,#598,#315,.T.);
#764=EDGE_CURVE('',#616,#615,#316,.T.);
#765=EDGE_CURVE('',#574,#616,#502,.T.);
#766=EDGE_CURVE('',#617,#618,#503,.T.);
#767=EDGE_CURVE('',#618,#619,#317,.T.);
#768=EDGE_CURVE('',#619,#620,#504,.F.);
#769=EDGE_CURVE('',#620,#617,#318,.T.);
#770=EDGE_CURVE('',#621,#618,#319,.T.);
#771=EDGE_CURVE('',#622,#621,#320,.T.);
#772=EDGE_CURVE('',#619,#622,#321,.T.);
#773=EDGE_CURVE('',#617,#623,#322,.T.);
#774=EDGE_CURVE('',#623,#624,#505,.T.);
#775=EDGE_CURVE('',#624,#625,#506,.T.);
#776=EDGE_CURVE('',#625,#626,#323,.T.);
#777=EDGE_CURVE('',#627,#626,#507,.T.);
#778=EDGE_CURVE('',#627,#628,#324,.T.);
#779=EDGE_CURVE('',#629,#628,#508,.T.);
#780=EDGE_CURVE('',#629,#630,#325,.T.);
#781=EDGE_CURVE('',#621,#630,#509,.T.);
#782=EDGE_CURVE('',#626,#631,#326,.T.);
#783=EDGE_CURVE('',#631,#632,#510,.F.);
#784=EDGE_CURVE('',#632,#627,#327,.T.);
#785=EDGE_CURVE('',#633,#625,#328,.T.);
#786=EDGE_CURVE('',#631,#633,#329,.T.);
#787=EDGE_CURVE('',#559,#567,#330,.T.);
#788=EDGE_CURVE('',#634,#559,#331,.T.);
#789=EDGE_CURVE('',#635,#634,#511,.T.);
#790=EDGE_CURVE('',#636,#635,#332,.T.);
#791=EDGE_CURVE('',#614,#636,#512,.T.);
#792=EDGE_CURVE('',#637,#638,#333,.T.);
#793=EDGE_CURVE('',#639,#638,#513,.F.);
#794=EDGE_CURVE('',#639,#632,#334,.T.);
#795=EDGE_CURVE('',#633,#640,#514,.T.);
#796=EDGE_CURVE('',#640,#641,#515,.T.);
#797=EDGE_CURVE('',#641,#620,#335,.T.);
#798=EDGE_CURVE('',#637,#622,#516,.F.);
#799=EDGE_CURVE('',#628,#639,#336,.T.);
#800=EDGE_CURVE('',#638,#629,#337,.T.);
#801=EDGE_CURVE('',#630,#637,#338,.T.);
#802=EDGE_CURVE('',#636,#602,#339,.T.);
#803=EDGE_CURVE('',#603,#635,#340,.T.);
#804=EDGE_CURVE('',#634,#544,#341,.T.);
#805=EDGE_CURVE('',#642,#594,#517,.T.);
#806=EDGE_CURVE('',#584,#642,#518,.T.);
#807=EDGE_CURVE('',#596,#575,#342,.T.);
#808=EDGE_CURVE('',#595,#643,#519,.T.);
#809=EDGE_CURVE('',#597,#585,#343,.T.);
#810=EDGE_CURVE('',#643,#583,#520,.T.);
#811=EDGE_CURVE('',#640,#642,#344,.T.);
#812=EDGE_CURVE('',#643,#624,#345,.T.);
#813=EDGE_CURVE('',#644,#644,#521,.T.);
#814=EDGE_CURVE('',#645,#645,#522,.T.);
#815=EDGE_CURVE('',#645,#612,#346,.T.);
#816=EDGE_CURVE('',#646,#646,#523,.T.);
#817=EDGE_CURVE('',#647,#647,#524,.T.);
#818=EDGE_CURVE('',#647,#604,#347,.T.);
#819=EDGE_CURVE('',#641,#623,#348,.T.);
#820=EDGE_CURVE('',#610,#589,#349,.T.);
#821=EDGE_CURVE('',#644,#611,#350,.T.);
#822=EDGE_CURVE('',#646,#605,#351,.T.);
#823=EDGE_CURVE('',#568,#558,#525,.T.);
#824=EDGE_CURVE('',#648,#648,#526,.T.);
#825=EDGE_CURVE('',#649,#649,#527,.T.);
#826=EDGE_CURVE('',#650,#650,#528,.T.);
#827=EDGE_CURVE('',#651,#651,#529,.T.);
#828=EDGE_CURVE('',#652,#652,#530,.T.);
#829=EDGE_CURVE('',#573,#653,#531,.T.);
#830=EDGE_CURVE('',#653,#653,#532,.T.);
#831=EDGE_CURVE('',#653,#654,#352,.T.);
#832=EDGE_CURVE('',#654,#654,#533,.T.);
#833=EDGE_CURVE('',#652,#655,#353,.T.);
#834=EDGE_CURVE('',#655,#655,#534,.T.);
#835=EDGE_CURVE('',#651,#656,#354,.T.);
#836=EDGE_CURVE('',#656,#656,#535,.T.);
#837=EDGE_CURVE('',#650,#657,#355,.T.);
#838=EDGE_CURVE('',#657,#657,#536,.T.);
#839=EDGE_CURVE('',#649,#658,#356,.T.);
#840=EDGE_CURVE('',#658,#658,#537,.T.);
#841=EDGE_CURVE('',#648,#659,#357,.T.);
#842=EDGE_CURVE('',#659,#659,#538,.T.);
#843=ORIENTED_EDGE('',*,*,#660,.F.);
#844=ORIENTED_EDGE('',*,*,#661,.T.);
#845=ORIENTED_EDGE('',*,*,#662,.F.);
#846=ORIENTED_EDGE('',*,*,#663,.T.);
#847=ORIENTED_EDGE('',*,*,#664,.T.);
#848=ORIENTED_EDGE('',*,*,#665,.F.);
#849=ORIENTED_EDGE('',*,*,#666,.T.);
#850=ORIENTED_EDGE('',*,*,#667,.T.);
#851=ORIENTED_EDGE('',*,*,#667,.F.);
#852=ORIENTED_EDGE('',*,*,#668,.F.);
#853=ORIENTED_EDGE('',*,*,#669,.F.);
#854=ORIENTED_EDGE('',*,*,#670,.F.);
#855=ORIENTED_EDGE('',*,*,#671,.T.);
#856=ORIENTED_EDGE('',*,*,#669,.T.);
#857=ORIENTED_EDGE('',*,*,#672,.T.);
#858=ORIENTED_EDGE('',*,*,#673,.T.);
#859=ORIENTED_EDGE('',*,*,#674,.T.);
#860=ORIENTED_EDGE('',*,*,#675,.T.);
#861=ORIENTED_EDGE('',*,*,#676,.T.);
#862=ORIENTED_EDGE('',*,*,#677,.T.);
#863=ORIENTED_EDGE('',*,*,#677,.F.);
#864=ORIENTED_EDGE('',*,*,#678,.F.);
#865=ORIENTED_EDGE('',*,*,#679,.F.);
#866=ORIENTED_EDGE('',*,*,#680,.F.);
#867=ORIENTED_EDGE('',*,*,#676,.F.);
#868=ORIENTED_EDGE('',*,*,#681,.F.);
#869=ORIENTED_EDGE('',*,*,#682,.T.);
#870=ORIENTED_EDGE('',*,*,#683,.T.);
#871=ORIENTED_EDGE('',*,*,#672,.F.);
#872=ORIENTED_EDGE('',*,*,#668,.T.);
#873=ORIENTED_EDGE('',*,*,#666,.F.);
#874=ORIENTED_EDGE('',*,*,#684,.F.);
#875=ORIENTED_EDGE('',*,*,#685,.F.);
#876=ORIENTED_EDGE('',*,*,#686,.T.);
#877=ORIENTED_EDGE('',*,*,#687,.T.);
#878=ORIENTED_EDGE('',*,*,#678,.T.);
#879=ORIENTED_EDGE('',*,*,#688,.T.);
#880=ORIENTED_EDGE('',*,*,#689,.T.);
#881=ORIENTED_EDGE('',*,*,#690,.T.);
#882=ORIENTED_EDGE('',*,*,#691,.F.);
#883=ORIENTED_EDGE('',*,*,#679,.T.);
#884=ORIENTED_EDGE('',*,*,#687,.F.);
#885=ORIENTED_EDGE('',*,*,#692,.F.);
#886=ORIENTED_EDGE('',*,*,#674,.F.);
#887=ORIENTED_EDGE('',*,*,#680,.T.);
#888=ORIENTED_EDGE('',*,*,#691,.T.);
#889=ORIENTED_EDGE('',*,*,#693,.T.);
#890=ORIENTED_EDGE('',*,*,#694,.T.);
#891=ORIENTED_EDGE('',*,*,#695,.T.);
#892=ORIENTED_EDGE('',*,*,#660,.T.);
#893=ORIENTED_EDGE('',*,*,#670,.T.);
#894=ORIENTED_EDGE('',*,*,#671,.F.);
#895=ORIENTED_EDGE('',*,*,#696,.T.);
#896=ORIENTED_EDGE('',*,*,#697,.F.);
#897=ORIENTED_EDGE('',*,*,#698,.T.);
#898=ORIENTED_EDGE('',*,*,#699,.T.);
#899=ORIENTED_EDGE('',*,*,#700,.T.);
#900=ORIENTED_EDGE('',*,*,#701,.F.);
#901=ORIENTED_EDGE('',*,*,#675,.F.);
#902=ORIENTED_EDGE('',*,*,#698,.F.);
#903=ORIENTED_EDGE('',*,*,#702,.T.);
#904=ORIENTED_EDGE('',*,*,#681,.T.);
#905=ORIENTED_EDGE('',*,*,#703,.F.);
#906=ORIENTED_EDGE('',*,*,#695,.F.);
#907=ORIENTED_EDGE('',*,*,#704,.T.);
#908=ORIENTED_EDGE('',*,*,#705,.F.);
#909=ORIENTED_EDGE('',*,*,#661,.F.);
#910=ORIENTED_EDGE('',*,*,#706,.F.);
#911=ORIENTED_EDGE('',*,*,#688,.F.);
#912=ORIENTED_EDGE('',*,*,#707,.T.);
#913=ORIENTED_EDGE('',*,*,#701,.T.);
#914=ORIENTED_EDGE('',*,*,#706,.T.);
#915=ORIENTED_EDGE('',*,*,#700,.F.);
#916=ORIENTED_EDGE('',*,*,#708,.T.);
#917=ORIENTED_EDGE('',*,*,#689,.F.);
#918=ORIENTED_EDGE('',*,*,#708,.F.);
#919=ORIENTED_EDGE('',*,*,#699,.F.);
#920=ORIENTED_EDGE('',*,*,#707,.F.);
#921=ORIENTED_EDGE('',*,*,#690,.F.);
#922=ORIENTED_EDGE('',*,*,#709,.T.);
#923=ORIENTED_EDGE('',*,*,#710,.T.);
#924=ORIENTED_EDGE('',*,*,#711,.T.);
#925=ORIENTED_EDGE('',*,*,#712,.F.);
#926=ORIENTED_EDGE('',*,*,#713,.T.);
#927=ORIENTED_EDGE('',*,*,#714,.T.);
#928=ORIENTED_EDGE('',*,*,#715,.F.);
#929=ORIENTED_EDGE('',*,*,#716,.F.);
#930=ORIENTED_EDGE('',*,*,#717,.T.);
#931=ORIENTED_EDGE('',*,*,#710,.F.);
#932=ORIENTED_EDGE('',*,*,#718,.F.);
#933=ORIENTED_EDGE('',*,*,#719,.F.);
#934=ORIENTED_EDGE('',*,*,#720,.F.);
#935=ORIENTED_EDGE('',*,*,#721,.F.);
#936=ORIENTED_EDGE('',*,*,#714,.F.);
#937=ORIENTED_EDGE('',*,*,#722,.F.);
#938=ORIENTED_EDGE('',*,*,#721,.T.);
#939=ORIENTED_EDGE('',*,*,#723,.T.);
#940=ORIENTED_EDGE('',*,*,#724,.T.);
#941=ORIENTED_EDGE('',*,*,#725,.T.);
#942=ORIENTED_EDGE('',*,*,#726,.T.);
#943=ORIENTED_EDGE('',*,*,#727,.T.);
#944=ORIENTED_EDGE('',*,*,#728,.T.);
#945=ORIENTED_EDGE('',*,*,#729,.T.);
#946=ORIENTED_EDGE('',*,*,#730,.T.);
#947=ORIENTED_EDGE('',*,*,#715,.T.);
#948=ORIENTED_EDGE('',*,*,#731,.F.);
#949=ORIENTED_EDGE('',*,*,#732,.F.);
#950=ORIENTED_EDGE('',*,*,#733,.F.);
#951=ORIENTED_EDGE('',*,*,#724,.F.);
#952=ORIENTED_EDGE('',*,*,#734,.F.);
#953=ORIENTED_EDGE('',*,*,#735,.F.);
#954=ORIENTED_EDGE('',*,*,#692,.T.);
#955=ORIENTED_EDGE('',*,*,#686,.F.);
#956=ORIENTED_EDGE('',*,*,#736,.T.);
#957=ORIENTED_EDGE('',*,*,#693,.F.);
#958=ORIENTED_EDGE('',*,*,#663,.F.);
#959=ORIENTED_EDGE('',*,*,#737,.F.);
#960=ORIENTED_EDGE('',*,*,#738,.F.);
#961=ORIENTED_EDGE('',*,*,#739,.F.);
#962=ORIENTED_EDGE('',*,*,#740,.F.);
#963=ORIENTED_EDGE('',*,*,#741,.F.);
#964=ORIENTED_EDGE('',*,*,#742,.F.);
#965=ORIENTED_EDGE('',*,*,#743,.F.);
#966=ORIENTED_EDGE('',*,*,#744,.F.);
#967=ORIENTED_EDGE('',*,*,#745,.F.);
#968=ORIENTED_EDGE('',*,*,#746,.F.);
#969=ORIENTED_EDGE('',*,*,#747,.F.);
#970=ORIENTED_EDGE('',*,*,#748,.F.);
#971=ORIENTED_EDGE('',*,*,#749,.F.);
#972=ORIENTED_EDGE('',*,*,#750,.F.);
#973=ORIENTED_EDGE('',*,*,#751,.F.);
#974=ORIENTED_EDGE('',*,*,#711,.F.);
#975=ORIENTED_EDGE('',*,*,#717,.F.);
#976=ORIENTED_EDGE('',*,*,#752,.F.);
#977=ORIENTED_EDGE('',*,*,#753,.F.);
#978=ORIENTED_EDGE('',*,*,#749,.T.);
#979=ORIENTED_EDGE('',*,*,#754,.T.);
#980=ORIENTED_EDGE('',*,*,#727,.F.);
#981=ORIENTED_EDGE('',*,*,#755,.T.);
#982=ORIENTED_EDGE('',*,*,#748,.T.);
#983=ORIENTED_EDGE('',*,*,#756,.F.);
#984=ORIENTED_EDGE('',*,*,#728,.F.);
#985=ORIENTED_EDGE('',*,*,#754,.F.);
#986=ORIENTED_EDGE('',*,*,#747,.T.);
#987=ORIENTED_EDGE('',*,*,#757,.T.);
#988=ORIENTED_EDGE('',*,*,#729,.F.);
#989=ORIENTED_EDGE('',*,*,#756,.T.);
#990=ORIENTED_EDGE('',*,*,#746,.T.);
#991=ORIENTED_EDGE('',*,*,#716,.T.);
#992=ORIENTED_EDGE('',*,*,#730,.F.);
#993=ORIENTED_EDGE('',*,*,#757,.F.);
#994=ORIENTED_EDGE('',*,*,#740,.T.);
#995=ORIENTED_EDGE('',*,*,#758,.F.);
#996=ORIENTED_EDGE('',*,*,#759,.T.);
#997=ORIENTED_EDGE('',*,*,#760,.F.);
#998=ORIENTED_EDGE('',*,*,#739,.T.);
#999=ORIENTED_EDGE('',*,*,#761,.T.);
#1000=ORIENTED_EDGE('',*,*,#762,.T.);
#1001=ORIENTED_EDGE('',*,*,#758,.T.);
#1002=ORIENTED_EDGE('',*,*,#738,.T.);
#1003=ORIENTED_EDGE('',*,*,#763,.F.);
#1004=ORIENTED_EDGE('',*,*,#764,.T.);
#1005=ORIENTED_EDGE('',*,*,#761,.F.);
#1006=ORIENTED_EDGE('',*,*,#737,.T.);
#1007=ORIENTED_EDGE('',*,*,#662,.T.);
#1008=ORIENTED_EDGE('',*,*,#705,.T.);
#1009=ORIENTED_EDGE('',*,*,#765,.T.);
#1010=ORIENTED_EDGE('',*,*,#763,.T.);
#1011=ORIENTED_EDGE('',*,*,#766,.T.);
#1012=ORIENTED_EDGE('',*,*,#767,.T.);
#1013=ORIENTED_EDGE('',*,*,#768,.T.);
#1014=ORIENTED_EDGE('',*,*,#769,.T.);
#1015=ORIENTED_EDGE('',*,*,#767,.F.);
#1016=ORIENTED_EDGE('',*,*,#770,.F.);
#1017=ORIENTED_EDGE('',*,*,#771,.F.);
#1018=ORIENTED_EDGE('',*,*,#772,.F.);
#1019=ORIENTED_EDGE('',*,*,#766,.F.);
#1020=ORIENTED_EDGE('',*,*,#773,.T.);
#1021=ORIENTED_EDGE('',*,*,#774,.T.);
#1022=ORIENTED_EDGE('',*,*,#775,.T.);
#1023=ORIENTED_EDGE('',*,*,#776,.T.);
#1024=ORIENTED_EDGE('',*,*,#777,.F.);
#1025=ORIENTED_EDGE('',*,*,#778,.T.);
#1026=ORIENTED_EDGE('',*,*,#779,.F.);
#1027=ORIENTED_EDGE('',*,*,#780,.T.);
#1028=ORIENTED_EDGE('',*,*,#781,.F.);
#1029=ORIENTED_EDGE('',*,*,#770,.T.);
#1030=ORIENTED_EDGE('',*,*,#777,.T.);
#1031=ORIENTED_EDGE('',*,*,#782,.T.);
#1032=ORIENTED_EDGE('',*,*,#783,.T.);
#1033=ORIENTED_EDGE('',*,*,#784,.T.);
#1034=ORIENTED_EDGE('',*,*,#782,.F.);
#1035=ORIENTED_EDGE('',*,*,#776,.F.);
#1036=ORIENTED_EDGE('',*,*,#785,.F.);
#1037=ORIENTED_EDGE('',*,*,#786,.F.);
#1038=ORIENTED_EDGE('',*,*,#765,.F.);
#1039=ORIENTED_EDGE('',*,*,#704,.F.);
#1040=ORIENTED_EDGE('',*,*,#787,.F.);
#1041=ORIENTED_EDGE('',*,*,#788,.F.);
#1042=ORIENTED_EDGE('',*,*,#789,.F.);
#1043=ORIENTED_EDGE('',*,*,#790,.F.);
#1044=ORIENTED_EDGE('',*,*,#791,.F.);
#1045=ORIENTED_EDGE('',*,*,#759,.F.);
#1046=ORIENTED_EDGE('',*,*,#762,.F.);
#1047=ORIENTED_EDGE('',*,*,#764,.F.);
#1048=ORIENTED_EDGE('',*,*,#792,.T.);
#1049=ORIENTED_EDGE('',*,*,#793,.F.);
#1050=ORIENTED_EDGE('',*,*,#794,.T.);
#1051=ORIENTED_EDGE('',*,*,#783,.F.);
#1052=ORIENTED_EDGE('',*,*,#786,.T.);
#1053=ORIENTED_EDGE('',*,*,#795,.T.);
#1054=ORIENTED_EDGE('',*,*,#796,.T.);
#1055=ORIENTED_EDGE('',*,*,#797,.T.);
#1056=ORIENTED_EDGE('',*,*,#768,.F.);
#1057=ORIENTED_EDGE('',*,*,#772,.T.);
#1058=ORIENTED_EDGE('',*,*,#798,.F.);
#1059=ORIENTED_EDGE('',*,*,#779,.T.);
#1060=ORIENTED_EDGE('',*,*,#799,.T.);
#1061=ORIENTED_EDGE('',*,*,#793,.T.);
#1062=ORIENTED_EDGE('',*,*,#800,.T.);
#1063=ORIENTED_EDGE('',*,*,#800,.F.);
#1064=ORIENTED_EDGE('',*,*,#792,.F.);
#1065=ORIENTED_EDGE('',*,*,#801,.F.);
#1066=ORIENTED_EDGE('',*,*,#780,.F.);
#1067=ORIENTED_EDGE('',*,*,#781,.T.);
#1068=ORIENTED_EDGE('',*,*,#801,.T.);
#1069=ORIENTED_EDGE('',*,*,#798,.T.);
#1070=ORIENTED_EDGE('',*,*,#771,.T.);
#1071=ORIENTED_EDGE('',*,*,#741,.T.);
#1072=ORIENTED_EDGE('',*,*,#760,.T.);
#1073=ORIENTED_EDGE('',*,*,#791,.T.);
#1074=ORIENTED_EDGE('',*,*,#802,.T.);
#1075=ORIENTED_EDGE('',*,*,#742,.T.);
#1076=ORIENTED_EDGE('',*,*,#802,.F.);
#1077=ORIENTED_EDGE('',*,*,#790,.T.);
#1078=ORIENTED_EDGE('',*,*,#803,.F.);
#1079=ORIENTED_EDGE('',*,*,#743,.T.);
#1080=ORIENTED_EDGE('',*,*,#803,.T.);
#1081=ORIENTED_EDGE('',*,*,#789,.T.);
#1082=ORIENTED_EDGE('',*,*,#804,.T.);
#1083=ORIENTED_EDGE('',*,*,#664,.F.);
#1084=ORIENTED_EDGE('',*,*,#684,.T.);
#1085=ORIENTED_EDGE('',*,*,#665,.T.);
#1086=ORIENTED_EDGE('',*,*,#804,.F.);
#1087=ORIENTED_EDGE('',*,*,#788,.T.);
#1088=ORIENTED_EDGE('',*,*,#805,.F.);
#1089=ORIENTED_EDGE('',*,*,#806,.F.);
#1090=ORIENTED_EDGE('',*,*,#722,.T.);
#1091=ORIENTED_EDGE('',*,*,#713,.F.);
#1092=ORIENTED_EDGE('',*,*,#709,.F.);
#1093=ORIENTED_EDGE('',*,*,#807,.F.);
#1094=ORIENTED_EDGE('',*,*,#732,.T.);
#1095=ORIENTED_EDGE('',*,*,#808,.F.);
#1096=ORIENTED_EDGE('',*,*,#735,.T.);
#1097=ORIENTED_EDGE('',*,*,#809,.T.);
#1098=ORIENTED_EDGE('',*,*,#719,.T.);
#1099=ORIENTED_EDGE('',*,*,#810,.F.);
#1100=ORIENTED_EDGE('',*,*,#723,.F.);
#1101=ORIENTED_EDGE('',*,*,#720,.T.);
#1102=ORIENTED_EDGE('',*,*,#809,.F.);
#1103=ORIENTED_EDGE('',*,*,#734,.T.);
#1104=ORIENTED_EDGE('',*,*,#806,.T.);
#1105=ORIENTED_EDGE('',*,*,#811,.F.);
#1106=ORIENTED_EDGE('',*,*,#795,.F.);
#1107=ORIENTED_EDGE('',*,*,#785,.T.);
#1108=ORIENTED_EDGE('',*,*,#775,.F.);
#1109=ORIENTED_EDGE('',*,*,#812,.F.);
#1110=ORIENTED_EDGE('',*,*,#810,.T.);
#1111=ORIENTED_EDGE('',*,*,#718,.T.);
#1112=ORIENTED_EDGE('',*,*,#813,.F.);
#1113=ORIENTED_EDGE('',*,*,#814,.F.);
#1114=ORIENTED_EDGE('',*,*,#814,.T.);
#1115=ORIENTED_EDGE('',*,*,#815,.T.);
#1116=ORIENTED_EDGE('',*,*,#753,.T.);
#1117=ORIENTED_EDGE('',*,*,#815,.F.);
#1118=ORIENTED_EDGE('',*,*,#816,.F.);
#1119=ORIENTED_EDGE('',*,*,#817,.F.);
#1120=ORIENTED_EDGE('',*,*,#817,.T.);
#1121=ORIENTED_EDGE('',*,*,#818,.T.);
#1122=ORIENTED_EDGE('',*,*,#744,.T.);
#1123=ORIENTED_EDGE('',*,*,#818,.F.);
#1124=ORIENTED_EDGE('',*,*,#769,.F.);
#1125=ORIENTED_EDGE('',*,*,#797,.F.);
#1126=ORIENTED_EDGE('',*,*,#819,.T.);
#1127=ORIENTED_EDGE('',*,*,#773,.F.);
#1128=ORIENTED_EDGE('',*,*,#784,.F.);
#1129=ORIENTED_EDGE('',*,*,#794,.F.);
#1130=ORIENTED_EDGE('',*,*,#799,.F.);
#1131=ORIENTED_EDGE('',*,*,#778,.F.);
#1132=ORIENTED_EDGE('',*,*,#805,.T.);
#1133=ORIENTED_EDGE('',*,*,#731,.T.);
#1134=ORIENTED_EDGE('',*,*,#808,.T.);
#1135=ORIENTED_EDGE('',*,*,#812,.T.);
#1136=ORIENTED_EDGE('',*,*,#774,.F.);
#1137=ORIENTED_EDGE('',*,*,#819,.F.);
#1138=ORIENTED_EDGE('',*,*,#796,.F.);
#1139=ORIENTED_EDGE('',*,*,#811,.T.);
#1140=ORIENTED_EDGE('',*,*,#694,.F.);
#1141=ORIENTED_EDGE('',*,*,#736,.F.);
#1142=ORIENTED_EDGE('',*,*,#685,.T.);
#1143=ORIENTED_EDGE('',*,*,#787,.T.);
#1144=ORIENTED_EDGE('',*,*,#807,.T.);
#1145=ORIENTED_EDGE('',*,*,#712,.T.);
#1146=ORIENTED_EDGE('',*,*,#751,.T.);
#1147=ORIENTED_EDGE('',*,*,#820,.T.);
#1148=ORIENTED_EDGE('',*,*,#725,.F.);
#1149=ORIENTED_EDGE('',*,*,#733,.T.);
#1150=ORIENTED_EDGE('',*,*,#750,.T.);
#1151=ORIENTED_EDGE('',*,*,#755,.F.);
#1152=ORIENTED_EDGE('',*,*,#726,.F.);
#1153=ORIENTED_EDGE('',*,*,#820,.F.);
#1154=ORIENTED_EDGE('',*,*,#813,.T.);
#1155=ORIENTED_EDGE('',*,*,#821,.T.);
#1156=ORIENTED_EDGE('',*,*,#752,.T.);
#1157=ORIENTED_EDGE('',*,*,#821,.F.);
#1158=ORIENTED_EDGE('',*,*,#816,.T.);
#1159=ORIENTED_EDGE('',*,*,#822,.T.);
#1160=ORIENTED_EDGE('',*,*,#745,.T.);
#1161=ORIENTED_EDGE('',*,*,#822,.F.);
#1162=ORIENTED_EDGE('',*,*,#673,.F.);
#1163=ORIENTED_EDGE('',*,*,#683,.F.);
#1164=ORIENTED_EDGE('',*,*,#823,.F.);
#1165=ORIENTED_EDGE('',*,*,#696,.F.);
#1166=ORIENTED_EDGE('',*,*,#824,.F.);
#1167=ORIENTED_EDGE('',*,*,#825,.F.);
#1168=ORIENTED_EDGE('',*,*,#826,.F.);
#1169=ORIENTED_EDGE('',*,*,#827,.F.);
#1170=ORIENTED_EDGE('',*,*,#828,.F.);
#1171=ORIENTED_EDGE('',*,*,#823,.T.);
#1172=ORIENTED_EDGE('',*,*,#682,.F.);
#1173=ORIENTED_EDGE('',*,*,#702,.F.);
#1174=ORIENTED_EDGE('',*,*,#697,.T.);
#1175=ORIENTED_EDGE('',*,*,#703,.T.);
#1176=ORIENTED_EDGE('',*,*,#829,.T.);
#1177=ORIENTED_EDGE('',*,*,#830,.T.);
#1178=ORIENTED_EDGE('',*,*,#829,.F.);
#1179=ORIENTED_EDGE('',*,*,#830,.F.);
#1180=ORIENTED_EDGE('',*,*,#831,.T.);
#1181=ORIENTED_EDGE('',*,*,#832,.F.);
#1182=ORIENTED_EDGE('',*,*,#831,.F.);
#1183=ORIENTED_EDGE('',*,*,#828,.T.);
#1184=ORIENTED_EDGE('',*,*,#833,.T.);
#1185=ORIENTED_EDGE('',*,*,#834,.T.);
#1186=ORIENTED_EDGE('',*,*,#833,.F.);
#1187=ORIENTED_EDGE('',*,*,#827,.T.);
#1188=ORIENTED_EDGE('',*,*,#835,.T.);
#1189=ORIENTED_EDGE('',*,*,#836,.T.);
#1190=ORIENTED_EDGE('',*,*,#835,.F.);
#1191=ORIENTED_EDGE('',*,*,#826,.T.);
#1192=ORIENTED_EDGE('',*,*,#837,.T.);
#1193=ORIENTED_EDGE('',*,*,#838,.T.);
#1194=ORIENTED_EDGE('',*,*,#837,.F.);
#1195=ORIENTED_EDGE('',*,*,#825,.T.);
#1196=ORIENTED_EDGE('',*,*,#839,.T.);
#1197=ORIENTED_EDGE('',*,*,#840,.T.);
#1198=ORIENTED_EDGE('',*,*,#839,.F.);
#1199=ORIENTED_EDGE('',*,*,#824,.T.);
#1200=ORIENTED_EDGE('',*,*,#841,.T.);
#1201=ORIENTED_EDGE('',*,*,#842,.T.);
#1202=ORIENTED_EDGE('',*,*,#841,.F.);
#1203=ORIENTED_EDGE('',*,*,#832,.T.);
#1204=ORIENTED_EDGE('',*,*,#842,.F.);
#1205=ORIENTED_EDGE('',*,*,#840,.F.);
#1206=ORIENTED_EDGE('',*,*,#838,.F.);
#1207=ORIENTED_EDGE('',*,*,#836,.F.);
#1208=ORIENTED_EDGE('',*,*,#834,.F.);
#1209=CYLINDRICAL_SURFACE('',#1318,20.);
#1210=CYLINDRICAL_SURFACE('',#1322,10.);
#1211=CYLINDRICAL_SURFACE('',#1325,10.);
#1212=CYLINDRICAL_SURFACE('',#1339,4.843248002828);
#1213=CYLINDRICAL_SURFACE('',#1342,6.8779370089244);
#1214=CYLINDRICAL_SURFACE('',#1364,5.);
#1215=CYLINDRICAL_SURFACE('',#1367,5.);
#1216=CYLINDRICAL_SURFACE('',#1369,5.);
#1217=CYLINDRICAL_SURFACE('',#1379,5.);
#1218=CYLINDRICAL_SURFACE('',#1389,5.);
#1219=CYLINDRICAL_SURFACE('',#1391,5.);
#1220=CYLINDRICAL_SURFACE('',#1392,5.);
#1221=CYLINDRICAL_SURFACE('',#1394,5.);
#1222=CYLINDRICAL_SURFACE('',#1403,9.87793700892441);
#1223=CYLINDRICAL_SURFACE('',#1408,1.45000000000001);
#1224=CYLINDRICAL_SURFACE('',#1413,1.45);
#1225=CYLINDRICAL_SURFACE('',#1416,7.843248002828);
#1226=CYLINDRICAL_SURFACE('',#1420,1.45);
#1227=CYLINDRICAL_SURFACE('',#1421,1.45000000000001);
#1228=CYLINDRICAL_SURFACE('',#1429,15.);
#1229=CYLINDRICAL_SURFACE('',#1433,10.15);
#1230=CYLINDRICAL_SURFACE('',#1435,1.2645);
#1231=CYLINDRICAL_SURFACE('',#1437,1.5);
#1232=CYLINDRICAL_SURFACE('',#1439,1.2645);
#1233=CYLINDRICAL_SURFACE('',#1441,1.2645);
#1234=CYLINDRICAL_SURFACE('',#1443,1.2645);
#1235=ADVANCED_FACE('',(#77),#1209,.F.);
#1236=ADVANCED_FACE('',(#78),#35,.T.);
#1237=ADVANCED_FACE('',(#79),#1210,.F.);
#1238=ADVANCED_FACE('',(#80),#1211,.T.);
#1239=ADVANCED_FACE('',(#81),#36,.F.);
#1240=ADVANCED_FACE('',(#82,#16),#37,.T.);
#1241=ADVANCED_FACE('',(#83),#38,.T.);
#1242=ADVANCED_FACE('',(#84,#17),#39,.T.);
#1243=ADVANCED_FACE('',(#85,#18),#40,.F.);
#1244=ADVANCED_FACE('',(#86),#41,.T.);
#1245=ADVANCED_FACE('',(#87),#42,.T.);
#1246=ADVANCED_FACE('',(#88),#43,.F.);
#1247=ADVANCED_FACE('',(#89),#44,.F.);
#1248=ADVANCED_FACE('',(#90),#1212,.F.);
#1249=ADVANCED_FACE('',(#91),#1213,.F.);
#1250=ADVANCED_FACE('',(#92),#45,.F.);
#1251=ADVANCED_FACE('',(#93),#46,.F.);
#1252=ADVANCED_FACE('',(#94),#47,.F.);
#1253=ADVANCED_FACE('',(#95),#48,.F.);
#1254=ADVANCED_FACE('',(#96,#19,#20,#21,#22,#23),#49,.T.);
#1255=ADVANCED_FACE('',(#97),#50,.F.);
#1256=ADVANCED_FACE('',(#98),#51,.F.);
#1257=ADVANCED_FACE('',(#99),#52,.F.);
#1258=ADVANCED_FACE('',(#100),#53,.F.);
#1259=ADVANCED_FACE('',(#101),#54,.T.);
#1260=ADVANCED_FACE('',(#102),#1214,.T.);
#1261=ADVANCED_FACE('',(#103),#55,.T.);
#1262=ADVANCED_FACE('',(#104),#1215,.T.);
#1263=ADVANCED_FACE('',(#105),#1216,.T.);
#1264=ADVANCED_FACE('',(#106),#56,.T.);
#1265=ADVANCED_FACE('',(#107),#57,.T.);
#1266=ADVANCED_FACE('',(#108),#1217,.T.);
#1267=ADVANCED_FACE('',(#109),#58,.T.);
#1268=ADVANCED_FACE('',(#110,#24),#59,.F.);
#1269=ADVANCED_FACE('',(#111),#1218,.T.);
#1270=ADVANCED_FACE('',(#112),#60,.T.);
#1271=ADVANCED_FACE('',(#113),#1219,.T.);
#1272=ADVANCED_FACE('',(#114),#1220,.T.);
#1273=ADVANCED_FACE('',(#115),#61,.T.);
#1274=ADVANCED_FACE('',(#116),#1221,.T.);
#1275=ADVANCED_FACE('',(#117),#62,.T.);
#1276=ADVANCED_FACE('',(#118),#63,.F.);
#1277=ADVANCED_FACE('',(#119),#64,.F.);
#1278=ADVANCED_FACE('',(#120),#65,.F.);
#1279=ADVANCED_FACE('',(#121),#1222,.T.);
#1280=ADVANCED_FACE('',(#122),#66,.T.);
#1281=ADVANCED_FACE('',(#123),#67,.T.);
#1282=ADVANCED_FACE('',(#124),#1223,.F.);
#1283=ADVANCED_FACE('',(#125),#68,.T.);
#1284=ADVANCED_FACE('',(#126),#69,.T.);
#1285=ADVANCED_FACE('',(#127),#1224,.F.);
#1286=ADVANCED_FACE('',(#128),#70,.T.);
#1287=ADVANCED_FACE('',(#129),#71,.T.);
#1288=ADVANCED_FACE('',(#130),#1225,.T.);
#1289=ADVANCED_FACE('',(#131),#72,.F.);
#1290=ADVANCED_FACE('',(#132),#73,.F.);
#1291=ADVANCED_FACE('',(#133),#74,.F.);
#1292=ADVANCED_FACE('',(#134),#1226,.F.);
#1293=ADVANCED_FACE('',(#135),#1227,.F.);
#1294=ADVANCED_FACE('',(#136,#25,#26,#27,#28,#29),#75,.T.);
#1295=ADVANCED_FACE('',(#137),#1228,.T.);
#1296=ADVANCED_FACE('',(#138),#15,.T.);
#1297=ADVANCED_FACE('',(#139),#1229,.F.);
#1298=ADVANCED_FACE('',(#140),#1230,.F.);
#1299=ADVANCED_FACE('',(#141),#1231,.F.);
#1300=ADVANCED_FACE('',(#142),#1232,.F.);
#1301=ADVANCED_FACE('',(#143),#1233,.F.);
#1302=ADVANCED_FACE('',(#144),#1234,.F.);
#1303=ADVANCED_FACE('',(#145,#30,#31,#32,#33,#34),#76,.F.);
#1304=CLOSED_SHELL('',(#1235,#1236,#1237,#1238,#1239,#1240,#1241,#1242,
#1243,#1244,#1245,#1246,#1247,#1248,#1249,#1250,#1251,#1252,#1253,#1254,
#1255,#1256,#1257,#1258,#1259,#1260,#1261,#1262,#1263,#1264,#1265,#1266,
#1267,#1268,#1269,#1270,#1271,#1272,#1273,#1274,#1275,#1276,#1277,#1278,
#1279,#1280,#1281,#1282,#1283,#1284,#1285,#1286,#1287,#1288,#1289,#1290,
#1291,#1292,#1293,#1294,#1295,#1296,#1297,#1298,#1299,#1300,#1301,#1302,
#1303));
#1305=DERIVED_UNIT_ELEMENT(#1307,1.);
#1306=DERIVED_UNIT_ELEMENT(#2211,-3.);
#1307=(
MASS_UNIT()
NAMED_UNIT(*)
SI_UNIT(.KILO.,.GRAM.)
);
#1308=DERIVED_UNIT((#1305,#1306));
#1309=MEASURE_REPRESENTATION_ITEM('density measure',
POSITIVE_RATIO_MEASURE(952.),#1308);
#1310=PROPERTY_DEFINITION_REPRESENTATION(#1315,#1312);
#1311=PROPERTY_DEFINITION_REPRESENTATION(#1316,#1313);
#1312=REPRESENTATION('material name',(#1314),#2208);
#1313=REPRESENTATION('density',(#1309),#2208);
#1314=DESCRIPTIVE_REPRESENTATION_ITEM('Plastic, Opaque White',
'Plastic, Opaque White');
#1315=PROPERTY_DEFINITION('material property','material name',#2218);
#1316=PROPERTY_DEFINITION('material property','density of part',#2218);
#1317=AXIS2_PLACEMENT_3D('',#1826,#1446,#1447);
#1318=AXIS2_PLACEMENT_3D('',#1827,#1448,#1449);
#1319=AXIS2_PLACEMENT_3D('',#1830,#1450,#1451);
#1320=AXIS2_PLACEMENT_3D('',#1848,#1455,#1456);
#1321=AXIS2_PLACEMENT_3D('',#1850,#1458,#1459);
#1322=AXIS2_PLACEMENT_3D('',#1856,#1463,#1464);
#1323=AXIS2_PLACEMENT_3D('',#1858,#1465,#1466);
#1324=AXIS2_PLACEMENT_3D('',#1860,#1467,#1468);
#1325=AXIS2_PLACEMENT_3D('',#1862,#1470,#1471);
#1326=AXIS2_PLACEMENT_3D('',#1865,#1472,#1473);
#1327=AXIS2_PLACEMENT_3D('',#1869,#1475,#1476);
#1328=AXIS2_PLACEMENT_3D('',#1871,#1478,#1479);
#1329=AXIS2_PLACEMENT_3D('',#1877,#1483,#1484);
#1330=AXIS2_PLACEMENT_3D('',#1896,#1495,#1496);
#1331=AXIS2_PLACEMENT_3D('',#1900,#1499,#1500);
#1332=AXIS2_PLACEMENT_3D('',#1917,#1510,#1511);
#1333=AXIS2_PLACEMENT_3D('',#1918,#1512,#1513);
#1334=AXIS2_PLACEMENT_3D('',#1920,#1514,#1515);
#1335=AXIS2_PLACEMENT_3D('',#1921,#1516,#1517);
#1336=AXIS2_PLACEMENT_3D('',#1925,#1520,#1521);
#1337=AXIS2_PLACEMENT_3D('',#1928,#1524,#1525);
#1338=AXIS2_PLACEMENT_3D('',#1930,#1527,#1528);
#1339=AXIS2_PLACEMENT_3D('',#1931,#1529,#1530);
#1340=AXIS2_PLACEMENT_3D('',#1934,#1531,#1532);
#1341=AXIS2_PLACEMENT_3D('',#1938,#1534,#1535);
#1342=AXIS2_PLACEMENT_3D('',#1940,#1537,#1538);
#1343=AXIS2_PLACEMENT_3D('',#1942,#1539,#1540);
#1344=AXIS2_PLACEMENT_3D('',#1946,#1542,#1543);
#1345=AXIS2_PLACEMENT_3D('',#1949,#1545,#1546);
#1346=AXIS2_PLACEMENT_3D('',#1950,#1547,#1548);
#1347=AXIS2_PLACEMENT_3D('',#1960,#1554,#1555);
#1348=AXIS2_PLACEMENT_3D('',#1976,#1564,#1565);
#1349=AXIS2_PLACEMENT_3D('',#1986,#1571,#1572);
#1350=AXIS2_PLACEMENT_3D('',#1988,#1574,#1575);
#1351=AXIS2_PLACEMENT_3D('',#1990,#1576,#1577);
#1352=AXIS2_PLACEMENT_3D('',#1994,#1579,#1580);
#1353=AXIS2_PLACEMENT_3D('',#1998,#1582,#1583);
#1354=AXIS2_PLACEMENT_3D('',#2001,#1585,#1586);
#1355=AXIS2_PLACEMENT_3D('',#2003,#1587,#1588);
#1356=AXIS2_PLACEMENT_3D('',#2005,#1589,#1590);
#1357=AXIS2_PLACEMENT_3D('',#2018,#1597,#1598);
#1358=AXIS2_PLACEMENT_3D('',#2020,#1599,#1600);
#1359=AXIS2_PLACEMENT_3D('',#2021,#1601,#1602);
#1360=AXIS2_PLACEMENT_3D('',#2024,#1605,#1606);
#1361=AXIS2_PLACEMENT_3D('',#2026,#1608,#1609);
#1362=AXIS2_PLACEMENT_3D('',#2028,#1611,#1612);
#1363=AXIS2_PLACEMENT_3D('',#2029,#1613,#1614);
#1364=AXIS2_PLACEMENT_3D('',#2035,#1618,#1619);
#1365=AXIS2_PLACEMENT_3D('',#2038,#1621,#1622);
#1366=AXIS2_PLACEMENT_3D('',#2039,#1623,#1624);
#1367=AXIS2_PLACEMENT_3D('',#2043,#1627,#1628);
#1368=AXIS2_PLACEMENT_3D('',#2044,#1629,#1630);
#1369=AXIS2_PLACEMENT_3D('',#2045,#1631,#1632);
#1370=AXIS2_PLACEMENT_3D('',#2048,#1633,#1634);
#1371=AXIS2_PLACEMENT_3D('',#2052,#1636,#1637);
#1372=AXIS2_PLACEMENT_3D('',#2054,#1639,#1640);
#1373=AXIS2_PLACEMENT_3D('',#2060,#1644,#1645);
#1374=AXIS2_PLACEMENT_3D('',#2064,#1647,#1648);
#1375=AXIS2_PLACEMENT_3D('',#2066,#1649,#1650);
#1376=AXIS2_PLACEMENT_3D('',#2070,#1652,#1653);
#1377=AXIS2_PLACEMENT_3D('',#2074,#1655,#1656);
#1378=AXIS2_PLACEMENT_3D('',#2077,#1658,#1659);
#1379=AXIS2_PLACEMENT_3D('',#2078,#1660,#1661);
#1380=AXIS2_PLACEMENT_3D('',#2082,#1663,#1664);
#1381=AXIS2_PLACEMENT_3D('',#2084,#1666,#1667);
#1382=AXIS2_PLACEMENT_3D('',#2088,#1670,#1671);
#1383=AXIS2_PLACEMENT_3D('',#2093,#1674,#1675);
#1384=AXIS2_PLACEMENT_3D('',#2096,#1677,#1678);
#1385=AXIS2_PLACEMENT_3D('',#2101,#1680,#1681);
#1386=AXIS2_PLACEMENT_3D('',#2104,#1683,#1684);
#1387=AXIS2_PLACEMENT_3D('',#2106,#1685,#1686);
#1388=AXIS2_PLACEMENT_3D('',#2108,#1688,#1689);
#1389=AXIS2_PLACEMENT_3D('',#2109,#1690,#1691);
#1390=AXIS2_PLACEMENT_3D('',#2112,#1694,#1695);
#1391=AXIS2_PLACEMENT_3D('',#2114,#1697,#1698);
#1392=AXIS2_PLACEMENT_3D('',#2115,#1699,#1700);
#1393=AXIS2_PLACEMENT_3D('',#2117,#1702,#1703);
#1394=AXIS2_PLACEMENT_3D('',#2119,#1705,#1706);
#1395=AXIS2_PLACEMENT_3D('',#2121,#1708,#1709);
#1396=AXIS2_PLACEMENT_3D('',#2122,#1710,#1711);
#1397=AXIS2_PLACEMENT_3D('',#2124,#1712,#1713);
#1398=AXIS2_PLACEMENT_3D('',#2125,#1714,#1715);
#1399=AXIS2_PLACEMENT_3D('',#2127,#1717,#1718);
#1400=AXIS2_PLACEMENT_3D('',#2129,#1719,#1720);
#1401=AXIS2_PLACEMENT_3D('',#2131,#1722,#1723);
#1402=AXIS2_PLACEMENT_3D('',#2132,#1724,#1725);
#1403=AXIS2_PLACEMENT_3D('',#2133,#1726,#1727);
#1404=AXIS2_PLACEMENT_3D('',#2136,#1730,#1731);
#1405=AXIS2_PLACEMENT_3D('',#2138,#1732,#1733);
#1406=AXIS2_PLACEMENT_3D('',#2139,#1734,#1735);
#1407=AXIS2_PLACEMENT_3D('',#2141,#1736,#1737);
#1408=AXIS2_PLACEMENT_3D('',#2142,#1738,#1739);
#1409=AXIS2_PLACEMENT_3D('',#2144,#1741,#1742);
#1410=AXIS2_PLACEMENT_3D('',#2146,#1743,#1744);
#1411=AXIS2_PLACEMENT_3D('',#2147,#1745,#1746);
#1412=AXIS2_PLACEMENT_3D('',#2149,#1747,#1748);
#1413=AXIS2_PLACEMENT_3D('',#2150,#1749,#1750);
#1414=AXIS2_PLACEMENT_3D('',#2152,#1752,#1753);
#1415=AXIS2_PLACEMENT_3D('',#2154,#1755,#1756);
#1416=AXIS2_PLACEMENT_3D('',#2155,#1757,#1758);
#1417=AXIS2_PLACEMENT_3D('',#2156,#1759,#1760);
#1418=AXIS2_PLACEMENT_3D('',#2157,#1761,#1762);
#1419=AXIS2_PLACEMENT_3D('',#2159,#1764,#1765);
#1420=AXIS2_PLACEMENT_3D('',#2160,#1766,#1767);
#1421=AXIS2_PLACEMENT_3D('',#2162,#1769,#1770);
#1422=AXIS2_PLACEMENT_3D('',#2164,#1772,#1773);
#1423=AXIS2_PLACEMENT_3D('',#2165,#1774,#1775);
#1424=AXIS2_PLACEMENT_3D('',#2167,#1776,#1777);
#1425=AXIS2_PLACEMENT_3D('',#2169,#1778,#1779);
#1426=AXIS2_PLACEMENT_3D('',#2171,#1780,#1781);
#1427=AXIS2_PLACEMENT_3D('',#2173,#1782,#1783);
#1428=AXIS2_PLACEMENT_3D('',#2175,#1784,#1785);
#1429=AXIS2_PLACEMENT_3D('',#2176,#1786,#1787);
#1430=AXIS2_PLACEMENT_3D('',#2177,#1788,#1789);
#1431=AXIS2_PLACEMENT_3D('',#2179,#1790,#1791);
#1432=AXIS2_PLACEMENT_3D('',#2180,#1792,#1793);
#1433=AXIS2_PLACEMENT_3D('',#2181,#1794,#1795);
#1434=AXIS2_PLACEMENT_3D('',#2184,#1797,#1798);
#1435=AXIS2_PLACEMENT_3D('',#2185,#1799,#1800);
#1436=AXIS2_PLACEMENT_3D('',#2188,#1802,#1803);
#1437=AXIS2_PLACEMENT_3D('',#2189,#1804,#1805);
#1438=AXIS2_PLACEMENT_3D('',#2192,#1807,#1808);
#1439=AXIS2_PLACEMENT_3D('',#2193,#1809,#1810);
#1440=AXIS2_PLACEMENT_3D('',#2196,#1812,#1813);
#1441=AXIS2_PLACEMENT_3D('',#2197,#1814,#1815);
#1442=AXIS2_PLACEMENT_3D('',#2200,#1817,#1818);
#1443=AXIS2_PLACEMENT_3D('',#2201,#1819,#1820);
#1444=AXIS2_PLACEMENT_3D('',#2204,#1822,#1823);
#1445=AXIS2_PLACEMENT_3D('',#2205,#1824,#1825);
#1446=DIRECTION('axis',(0.,0.,1.));
#1447=DIRECTION('refdir',(1.,0.,0.));
#1448=DIRECTION('center_axis',(0.,-1.,0.));
#1449=DIRECTION('ref_axis',(0.961020790977527,0.,-0.276476109833977));
#1450=DIRECTION('center_axis',(0.,-1.,0.));
#1451=DIRECTION('ref_axis',(0.961020790977527,0.,-0.276476109833977));
#1452=DIRECTION('',(0.,-1.,0.));
#1453=DIRECTION('',(0.,1.,0.));
#1454=DIRECTION('',(0.,-1.,0.));
#1455=DIRECTION('center_axis',(0.,1.,0.));
#1456=DIRECTION('ref_axis',(0.961020790977527,0.,-0.276476109833977));
#1457=DIRECTION('',(0.,-1.,0.));
#1458=DIRECTION('center_axis',(-0.847121921382142,0.,0.531398579518075));
#1459=DIRECTION('ref_axis',(0.531398579518075,0.,0.847121921382142));
#1460=DIRECTION('',(0.531398579518076,0.,0.847121921382141));
#1461=DIRECTION('',(0.,1.,0.));
#1462=DIRECTION('',(-0.531398579518075,0.,-0.847121921382142));
#1463=DIRECTION('center_axis',(0.,1.,0.));
#1464=DIRECTION('ref_axis',(0.484046186061787,0.,-0.87504245026115));
#1465=DIRECTION('center_axis',(0.,-1.,0.));
#1466=DIRECTION('ref_axis',(0.484046186061787,0.,-0.87504245026115));
#1467=DIRECTION('center_axis',(0.,1.,0.));
#1468=DIRECTION('ref_axis',(0.484046186061787,0.,-0.87504245026115));
#1469=DIRECTION('',(0.,-1.,0.));
#1470=DIRECTION('center_axis',(0.,-1.,0.));
#1471=DIRECTION('ref_axis',(0.484046186061784,0.,-0.875042450261152));
#1472=DIRECTION('center_axis',(0.,1.,0.));
#1473=DIRECTION('ref_axis',(0.484046186061784,0.,-0.875042450261152));
#1474=DIRECTION('',(0.,1.,0.));
#1475=DIRECTION('center_axis',(0.,-1.,0.));
#1476=DIRECTION('ref_axis',(0.484046186061784,0.,-0.875042450261152));
#1477=DIRECTION('',(0.,-1.,0.));
#1478=DIRECTION('center_axis',(-0.847121921382138,0.,0.531398579518082));
#1479=DIRECTION('ref_axis',(0.531398579518082,0.,0.847121921382138));
#1480=DIRECTION('',(-0.531398579518082,0.,-0.847121921382138));
#1481=DIRECTION('',(0.,1.,0.));
#1482=DIRECTION('',(0.531398579518082,0.,0.847121921382138));
#1483=DIRECTION('center_axis',(0.,1.,0.));
#1484=DIRECTION('ref_axis',(-1.,0.,0.));
#1485=DIRECTION('',(1.,0.,0.));
#1486=DIRECTION('',(0.,0.,1.));
#1487=DIRECTION('',(1.,0.,0.));
#1488=DIRECTION('',(-1.,0.,0.));
#1489=DIRECTION('',(-1.,0.,0.));
#1490=DIRECTION('',(-0.999176449429285,0.,-0.0405761371484292));
#1491=DIRECTION('',(-0.427692684557309,0.,-0.903924204552662));
#1492=DIRECTION('',(-0.531398579518078,0.,-0.84712192138214));
#1493=DIRECTION('',(0.,0.,-1.));
#1494=DIRECTION('',(0.525570773037068,0.,0.85074988247382));
#1495=DIRECTION('center_axis',(0.903924204552662,0.,-0.427692684557309));
#1496=DIRECTION('ref_axis',(-0.427692684557309,0.,-0.903924204552662));
#1497=DIRECTION('',(0.427692684557309,0.,0.903924204552662));
#1498=DIRECTION('',(0.,1.,0.));
#1499=DIRECTION('center_axis',(0.,-1.,0.));
#1500=DIRECTION('ref_axis',(1.,0.,0.));
#1501=DIRECTION('',(0.999176449429285,0.,0.0405761371484292));
#1502=DIRECTION('',(-1.,0.,0.));
#1503=DIRECTION('',(-1.,0.,0.));
#1504=DIRECTION('',(-1.,0.,0.));
#1505=DIRECTION('',(0.,0.,1.));
#1506=DIRECTION('',(1.,0.,0.));
#1507=DIRECTION('',(-0.525570773037068,0.,-0.85074988247382));
#1508=DIRECTION('',(0.,0.,1.));
#1509=DIRECTION('',(-0.531398579518078,0.,-0.84712192138214));
#1510=DIRECTION('center_axis',(0.,0.,1.));
#1511=DIRECTION('ref_axis',(1.,0.,0.));
#1512=DIRECTION('center_axis',(0.,0.,-1.));
#1513=DIRECTION('ref_axis',(1.,0.,0.));
#1514=DIRECTION('center_axis',(0.,0.,-1.));
#1515=DIRECTION('ref_axis',(1.,0.,0.));
#1516=DIRECTION('center_axis',(0.,0.,-1.));
#1517=DIRECTION('ref_axis',(0.,1.,0.));
#1518=DIRECTION('',(0.,-1.,0.));
#1519=DIRECTION('',(1.,0.,0.));
#1520=DIRECTION('center_axis',(0.84712192138214,0.,-0.531398579518078));
#1521=DIRECTION('ref_axis',(0.,-1.,0.));
#1522=DIRECTION('',(0.,-1.,0.));
#1523=DIRECTION('',(0.,-1.,0.));
#1524=DIRECTION('center_axis',(-1.,0.,0.));
#1525=DIRECTION('ref_axis',(0.,0.,1.));
#1526=DIRECTION('',(0.,1.,0.));
#1527=DIRECTION('center_axis',(0.85074988247382,0.,-0.525570773037068));
#1528=DIRECTION('ref_axis',(0.,1.,0.));
#1529=DIRECTION('center_axis',(1.,0.,0.));
#1530=DIRECTION('ref_axis',(0.,-0.998671931268089,-0.0515206142943416));
#1531=DIRECTION('center_axis',(1.,0.,0.));
#1532=DIRECTION('ref_axis',(0.,-0.998671931268089,-0.0515206142943416));
#1533=DIRECTION('',(-1.,0.,0.));
#1534=DIRECTION('center_axis',(-1.,0.,0.));
#1535=DIRECTION('ref_axis',(0.,-0.998671931268089,-0.0515206142943416));
#1536=DIRECTION('',(-1.,0.,0.));
#1537=DIRECTION('center_axis',(1.,0.,0.));
#1538=DIRECTION('ref_axis',(0.,-0.56410246044486,-0.825704798411669));
#1539=DIRECTION('center_axis',(1.,0.,0.));
#1540=DIRECTION('ref_axis',(0.,-0.56410246044486,-0.825704798411669));
#1541=DIRECTION('',(1.,0.,0.));
#1542=DIRECTION('center_axis',(-1.,0.,0.));
#1543=DIRECTION('ref_axis',(0.,-0.99918003871985,-0.0404876552025455));
#1544=DIRECTION('',(1.,0.,0.));
#1545=DIRECTION('center_axis',(-1.,0.,0.));
#1546=DIRECTION('ref_axis',(0.,-0.56410246044486,-0.825704798411669));
#1547=DIRECTION('center_axis',(0.,0.,-1.));
#1548=DIRECTION('ref_axis',(-1.,0.,0.));
#1549=DIRECTION('',(-1.,0.,0.));
#1550=DIRECTION('',(0.,-1.,1.77635683940025E-15));
#1551=DIRECTION('',(1.,0.,0.));
#1552=DIRECTION('',(0.,1.,0.));
#1553=DIRECTION('',(0.,1.,0.));
#1554=DIRECTION('center_axis',(1.,0.,0.));
#1555=DIRECTION('ref_axis',(0.,1.,0.));
#1556=DIRECTION('',(0.,0.,1.));
#1557=DIRECTION('',(0.,-1.,0.));
#1558=DIRECTION('',(0.,1.53955772957007E-15,1.));
#1559=DIRECTION('',(0.,1.,0.));
#1560=DIRECTION('',(0.,0.,-1.));
#1561=DIRECTION('',(0.,-1.,0.));
#1562=DIRECTION('',(0.,0.,1.));
#1563=DIRECTION('',(0.,-1.,0.));
#1564=DIRECTION('center_axis',(0.,0.,1.));
#1565=DIRECTION('ref_axis',(1.,0.,0.));
#1566=DIRECTION('',(1.,0.,0.));
#1567=DIRECTION('',(0.,-1.,1.77635683940025E-15));
#1568=DIRECTION('',(-1.,0.,0.));
#1569=DIRECTION('',(-1.,0.,0.));
#1570=DIRECTION('',(0.,1.,-1.77635683940025E-15));
#1571=DIRECTION('center_axis',(-0.0405761371484292,0.,0.999176449429285));
#1572=DIRECTION('ref_axis',(0.,1.,0.));
#1573=DIRECTION('',(0.,-1.,0.));
#1574=DIRECTION('center_axis',(-1.,0.,0.));
#1575=DIRECTION('ref_axis',(0.,-1.,0.));
#1576=DIRECTION('center_axis',(1.,0.,0.));
#1577=DIRECTION('ref_axis',(0.,-0.707106781186547,-0.707106781186547));
#1578=DIRECTION('',(0.,0.,-1.));
#1579=DIRECTION('center_axis',(1.,0.,0.));
#1580=DIRECTION('ref_axis',(0.,-0.707106781186547,0.707106781186547));
#1581=DIRECTION('',(0.,-1.,0.));
#1582=DIRECTION('center_axis',(1.,0.,0.));
#1583=DIRECTION('ref_axis',(0.,0.707106781186547,0.707106781186547));
#1584=DIRECTION('',(0.,0.,1.));
#1585=DIRECTION('center_axis',(1.,0.,0.));
#1586=DIRECTION('ref_axis',(0.,0.707106781186547,-0.707106781186547));
#1587=DIRECTION('center_axis',(-1.,0.,0.));
#1588=DIRECTION('ref_axis',(0.,-1.,0.));
#1589=DIRECTION('center_axis',(-1.,0.,0.));
#1590=DIRECTION('ref_axis',(0.,-1.,0.));
#1591=DIRECTION('',(0.,-1.,0.));
#1592=DIRECTION('',(0.,0.,1.));
#1593=DIRECTION('',(0.,-1.,0.));
#1594=DIRECTION('',(0.,0.,-1.));
#1595=DIRECTION('',(0.,1.,0.));
#1596=DIRECTION('',(0.,0.,1.));
#1597=DIRECTION('center_axis',(-1.,0.,0.));
#1598=DIRECTION('ref_axis',(0.,-1.,0.));
#1599=DIRECTION('center_axis',(-1.,0.,0.));
#1600=DIRECTION('ref_axis',(0.,-1.,0.));
#1601=DIRECTION('center_axis',(0.,1.,0.));
#1602=DIRECTION('ref_axis',(0.,0.,1.));
#1603=DIRECTION('',(1.,0.,0.));
#1604=DIRECTION('',(-1.,0.,0.));
#1605=DIRECTION('center_axis',(0.,0.,-1.));
#1606=DIRECTION('ref_axis',(-1.,0.,0.));
#1607=DIRECTION('',(-1.,0.,0.));
#1608=DIRECTION('center_axis',(0.,-1.,0.));
#1609=DIRECTION('ref_axis',(0.,0.,-1.));
#1610=DIRECTION('',(1.,0.,0.));
#1611=DIRECTION('center_axis',(0.,0.,-1.));
#1612=DIRECTION('ref_axis',(0.,1.,0.));
#1613=DIRECTION('center_axis',(0.,0.,1.));
#1614=DIRECTION('ref_axis',(0.,-1.,0.));
#1615=DIRECTION('',(-1.,0.,0.));
#1616=DIRECTION('',(0.,1.,0.));
#1617=DIRECTION('',(1.,0.,0.));
#1618=DIRECTION('center_axis',(-1.,0.,0.));
#1619=DIRECTION('ref_axis',(0.,-0.707106781186547,0.707106781186547));
#1620=DIRECTION('',(1.,0.,0.));
#1621=DIRECTION('center_axis',(-1.,0.,0.));
#1622=DIRECTION('ref_axis',(0.,-0.707106781186547,0.707106781186547));
#1623=DIRECTION('center_axis',(0.,-1.,0.));
#1624=DIRECTION('ref_axis',(0.,0.,-1.));
#1625=DIRECTION('',(-1.,0.,0.));
#1626=DIRECTION('',(0.,0.,1.));
#1627=DIRECTION('center_axis',(-1.,0.,0.));
#1628=DIRECTION('ref_axis',(0.,-0.707106781186547,-0.707106781186547));
#1629=DIRECTION('center_axis',(-1.,0.,0.));
#1630=DIRECTION('ref_axis',(0.,-0.707106781186547,-0.707106781186547));
#1631=DIRECTION('center_axis',(1.,0.,0.));
#1632=DIRECTION('ref_axis',(0.,-0.707106781186545,0.70710678118655));
#1633=DIRECTION('center_axis',(-1.,0.,0.));
#1634=DIRECTION('ref_axis',(0.,-0.707106781186545,0.70710678118655));
#1635=DIRECTION('',(-1.,0.,0.));
#1636=DIRECTION('center_axis',(-1.,0.,0.));
#1637=DIRECTION('ref_axis',(0.,-0.707106781186545,0.70710678118655));
#1638=DIRECTION('',(1.,0.,0.));
#1639=DIRECTION('center_axis',(0.,0.,1.));
#1640=DIRECTION('ref_axis',(0.,-1.,0.));
#1641=DIRECTION('',(0.,-1.,0.));
#1642=DIRECTION('',(1.,0.,0.));
#1643=DIRECTION('',(0.,1.,0.));
#1644=DIRECTION('center_axis',(1.,0.,0.));
#1645=DIRECTION('ref_axis',(0.,1.,0.));
#1646=DIRECTION('',(0.,-1.88274673878281E-15,-1.));
#1647=DIRECTION('center_axis',(1.,0.,0.));
#1648=DIRECTION('ref_axis',(0.,-0.616685311346852,0.787209773039586));
#1649=DIRECTION('center_axis',(1.,0.,0.));
#1650=DIRECTION('ref_axis',(0.,-0.999112849069707,-0.0421131193788059));
#1651=DIRECTION('',(0.,0.,-1.));
#1652=DIRECTION('center_axis',(-1.,0.,0.));
#1653=DIRECTION('ref_axis',(0.,-0.707106781186547,-0.707106781186547));
#1654=DIRECTION('',(0.,1.,0.));
#1655=DIRECTION('center_axis',(-1.,0.,0.));
#1656=DIRECTION('ref_axis',(0.,0.707106781186548,-0.707106781186547));
#1657=DIRECTION('',(0.,3.28954970259306E-16,1.));
#1658=DIRECTION('center_axis',(-1.,0.,0.));
#1659=DIRECTION('ref_axis',(0.,0.707106781186547,0.707106781186547));
#1660=DIRECTION('center_axis',(1.,0.,0.));
#1661=DIRECTION('ref_axis',(0.,-0.707106781186547,-0.707106781186547));
#1662=DIRECTION('',(-1.,0.,0.));
#1663=DIRECTION('center_axis',(-1.,0.,0.));
#1664=DIRECTION('ref_axis',(0.,-0.707106781186547,-0.707106781186547));
#1665=DIRECTION('',(1.,0.,0.));
#1666=DIRECTION('center_axis',(0.,-1.,0.));
#1667=DIRECTION('ref_axis',(0.,0.,-1.));
#1668=DIRECTION('',(1.,0.,0.));
#1669=DIRECTION('',(0.,0.,1.));
#1670=DIRECTION('center_axis',(-1.,0.,0.));
#1671=DIRECTION('ref_axis',(0.,-1.,0.));
#1672=DIRECTION('',(0.,-1.,0.));
#1673=DIRECTION('',(0.,-1.,0.));
#1674=DIRECTION('center_axis',(-1.,0.,0.));
#1675=DIRECTION('ref_axis',(0.,0.707106781186547,-0.707106781186547));
#1676=DIRECTION('',(0.,0.,-1.));
#1677=DIRECTION('center_axis',(-1.,0.,0.));
#1678=DIRECTION('ref_axis',(0.,0.707106781186547,0.707106781186547));
#1679=DIRECTION('',(0.,-1.64477485129653E-16,-1.));
#1680=DIRECTION('center_axis',(-1.,0.,0.));
#1681=DIRECTION('ref_axis',(0.,0.707106781186548,-0.707106781186547));
#1682=DIRECTION('',(0.,-1.,0.));
#1683=DIRECTION('center_axis',(-1.,0.,0.));
#1684=DIRECTION('ref_axis',(0.,-0.999112849069706,-0.0421131193788092));
#1685=DIRECTION('center_axis',(-1.,0.,0.));
#1686=DIRECTION('ref_axis',(0.,-0.616685311346852,0.787209773039586));
#1687=DIRECTION('',(0.,1.88274673878281E-15,1.));
#1688=DIRECTION('center_axis',(-1.,0.,0.));
#1689=DIRECTION('ref_axis',(0.,0.707106781186547,0.707106781186547));
#1690=DIRECTION('center_axis',(1.,0.,0.));
#1691=DIRECTION('ref_axis',(0.,0.707106781186548,-0.707106781186547));
#1692=DIRECTION('',(-1.,0.,0.));
#1693=DIRECTION('',(1.,0.,0.));
#1694=DIRECTION('center_axis',(0.,1.,-1.64477485129653E-16));
#1695=DIRECTION('ref_axis',(0.,1.64477485129653E-16,1.));
#1696=DIRECTION('',(-1.,0.,0.));
#1697=DIRECTION('center_axis',(1.,0.,0.));
#1698=DIRECTION('ref_axis',(0.,0.707106781186547,0.707106781186547));
#1699=DIRECTION('center_axis',(-1.,0.,0.));
#1700=DIRECTION('ref_axis',(0.,0.707106781186547,0.707106781186547));
#1701=DIRECTION('',(-1.,0.,0.));
#1702=DIRECTION('center_axis',(0.,1.,0.));
#1703=DIRECTION('ref_axis',(0.,0.,1.));
#1704=DIRECTION('',(1.,0.,0.));
#1705=DIRECTION('center_axis',(-1.,0.,0.));
#1706=DIRECTION('ref_axis',(0.,0.707106781186547,-0.707106781186547));
#1707=DIRECTION('',(-1.,0.,0.));
#1708=DIRECTION('center_axis',(0.,0.,-1.));
#1709=DIRECTION('ref_axis',(0.,1.,0.));
#1710=DIRECTION('center_axis',(-1.,0.,0.));
#1711=DIRECTION('ref_axis',(0.,1.88274673878281E-15,1.));
#1712=DIRECTION('center_axis',(-1.,0.,0.));
#1713=DIRECTION('ref_axis',(0.,-0.616685311346852,0.787209773039586));
#1714=DIRECTION('center_axis',(-1.,0.,0.));
#1715=DIRECTION('ref_axis',(0.,-0.999112849069706,-0.0421131193788092));
#1716=DIRECTION('',(0.,0.,-1.));
#1717=DIRECTION('center_axis',(1.,0.,0.));
#1718=DIRECTION('ref_axis',(0.,-1.88274673878281E-15,-1.));
#1719=DIRECTION('center_axis',(1.,0.,0.));
#1720=DIRECTION('ref_axis',(0.,-0.616685311346852,0.787209773039586));
#1721=DIRECTION('',(0.,0.,-1.));
#1722=DIRECTION('center_axis',(1.,0.,0.));
#1723=DIRECTION('ref_axis',(0.,-0.999112849069706,-0.0421131193788092));
#1724=DIRECTION('center_axis',(0.,1.,-1.77635683940025E-15));
#1725=DIRECTION('ref_axis',(0.,1.77635683940025E-15,1.));
#1726=DIRECTION('center_axis',(1.,0.,0.));
#1727=DIRECTION('ref_axis',(0.,-0.999112849069706,-0.0421131193788092));
#1728=DIRECTION('',(1.,0.,0.));
#1729=DIRECTION('',(1.,0.,0.));
#1730=DIRECTION('center_axis',(-1.,0.,0.));
#1731=DIRECTION('ref_axis',(0.,-1.,0.));
#1732=DIRECTION('center_axis',(1.,0.,0.));
#1733=DIRECTION('ref_axis',(0.,-1.,0.));
#1734=DIRECTION('center_axis',(-1.,0.,0.));
#1735=DIRECTION('ref_axis',(0.,-1.,0.));
#1736=DIRECTION('center_axis',(1.,0.,0.));
#1737=DIRECTION('ref_axis',(0.,-1.,0.));
#1738=DIRECTION('center_axis',(1.,0.,0.));
#1739=DIRECTION('ref_axis',(0.,-1.,0.));
#1740=DIRECTION('',(-1.,0.,0.));
#1741=DIRECTION('center_axis',(-1.,0.,0.));
#1742=DIRECTION('ref_axis',(0.,-1.,0.));
#1743=DIRECTION('center_axis',(1.,0.,0.));
#1744=DIRECTION('ref_axis',(0.,-1.,0.));
#1745=DIRECTION('center_axis',(-1.,0.,0.));
#1746=DIRECTION('ref_axis',(0.,-1.,0.));
#1747=DIRECTION('center_axis',(1.,0.,0.));
#1748=DIRECTION('ref_axis',(0.,-1.,0.));
#1749=DIRECTION('center_axis',(1.,0.,0.));
#1750=DIRECTION('ref_axis',(0.,-1.,0.));
#1751=DIRECTION('',(-1.,0.,0.));
#1752=DIRECTION('center_axis',(0.,-1.,1.88274673878281E-15));
#1753=DIRECTION('ref_axis',(0.,-1.88274673878281E-15,-1.));
#1754=DIRECTION('',(1.,0.,0.));
#1755=DIRECTION('center_axis',(0.,0.,-1.));
#1756=DIRECTION('ref_axis',(0.,1.,0.));
#1757=DIRECTION('center_axis',(1.,0.,0.));
#1758=DIRECTION('ref_axis',(0.,-0.616685311346852,0.787209773039586));
#1759=DIRECTION('center_axis',(0.,0.,-1.));
#1760=DIRECTION('ref_axis',(0.,-1.,0.));
#1761=DIRECTION('center_axis',(0.,-1.,0.));
#1762=DIRECTION('ref_axis',(0.,0.,-1.));
#1763=DIRECTION('',(1.,0.,0.));
#1764=DIRECTION('center_axis',(0.,0.,1.));
#1765=DIRECTION('ref_axis',(1.,0.,0.));
#1766=DIRECTION('center_axis',(1.,0.,0.));
#1767=DIRECTION('ref_axis',(0.,-1.,0.));
#1768=DIRECTION('',(-1.,0.,0.));
#1769=DIRECTION('center_axis',(1.,0.,0.));
#1770=DIRECTION('ref_axis',(0.,-1.,0.));
#1771=DIRECTION('',(-1.,0.,0.));
#1772=DIRECTION('center_axis',(0.,0.,1.));
#1773=DIRECTION('ref_axis',(1.,0.,0.));
#1774=DIRECTION('center_axis',(0.,0.,-1.));
#1775=DIRECTION('ref_axis',(1.,0.,0.));
#1776=DIRECTION('center_axis',(0.,0.,1.));
#1777=DIRECTION('ref_axis',(1.,0.,0.));
#1778=DIRECTION('center_axis',(0.,0.,1.));
#1779=DIRECTION('ref_axis',(1.,0.,0.));
#1780=DIRECTION('center_axis',(0.,0.,1.));
#1781=DIRECTION('ref_axis',(1.,0.,0.));
#1782=DIRECTION('center_axis',(0.,0.,1.));
#1783=DIRECTION('ref_axis',(1.,0.,0.));
#1784=DIRECTION('center_axis',(0.,0.,1.));
#1785=DIRECTION('ref_axis',(1.,0.,0.));
#1786=DIRECTION('center_axis',(0.,0.,1.));
#1787=DIRECTION('ref_axis',(-1.,1.22464679914735E-16,0.));
#1788=DIRECTION('center_axis',(0.,0.,1.));
#1789=DIRECTION('ref_axis',(1.,0.,0.));
#1790=DIRECTION('center_axis',(1.22464679914735E-16,-1.,0.));
#1791=DIRECTION('ref_axis',(-1.,-1.22464679914735E-16,0.));
#1792=DIRECTION('center_axis',(0.,0.,1.));
#1793=DIRECTION('ref_axis',(1.,0.,0.));
#1794=DIRECTION('center_axis',(0.,0.,-1.));
#1795=DIRECTION('ref_axis',(1.,0.,0.));
#1796=DIRECTION('',(0.,0.,1.));
#1797=DIRECTION('center_axis',(0.,0.,-1.));
#1798=DIRECTION('ref_axis',(1.,0.,0.));
#1799=DIRECTION('center_axis',(0.,0.,1.));
#1800=DIRECTION('ref_axis',(1.,0.,0.));
#1801=DIRECTION('',(0.,0.,-1.));
#1802=DIRECTION('center_axis',(0.,0.,-1.));
#1803=DIRECTION('ref_axis',(1.,0.,0.));
#1804=DIRECTION('center_axis',(0.,0.,1.));
#1805=DIRECTION('ref_axis',(1.,0.,0.));
#1806=DIRECTION('',(0.,0.,-1.));
#1807=DIRECTION('center_axis',(0.,0.,-1.));
#1808=DIRECTION('ref_axis',(1.,0.,0.));
#1809=DIRECTION('center_axis',(0.,0.,1.));
#1810=DIRECTION('ref_axis',(1.,0.,0.));
#1811=DIRECTION('',(0.,0.,-1.));
#1812=DIRECTION('center_axis',(0.,0.,-1.));
#1813=DIRECTION('ref_axis',(1.,0.,0.));
#1814=DIRECTION('center_axis',(0.,0.,1.));
#1815=DIRECTION('ref_axis',(1.,0.,0.));
#1816=DIRECTION('',(0.,0.,-1.));
#1817=DIRECTION('center_axis',(0.,0.,-1.));
#1818=DIRECTION('ref_axis',(1.,0.,0.));
#1819=DIRECTION('center_axis',(0.,0.,1.));
#1820=DIRECTION('ref_axis',(1.,0.,0.));
#1821=DIRECTION('',(0.,0.,-1.));
#1822=DIRECTION('center_axis',(0.,0.,-1.));
#1823=DIRECTION('ref_axis',(1.,0.,0.));
#1824=DIRECTION('center_axis',(0.,0.,1.));
#1825=DIRECTION('ref_axis',(1.,0.,0.));
#1826=CARTESIAN_POINT('',(0.,0.,0.));
#1827=CARTESIAN_POINT('Origin',(68.4303119591086,7.50000022351742,75.458415787649));
#1828=CARTESIAN_POINT('',(88.4297005781028,-15.0000002235174,75.3020352695289));
#1829=CARTESIAN_POINT('',(85.3727503867512,-15.0000002235174,64.8304441972876));
#1830=CARTESIAN_POINT('Origin',(68.4303119591086,-15.0000002235174,75.458415787649));
#1831=CARTESIAN_POINT('',(88.4297005781028,-24.9999997764826,75.3020352695289));
#1832=CARTESIAN_POINT('',(88.4297005781028,7.50000022351742,75.3020352695289));
#1833=CARTESIAN_POINT('',(88.4303119591086,-26.2407053478219,75.458415787649));
#1834=CARTESIAN_POINT('Ctrl Pts',(88.4297005781028,-24.9999997764826,75.302035269529));
#1835=CARTESIAN_POINT('Ctrl Pts',(88.4297005781028,-25.4046543235691,75.302035269529));
#1836=CARTESIAN_POINT('Ctrl Pts',(88.4303119591086,-25.8270896567681,75.3524670659951));
#1837=CARTESIAN_POINT('Ctrl Pts',(88.4303119591086,-26.2407053478196,75.4584157876484));
#1838=CARTESIAN_POINT('',(88.4303119591086,26.2407057948568,75.458415787649));
#1839=CARTESIAN_POINT('',(88.4303119591086,7.50000022351742,75.458415787649));
#1840=CARTESIAN_POINT('',(88.4297005781028,25.0000002235174,75.3020352695289));
#1841=CARTESIAN_POINT('Ctrl Pts',(88.4303119591086,26.2407057948544,75.4584157876483));
#1842=CARTESIAN_POINT('Ctrl Pts',(88.4303119591086,25.8270901038029,75.3524670659951));
#1843=CARTESIAN_POINT('Ctrl Pts',(88.4297005781028,25.4046547706039,75.302035269529));
#1844=CARTESIAN_POINT('Ctrl Pts',(88.4297005781028,25.0000002235174,75.302035269529));
#1845=CARTESIAN_POINT('',(88.4297005781028,15.0000002235174,75.3020352695289));
#1846=CARTESIAN_POINT('',(88.4297005781028,7.50000022351742,75.3020352695289));
#1847=CARTESIAN_POINT('',(85.3727503867516,15.0000002235174,64.8304441972874));
#1848=CARTESIAN_POINT('Origin',(68.4303119591086,15.0000002235174,75.458415787649));
#1849=CARTESIAN_POINT('',(85.3727503867515,7.50000022351742,64.8304441972874));
#1850=CARTESIAN_POINT('Origin',(94.7759829658536,15.0000002235174,79.820481349506));
#1851=CARTESIAN_POINT('',(51.4080134810303,15.0000002235174,10.6860142048192));
#1852=CARTESIAN_POINT('',(86.7360681163444,15.0000002235174,67.0037588786973));
#1853=CARTESIAN_POINT('',(51.40801348103,-15.0000002235174,10.6860142048194));
#1854=CARTESIAN_POINT('',(51.4080134810303,7.50000011175871,10.6860142048192));
#1855=CARTESIAN_POINT('',(49.1351737128494,-15.0000002235174,7.06279715903613));
#1856=CARTESIAN_POINT('Origin',(42.9367942672089,7.50000011175871,16.));
#1857=CARTESIAN_POINT('',(42.9367942672089,-15.0000002235174,6.));
#1858=CARTESIAN_POINT('Origin',(42.9367942672089,-15.0000002235174,16.));
#1859=CARTESIAN_POINT('',(42.9367942672089,15.0000002235174,6.));
#1860=CARTESIAN_POINT('Origin',(42.9367942672089,15.0000002235174,16.));
#1861=CARTESIAN_POINT('',(42.9367942672089,7.50000011175871,6.));
#1862=CARTESIAN_POINT('Origin',(46.2050386020555,7.50000011175871,5.5));
#1863=CARTESIAN_POINT('',(54.676257815877,-15.0000002235174,0.186014204819105));
#1864=CARTESIAN_POINT('',(46.2050386020555,-15.0000002235174,-4.5));
#1865=CARTESIAN_POINT('Origin',(46.2050386020555,-15.0000002235174,5.5));
#1866=CARTESIAN_POINT('',(46.2050386020555,15.0000002235174,-4.5));
#1867=CARTESIAN_POINT('',(46.2050386020555,7.50000011175871,-4.5));
#1868=CARTESIAN_POINT('',(54.676257815877,15.0000002235174,0.186014204819114));
#1869=CARTESIAN_POINT('Origin',(46.2050386020555,15.0000002235174,5.5));
#1870=CARTESIAN_POINT('',(54.6762578158768,7.50000011175871,0.186014204819178));
#1871=CARTESIAN_POINT('Origin',(54.070146550325,15.0000002235174,-0.780209943373413));
#1872=CARTESIAN_POINT('',(97.8322332611426,15.0000002235174,68.9825338934268));
#1873=CARTESIAN_POINT('',(73.2496767697515,15.0000002235174,29.7945810269408));
#1874=CARTESIAN_POINT('',(97.8322332611426,-14.9999997764826,68.9825338934267));
#1875=CARTESIAN_POINT('',(97.8322332611426,1.11022302462516E-15,68.9825338934267));
#1876=CARTESIAN_POINT('',(67.6019877634749,-15.0000002235174,20.7913933129189));
#1877=CARTESIAN_POINT('Origin',(47.,15.0000002235174,-4.5));
#1878=CARTESIAN_POINT('',(7.,15.0000002235174,-4.5));
#1879=CARTESIAN_POINT('',(40.,15.0000002235174,-4.5));
#1880=CARTESIAN_POINT('',(7.,15.0000002235174,6.));
#1881=CARTESIAN_POINT('',(7.,15.0000002235174,0.));
#1882=CARTESIAN_POINT('',(27.,15.0000002235174,6.));
#1883=CARTESIAN_POINT('',(100.822311959109,15.0000002235174,75.3020352695289));
#1884=CARTESIAN_POINT('',(71.2151559795543,15.0000002235174,75.3020352695289));
#1885=CARTESIAN_POINT('',(100.89057312501,15.0000002235174,75.3020352695289));
#1886=CARTESIAN_POINT('',(100.89057312501,15.0000002235174,75.3020352695289));
#1887=CARTESIAN_POINT('',(100.820974661811,14.9999997764826,75.2992089050868));
#1888=CARTESIAN_POINT('',(68.8777165681598,15.0000002235174,74.0020065719894));
#1889=CARTESIAN_POINT('',(97.8322332611426,14.9999997764826,68.9825338934267));
#1890=CARTESIAN_POINT('',(57.9650624597283,15.0000002235174,7.40749347852888));
#1891=CARTESIAN_POINT('',(55.3999987617135,15.0000002235174,3.31843157267942));
#1892=CARTESIAN_POINT('',(57.9650624597283,15.0000002235174,7.40749347852888));
#1893=CARTESIAN_POINT('',(55.3999987617135,15.0000002235174,3.25538352193117));
#1894=CARTESIAN_POINT('',(55.3999987617135,15.0000002235174,22.9505088173822));
#1895=CARTESIAN_POINT('',(52.8205158571475,15.0000002235174,-0.920067036747383));
#1896=CARTESIAN_POINT('Origin',(100.820974661811,-15.0000002235174,75.2992089050868));
#1897=CARTESIAN_POINT('',(100.820974661811,-15.0000002235174,75.2992089050868));
#1898=CARTESIAN_POINT('',(97.8322332611426,-15.0000002235174,68.9825338934267));
#1899=CARTESIAN_POINT('',(100.820974661811,-15.,75.2992089050868));
#1900=CARTESIAN_POINT('Origin',(7.,-15.0000002235174,-4.5));
#1901=CARTESIAN_POINT('',(100.89057312501,-14.9999997764826,75.3020352695289));
#1902=CARTESIAN_POINT('',(48.9106450262776,-15.0000002235174,73.1911521590389));
#1903=CARTESIAN_POINT('',(100.822311959109,-15.0000002235174,75.3020352695289));
#1904=CARTESIAN_POINT('',(100.89057312501,-14.9999997764826,75.3020352695289));
#1905=CARTESIAN_POINT('',(100.89057312501,-14.9999997764826,75.3020352695289));
#1906=CARTESIAN_POINT('',(7.,-15.0000002235174,6.));
#1907=CARTESIAN_POINT('',(7.,-15.0000002235174,6.));
#1908=CARTESIAN_POINT('',(7.,-15.0000002235174,-4.5));
#1909=CARTESIAN_POINT('',(7.,-15.0000002235174,0.));
#1910=CARTESIAN_POINT('',(0.,-15.0000002235174,-4.5));
#1911=CARTESIAN_POINT('',(57.9650624597283,-15.0000002235174,7.40749347852888));
#1912=CARTESIAN_POINT('',(55.3999987617135,-15.0000002235174,3.25538352193117));
#1913=CARTESIAN_POINT('',(47.2960231077319,-15.0000002235174,-9.86265250460659));
#1914=CARTESIAN_POINT('',(55.3999987617135,-15.0000002235174,3.31843157267942));
#1915=CARTESIAN_POINT('',(55.3999987617135,-15.0000002235174,22.9505088173822));
#1916=CARTESIAN_POINT('',(57.9650624597283,-15.0000002235174,7.40749347852888));
#1917=CARTESIAN_POINT('Origin',(7.,0.,-4.5));
#1918=CARTESIAN_POINT('Origin',(7.,0.,-4.5));
#1919=CARTESIAN_POINT('',(-4.15,1.3654811810493E-15,-4.5));
#1920=CARTESIAN_POINT('Origin',(7.,0.,-4.5));
#1921=CARTESIAN_POINT('Origin',(95.4303119591086,-29.9999997764826,75.3020352695289));
#1922=CARTESIAN_POINT('',(100.822311959109,-24.9999997764826,75.3020352695289));
#1923=CARTESIAN_POINT('',(100.822311959109,-14.9999997764826,75.3020352695289));
#1924=CARTESIAN_POINT('',(95.4303119591086,-24.9999997764826,75.3020352695289));
#1925=CARTESIAN_POINT('Origin',(57.9650624597283,15.0000002235174,7.40749347852888));
#1926=CARTESIAN_POINT('',(55.3999987617135,7.50000022351742,3.31843157267942));
#1927=CARTESIAN_POINT('',(57.9650624597283,-15.0000002235174,7.40749347852888));
#1928=CARTESIAN_POINT('Origin',(55.3999987617135,2.23517417907715E-7,50.4010176347645));
#1929=CARTESIAN_POINT('',(55.3999987617135,-7.5,3.25538352193118));
#1930=CARTESIAN_POINT('Origin',(57.9625510266311,-15.0000002235174,7.40342818129038));
#1931=CARTESIAN_POINT('Origin',(95.4303119591086,-18.913183939888,90.5515623818145));
#1932=CARTESIAN_POINT('',(119.500001780689,-20.7499997764826,95.0329861287205));
#1933=CARTESIAN_POINT('',(119.500001780689,-23.7499997764925,90.3020352695286));
#1934=CARTESIAN_POINT('Origin',(119.500001780689,-18.913183939888,90.5515623818145));
#1935=CARTESIAN_POINT('',(88.4303119591086,-23.7499997764925,90.3020352695286));
#1936=CARTESIAN_POINT('',(95.4303119591086,-23.7499997764925,90.3020352695286));
#1937=CARTESIAN_POINT('',(88.4303119591086,-20.7499997764826,95.0329861287205));
#1938=CARTESIAN_POINT('Origin',(88.4303119591086,-18.913183939888,90.5515623818145));
#1939=CARTESIAN_POINT('',(95.4303119591086,-20.7499997764826,95.0329861287205));
#1940=CARTESIAN_POINT('Origin',(95.4303119591086,-16.8777024096027,90.5805068116507));
#1941=CARTESIAN_POINT('',(119.500001780689,-22.0084905287419,86.0000012964011));
#1942=CARTESIAN_POINT('Origin',(119.500001780689,-16.8777024096027,90.5805068116507));
#1943=CARTESIAN_POINT('',(123.322311959109,-22.0084905287419,86.0000012964011));
#1944=CARTESIAN_POINT('',(95.4303119591086,-22.0084905287419,86.0000012964011));
#1945=CARTESIAN_POINT('',(123.322311959109,-20.7575635991218,84.9013612202086));
#1946=CARTESIAN_POINT('Origin',(123.322311959109,-16.8777024096027,90.5805068116507));
#1947=CARTESIAN_POINT('',(88.4303119591086,-20.7575635991218,84.9013612202086));
#1948=CARTESIAN_POINT('',(100.822311959109,-20.7575635991218,84.9013612202086));
#1949=CARTESIAN_POINT('Origin',(88.4303119591086,-16.8777024096027,90.5805068116507));
#1950=CARTESIAN_POINT('Origin',(123.500001840293,-26.7499997764826,86.0000012964011));
#1951=CARTESIAN_POINT('',(123.500001840293,-25.6294227420315,86.0000012964011));
#1952=CARTESIAN_POINT('',(119.500001780689,-25.6294227420315,86.0000012964011));
#1953=CARTESIAN_POINT('',(100.822311959109,-25.6294227420315,86.0000012964011));
#1954=CARTESIAN_POINT('',(123.500001840293,-16.7499997764826,86.0000012964011));
#1955=CARTESIAN_POINT('',(123.500001840293,-26.7499997764826,86.0000012964011));
#1956=CARTESIAN_POINT('',(123.322311959109,-16.7499997764826,86.0000012964011));
#1957=CARTESIAN_POINT('',(119.500001780689,-16.7499997764826,86.0000012964011));
#1958=CARTESIAN_POINT('',(123.322311959109,-14.126607818041,86.0000012964011));
#1959=CARTESIAN_POINT('',(119.500001780689,-22.7501804005363,86.0000012964011));
#1960=CARTESIAN_POINT('Origin',(123.322311959109,-1.5032158595993,90.302035269529));
#1961=CARTESIAN_POINT('',(123.322311959109,-16.7499997764826,95.5000014081598));
#1962=CARTESIAN_POINT('',(123.322311959109,-16.7499997764826,88.651018282965));
#1963=CARTESIAN_POINT('',(123.322311959109,-20.7499997764826,95.5000014081598));
#1964=CARTESIAN_POINT('',(123.322311959109,-14.1266078180409,95.5000014081598));
#1965=CARTESIAN_POINT('',(123.322311959109,-20.7499997764826,100.802035269529));
#1966=CARTESIAN_POINT('',(123.322311959109,-20.7499997764826,95.0329861287205));
#1967=CARTESIAN_POINT('',(123.322311959109,20.7500002235174,100.802035269529));
#1968=CARTESIAN_POINT('',(123.322311959109,-20.7499997764826,100.802035269529));
#1969=CARTESIAN_POINT('',(123.322311959109,20.7500002235174,79.802035269529));
#1970=CARTESIAN_POINT('',(123.322311959109,20.7500002235174,100.802035269529));
#1971=CARTESIAN_POINT('',(123.322311959109,-20.7499997764826,79.802035269529));
#1972=CARTESIAN_POINT('',(123.322311959109,20.7500002235174,79.802035269529));
#1973=CARTESIAN_POINT('',(123.322311959109,-20.7499997764826,84.9013612202086));
#1974=CARTESIAN_POINT('',(123.322311959109,-20.7499997764826,79.802035269529));
#1975=CARTESIAN_POINT('',(123.322311959109,-20.7499997764826,84.9013612202086));
#1976=CARTESIAN_POINT('Origin',(119.500001780689,-26.7499997764826,95.5000014081598));
#1977=CARTESIAN_POINT('',(119.500001780689,-24.9983700862938,95.5000014081598));
#1978=CARTESIAN_POINT('',(123.500001840293,-24.9983700862938,95.5000014081598));
#1979=CARTESIAN_POINT('',(100.822311959109,-24.9983700862938,95.5000014081598));
#1980=CARTESIAN_POINT('',(119.500001780689,-20.7499997764826,95.5000014081598));
#1981=CARTESIAN_POINT('',(119.500001780689,-26.7499997764826,95.5000014081598));
#1982=CARTESIAN_POINT('',(107.465156869899,-20.7499997764826,95.5000014081598));
#1983=CARTESIAN_POINT('',(123.500001840293,-16.7499997764826,95.5000014081598));
#1984=CARTESIAN_POINT('',(123.500001840293,-16.7499997764826,95.5000014081598));
#1985=CARTESIAN_POINT('',(123.500001840293,-26.7499997764826,95.5000014081598));
#1986=CARTESIAN_POINT('Origin',(100.89057312501,-14.9999997764826,75.3020352695289));
#1987=CARTESIAN_POINT('',(100.89057312501,15.0000002235174,75.3020352695289));
#1988=CARTESIAN_POINT('Origin',(88.4303119591086,2.23517417907715E-7,90.302035269529));
#1989=CARTESIAN_POINT('',(88.4303119591086,-29.9999997764826,80.302035269529));
#1990=CARTESIAN_POINT('Origin',(88.4303119591086,-24.9999997764826,80.302035269529));
#1991=CARTESIAN_POINT('',(88.4303119591086,-29.9999997764826,100.302035269529));
#1992=CARTESIAN_POINT('',(88.4303119591086,-29.9999997764826,97.802035269529));
#1993=CARTESIAN_POINT('',(88.4303119591086,-24.9999997764826,105.302035269529));
#1994=CARTESIAN_POINT('Origin',(88.4303119591086,-24.9999997764826,100.302035269529));
#1995=CARTESIAN_POINT('',(88.4303119591086,25.0000002235174,105.302035269529));
#1996=CARTESIAN_POINT('',(88.4303119591086,15.0000002235174,105.302035269529));
#1997=CARTESIAN_POINT('',(88.4303119591086,30.0000002235174,100.302035269529));
#1998=CARTESIAN_POINT('Origin',(88.4303119591086,25.0000002235174,100.302035269529));
#1999=CARTESIAN_POINT('',(88.4303119591086,30.0000002235174,80.302035269529));
#2000=CARTESIAN_POINT('',(88.4303119591086,30.0000002235174,82.802035269529));
#2001=CARTESIAN_POINT('Origin',(88.4303119591086,25.0000002235174,80.302035269529));
#2002=CARTESIAN_POINT('',(88.4303119591086,25.8250002235174,85.302035269529));
#2003=CARTESIAN_POINT('Origin',(88.4303119591086,24.3750002235174,85.302035269529));
#2004=CARTESIAN_POINT('',(88.4303119591086,-22.9249997764826,95.302035269529));
#2005=CARTESIAN_POINT('Origin',(88.4303119591086,-24.3749997764826,95.302035269529));
#2006=CARTESIAN_POINT('',(88.4303119591086,-20.7499997764826,84.9013612202086));
#2007=CARTESIAN_POINT('',(88.4303119591086,-10.3787816878022,84.9013612202086));
#2008=CARTESIAN_POINT('',(88.4303119591086,-20.7499997764826,79.802035269529));
#2009=CARTESIAN_POINT('',(88.4303119591086,-20.7499997764826,85.552035269529));
#2010=CARTESIAN_POINT('',(88.4303119591086,20.7500002235174,79.802035269529));
#2011=CARTESIAN_POINT('',(88.4303119591086,10.0000002235174,79.802035269529));
#2012=CARTESIAN_POINT('',(88.4303119591086,20.7500002235174,100.802035269529));
#2013=CARTESIAN_POINT('',(88.4303119591086,20.7500002235174,95.052035269529));
#2014=CARTESIAN_POINT('',(88.4303119591086,-20.7499997764826,100.802035269529));
#2015=CARTESIAN_POINT('',(88.4303119591086,-9.99999977648258,100.802035269529));
#2016=CARTESIAN_POINT('',(88.4303119591086,-20.7499997764826,85.552035269529));
#2017=CARTESIAN_POINT('',(88.4303119591086,-22.9249997764826,85.302035269529));
#2018=CARTESIAN_POINT('Origin',(88.4303119591086,-24.3749997764826,85.302035269529));
#2019=CARTESIAN_POINT('',(88.4303119591086,25.8250002235174,95.302035269529));
#2020=CARTESIAN_POINT('Origin',(88.4303119591086,24.3750002235174,95.302035269529));
#2021=CARTESIAN_POINT('Origin',(95.4303119591086,20.7500002235174,99.8020352695289));
#2022=CARTESIAN_POINT('',(95.4303119591086,20.7500002235174,79.802035269529));
#2023=CARTESIAN_POINT('',(95.4303119591086,20.7500002235174,100.802035269529));
#2024=CARTESIAN_POINT('Origin',(95.4303119591086,20.0000002235174,79.802035269529));
#2025=CARTESIAN_POINT('',(95.4303119591086,-20.7499997764826,79.802035269529));
#2026=CARTESIAN_POINT('Origin',(95.4303119591086,-20.7499997764826,80.802035269529));
#2027=CARTESIAN_POINT('',(95.4303119591086,-20.7499997764826,84.9013612202086));
#2028=CARTESIAN_POINT('Origin',(95.4303119591086,-20.7575635991218,84.9013612202086));
#2029=CARTESIAN_POINT('Origin',(95.4303119591086,30.0000002235174,105.302035269529));
#2030=CARTESIAN_POINT('',(100.822311959109,-24.9999997764826,105.302035269529));
#2031=CARTESIAN_POINT('',(95.4303119591086,-24.9999997764826,105.302035269529));
#2032=CARTESIAN_POINT('',(100.822311959109,25.0000002235174,105.302035269529));
#2033=CARTESIAN_POINT('',(100.822311959109,15.0000002235174,105.302035269529));
#2034=CARTESIAN_POINT('',(95.4303119591086,25.0000002235174,105.302035269529));
#2035=CARTESIAN_POINT('Origin',(95.4303119591086,-24.9999997764826,100.302035269529));
#2036=CARTESIAN_POINT('',(100.822311959109,-29.9999997764826,100.302035269529));
#2037=CARTESIAN_POINT('',(95.4303119591086,-29.9999997764826,100.302035269529));
#2038=CARTESIAN_POINT('Origin',(100.822311959109,-24.9999997764826,100.302035269529));
#2039=CARTESIAN_POINT('Origin',(95.4303119591086,-29.9999997764826,105.302035269529));
#2040=CARTESIAN_POINT('',(100.822311959109,-29.9999997764826,80.302035269529));
#2041=CARTESIAN_POINT('',(95.4303119591086,-29.9999997764826,80.302035269529));
#2042=CARTESIAN_POINT('',(100.822311959109,-29.9999997764826,97.802035269529));
#2043=CARTESIAN_POINT('Origin',(95.4303119591086,-24.9999997764826,80.302035269529));
#2044=CARTESIAN_POINT('Origin',(100.822311959109,-24.9999997764826,80.302035269529));
#2045=CARTESIAN_POINT('Origin',(100.822311959109,-18.7499997764826,98.8020352695289));
#2046=CARTESIAN_POINT('',(125.322311959109,-23.7499997764826,98.802035269529));
#2047=CARTESIAN_POINT('',(125.322311959109,-18.7499997764826,103.802035269529));
#2048=CARTESIAN_POINT('Origin',(125.322311959109,-18.7499997764826,98.8020352695289));
#2049=CARTESIAN_POINT('',(100.822311959109,-18.7499997764826,103.802035269529));
#2050=CARTESIAN_POINT('',(100.822311959109,-18.7499997764826,103.802035269529));
#2051=CARTESIAN_POINT('',(100.822311959109,-23.7499997764826,98.802035269529));
#2052=CARTESIAN_POINT('Origin',(100.822311959109,-18.7499997764826,98.8020352695289));
#2053=CARTESIAN_POINT('',(100.822311959109,-23.7499997764826,98.802035269529));
#2054=CARTESIAN_POINT('Origin',(100.822311959109,23.7500002235174,103.802035269529));
#2055=CARTESIAN_POINT('',(125.322311959109,18.7500002235174,103.802035269529));
#2056=CARTESIAN_POINT('',(125.322311959109,23.7500002235174,103.802035269529));
#2057=CARTESIAN_POINT('',(100.822311959109,18.7500002235174,103.802035269529));
#2058=CARTESIAN_POINT('',(100.822311959109,18.7500002235174,103.802035269529));
#2059=CARTESIAN_POINT('',(100.822311959109,11.8750002235174,103.802035269529));
#2060=CARTESIAN_POINT('Origin',(125.322311959109,-1.5032158595993,90.302035269529));
#2061=CARTESIAN_POINT('',(125.322311959109,-23.7499997764826,96.7258438620139));
#2062=CARTESIAN_POINT('',(125.322311959109,-23.7499997764826,103.802035269529));
#2063=CARTESIAN_POINT('',(125.322311959109,-26.7468761975203,90.1645160711775));
#2064=CARTESIAN_POINT('Origin',(125.322311959109,-18.913183939888,90.5515623818145));
#2065=CARTESIAN_POINT('',(125.322311959109,-23.7499997764826,83.4850738824029));
#2066=CARTESIAN_POINT('Origin',(125.322311959109,-16.8777024096028,90.5805068116507));
#2067=CARTESIAN_POINT('',(125.322311959109,-23.7499997764826,81.802035269529));
#2068=CARTESIAN_POINT('',(125.322311959109,-23.7499997764826,83.4850738824029));
#2069=CARTESIAN_POINT('',(125.322311959109,-18.7499997764826,76.802035269529));
#2070=CARTESIAN_POINT('Origin',(125.322311959109,-18.7499997764826,81.802035269529));
#2071=CARTESIAN_POINT('',(125.322311959109,18.7500002235174,76.802035269529));
#2072=CARTESIAN_POINT('',(125.322311959109,-23.7499997764826,76.802035269529));
#2073=CARTESIAN_POINT('',(125.322311959109,23.7500002235174,81.802035269529));
#2074=CARTESIAN_POINT('Origin',(125.322311959109,18.7500002235174,81.802035269529));
#2075=CARTESIAN_POINT('',(125.322311959109,23.7500002235174,98.802035269529));
#2076=CARTESIAN_POINT('',(125.322311959109,23.7500002235174,76.802035269529));
#2077=CARTESIAN_POINT('Origin',(125.322311959109,18.7500002235174,98.802035269529));
#2078=CARTESIAN_POINT('Origin',(100.822311959109,-18.7499997764826,81.802035269529));
#2079=CARTESIAN_POINT('',(100.822311959109,-23.7499997764826,81.802035269529));
#2080=CARTESIAN_POINT('',(100.822311959109,-23.7499997764826,81.802035269529));
#2081=CARTESIAN_POINT('',(100.822311959109,-18.7499997764826,76.802035269529));
#2082=CARTESIAN_POINT('Origin',(100.822311959109,-18.7499997764826,81.802035269529));
#2083=CARTESIAN_POINT('',(100.822311959109,-18.7499997764826,76.802035269529));
#2084=CARTESIAN_POINT('Origin',(100.822311959109,-23.7499997764826,83.4850738824029));
#2085=CARTESIAN_POINT('',(100.822311959109,-23.7499997764826,83.4850738824029));
#2086=CARTESIAN_POINT('',(100.822311959109,-23.7499997764826,83.4850738824029));
#2087=CARTESIAN_POINT('',(100.822311959109,-23.7499997764826,86.8935545759659));
#2088=CARTESIAN_POINT('Origin',(100.822311959109,2.23517417907715E-7,90.302035269529));
#2089=CARTESIAN_POINT('',(100.822311959109,2.23517417907715E-7,75.3020352695289));
#2090=CARTESIAN_POINT('',(100.822311959109,25.0000002235174,75.3020352695289));
#2091=CARTESIAN_POINT('',(100.822311959109,-14.9999997764826,75.3020352695289));
#2092=CARTESIAN_POINT('',(100.822311959109,30.0000002235174,80.302035269529));
#2093=CARTESIAN_POINT('Origin',(100.822311959109,25.0000002235174,80.302035269529));
#2094=CARTESIAN_POINT('',(100.822311959109,30.0000002235174,100.302035269529));
#2095=CARTESIAN_POINT('',(100.822311959109,30.0000002235174,82.802035269529));
#2096=CARTESIAN_POINT('Origin',(100.822311959109,25.0000002235174,100.302035269529));
#2097=CARTESIAN_POINT('',(100.822311959109,23.7500002235174,98.802035269529));
#2098=CARTESIAN_POINT('',(100.822311959109,23.7500002235174,81.802035269529));
#2099=CARTESIAN_POINT('',(100.822311959109,23.7500002235174,83.552035269529));
#2100=CARTESIAN_POINT('',(100.822311959109,18.7500002235174,76.802035269529));
#2101=CARTESIAN_POINT('Origin',(100.822311959109,18.7500002235174,81.802035269529));
#2102=CARTESIAN_POINT('',(100.822311959109,-11.8749997764826,76.802035269529));
#2103=CARTESIAN_POINT('',(100.822311959109,-26.7468761975203,90.1645160711775));
#2104=CARTESIAN_POINT('Origin',(100.822311959109,-16.8777024096027,90.5805068116507));
#2105=CARTESIAN_POINT('',(100.822311959109,-23.7499997764826,96.7258438620139));
#2106=CARTESIAN_POINT('Origin',(100.822311959109,-18.913183939888,90.5515623818145));
#2107=CARTESIAN_POINT('',(100.822311959109,-23.7499997764826,97.052035269529));
#2108=CARTESIAN_POINT('Origin',(100.822311959109,18.7500002235174,98.802035269529));
#2109=CARTESIAN_POINT('Origin',(100.822311959109,18.7500002235174,81.802035269529));
#2110=CARTESIAN_POINT('',(100.822311959109,18.7500002235174,76.802035269529));
#2111=CARTESIAN_POINT('',(100.822311959109,23.7500002235174,81.802035269529));
#2112=CARTESIAN_POINT('Origin',(100.822311959109,23.7500002235174,96.6104216803419));
#2113=CARTESIAN_POINT('',(100.822311959109,23.7500002235174,98.802035269529));
#2114=CARTESIAN_POINT('Origin',(100.822311959109,18.7500002235174,98.802035269529));
#2115=CARTESIAN_POINT('Origin',(95.4303119591086,25.0000002235174,100.302035269529));
#2116=CARTESIAN_POINT('',(95.4303119591086,30.0000002235174,100.302035269529));
#2117=CARTESIAN_POINT('Origin',(95.4303119591086,30.0000002235174,75.3020352695289));
#2118=CARTESIAN_POINT('',(95.4303119591086,30.0000002235174,80.302035269529));
#2119=CARTESIAN_POINT('Origin',(95.4303119591086,25.0000002235174,80.302035269529));
#2120=CARTESIAN_POINT('',(95.4303119591086,25.0000002235174,75.3020352695289));
#2121=CARTESIAN_POINT('Origin',(95.4303119591086,-29.9999997764826,75.3020352695289));
#2122=CARTESIAN_POINT('Origin',(119.500001780689,-26.7499997764826,87.0000012964011));
#2123=CARTESIAN_POINT('',(119.500001780689,-26.7468761975203,90.1645160711775));
#2124=CARTESIAN_POINT('Origin',(119.500001780689,-18.913183939888,90.5515623818145));
#2125=CARTESIAN_POINT('Origin',(119.500001780689,-16.8777024096027,90.5805068116507));
#2126=CARTESIAN_POINT('',(119.500001780689,-20.7499997764826,87.6510183388444));
#2127=CARTESIAN_POINT('Origin',(123.500001840293,-26.7499997764826,94.5000014081598));
#2128=CARTESIAN_POINT('',(123.500001840293,-26.7468761975203,90.1645160711775));
#2129=CARTESIAN_POINT('Origin',(123.500001840293,-18.913183939888,90.5515623818145));
#2130=CARTESIAN_POINT('',(123.500001840293,-16.7499997764826,87.0000012964011));
#2131=CARTESIAN_POINT('Origin',(123.500001840293,-16.8777024096027,90.5805068116507));
#2132=CARTESIAN_POINT('Origin',(121.500001810491,-16.7499997764826,90.7500013522804));
#2133=CARTESIAN_POINT('Origin',(100.822311959109,-16.8777024096027,90.5805068116507));
#2134=CARTESIAN_POINT('',(100.822311959109,-26.7468761975203,90.1645160711775));
#2135=CARTESIAN_POINT('',(100.822311959109,-26.7468761975203,90.1645160711775));
#2136=CARTESIAN_POINT('Origin',(95.4303119591086,-24.3749997764826,85.302035269529));
#2137=CARTESIAN_POINT('',(95.4303119591086,-22.9249997764826,85.302035269529));
#2138=CARTESIAN_POINT('Origin',(95.4303119591086,-24.3749997764826,85.302035269529));
#2139=CARTESIAN_POINT('Origin',(95.4303119591086,24.3750002235174,95.302035269529));
#2140=CARTESIAN_POINT('',(95.4303119591086,25.8250002235174,95.302035269529));
#2141=CARTESIAN_POINT('Origin',(95.4303119591086,24.3750002235174,95.302035269529));
#2142=CARTESIAN_POINT('Origin',(95.4303119591086,24.3750002235174,95.302035269529));
#2143=CARTESIAN_POINT('',(95.4303119591086,25.8250002235174,95.302035269529));
#2144=CARTESIAN_POINT('Origin',(95.4303119591086,-24.3749997764826,95.302035269529));
#2145=CARTESIAN_POINT('',(95.4303119591086,-22.9249997764826,95.302035269529));
#2146=CARTESIAN_POINT('Origin',(95.4303119591086,-24.3749997764826,95.302035269529));
#2147=CARTESIAN_POINT('Origin',(95.4303119591086,24.3750002235174,85.302035269529));
#2148=CARTESIAN_POINT('',(95.4303119591086,25.8250002235174,85.302035269529));
#2149=CARTESIAN_POINT('Origin',(95.4303119591086,24.3750002235174,85.302035269529));
#2150=CARTESIAN_POINT('Origin',(95.4303119591086,24.3750002235174,85.302035269529));
#2151=CARTESIAN_POINT('',(95.4303119591086,25.8250002235174,85.302035269529));
#2152=CARTESIAN_POINT('Origin',(100.822311959109,-23.7499997764826,103.802035269529));
#2153=CARTESIAN_POINT('',(100.822311959109,-23.7499997764826,96.7258438620139));
#2154=CARTESIAN_POINT('Origin',(100.822311959109,-23.7499997764826,76.802035269529));
#2155=CARTESIAN_POINT('Origin',(100.822311959109,-18.913183939888,90.5515623818145));
#2156=CARTESIAN_POINT('Origin',(110.430311959109,30.0000002235174,75.3020352695289));
#2157=CARTESIAN_POINT('Origin',(95.4303119591086,-20.7499997764826,80.802035269529));
#2158=CARTESIAN_POINT('',(100.822311959109,-20.7499997764826,100.802035269529));
#2159=CARTESIAN_POINT('Origin',(95.4303119591086,-19.9999997764826,100.802035269529));
#2160=CARTESIAN_POINT('Origin',(95.4303119591086,-24.3749997764826,85.302035269529));
#2161=CARTESIAN_POINT('',(95.4303119591086,-22.9249997764826,85.302035269529));
#2162=CARTESIAN_POINT('Origin',(95.4303119591086,-24.3749997764826,95.302035269529));
#2163=CARTESIAN_POINT('',(95.4303119591086,-22.9249997764826,95.302035269529));
#2164=CARTESIAN_POINT('Origin',(7.,0.,6.));
#2165=CARTESIAN_POINT('Origin',(7.,0.,6.));
#2166=CARTESIAN_POINT('',(-1.2645,0.,6.));
#2167=CARTESIAN_POINT('Origin',(4.44089209850063E-15,0.,6.));
#2168=CARTESIAN_POINT('',(5.73550000000001,-7.,6.));
#2169=CARTESIAN_POINT('Origin',(7.,-7.,6.));
#2170=CARTESIAN_POINT('',(12.7355,0.,6.));
#2171=CARTESIAN_POINT('Origin',(14.,0.,6.));
#2172=CARTESIAN_POINT('',(5.50000000000001,0.,6.));
#2173=CARTESIAN_POINT('Origin',(7.,0.,6.));
#2174=CARTESIAN_POINT('',(5.73550000000001,7.,6.));
#2175=CARTESIAN_POINT('Origin',(7.,7.,6.));
#2176=CARTESIAN_POINT('Origin',(7.,0.,0.));
#2177=CARTESIAN_POINT('Origin',(7.,0.,-3.5));
#2178=CARTESIAN_POINT('',(-3.15,-1.24301650113456E-15,-3.5));
#2179=CARTESIAN_POINT('Origin',(-4.15,-1.3654811810493E-15,-3.5));
#2180=CARTESIAN_POINT('Origin',(7.,0.,-3.5));
#2181=CARTESIAN_POINT('Origin',(7.,0.,0.));
#2182=CARTESIAN_POINT('',(-3.15,-1.24301650113456E-15,0.));
#2183=CARTESIAN_POINT('',(-3.15,1.24301650113456E-15,0.));
#2184=CARTESIAN_POINT('Origin',(7.,0.,0.));
#2185=CARTESIAN_POINT('Origin',(7.,7.,0.));
#2186=CARTESIAN_POINT('',(5.7355,7.,0.));
#2187=CARTESIAN_POINT('',(5.7355,7.,0.));
#2188=CARTESIAN_POINT('Origin',(7.,7.,0.));
#2189=CARTESIAN_POINT('Origin',(7.,0.,0.));
#2190=CARTESIAN_POINT('',(5.5,-1.83697019872103E-16,0.));
#2191=CARTESIAN_POINT('',(5.5,-1.83697019872103E-16,0.));
#2192=CARTESIAN_POINT('Origin',(7.,0.,0.));
#2193=CARTESIAN_POINT('Origin',(14.,0.,0.));
#2194=CARTESIAN_POINT('',(12.7355,-1.54856587752183E-16,0.));
#2195=CARTESIAN_POINT('',(12.7355,-1.54856587752183E-16,0.));
#2196=CARTESIAN_POINT('Origin',(14.,0.,0.));
#2197=CARTESIAN_POINT('Origin',(7.,-7.,0.));
#2198=CARTESIAN_POINT('',(5.7355,-7.,0.));
#2199=CARTESIAN_POINT('',(5.7355,-7.,0.));
#2200=CARTESIAN_POINT('Origin',(7.,-7.,0.));
#2201=CARTESIAN_POINT('Origin',(4.44089209850063E-15,0.,0.));
#2202=CARTESIAN_POINT('',(-1.2645,-1.54856587752183E-16,0.));
#2203=CARTESIAN_POINT('',(-1.2645,-1.54856587752183E-16,0.));
#2204=CARTESIAN_POINT('Origin',(4.44089209850063E-15,0.,0.));
#2205=CARTESIAN_POINT('Origin',(7.,0.,0.));
#2206=UNCERTAINTY_MEASURE_WITH_UNIT(LENGTH_MEASURE(0.01),#2210,
'DISTANCE_ACCURACY_VALUE',
'Maximum model space distance between geometric entities at asserted c
onnectivities');
#2207=UNCERTAINTY_MEASURE_WITH_UNIT(LENGTH_MEASURE(0.01),#2210,
'DISTANCE_ACCURACY_VALUE',
'Maximum model space distance between geometric entities at asserted c
onnectivities');
#2208=(
GEOMETRIC_REPRESENTATION_CONTEXT(3)
GLOBAL_UNCERTAINTY_ASSIGNED_CONTEXT((#2206))
GLOBAL_UNIT_ASSIGNED_CONTEXT((#2210,#2212,#2213))
REPRESENTATION_CONTEXT('','3D')
);
#2209=(
GEOMETRIC_REPRESENTATION_CONTEXT(3)
GLOBAL_UNCERTAINTY_ASSIGNED_CONTEXT((#2207))
GLOBAL_UNIT_ASSIGNED_CONTEXT((#2210,#2212,#2213))
REPRESENTATION_CONTEXT('','3D')
);
#2210=(
LENGTH_UNIT()
NAMED_UNIT(*)
SI_UNIT(.MILLI.,.METRE.)
);
#2211=(
LENGTH_UNIT()
NAMED_UNIT(*)
SI_UNIT($,.METRE.)
);
#2212=(
NAMED_UNIT(*)
PLANE_ANGLE_UNIT()
SI_UNIT($,.RADIAN.)
);
#2213=(
NAMED_UNIT(*)
SI_UNIT($,.STERADIAN.)
SOLID_ANGLE_UNIT()
);
#2214=SHAPE_DEFINITION_REPRESENTATION(#2215,#2216);
#2215=PRODUCT_DEFINITION_SHAPE('',$,#2218);
#2216=SHAPE_REPRESENTATION('',(#1317),#2208);
#2217=PRODUCT_DEFINITION_CONTEXT('part definition',#2222,'design');
#2218=PRODUCT_DEFINITION('GYRA PITCH BRACKET','GYRA PITCH BRACKET v27',
#2219,#2217);
#2219=PRODUCT_DEFINITION_FORMATION('',$,#2224);
#2220=PRODUCT_RELATED_PRODUCT_CATEGORY('GYRA PITCH BRACKET v27',
'GYRA PITCH BRACKET v27',(#2224));
#2221=APPLICATION_PROTOCOL_DEFINITION('international standard',
'automotive_design',2009,#2222);
#2222=APPLICATION_CONTEXT(
'Core Data for Automotive Mechanical Design Process');
#2223=PRODUCT_CONTEXT('part definition',#2222,'mechanical');
#2224=PRODUCT('GYRA PITCH BRACKET','GYRA PITCH BRACKET v27',$,(#2223));
#2225=PRESENTATION_STYLE_ASSIGNMENT((#2226));
#2226=SURFACE_STYLE_USAGE(.BOTH.,#2227);
#2227=SURFACE_SIDE_STYLE('',(#2228));
#2228=SURFACE_STYLE_FILL_AREA(#2229);
#2229=FILL_AREA_STYLE('Plastic - Matte (White)',(#2230));
#2230=FILL_AREA_STYLE_COLOUR('Plastic - Matte (White)',#2231);
#2231=COLOUR_RGB('Plastic - Matte (White)',0.964705882352941,0.964705882352941,
0.952941176470588);
ENDSEC;
END-ISO-10303-21;
