ISO-10303-21;
HEADER;
/* Generated by software containing ST-Developer
 * from STEP Tools, Inc. (www.steptools.com) 
 */

FILE_DESCRIPTION(
/* description */ (''),
/* implementation_level */ '2;1');

FILE_NAME(
/* name */ 'GYRA ROLL PITCH BRAKET (PRT 3).step',
/* time_stamp */ '2026-05-23T22:50:40+05:30',
/* author */ (''),
/* organization */ (''),
/* preprocessor_version */ 'ST-DEVELOPER v20.1',
/* originating_system */ 'Autodesk Translation Framework v15.8.0.0',
/* authorisation */ '');

FILE_SCHEMA (('AUTOMOTIVE_DESIGN { 1 0 10303 214 3 1 1 }'));
ENDSEC;

DATA;
#10=MECHANICAL_DESIGN_GEOMETRIC_PRESENTATION_REPRESENTATION('',(#13),#3424);
#11=SHAPE_REPRESENTATION_RELATIONSHIP('SRR','None',#3431,#12);
#12=ADVANCED_BREP_SHAPE_REPRESENTATION('',(#14),#3423);
#13=STYLED_ITEM('',(#3440),#14);
#14=MANIFOLD_SOLID_BREP('HEAD',#2004);
#15=(
BOUNDED_CURVE()
B_SPLINE_CURVE(2,(#3357,#3358,#3359),.UNSPECIFIED.,.F.,.F.)
B_SPLINE_CURVE_WITH_KNOTS((3,3),(0.,0.4000123849198),.UNSPECIFIED.)
CURVE()
GEOMETRIC_REPRESENTATION_ITEM()
RATIONAL_B_SPLINE_CURVE((1.,0.999994368217257,1.))
REPRESENTATION_ITEM('')
);
#16=(
BOUNDED_CURVE()
B_SPLINE_CURVE(2,(#3363,#3364,#3365),.UNSPECIFIED.,.F.,.F.)
B_SPLINE_CURVE_WITH_KNOTS((3,3),(0.,0.4000031019403),.UNSPECIFIED.)
CURVE()
GEOMETRIC_REPRESENTATION_ITEM()
RATIONAL_B_SPLINE_CURVE((1.,0.999996532646454,1.))
REPRESENTATION_ITEM('')
);
#17=(
BOUNDED_CURVE()
B_SPLINE_CURVE(2,(#3382,#3383,#3384),.UNSPECIFIED.,.F.,.F.)
B_SPLINE_CURVE_WITH_KNOTS((3,3),(0.,0.400009985812389),.UNSPECIFIED.)
CURVE()
GEOMETRIC_REPRESENTATION_ITEM()
RATIONAL_B_SPLINE_CURVE((1.,0.999993447008987,1.))
REPRESENTATION_ITEM('')
);
#18=(
BOUNDED_CURVE()
B_SPLINE_CURVE(2,(#3387,#3388,#3389),.UNSPECIFIED.,.F.,.F.)
B_SPLINE_CURVE_WITH_KNOTS((3,3),(0.,0.400008854006619),.UNSPECIFIED.)
CURVE()
GEOMETRIC_REPRESENTATION_ITEM()
RATIONAL_B_SPLINE_CURVE((1.,0.999993788123899,1.))
REPRESENTATION_ITEM('')
);
#19=B_SPLINE_CURVE_WITH_KNOTS('',3,(#3328,#3329,#3330,#3331,#3332,#3333,
#3334,#3335,#3336,#3337),.UNSPECIFIED.,.F.,.F.,(4,2,2,2,4),(0.173231112511713,
0.215805386843895,0.258379661176077,0.296945903032025,0.335512144887973),
 .UNSPECIFIED.);
#20=B_SPLINE_CURVE_WITH_KNOTS('',3,(#3339,#3340,#3341,#3342,#3343,#3344,
#3345,#3346,#3347,#3348),.UNSPECIFIED.,.F.,.F.,(4,2,2,2,4),(0.335369610505555,
0.373935852361504,0.412502094217452,0.455076368549633,0.497650642881815),
 .UNSPECIFIED.);
#21=(
BOUNDED_SURFACE()
B_SPLINE_SURFACE(1,2,((#2826,#2827,#2828),(#2829,#2830,#2831)),
 .UNSPECIFIED.,.F.,.F.,.F.)
B_SPLINE_SURFACE_WITH_KNOTS((2,2),(3,3),(-0.12725,0.0727500000000001),(1.23611746887446,
1.90547516853105),.UNSPECIFIED.)
GEOMETRIC_REPRESENTATION_ITEM()
RATIONAL_B_SPLINE_SURFACE(((1.,0.944515845204158,1.),(1.,0.944515845204158,
1.)))
REPRESENTATION_ITEM('')
SURFACE()
);
#22=(
BOUNDED_SURFACE()
B_SPLINE_SURFACE(1,2,((#2837,#2838,#2839,#2840,#2841),(#2842,#2843,#2844,
#2845,#2846)),.UNSPECIFIED.,.F.,.F.,.F.)
B_SPLINE_SURFACE_WITH_KNOTS((2,2),(3,2,3),(-0.12725,0.0727500000000001),
(2.02060144859799,3.14159265638905,4.26258386418011),.UNSPECIFIED.)
GEOMETRIC_REPRESENTATION_ITEM()
RATIONAL_B_SPLINE_SURFACE(((1.,0.84699174902249,1.,0.84699174902249,1.),
(1.,0.84699174902249,1.,0.84699174902249,1.)))
REPRESENTATION_ITEM('')
SURFACE()
);
#23=(
BOUNDED_SURFACE()
B_SPLINE_SURFACE(1,2,((#2918,#2919,#2920),(#2921,#2922,#2923)),
 .UNSPECIFIED.,.F.,.F.,.F.)
B_SPLINE_SURFACE_WITH_KNOTS((2,2),(3,3),(-0.12725,0.07275),(-1.90547517081136,
-1.23611747501296),.UNSPECIFIED.)
GEOMETRIC_REPRESENTATION_ITEM()
RATIONAL_B_SPLINE_SURFACE(((1.,0.944515845837798,1.),(1.,0.944515845837798,
1.)))
REPRESENTATION_ITEM('')
SURFACE()
);
#24=(
BOUNDED_SURFACE()
B_SPLINE_SURFACE(1,2,((#2929,#2930,#2931,#2932,#2933),(#2934,#2935,#2936,
#2937,#2938)),.UNSPECIFIED.,.F.,.F.,.F.)
B_SPLINE_SURFACE_WITH_KNOTS((2,2),(3,2,3),(-0.12725,0.0727500000000001),
(-1.12099121315681,-1.06132886923405E-8,1.12099119193023),.UNSPECIFIED.)
GEOMETRIC_REPRESENTATION_ITEM()
RATIONAL_B_SPLINE_SURFACE(((1.,0.846991750417301,1.,0.846991750417301,1.),
(1.,0.846991750417301,1.,0.846991750417301,1.)))
REPRESENTATION_ITEM('')
SURFACE()
);
#25=FACE_BOUND('',#240,.T.);
#26=FACE_BOUND('',#241,.T.);
#27=FACE_BOUND('',#242,.T.);
#28=FACE_BOUND('',#243,.T.);
#29=FACE_BOUND('',#244,.T.);
#30=FACE_BOUND('',#245,.T.);
#31=FACE_BOUND('',#246,.T.);
#32=FACE_BOUND('',#256,.T.);
#33=FACE_BOUND('',#257,.T.);
#34=FACE_BOUND('',#258,.T.);
#35=FACE_BOUND('',#259,.T.);
#36=FACE_BOUND('',#260,.T.);
#37=FACE_BOUND('',#261,.T.);
#38=FACE_BOUND('',#262,.T.);
#39=FACE_BOUND('',#263,.T.);
#40=FACE_BOUND('',#264,.T.);
#41=FACE_BOUND('',#269,.T.);
#42=FACE_BOUND('',#276,.T.);
#43=FACE_BOUND('',#281,.T.);
#44=FACE_BOUND('',#282,.T.);
#45=FACE_BOUND('',#283,.T.);
#46=FACE_BOUND('',#284,.T.);
#47=FACE_BOUND('',#285,.T.);
#48=FACE_BOUND('',#341,.T.);
#49=FACE_BOUND('',#347,.T.);
#50=FACE_BOUND('',#349,.T.);
#51=ELLIPSE('',#2024,20.,6.03000000000001);
#52=ELLIPSE('',#2027,20.,6.03000000000001);
#53=ELLIPSE('',#2029,20.,6.03000000000001);
#54=ELLIPSE('',#2031,20.,6.03000000000001);
#55=ELLIPSE('',#2038,20.,6.03000000000001);
#56=ELLIPSE('',#2039,20.,6.03000000000001);
#57=ELLIPSE('',#2060,20.,6.03000000000001);
#58=ELLIPSE('',#2061,20.,6.03000000000001);
#59=ELLIPSE('',#2084,31.1126983722081,22.);
#60=ELLIPSE('',#2085,31.1126983722081,22.);
#61=ELLIPSE('',#2088,31.1126983722081,22.);
#62=ELLIPSE('',#2089,31.1126983722081,22.);
#63=ELLIPSE('',#2146,1.00772279516469,1.);
#64=ELLIPSE('',#2152,1.4142135623731,1.);
#65=ELLIPSE('',#2153,1.41421356237282,1.);
#66=ELLIPSE('',#2155,1.4142135623731,1.);
#67=ELLIPSE('',#2157,1.41421356237309,1.);
#68=ELLIPSE('',#2184,6.54871527887774,6.54852254653654);
#69=ELLIPSE('',#2185,6.54871527887774,6.54852254653654);
#70=ELLIPSE('',#2186,6.54871527887774,6.54852254653654);
#71=ELLIPSE('',#2193,5.76160910501803,5.76143953765029);
#72=ELLIPSE('',#2194,5.76160910501803,5.76143953765029);
#73=PLANE('',#2021);
#74=PLANE('',#2040);
#75=PLANE('',#2041);
#76=PLANE('',#2042);
#77=PLANE('',#2043);
#78=PLANE('',#2044);
#79=PLANE('',#2045);
#80=PLANE('',#2046);
#81=PLANE('',#2062);
#82=PLANE('',#2077);
#83=PLANE('',#2081);
#84=PLANE('',#2082);
#85=PLANE('',#2090);
#86=PLANE('',#2100);
#87=PLANE('',#2101);
#88=PLANE('',#2102);
#89=PLANE('',#2103);
#90=PLANE('',#2104);
#91=PLANE('',#2105);
#92=PLANE('',#2106);
#93=PLANE('',#2109);
#94=PLANE('',#2110);
#95=PLANE('',#2111);
#96=PLANE('',#2114);
#97=PLANE('',#2115);
#98=PLANE('',#2116);
#99=PLANE('',#2118);
#100=PLANE('',#2120);
#101=PLANE('',#2121);
#102=PLANE('',#2125);
#103=PLANE('',#2130);
#104=PLANE('',#2133);
#105=PLANE('',#2136);
#106=PLANE('',#2139);
#107=PLANE('',#2140);
#108=PLANE('',#2141);
#109=PLANE('',#2142);
#110=PLANE('',#2145);
#111=PLANE('',#2147);
#112=PLANE('',#2149);
#113=PLANE('',#2150);
#114=PLANE('',#2160);
#115=PLANE('',#2165);
#116=PLANE('',#2166);
#117=PLANE('',#2171);
#118=PLANE('',#2172);
#119=PLANE('',#2174);
#120=PLANE('',#2176);
#121=PLANE('',#2177);
#122=PLANE('',#2178);
#123=PLANE('',#2189);
#124=PLANE('',#2190);
#125=PLANE('',#2195);
#126=PLANE('',#2196);
#127=PLANE('',#2197);
#128=PLANE('',#2198);
#129=PLANE('',#2199);
#130=PLANE('',#2200);
#131=PLANE('',#2205);
#132=PLANE('',#2206);
#133=PLANE('',#2207);
#134=PLANE('',#2208);
#135=PLANE('',#2209);
#136=PLANE('',#2210);
#137=FACE_OUTER_BOUND('',#238,.T.);
#138=FACE_OUTER_BOUND('',#239,.T.);
#139=FACE_OUTER_BOUND('',#247,.T.);
#140=FACE_OUTER_BOUND('',#248,.T.);
#141=FACE_OUTER_BOUND('',#249,.T.);
#142=FACE_OUTER_BOUND('',#250,.T.);
#143=FACE_OUTER_BOUND('',#251,.T.);
#144=FACE_OUTER_BOUND('',#252,.T.);
#145=FACE_OUTER_BOUND('',#253,.T.);
#146=FACE_OUTER_BOUND('',#254,.T.);
#147=FACE_OUTER_BOUND('',#255,.T.);
#148=FACE_OUTER_BOUND('',#265,.T.);
#149=FACE_OUTER_BOUND('',#266,.T.);
#150=FACE_OUTER_BOUND('',#267,.T.);
#151=FACE_OUTER_BOUND('',#268,.T.);
#152=FACE_OUTER_BOUND('',#270,.T.);
#153=FACE_OUTER_BOUND('',#271,.T.);
#154=FACE_OUTER_BOUND('',#272,.T.);
#155=FACE_OUTER_BOUND('',#273,.T.);
#156=FACE_OUTER_BOUND('',#274,.T.);
#157=FACE_OUTER_BOUND('',#275,.T.);
#158=FACE_OUTER_BOUND('',#277,.T.);
#159=FACE_OUTER_BOUND('',#278,.T.);
#160=FACE_OUTER_BOUND('',#279,.T.);
#161=FACE_OUTER_BOUND('',#280,.T.);
#162=FACE_OUTER_BOUND('',#286,.T.);
#163=FACE_OUTER_BOUND('',#287,.T.);
#164=FACE_OUTER_BOUND('',#288,.T.);
#165=FACE_OUTER_BOUND('',#289,.T.);
#166=FACE_OUTER_BOUND('',#290,.T.);
#167=FACE_OUTER_BOUND('',#291,.T.);
#168=FACE_OUTER_BOUND('',#292,.T.);
#169=FACE_OUTER_BOUND('',#293,.T.);
#170=FACE_OUTER_BOUND('',#294,.T.);
#171=FACE_OUTER_BOUND('',#295,.T.);
#172=FACE_OUTER_BOUND('',#296,.T.);
#173=FACE_OUTER_BOUND('',#297,.T.);
#174=FACE_OUTER_BOUND('',#298,.T.);
#175=FACE_OUTER_BOUND('',#299,.T.);
#176=FACE_OUTER_BOUND('',#300,.T.);
#177=FACE_OUTER_BOUND('',#301,.T.);
#178=FACE_OUTER_BOUND('',#302,.T.);
#179=FACE_OUTER_BOUND('',#303,.T.);
#180=FACE_OUTER_BOUND('',#304,.T.);
#181=FACE_OUTER_BOUND('',#305,.T.);
#182=FACE_OUTER_BOUND('',#306,.T.);
#183=FACE_OUTER_BOUND('',#307,.T.);
#184=FACE_OUTER_BOUND('',#308,.T.);
#185=FACE_OUTER_BOUND('',#309,.T.);
#186=FACE_OUTER_BOUND('',#310,.T.);
#187=FACE_OUTER_BOUND('',#311,.T.);
#188=FACE_OUTER_BOUND('',#312,.T.);
#189=FACE_OUTER_BOUND('',#313,.T.);
#190=FACE_OUTER_BOUND('',#314,.T.);
#191=FACE_OUTER_BOUND('',#315,.T.);
#192=FACE_OUTER_BOUND('',#316,.T.);
#193=FACE_OUTER_BOUND('',#317,.T.);
#194=FACE_OUTER_BOUND('',#318,.T.);
#195=FACE_OUTER_BOUND('',#319,.T.);
#196=FACE_OUTER_BOUND('',#320,.T.);
#197=FACE_OUTER_BOUND('',#321,.T.);
#198=FACE_OUTER_BOUND('',#322,.T.);
#199=FACE_OUTER_BOUND('',#323,.T.);
#200=FACE_OUTER_BOUND('',#324,.T.);
#201=FACE_OUTER_BOUND('',#325,.T.);
#202=FACE_OUTER_BOUND('',#326,.T.);
#203=FACE_OUTER_BOUND('',#327,.T.);
#204=FACE_OUTER_BOUND('',#328,.T.);
#205=FACE_OUTER_BOUND('',#329,.T.);
#206=FACE_OUTER_BOUND('',#330,.T.);
#207=FACE_OUTER_BOUND('',#331,.T.);
#208=FACE_OUTER_BOUND('',#332,.T.);
#209=FACE_OUTER_BOUND('',#333,.T.);
#210=FACE_OUTER_BOUND('',#334,.T.);
#211=FACE_OUTER_BOUND('',#335,.T.);
#212=FACE_OUTER_BOUND('',#336,.T.);
#213=FACE_OUTER_BOUND('',#337,.T.);
#214=FACE_OUTER_BOUND('',#338,.T.);
#215=FACE_OUTER_BOUND('',#339,.T.);
#216=FACE_OUTER_BOUND('',#340,.T.);
#217=FACE_OUTER_BOUND('',#342,.T.);
#218=FACE_OUTER_BOUND('',#343,.T.);
#219=FACE_OUTER_BOUND('',#344,.T.);
#220=FACE_OUTER_BOUND('',#345,.T.);
#221=FACE_OUTER_BOUND('',#346,.T.);
#222=FACE_OUTER_BOUND('',#348,.T.);
#223=FACE_OUTER_BOUND('',#350,.T.);
#224=FACE_OUTER_BOUND('',#351,.T.);
#225=FACE_OUTER_BOUND('',#352,.T.);
#226=FACE_OUTER_BOUND('',#353,.T.);
#227=FACE_OUTER_BOUND('',#354,.T.);
#228=FACE_OUTER_BOUND('',#355,.T.);
#229=FACE_OUTER_BOUND('',#356,.T.);
#230=FACE_OUTER_BOUND('',#357,.T.);
#231=FACE_OUTER_BOUND('',#358,.T.);
#232=FACE_OUTER_BOUND('',#359,.T.);
#233=FACE_OUTER_BOUND('',#360,.T.);
#234=FACE_OUTER_BOUND('',#361,.T.);
#235=FACE_OUTER_BOUND('',#362,.T.);
#236=FACE_OUTER_BOUND('',#363,.T.);
#237=FACE_OUTER_BOUND('',#364,.T.);
#238=EDGE_LOOP('',(#1292,#1293,#1294,#1295));
#239=EDGE_LOOP('',(#1296,#1297,#1298,#1299,#1300,#1301,#1302,#1303,#1304,
#1305));
#240=EDGE_LOOP('',(#1306));
#241=EDGE_LOOP('',(#1307));
#242=EDGE_LOOP('',(#1308));
#243=EDGE_LOOP('',(#1309));
#244=EDGE_LOOP('',(#1310));
#245=EDGE_LOOP('',(#1311));
#246=EDGE_LOOP('',(#1312));
#247=EDGE_LOOP('',(#1313,#1314,#1315,#1316));
#248=EDGE_LOOP('',(#1317,#1318,#1319,#1320));
#249=EDGE_LOOP('',(#1321,#1322,#1323,#1324));
#250=EDGE_LOOP('',(#1325,#1326,#1327,#1328));
#251=EDGE_LOOP('',(#1329,#1330,#1331,#1332));
#252=EDGE_LOOP('',(#1333,#1334,#1335,#1336));
#253=EDGE_LOOP('',(#1337,#1338,#1339,#1340));
#254=EDGE_LOOP('',(#1341,#1342,#1343,#1344));
#255=EDGE_LOOP('',(#1345,#1346,#1347,#1348,#1349,#1350,#1351,#1352));
#256=EDGE_LOOP('',(#1353));
#257=EDGE_LOOP('',(#1354));
#258=EDGE_LOOP('',(#1355));
#259=EDGE_LOOP('',(#1356));
#260=EDGE_LOOP('',(#1357));
#261=EDGE_LOOP('',(#1358));
#262=EDGE_LOOP('',(#1359));
#263=EDGE_LOOP('',(#1360));
#264=EDGE_LOOP('',(#1361));
#265=EDGE_LOOP('',(#1362,#1363,#1364,#1365,#1366,#1367,#1368,#1369));
#266=EDGE_LOOP('',(#1370,#1371,#1372,#1373));
#267=EDGE_LOOP('',(#1374,#1375,#1376,#1377));
#268=EDGE_LOOP('',(#1378,#1379,#1380,#1381));
#269=EDGE_LOOP('',(#1382,#1383,#1384,#1385,#1386,#1387,#1388,#1389,#1390,
#1391));
#270=EDGE_LOOP('',(#1392,#1393,#1394,#1395));
#271=EDGE_LOOP('',(#1396,#1397,#1398,#1399));
#272=EDGE_LOOP('',(#1400,#1401,#1402,#1403));
#273=EDGE_LOOP('',(#1404,#1405,#1406,#1407));
#274=EDGE_LOOP('',(#1408,#1409,#1410,#1411,#1412,#1413,#1414,#1415));
#275=EDGE_LOOP('',(#1416,#1417,#1418,#1419));
#276=EDGE_LOOP('',(#1420,#1421,#1422,#1423,#1424,#1425,#1426,#1427,#1428,
#1429));
#277=EDGE_LOOP('',(#1430,#1431,#1432,#1433));
#278=EDGE_LOOP('',(#1434,#1435,#1436,#1437,#1438,#1439,#1440,#1441));
#279=EDGE_LOOP('',(#1442,#1443,#1444,#1445,#1446,#1447,#1448,#1449,#1450,
#1451,#1452,#1453,#1454,#1455,#1456,#1457));
#280=EDGE_LOOP('',(#1458,#1459,#1460,#1461,#1462,#1463,#1464,#1465,#1466,
#1467,#1468,#1469));
#281=EDGE_LOOP('',(#1470,#1471,#1472,#1473,#1474,#1475,#1476,#1477));
#282=EDGE_LOOP('',(#1478));
#283=EDGE_LOOP('',(#1479));
#284=EDGE_LOOP('',(#1480));
#285=EDGE_LOOP('',(#1481));
#286=EDGE_LOOP('',(#1482,#1483,#1484,#1485));
#287=EDGE_LOOP('',(#1486,#1487,#1488,#1489));
#288=EDGE_LOOP('',(#1490,#1491,#1492,#1493));
#289=EDGE_LOOP('',(#1494,#1495,#1496,#1497));
#290=EDGE_LOOP('',(#1498,#1499,#1500,#1501));
#291=EDGE_LOOP('',(#1502,#1503,#1504,#1505));
#292=EDGE_LOOP('',(#1506,#1507,#1508,#1509,#1510,#1511,#1512,#1513,#1514,
#1515,#1516,#1517,#1518,#1519,#1520,#1521,#1522));
#293=EDGE_LOOP('',(#1523,#1524,#1525,#1526));
#294=EDGE_LOOP('',(#1527,#1528,#1529,#1530));
#295=EDGE_LOOP('',(#1531,#1532,#1533,#1534,#1535,#1536,#1537,#1538,#1539,
#1540,#1541,#1542,#1543,#1544,#1545,#1546,#1547));
#296=EDGE_LOOP('',(#1548,#1549,#1550,#1551));
#297=EDGE_LOOP('',(#1552,#1553,#1554,#1555));
#298=EDGE_LOOP('',(#1556,#1557,#1558,#1559));
#299=EDGE_LOOP('',(#1560,#1561,#1562,#1563));
#300=EDGE_LOOP('',(#1564,#1565,#1566,#1567));
#301=EDGE_LOOP('',(#1568,#1569,#1570,#1571));
#302=EDGE_LOOP('',(#1572,#1573,#1574,#1575));
#303=EDGE_LOOP('',(#1576,#1577,#1578,#1579,#1580,#1581,#1582,#1583));
#304=EDGE_LOOP('',(#1584,#1585,#1586,#1587));
#305=EDGE_LOOP('',(#1588,#1589,#1590,#1591,#1592,#1593,#1594,#1595,#1596,
#1597));
#306=EDGE_LOOP('',(#1598,#1599,#1600,#1601));
#307=EDGE_LOOP('',(#1602,#1603,#1604,#1605));
#308=EDGE_LOOP('',(#1606,#1607,#1608,#1609));
#309=EDGE_LOOP('',(#1610,#1611,#1612,#1613));
#310=EDGE_LOOP('',(#1614,#1615,#1616,#1617));
#311=EDGE_LOOP('',(#1618,#1619,#1620,#1621));
#312=EDGE_LOOP('',(#1622,#1623,#1624,#1625));
#313=EDGE_LOOP('',(#1626,#1627,#1628,#1629));
#314=EDGE_LOOP('',(#1630,#1631,#1632,#1633));
#315=EDGE_LOOP('',(#1634,#1635,#1636,#1637));
#316=EDGE_LOOP('',(#1638,#1639,#1640,#1641));
#317=EDGE_LOOP('',(#1642,#1643,#1644,#1645));
#318=EDGE_LOOP('',(#1646,#1647,#1648,#1649,#1650,#1651));
#319=EDGE_LOOP('',(#1652,#1653,#1654,#1655));
#320=EDGE_LOOP('',(#1656,#1657,#1658,#1659));
#321=EDGE_LOOP('',(#1660,#1661,#1662,#1663,#1664,#1665));
#322=EDGE_LOOP('',(#1666,#1667,#1668,#1669));
#323=EDGE_LOOP('',(#1670,#1671,#1672,#1673));
#324=EDGE_LOOP('',(#1674,#1675,#1676,#1677));
#325=EDGE_LOOP('',(#1678,#1679,#1680,#1681));
#326=EDGE_LOOP('',(#1682,#1683,#1684,#1685));
#327=EDGE_LOOP('',(#1686,#1687,#1688,#1689));
#328=EDGE_LOOP('',(#1690,#1691,#1692,#1693));
#329=EDGE_LOOP('',(#1694,#1695,#1696,#1697));
#330=EDGE_LOOP('',(#1698,#1699,#1700,#1701));
#331=EDGE_LOOP('',(#1702,#1703,#1704,#1705));
#332=EDGE_LOOP('',(#1706));
#333=EDGE_LOOP('',(#1707));
#334=EDGE_LOOP('',(#1708));
#335=EDGE_LOOP('',(#1709));
#336=EDGE_LOOP('',(#1710,#1711,#1712,#1713));
#337=EDGE_LOOP('',(#1714,#1715,#1716,#1717,#1718,#1719,#1720,#1721));
#338=EDGE_LOOP('',(#1722,#1723,#1724,#1725,#1726,#1727));
#339=EDGE_LOOP('',(#1728,#1729,#1730,#1731));
#340=EDGE_LOOP('',(#1732,#1733,#1734,#1735,#1736,#1737,#1738,#1739,#1740,
#1741,#1742,#1743));
#341=EDGE_LOOP('',(#1744,#1745,#1746,#1747));
#342=EDGE_LOOP('',(#1748,#1749,#1750,#1751));
#343=EDGE_LOOP('',(#1752,#1753,#1754,#1755));
#344=EDGE_LOOP('',(#1756,#1757,#1758,#1759));
#345=EDGE_LOOP('',(#1760,#1761));
#346=EDGE_LOOP('',(#1762,#1763,#1764,#1765));
#347=EDGE_LOOP('',(#1766,#1767,#1768,#1769));
#348=EDGE_LOOP('',(#1770,#1771,#1772,#1773,#1774,#1775,#1776,#1777));
#349=EDGE_LOOP('',(#1778,#1779,#1780,#1781,#1782,#1783,#1784,#1785,#1786,
#1787));
#350=EDGE_LOOP('',(#1788,#1789,#1790,#1791));
#351=EDGE_LOOP('',(#1792,#1793,#1794,#1795));
#352=EDGE_LOOP('',(#1796,#1797,#1798,#1799));
#353=EDGE_LOOP('',(#1800,#1801,#1802,#1803));
#354=EDGE_LOOP('',(#1804,#1805,#1806,#1807));
#355=EDGE_LOOP('',(#1808,#1809,#1810,#1811,#1812,#1813,#1814,#1815));
#356=EDGE_LOOP('',(#1816,#1817,#1818,#1819,#1820,#1821,#1822,#1823));
#357=EDGE_LOOP('',(#1824,#1825,#1826,#1827,#1828,#1829,#1830,#1831));
#358=EDGE_LOOP('',(#1832,#1833,#1834,#1835,#1836,#1837,#1838,#1839));
#359=EDGE_LOOP('',(#1840,#1841,#1842));
#360=EDGE_LOOP('',(#1843,#1844,#1845));
#361=EDGE_LOOP('',(#1846,#1847,#1848,#1849,#1850,#1851,#1852,#1853,#1854,
#1855,#1856,#1857));
#362=EDGE_LOOP('',(#1858,#1859,#1860,#1861));
#363=EDGE_LOOP('',(#1862,#1863,#1864,#1865));
#364=EDGE_LOOP('',(#1866,#1867,#1868,#1869));
#365=LINE('',#2791,#552);
#366=LINE('',#2833,#553);
#367=LINE('',#2836,#554);
#368=LINE('',#2848,#555);
#369=LINE('',#2851,#556);
#370=LINE('',#2855,#557);
#371=LINE('',#2857,#558);
#372=LINE('',#2859,#559);
#373=LINE('',#2860,#560);
#374=LINE('',#2863,#561);
#375=LINE('',#2865,#562);
#376=LINE('',#2866,#563);
#377=LINE('',#2870,#564);
#378=LINE('',#2872,#565);
#379=LINE('',#2874,#566);
#380=LINE('',#2875,#567);
#381=LINE('',#2878,#568);
#382=LINE('',#2880,#569);
#383=LINE('',#2881,#570);
#384=LINE('',#2884,#571);
#385=LINE('',#2886,#572);
#386=LINE('',#2887,#573);
#387=LINE('',#2890,#574);
#388=LINE('',#2892,#575);
#389=LINE('',#2893,#576);
#390=LINE('',#2916,#577);
#391=LINE('',#2925,#578);
#392=LINE('',#2928,#579);
#393=LINE('',#2940,#580);
#394=LINE('',#2943,#581);
#395=LINE('',#2947,#582);
#396=LINE('',#2949,#583);
#397=LINE('',#2952,#584);
#398=LINE('',#2962,#585);
#399=LINE('',#2964,#586);
#400=LINE('',#2966,#587);
#401=LINE('',#2968,#588);
#402=LINE('',#2972,#589);
#403=LINE('',#2977,#590);
#404=LINE('',#2986,#591);
#405=LINE('',#2988,#592);
#406=LINE('',#2990,#593);
#407=LINE('',#2991,#594);
#408=LINE('',#2994,#595);
#409=LINE('',#2995,#596);
#410=LINE('',#2997,#597);
#411=LINE('',#2998,#598);
#412=LINE('',#3001,#599);
#413=LINE('',#3003,#600);
#414=LINE('',#3007,#601);
#415=LINE('',#3011,#602);
#416=LINE('',#3014,#603);
#417=LINE('',#3016,#604);
#418=LINE('',#3020,#605);
#419=LINE('',#3024,#606);
#420=LINE('',#3029,#607);
#421=LINE('',#3031,#608);
#422=LINE('',#3033,#609);
#423=LINE('',#3035,#610);
#424=LINE('',#3039,#611);
#425=LINE('',#3043,#612);
#426=LINE('',#3047,#613);
#427=LINE('',#3050,#614);
#428=LINE('',#3053,#615);
#429=LINE('',#3055,#616);
#430=LINE('',#3057,#617);
#431=LINE('',#3059,#618);
#432=LINE('',#3061,#619);
#433=LINE('',#3063,#620);
#434=LINE('',#3066,#621);
#435=LINE('',#3078,#622);
#436=LINE('',#3079,#623);
#437=LINE('',#3080,#624);
#438=LINE('',#3084,#625);
#439=LINE('',#3085,#626);
#440=LINE('',#3086,#627);
#441=LINE('',#3089,#628);
#442=LINE('',#3090,#629);
#443=LINE('',#3093,#630);
#444=LINE('',#3094,#631);
#445=LINE('',#3097,#632);
#446=LINE('',#3098,#633);
#447=LINE('',#3101,#634);
#448=LINE('',#3102,#635);
#449=LINE('',#3105,#636);
#450=LINE('',#3109,#637);
#451=LINE('',#3110,#638);
#452=LINE('',#3112,#639);
#453=LINE('',#3114,#640);
#454=LINE('',#3118,#641);
#455=LINE('',#3120,#642);
#456=LINE('',#3121,#643);
#457=LINE('',#3123,#644);
#458=LINE('',#3124,#645);
#459=LINE('',#3127,#646);
#460=LINE('',#3128,#647);
#461=LINE('',#3131,#648);
#462=LINE('',#3132,#649);
#463=LINE('',#3135,#650);
#464=LINE('',#3136,#651);
#465=LINE('',#3138,#652);
#466=LINE('',#3140,#653);
#467=LINE('',#3142,#654);
#468=LINE('',#3145,#655);
#469=LINE('',#3147,#656);
#470=LINE('',#3150,#657);
#471=LINE('',#3152,#658);
#472=LINE('',#3153,#659);
#473=LINE('',#3156,#660);
#474=LINE('',#3158,#661);
#475=LINE('',#3160,#662);
#476=LINE('',#3162,#663);
#477=LINE('',#3166,#664);
#478=LINE('',#3168,#665);
#479=LINE('',#3169,#666);
#480=LINE('',#3175,#667);
#481=LINE('',#3178,#668);
#482=LINE('',#3181,#669);
#483=LINE('',#3185,#670);
#484=LINE('',#3189,#671);
#485=LINE('',#3193,#672);
#486=LINE('',#3196,#673);
#487=LINE('',#3199,#674);
#488=LINE('',#3200,#675);
#489=LINE('',#3203,#676);
#490=LINE('',#3206,#677);
#491=LINE('',#3209,#678);
#492=LINE('',#3210,#679);
#493=LINE('',#3214,#680);
#494=LINE('',#3217,#681);
#495=LINE('',#3218,#682);
#496=LINE('',#3222,#683);
#497=LINE('',#3224,#684);
#498=LINE('',#3228,#685);
#499=LINE('',#3230,#686);
#500=LINE('',#3232,#687);
#501=LINE('',#3233,#688);
#502=LINE('',#3237,#689);
#503=LINE('',#3239,#690);
#504=LINE('',#3241,#691);
#505=LINE('',#3242,#692);
#506=LINE('',#3245,#693);
#507=LINE('',#3247,#694);
#508=LINE('',#3248,#695);
#509=LINE('',#3252,#696);
#510=LINE('',#3255,#697);
#511=LINE('',#3261,#698);
#512=LINE('',#3263,#699);
#513=LINE('',#3265,#700);
#514=LINE('',#3266,#701);
#515=LINE('',#3268,#702);
#516=LINE('',#3269,#703);
#517=LINE('',#3279,#704);
#518=LINE('',#3282,#705);
#519=LINE('',#3285,#706);
#520=LINE('',#3286,#707);
#521=LINE('',#3292,#708);
#522=LINE('',#3295,#709);
#523=LINE('',#3297,#710);
#524=LINE('',#3298,#711);
#525=LINE('',#3302,#712);
#526=LINE('',#3306,#713);
#527=LINE('',#3318,#714);
#528=LINE('',#3319,#715);
#529=LINE('',#3320,#716);
#530=LINE('',#3326,#717);
#531=LINE('',#3353,#718);
#532=LINE('',#3354,#719);
#533=LINE('',#3368,#720);
#534=LINE('',#3370,#721);
#535=LINE('',#3372,#722);
#536=LINE('',#3377,#723);
#537=LINE('',#3391,#724);
#538=LINE('',#3394,#725);
#539=LINE('',#3395,#726);
#540=LINE('',#3397,#727);
#541=LINE('',#3399,#728);
#542=LINE('',#3402,#729);
#543=LINE('',#3404,#730);
#544=LINE('',#3406,#731);
#545=LINE('',#3408,#732);
#546=LINE('',#3410,#733);
#547=LINE('',#3412,#734);
#548=LINE('',#3414,#735);
#549=LINE('',#3415,#736);
#550=LINE('',#3417,#737);
#551=LINE('',#3419,#738);
#552=VECTOR('',#2217,1.5);
#553=VECTOR('',#2254,10.);
#554=VECTOR('',#2257,10.);
#555=VECTOR('',#2258,10.);
#556=VECTOR('',#2261,10.);
#557=VECTOR('',#2264,10.);
#558=VECTOR('',#2265,10.);
#559=VECTOR('',#2266,10.);
#560=VECTOR('',#2267,10.);
#561=VECTOR('',#2270,10.);
#562=VECTOR('',#2271,10.);
#563=VECTOR('',#2272,10.);
#564=VECTOR('',#2275,10.);
#565=VECTOR('',#2276,10.);
#566=VECTOR('',#2277,10.);
#567=VECTOR('',#2278,10.);
#568=VECTOR('',#2281,10.);
#569=VECTOR('',#2282,10.);
#570=VECTOR('',#2283,10.);
#571=VECTOR('',#2286,10.);
#572=VECTOR('',#2287,10.);
#573=VECTOR('',#2288,10.);
#574=VECTOR('',#2291,10.);
#575=VECTOR('',#2292,10.);
#576=VECTOR('',#2293,10.);
#577=VECTOR('',#2320,1.4);
#578=VECTOR('',#2323,10.);
#579=VECTOR('',#2326,10.);
#580=VECTOR('',#2327,10.);
#581=VECTOR('',#2330,10.);
#582=VECTOR('',#2333,10.);
#583=VECTOR('',#2334,10.);
#584=VECTOR('',#2337,10.);
#585=VECTOR('',#2352,1.4);
#586=VECTOR('',#2355,1.4);
#587=VECTOR('',#2358,1.4);
#588=VECTOR('',#2361,1.4);
#589=VECTOR('',#2366,1.4);
#590=VECTOR('',#2371,10.);
#591=VECTOR('',#2380,10.);
#592=VECTOR('',#2381,10.);
#593=VECTOR('',#2382,10.);
#594=VECTOR('',#2383,10.);
#595=VECTOR('',#2386,10.);
#596=VECTOR('',#2387,10.);
#597=VECTOR('',#2388,10.);
#598=VECTOR('',#2389,10.);
#599=VECTOR('',#2392,10.);
#600=VECTOR('',#2393,10.);
#601=VECTOR('',#2396,10.);
#602=VECTOR('',#2399,10.);
#603=VECTOR('',#2402,10.);
#604=VECTOR('',#2403,10.);
#605=VECTOR('',#2406,10.);
#606=VECTOR('',#2409,10.);
#607=VECTOR('',#2414,10.);
#608=VECTOR('',#2415,10.);
#609=VECTOR('',#2416,10.);
#610=VECTOR('',#2417,10.);
#611=VECTOR('',#2420,10.);
#612=VECTOR('',#2423,10.);
#613=VECTOR('',#2426,10.);
#614=VECTOR('',#2429,10.);
#615=VECTOR('',#2430,10.);
#616=VECTOR('',#2431,10.);
#617=VECTOR('',#2432,10.);
#618=VECTOR('',#2433,10.);
#619=VECTOR('',#2434,10.);
#620=VECTOR('',#2435,10.);
#621=VECTOR('',#2438,10.);
#622=VECTOR('',#2449,10.);
#623=VECTOR('',#2450,10.);
#624=VECTOR('',#2451,10.);
#625=VECTOR('',#2454,10.);
#626=VECTOR('',#2455,10.);
#627=VECTOR('',#2456,10.);
#628=VECTOR('',#2459,10.);
#629=VECTOR('',#2460,10.);
#630=VECTOR('',#2463,10.);
#631=VECTOR('',#2464,10.);
#632=VECTOR('',#2467,10.);
#633=VECTOR('',#2468,10.);
#634=VECTOR('',#2471,10.);
#635=VECTOR('',#2472,10.);
#636=VECTOR('',#2475,10.);
#637=VECTOR('',#2478,10.);
#638=VECTOR('',#2479,10.);
#639=VECTOR('',#2480,10.);
#640=VECTOR('',#2481,10.);
#641=VECTOR('',#2484,10.);
#642=VECTOR('',#2485,10.);
#643=VECTOR('',#2486,10.);
#644=VECTOR('',#2487,10.);
#645=VECTOR('',#2488,10.);
#646=VECTOR('',#2491,10.);
#647=VECTOR('',#2492,10.);
#648=VECTOR('',#2495,10.);
#649=VECTOR('',#2496,10.);
#650=VECTOR('',#2499,10.);
#651=VECTOR('',#2500,10.);
#652=VECTOR('',#2501,10.);
#653=VECTOR('',#2502,10.);
#654=VECTOR('',#2503,10.);
#655=VECTOR('',#2506,10.);
#656=VECTOR('',#2507,10.);
#657=VECTOR('',#2510,10.);
#658=VECTOR('',#2513,10.);
#659=VECTOR('',#2514,10.);
#660=VECTOR('',#2519,10.);
#661=VECTOR('',#2522,10.);
#662=VECTOR('',#2525,10.);
#663=VECTOR('',#2528,10.);
#664=VECTOR('',#2533,10.);
#665=VECTOR('',#2534,10.);
#666=VECTOR('',#2535,10.);
#667=VECTOR('',#2540,10.);
#668=VECTOR('',#2543,10.);
#669=VECTOR('',#2546,10.);
#670=VECTOR('',#2549,10.);
#671=VECTOR('',#2552,10.);
#672=VECTOR('',#2555,10.);
#673=VECTOR('',#2558,10.);
#674=VECTOR('',#2561,10.);
#675=VECTOR('',#2562,10.);
#676=VECTOR('',#2565,10.);
#677=VECTOR('',#2568,10.);
#678=VECTOR('',#2571,10.);
#679=VECTOR('',#2572,10.);
#680=VECTOR('',#2577,10.);
#681=VECTOR('',#2580,10.);
#682=VECTOR('',#2581,10.);
#683=VECTOR('',#2586,10.);
#684=VECTOR('',#2589,10.);
#685=VECTOR('',#2592,10.);
#686=VECTOR('',#2593,10.);
#687=VECTOR('',#2594,10.);
#688=VECTOR('',#2595,10.);
#689=VECTOR('',#2598,10.);
#690=VECTOR('',#2599,10.);
#691=VECTOR('',#2600,10.);
#692=VECTOR('',#2601,10.);
#693=VECTOR('',#2604,10.);
#694=VECTOR('',#2605,10.);
#695=VECTOR('',#2606,10.);
#696=VECTOR('',#2611,5.);
#697=VECTOR('',#2616,10.);
#698=VECTOR('',#2623,10.);
#699=VECTOR('',#2624,10.);
#700=VECTOR('',#2625,10.);
#701=VECTOR('',#2626,10.);
#702=VECTOR('',#2629,10.);
#703=VECTOR('',#2630,10.);
#704=VECTOR('',#2647,10.);
#705=VECTOR('',#2650,10.);
#706=VECTOR('',#2653,10.);
#707=VECTOR('',#2654,10.);
#708=VECTOR('',#2665,10.);
#709=VECTOR('',#2668,10.);
#710=VECTOR('',#2669,10.);
#711=VECTOR('',#2670,10.);
#712=VECTOR('',#2675,1.45);
#713=VECTOR('',#2680,1.45);
#714=VECTOR('',#2695,10.);
#715=VECTOR('',#2696,10.);
#716=VECTOR('',#2697,10.);
#717=VECTOR('',#2704,10.);
#718=VECTOR('',#2713,10.);
#719=VECTOR('',#2714,10.);
#720=VECTOR('',#2721,1.45);
#721=VECTOR('',#2724,1.45);
#722=VECTOR('',#2727,10.);
#723=VECTOR('',#2734,10.);
#724=VECTOR('',#2741,10.);
#725=VECTOR('',#2746,10.);
#726=VECTOR('',#2747,10.);
#727=VECTOR('',#2750,10.);
#728=VECTOR('',#2753,10.);
#729=VECTOR('',#2758,1.515);
#730=VECTOR('',#2761,1.515);
#731=VECTOR('',#2764,1.515);
#732=VECTOR('',#2767,1.515);
#733=VECTOR('',#2770,10.);
#734=VECTOR('',#2773,10.);
#735=VECTOR('',#2776,10.);
#736=VECTOR('',#2777,10.);
#737=VECTOR('',#2780,10.);
#738=VECTOR('',#2783,10.);
#739=CIRCLE('',#2019,1.5);
#740=CIRCLE('',#2020,1.5);
#741=CIRCLE('',#2022,1.515);
#742=CIRCLE('',#2023,1.515);
#743=CIRCLE('',#2025,1.515);
#744=CIRCLE('',#2026,1.515);
#745=CIRCLE('',#2028,1.515);
#746=CIRCLE('',#2030,1.515);
#747=CIRCLE('',#2032,1.4);
#748=CIRCLE('',#2033,1.4);
#749=CIRCLE('',#2034,1.4);
#750=CIRCLE('',#2035,1.4);
#751=CIRCLE('',#2036,1.4);
#752=CIRCLE('',#2037,1.4);
#753=CIRCLE('',#2047,1.4);
#754=CIRCLE('',#2048,1.4);
#755=CIRCLE('',#2049,1.4);
#756=CIRCLE('',#2050,1.515);
#757=CIRCLE('',#2051,1.4);
#758=CIRCLE('',#2052,1.515);
#759=CIRCLE('',#2053,1.4);
#760=CIRCLE('',#2054,1.515);
#761=CIRCLE('',#2055,1.515);
#762=CIRCLE('',#2056,1.4);
#763=CIRCLE('',#2058,1.4);
#764=CIRCLE('',#2059,1.4);
#765=CIRCLE('',#2063,22.);
#766=CIRCLE('',#2064,1.515);
#767=CIRCLE('',#2065,1.515);
#768=CIRCLE('',#2066,1.515);
#769=CIRCLE('',#2067,1.515);
#770=CIRCLE('',#2068,1.515);
#771=CIRCLE('',#2069,1.515);
#772=CIRCLE('',#2075,1.4);
#773=CIRCLE('',#2076,1.4);
#774=CIRCLE('',#2078,22.);
#775=CIRCLE('',#2079,22.);
#776=CIRCLE('',#2080,22.);
#777=CIRCLE('',#2086,22.);
#778=CIRCLE('',#2087,22.);
#779=CIRCLE('',#2091,5.);
#780=CIRCLE('',#2092,5.);
#781=CIRCLE('',#2093,5.);
#782=CIRCLE('',#2094,5.);
#783=CIRCLE('',#2095,6.54852254653654);
#784=CIRCLE('',#2096,1.45);
#785=CIRCLE('',#2097,1.45);
#786=CIRCLE('',#2098,1.45);
#787=CIRCLE('',#2099,1.45);
#788=CIRCLE('',#2107,6.5);
#789=CIRCLE('',#2108,3.5);
#790=CIRCLE('',#2112,3.5);
#791=CIRCLE('',#2113,6.5);
#792=CIRCLE('',#2123,5.);
#793=CIRCLE('',#2124,5.);
#794=CIRCLE('',#2126,5.);
#795=CIRCLE('',#2127,5.);
#796=CIRCLE('',#2128,5.);
#797=CIRCLE('',#2129,5.76143953765029);
#798=CIRCLE('',#2132,5.);
#799=CIRCLE('',#2135,5.);
#800=CIRCLE('',#2138,5.);
#801=CIRCLE('',#2144,5.);
#802=CIRCLE('',#2148,1.);
#803=CIRCLE('',#2159,5.);
#804=CIRCLE('',#2162,5.);
#805=CIRCLE('',#2164,5.);
#806=CIRCLE('',#2168,1.45);
#807=CIRCLE('',#2170,1.45);
#808=CIRCLE('',#2173,1.45);
#809=CIRCLE('',#2175,1.45);
#810=CIRCLE('',#2179,6.54852254653654);
#811=CIRCLE('',#2180,6.54852254653654);
#812=CIRCLE('',#2192,5.76143953765029);
#813=VERTEX_POINT('',#2788);
#814=VERTEX_POINT('',#2790);
#815=VERTEX_POINT('',#2794);
#816=VERTEX_POINT('',#2795);
#817=VERTEX_POINT('',#2797);
#818=VERTEX_POINT('',#2799);
#819=VERTEX_POINT('',#2801);
#820=VERTEX_POINT('',#2803);
#821=VERTEX_POINT('',#2805);
#822=VERTEX_POINT('',#2807);
#823=VERTEX_POINT('',#2809);
#824=VERTEX_POINT('',#2811);
#825=VERTEX_POINT('',#2814);
#826=VERTEX_POINT('',#2816);
#827=VERTEX_POINT('',#2818);
#828=VERTEX_POINT('',#2820);
#829=VERTEX_POINT('',#2822);
#830=VERTEX_POINT('',#2824);
#831=VERTEX_POINT('',#2832);
#832=VERTEX_POINT('',#2834);
#833=VERTEX_POINT('',#2847);
#834=VERTEX_POINT('',#2849);
#835=VERTEX_POINT('',#2853);
#836=VERTEX_POINT('',#2854);
#837=VERTEX_POINT('',#2856);
#838=VERTEX_POINT('',#2858);
#839=VERTEX_POINT('',#2862);
#840=VERTEX_POINT('',#2864);
#841=VERTEX_POINT('',#2868);
#842=VERTEX_POINT('',#2869);
#843=VERTEX_POINT('',#2871);
#844=VERTEX_POINT('',#2873);
#845=VERTEX_POINT('',#2877);
#846=VERTEX_POINT('',#2879);
#847=VERTEX_POINT('',#2883);
#848=VERTEX_POINT('',#2885);
#849=VERTEX_POINT('',#2889);
#850=VERTEX_POINT('',#2891);
#851=VERTEX_POINT('',#2897);
#852=VERTEX_POINT('',#2899);
#853=VERTEX_POINT('',#2901);
#854=VERTEX_POINT('',#2903);
#855=VERTEX_POINT('',#2905);
#856=VERTEX_POINT('',#2907);
#857=VERTEX_POINT('',#2909);
#858=VERTEX_POINT('',#2911);
#859=VERTEX_POINT('',#2914);
#860=VERTEX_POINT('',#2924);
#861=VERTEX_POINT('',#2926);
#862=VERTEX_POINT('',#2939);
#863=VERTEX_POINT('',#2941);
#864=VERTEX_POINT('',#2945);
#865=VERTEX_POINT('',#2946);
#866=VERTEX_POINT('',#2948);
#867=VERTEX_POINT('',#2950);
#868=VERTEX_POINT('',#2953);
#869=VERTEX_POINT('',#2958);
#870=VERTEX_POINT('',#2970);
#871=VERTEX_POINT('',#2975);
#872=VERTEX_POINT('',#2976);
#873=VERTEX_POINT('',#2978);
#874=VERTEX_POINT('',#2980);
#875=VERTEX_POINT('',#2984);
#876=VERTEX_POINT('',#2985);
#877=VERTEX_POINT('',#2987);
#878=VERTEX_POINT('',#2989);
#879=VERTEX_POINT('',#2993);
#880=VERTEX_POINT('',#2996);
#881=VERTEX_POINT('',#3000);
#882=VERTEX_POINT('',#3002);
#883=VERTEX_POINT('',#3004);
#884=VERTEX_POINT('',#3006);
#885=VERTEX_POINT('',#3008);
#886=VERTEX_POINT('',#3010);
#887=VERTEX_POINT('',#3012);
#888=VERTEX_POINT('',#3015);
#889=VERTEX_POINT('',#3017);
#890=VERTEX_POINT('',#3019);
#891=VERTEX_POINT('',#3021);
#892=VERTEX_POINT('',#3023);
#893=VERTEX_POINT('',#3027);
#894=VERTEX_POINT('',#3028);
#895=VERTEX_POINT('',#3030);
#896=VERTEX_POINT('',#3032);
#897=VERTEX_POINT('',#3034);
#898=VERTEX_POINT('',#3036);
#899=VERTEX_POINT('',#3038);
#900=VERTEX_POINT('',#3040);
#901=VERTEX_POINT('',#3042);
#902=VERTEX_POINT('',#3044);
#903=VERTEX_POINT('',#3046);
#904=VERTEX_POINT('',#3048);
#905=VERTEX_POINT('',#3051);
#906=VERTEX_POINT('',#3052);
#907=VERTEX_POINT('',#3054);
#908=VERTEX_POINT('',#3056);
#909=VERTEX_POINT('',#3058);
#910=VERTEX_POINT('',#3060);
#911=VERTEX_POINT('',#3062);
#912=VERTEX_POINT('',#3064);
#913=VERTEX_POINT('',#3067);
#914=VERTEX_POINT('',#3069);
#915=VERTEX_POINT('',#3071);
#916=VERTEX_POINT('',#3073);
#917=VERTEX_POINT('',#3076);
#918=VERTEX_POINT('',#3077);
#919=VERTEX_POINT('',#3082);
#920=VERTEX_POINT('',#3083);
#921=VERTEX_POINT('',#3088);
#922=VERTEX_POINT('',#3092);
#923=VERTEX_POINT('',#3096);
#924=VERTEX_POINT('',#3100);
#925=VERTEX_POINT('',#3104);
#926=VERTEX_POINT('',#3106);
#927=VERTEX_POINT('',#3108);
#928=VERTEX_POINT('',#3111);
#929=VERTEX_POINT('',#3113);
#930=VERTEX_POINT('',#3115);
#931=VERTEX_POINT('',#3117);
#932=VERTEX_POINT('',#3119);
#933=VERTEX_POINT('',#3122);
#934=VERTEX_POINT('',#3126);
#935=VERTEX_POINT('',#3130);
#936=VERTEX_POINT('',#3134);
#937=VERTEX_POINT('',#3137);
#938=VERTEX_POINT('',#3139);
#939=VERTEX_POINT('',#3141);
#940=VERTEX_POINT('',#3144);
#941=VERTEX_POINT('',#3146);
#942=VERTEX_POINT('',#3148);
#943=VERTEX_POINT('',#3165);
#944=VERTEX_POINT('',#3167);
#945=VERTEX_POINT('',#3171);
#946=VERTEX_POINT('',#3172);
#947=VERTEX_POINT('',#3174);
#948=VERTEX_POINT('',#3176);
#949=VERTEX_POINT('',#3180);
#950=VERTEX_POINT('',#3182);
#951=VERTEX_POINT('',#3184);
#952=VERTEX_POINT('',#3186);
#953=VERTEX_POINT('',#3188);
#954=VERTEX_POINT('',#3190);
#955=VERTEX_POINT('',#3192);
#956=VERTEX_POINT('',#3194);
#957=VERTEX_POINT('',#3198);
#958=VERTEX_POINT('',#3202);
#959=VERTEX_POINT('',#3204);
#960=VERTEX_POINT('',#3208);
#961=VERTEX_POINT('',#3212);
#962=VERTEX_POINT('',#3216);
#963=VERTEX_POINT('',#3220);
#964=VERTEX_POINT('',#3226);
#965=VERTEX_POINT('',#3227);
#966=VERTEX_POINT('',#3229);
#967=VERTEX_POINT('',#3231);
#968=VERTEX_POINT('',#3235);
#969=VERTEX_POINT('',#3236);
#970=VERTEX_POINT('',#3238);
#971=VERTEX_POINT('',#3240);
#972=VERTEX_POINT('',#3244);
#973=VERTEX_POINT('',#3246);
#974=VERTEX_POINT('',#3250);
#975=VERTEX_POINT('',#3259);
#976=VERTEX_POINT('',#3260);
#977=VERTEX_POINT('',#3262);
#978=VERTEX_POINT('',#3264);
#979=VERTEX_POINT('',#3278);
#980=VERTEX_POINT('',#3280);
#981=VERTEX_POINT('',#3284);
#982=VERTEX_POINT('',#3294);
#983=VERTEX_POINT('',#3296);
#984=VERTEX_POINT('',#3300);
#985=VERTEX_POINT('',#3304);
#986=VERTEX_POINT('',#3309);
#987=VERTEX_POINT('',#3312);
#988=VERTEX_POINT('',#3316);
#989=VERTEX_POINT('',#3317);
#990=VERTEX_POINT('',#3322);
#991=VERTEX_POINT('',#3324);
#992=VERTEX_POINT('',#3350);
#993=VERTEX_POINT('',#3351);
#994=VERTEX_POINT('',#3355);
#995=VERTEX_POINT('',#3356);
#996=VERTEX_POINT('',#3360);
#997=VERTEX_POINT('',#3362);
#998=VERTEX_POINT('',#3375);
#999=VERTEX_POINT('',#3378);
#1000=VERTEX_POINT('',#3379);
#1001=VERTEX_POINT('',#3381);
#1002=VERTEX_POINT('',#3385);
#1003=EDGE_CURVE('',#813,#813,#739,.T.);
#1004=EDGE_CURVE('',#813,#814,#365,.T.);
#1005=EDGE_CURVE('',#814,#814,#740,.T.);
#1006=EDGE_CURVE('',#815,#816,#741,.T.);
#1007=EDGE_CURVE('',#816,#817,#742,.T.);
#1008=EDGE_CURVE('',#818,#817,#51,.T.);
#1009=EDGE_CURVE('',#818,#819,#743,.T.);
#1010=EDGE_CURVE('',#819,#820,#744,.T.);
#1011=EDGE_CURVE('',#821,#820,#52,.T.);
#1012=EDGE_CURVE('',#821,#822,#745,.T.);
#1013=EDGE_CURVE('',#823,#822,#53,.T.);
#1014=EDGE_CURVE('',#823,#824,#746,.T.);
#1015=EDGE_CURVE('',#815,#824,#54,.T.);
#1016=EDGE_CURVE('',#825,#825,#747,.T.);
#1017=EDGE_CURVE('',#826,#826,#748,.T.);
#1018=EDGE_CURVE('',#827,#827,#749,.T.);
#1019=EDGE_CURVE('',#828,#828,#750,.T.);
#1020=EDGE_CURVE('',#829,#829,#751,.T.);
#1021=EDGE_CURVE('',#830,#830,#752,.T.);
#1022=EDGE_CURVE('',#822,#831,#366,.T.);
#1023=EDGE_CURVE('',#832,#831,#55,.T.);
#1024=EDGE_CURVE('',#832,#823,#367,.T.);
#1025=EDGE_CURVE('',#820,#833,#368,.T.);
#1026=EDGE_CURVE('',#834,#833,#56,.T.);
#1027=EDGE_CURVE('',#834,#821,#369,.T.);
#1028=EDGE_CURVE('',#835,#836,#370,.T.);
#1029=EDGE_CURVE('',#835,#837,#371,.T.);
#1030=EDGE_CURVE('',#837,#838,#372,.T.);
#1031=EDGE_CURVE('',#836,#838,#373,.T.);
#1032=EDGE_CURVE('',#839,#835,#374,.T.);
#1033=EDGE_CURVE('',#840,#839,#375,.T.);
#1034=EDGE_CURVE('',#840,#837,#376,.T.);
#1035=EDGE_CURVE('',#841,#842,#377,.T.);
#1036=EDGE_CURVE('',#841,#843,#378,.T.);
#1037=EDGE_CURVE('',#843,#844,#379,.T.);
#1038=EDGE_CURVE('',#842,#844,#380,.T.);
#1039=EDGE_CURVE('',#845,#841,#381,.T.);
#1040=EDGE_CURVE('',#845,#846,#382,.T.);
#1041=EDGE_CURVE('',#846,#843,#383,.T.);
#1042=EDGE_CURVE('',#847,#845,#384,.T.);
#1043=EDGE_CURVE('',#848,#847,#385,.T.);
#1044=EDGE_CURVE('',#848,#846,#386,.T.);
#1045=EDGE_CURVE('',#836,#849,#387,.T.);
#1046=EDGE_CURVE('',#838,#850,#388,.T.);
#1047=EDGE_CURVE('',#849,#850,#389,.T.);
#1048=EDGE_CURVE('',#844,#840,#753,.T.);
#1049=EDGE_CURVE('',#850,#848,#754,.T.);
#1050=EDGE_CURVE('',#851,#851,#755,.T.);
#1051=EDGE_CURVE('',#852,#852,#756,.T.);
#1052=EDGE_CURVE('',#853,#853,#757,.T.);
#1053=EDGE_CURVE('',#854,#854,#758,.T.);
#1054=EDGE_CURVE('',#855,#855,#759,.T.);
#1055=EDGE_CURVE('',#856,#856,#760,.T.);
#1056=EDGE_CURVE('',#857,#857,#761,.T.);
#1057=EDGE_CURVE('',#858,#858,#762,.T.);
#1058=EDGE_CURVE('',#859,#847,#763,.T.);
#1059=EDGE_CURVE('',#859,#829,#390,.T.);
#1060=EDGE_CURVE('',#849,#859,#764,.T.);
#1061=EDGE_CURVE('',#817,#860,#391,.T.);
#1062=EDGE_CURVE('',#861,#860,#57,.T.);
#1063=EDGE_CURVE('',#861,#818,#392,.T.);
#1064=EDGE_CURVE('',#824,#862,#393,.T.);
#1065=EDGE_CURVE('',#863,#862,#58,.T.);
#1066=EDGE_CURVE('',#863,#815,#394,.T.);
#1067=EDGE_CURVE('',#864,#865,#395,.T.);
#1068=EDGE_CURVE('',#864,#866,#396,.T.);
#1069=EDGE_CURVE('',#866,#867,#765,.T.);
#1070=EDGE_CURVE('',#867,#865,#397,.T.);
#1071=EDGE_CURVE('',#831,#868,#766,.T.);
#1072=EDGE_CURVE('',#868,#834,#767,.T.);
#1073=EDGE_CURVE('',#833,#861,#768,.T.);
#1074=EDGE_CURVE('',#860,#863,#769,.T.);
#1075=EDGE_CURVE('',#862,#869,#770,.T.);
#1076=EDGE_CURVE('',#869,#832,#771,.T.);
#1077=EDGE_CURVE('',#858,#826,#398,.T.);
#1078=EDGE_CURVE('',#853,#828,#399,.T.);
#1079=EDGE_CURVE('',#851,#827,#400,.T.);
#1080=EDGE_CURVE('',#855,#830,#401,.T.);
#1081=EDGE_CURVE('',#870,#839,#772,.T.);
#1082=EDGE_CURVE('',#870,#825,#402,.T.);
#1083=EDGE_CURVE('',#842,#870,#773,.T.);
#1084=EDGE_CURVE('',#871,#872,#403,.T.);
#1085=EDGE_CURVE('',#873,#871,#774,.T.);
#1086=EDGE_CURVE('',#873,#874,#775,.T.);
#1087=EDGE_CURVE('',#872,#874,#776,.T.);
#1088=EDGE_CURVE('',#875,#876,#404,.T.);
#1089=EDGE_CURVE('',#876,#877,#405,.T.);
#1090=EDGE_CURVE('',#878,#877,#406,.T.);
#1091=EDGE_CURVE('',#875,#878,#407,.T.);
#1092=EDGE_CURVE('',#877,#879,#408,.T.);
#1093=EDGE_CURVE('',#879,#873,#409,.T.);
#1094=EDGE_CURVE('',#874,#880,#410,.T.);
#1095=EDGE_CURVE('',#880,#878,#411,.T.);
#1096=EDGE_CURVE('',#881,#874,#412,.T.);
#1097=EDGE_CURVE('',#873,#882,#413,.T.);
#1098=EDGE_CURVE('',#882,#883,#59,.T.);
#1099=EDGE_CURVE('',#883,#884,#414,.T.);
#1100=EDGE_CURVE('',#884,#885,#60,.T.);
#1101=EDGE_CURVE('',#885,#886,#415,.T.);
#1102=EDGE_CURVE('',#886,#887,#777,.T.);
#1103=EDGE_CURVE('',#887,#867,#416,.T.);
#1104=EDGE_CURVE('',#866,#888,#417,.T.);
#1105=EDGE_CURVE('',#888,#889,#778,.T.);
#1106=EDGE_CURVE('',#889,#890,#418,.T.);
#1107=EDGE_CURVE('',#890,#891,#61,.T.);
#1108=EDGE_CURVE('',#891,#892,#419,.T.);
#1109=EDGE_CURVE('',#892,#881,#62,.T.);
#1110=EDGE_CURVE('',#893,#894,#420,.T.);
#1111=EDGE_CURVE('',#895,#893,#421,.T.);
#1112=EDGE_CURVE('',#896,#895,#422,.T.);
#1113=EDGE_CURVE('',#896,#897,#423,.T.);
#1114=EDGE_CURVE('',#897,#898,#779,.T.);
#1115=EDGE_CURVE('',#898,#899,#424,.T.);
#1116=EDGE_CURVE('',#899,#900,#780,.T.);
#1117=EDGE_CURVE('',#900,#901,#425,.T.);
#1118=EDGE_CURVE('',#901,#902,#781,.T.);
#1119=EDGE_CURVE('',#902,#903,#426,.T.);
#1120=EDGE_CURVE('',#903,#904,#782,.T.);
#1121=EDGE_CURVE('',#904,#894,#427,.T.);
#1122=EDGE_CURVE('',#905,#906,#428,.T.);
#1123=EDGE_CURVE('',#906,#907,#429,.T.);
#1124=EDGE_CURVE('',#907,#908,#430,.T.);
#1125=EDGE_CURVE('',#908,#909,#431,.T.);
#1126=EDGE_CURVE('',#909,#910,#432,.T.);
#1127=EDGE_CURVE('',#910,#911,#433,.T.);
#1128=EDGE_CURVE('',#911,#912,#783,.T.);
#1129=EDGE_CURVE('',#912,#905,#434,.T.);
#1130=EDGE_CURVE('',#913,#913,#784,.T.);
#1131=EDGE_CURVE('',#914,#914,#785,.T.);
#1132=EDGE_CURVE('',#915,#915,#786,.T.);
#1133=EDGE_CURVE('',#916,#916,#787,.T.);
#1134=EDGE_CURVE('',#917,#918,#435,.T.);
#1135=EDGE_CURVE('',#917,#905,#436,.T.);
#1136=EDGE_CURVE('',#918,#912,#437,.T.);
#1137=EDGE_CURVE('',#919,#920,#438,.T.);
#1138=EDGE_CURVE('',#919,#911,#439,.T.);
#1139=EDGE_CURVE('',#920,#910,#440,.T.);
#1140=EDGE_CURVE('',#920,#921,#441,.T.);
#1141=EDGE_CURVE('',#921,#909,#442,.T.);
#1142=EDGE_CURVE('',#921,#922,#443,.T.);
#1143=EDGE_CURVE('',#922,#908,#444,.T.);
#1144=EDGE_CURVE('',#922,#923,#445,.T.);
#1145=EDGE_CURVE('',#923,#907,#446,.T.);
#1146=EDGE_CURVE('',#924,#917,#447,.T.);
#1147=EDGE_CURVE('',#924,#906,#448,.T.);
#1148=EDGE_CURVE('',#864,#925,#449,.T.);
#1149=EDGE_CURVE('',#925,#926,#788,.T.);
#1150=EDGE_CURVE('',#926,#927,#450,.T.);
#1151=EDGE_CURVE('',#896,#927,#451,.T.);
#1152=EDGE_CURVE('',#895,#928,#452,.T.);
#1153=EDGE_CURVE('',#928,#929,#453,.T.);
#1154=EDGE_CURVE('',#930,#929,#789,.T.);
#1155=EDGE_CURVE('',#930,#931,#454,.T.);
#1156=EDGE_CURVE('',#931,#932,#455,.T.);
#1157=EDGE_CURVE('',#932,#875,#456,.T.);
#1158=EDGE_CURVE('',#933,#880,#457,.T.);
#1159=EDGE_CURVE('',#933,#888,#458,.T.);
#1160=EDGE_CURVE('',#934,#893,#459,.T.);
#1161=EDGE_CURVE('',#928,#934,#460,.T.);
#1162=EDGE_CURVE('',#935,#934,#461,.T.);
#1163=EDGE_CURVE('',#929,#935,#462,.T.);
#1164=EDGE_CURVE('',#936,#887,#463,.T.);
#1165=EDGE_CURVE('',#879,#936,#464,.T.);
#1166=EDGE_CURVE('',#876,#937,#465,.T.);
#1167=EDGE_CURVE('',#937,#938,#466,.T.);
#1168=EDGE_CURVE('',#938,#939,#467,.T.);
#1169=EDGE_CURVE('',#939,#935,#790,.T.);
#1170=EDGE_CURVE('',#894,#940,#468,.T.);
#1171=EDGE_CURVE('',#940,#941,#469,.T.);
#1172=EDGE_CURVE('',#941,#942,#791,.T.);
#1173=EDGE_CURVE('',#942,#865,#470,.T.);
#1174=EDGE_CURVE('',#931,#938,#471,.T.);
#1175=EDGE_CURVE('',#932,#937,#472,.T.);
#1176=EDGE_CURVE('',#925,#942,#473,.T.);
#1177=EDGE_CURVE('',#926,#941,#474,.T.);
#1178=EDGE_CURVE('',#927,#940,#475,.T.);
#1179=EDGE_CURVE('',#930,#939,#476,.T.);
#1180=EDGE_CURVE('',#943,#904,#477,.T.);
#1181=EDGE_CURVE('',#944,#943,#478,.T.);
#1182=EDGE_CURVE('',#897,#944,#479,.T.);
#1183=EDGE_CURVE('',#945,#946,#792,.T.);
#1184=EDGE_CURVE('',#946,#947,#480,.T.);
#1185=EDGE_CURVE('',#947,#948,#793,.F.);
#1186=EDGE_CURVE('',#948,#945,#481,.T.);
#1187=EDGE_CURVE('',#945,#949,#482,.T.);
#1188=EDGE_CURVE('',#950,#949,#794,.T.);
#1189=EDGE_CURVE('',#950,#951,#483,.T.);
#1190=EDGE_CURVE('',#952,#951,#795,.T.);
#1191=EDGE_CURVE('',#952,#953,#484,.T.);
#1192=EDGE_CURVE('',#954,#953,#796,.T.);
#1193=EDGE_CURVE('',#954,#955,#485,.T.);
#1194=EDGE_CURVE('',#955,#956,#797,.T.);
#1195=EDGE_CURVE('',#956,#946,#486,.T.);
#1196=EDGE_CURVE('',#957,#948,#487,.T.);
#1197=EDGE_CURVE('',#949,#957,#488,.T.);
#1198=EDGE_CURVE('',#953,#958,#489,.T.);
#1199=EDGE_CURVE('',#958,#959,#798,.F.);
#1200=EDGE_CURVE('',#959,#954,#490,.T.);
#1201=EDGE_CURVE('',#960,#959,#491,.T.);
#1202=EDGE_CURVE('',#960,#955,#492,.T.);
#1203=EDGE_CURVE('',#957,#961,#799,.F.);
#1204=EDGE_CURVE('',#961,#950,#493,.T.);
#1205=EDGE_CURVE('',#962,#961,#494,.T.);
#1206=EDGE_CURVE('',#951,#962,#495,.T.);
#1207=EDGE_CURVE('',#962,#963,#800,.F.);
#1208=EDGE_CURVE('',#963,#952,#496,.T.);
#1209=EDGE_CURVE('',#958,#963,#497,.T.);
#1210=EDGE_CURVE('',#964,#965,#498,.T.);
#1211=EDGE_CURVE('',#965,#966,#499,.T.);
#1212=EDGE_CURVE('',#967,#966,#500,.F.);
#1213=EDGE_CURVE('',#964,#967,#501,.T.);
#1214=EDGE_CURVE('',#968,#969,#502,.T.);
#1215=EDGE_CURVE('',#970,#968,#503,.T.);
#1216=EDGE_CURVE('',#971,#970,#504,.T.);
#1217=EDGE_CURVE('',#971,#969,#505,.T.);
#1218=EDGE_CURVE('',#972,#898,#506,.T.);
#1219=EDGE_CURVE('',#973,#972,#507,.T.);
#1220=EDGE_CURVE('',#899,#973,#508,.T.);
#1221=EDGE_CURVE('',#973,#974,#801,.T.);
#1222=EDGE_CURVE('',#974,#900,#509,.T.);
#1223=EDGE_CURVE('',#965,#917,#63,.F.);
#1224=EDGE_CURVE('',#924,#964,#510,.T.);
#1225=EDGE_CURVE('',#967,#923,#802,.T.);
#1226=EDGE_CURVE('',#975,#976,#511,.T.);
#1227=EDGE_CURVE('',#977,#975,#512,.T.);
#1228=EDGE_CURVE('',#978,#977,#513,.T.);
#1229=EDGE_CURVE('',#978,#976,#514,.T.);
#1230=EDGE_CURVE('',#976,#968,#515,.T.);
#1231=EDGE_CURVE('',#970,#978,#516,.T.);
#1232=EDGE_CURVE('',#975,#966,#64,.F.);
#1233=EDGE_CURVE('',#922,#976,#65,.T.);
#1234=EDGE_CURVE('',#921,#968,#66,.T.);
#1235=EDGE_CURVE('',#920,#969,#67,.F.);
#1236=EDGE_CURVE('',#901,#979,#517,.T.);
#1237=EDGE_CURVE('',#980,#979,#803,.T.);
#1238=EDGE_CURVE('',#980,#902,#518,.T.);
#1239=EDGE_CURVE('',#981,#980,#519,.T.);
#1240=EDGE_CURVE('',#903,#981,#520,.T.);
#1241=EDGE_CURVE('',#943,#981,#804,.T.);
#1242=EDGE_CURVE('',#972,#944,#805,.T.);
#1243=EDGE_CURVE('',#979,#974,#521,.T.);
#1244=EDGE_CURVE('',#969,#982,#522,.T.);
#1245=EDGE_CURVE('',#983,#971,#523,.T.);
#1246=EDGE_CURVE('',#982,#983,#524,.T.);
#1247=EDGE_CURVE('',#984,#984,#806,.T.);
#1248=EDGE_CURVE('',#984,#915,#525,.T.);
#1249=EDGE_CURVE('',#985,#985,#807,.T.);
#1250=EDGE_CURVE('',#985,#916,#526,.T.);
#1251=EDGE_CURVE('',#986,#986,#808,.T.);
#1252=EDGE_CURVE('',#987,#987,#809,.T.);
#1253=EDGE_CURVE('',#988,#989,#527,.T.);
#1254=EDGE_CURVE('',#977,#989,#528,.T.);
#1255=EDGE_CURVE('',#988,#975,#529,.T.);
#1256=EDGE_CURVE('',#983,#990,#810,.T.);
#1257=EDGE_CURVE('',#989,#991,#811,.T.);
#1258=EDGE_CURVE('',#991,#990,#530,.T.);
#1259=EDGE_CURVE('',#918,#988,#19,.T.);
#1260=EDGE_CURVE('',#982,#919,#20,.T.);
#1261=EDGE_CURVE('',#992,#993,#68,.T.);
#1262=EDGE_CURVE('',#991,#993,#531,.T.);
#1263=EDGE_CURVE('',#990,#992,#532,.T.);
#1264=EDGE_CURVE('',#994,#995,#15,.T.);
#1265=EDGE_CURVE('',#995,#996,#69,.T.);
#1266=EDGE_CURVE('',#996,#997,#16,.T.);
#1267=EDGE_CURVE('',#997,#994,#70,.T.);
#1268=EDGE_CURVE('',#986,#913,#533,.T.);
#1269=EDGE_CURVE('',#987,#914,#534,.T.);
#1270=EDGE_CURVE('',#993,#992,#535,.T.);
#1271=EDGE_CURVE('',#998,#960,#812,.T.);
#1272=EDGE_CURVE('',#956,#998,#536,.T.);
#1273=EDGE_CURVE('',#999,#1000,#71,.T.);
#1274=EDGE_CURVE('',#1000,#1001,#17,.T.);
#1275=EDGE_CURVE('',#1001,#1002,#72,.T.);
#1276=EDGE_CURVE('',#1002,#999,#18,.T.);
#1277=EDGE_CURVE('',#947,#998,#537,.T.);
#1278=EDGE_CURVE('',#1001,#994,#538,.T.);
#1279=EDGE_CURVE('',#1002,#997,#539,.T.);
#1280=EDGE_CURVE('',#1000,#995,#540,.T.);
#1281=EDGE_CURVE('',#999,#996,#541,.T.);
#1282=EDGE_CURVE('',#854,#868,#542,.T.);
#1283=EDGE_CURVE('',#856,#816,#543,.T.);
#1284=EDGE_CURVE('',#852,#819,#544,.T.);
#1285=EDGE_CURVE('',#857,#869,#545,.T.);
#1286=EDGE_CURVE('',#936,#886,#546,.T.);
#1287=EDGE_CURVE('',#889,#933,#547,.T.);
#1288=EDGE_CURVE('',#881,#882,#548,.T.);
#1289=EDGE_CURVE('',#890,#885,#549,.T.);
#1290=EDGE_CURVE('',#891,#884,#550,.T.);
#1291=EDGE_CURVE('',#892,#883,#551,.T.);
#1292=ORIENTED_EDGE('',*,*,#1003,.F.);
#1293=ORIENTED_EDGE('',*,*,#1004,.T.);
#1294=ORIENTED_EDGE('',*,*,#1005,.F.);
#1295=ORIENTED_EDGE('',*,*,#1004,.F.);
#1296=ORIENTED_EDGE('',*,*,#1006,.T.);
#1297=ORIENTED_EDGE('',*,*,#1007,.T.);
#1298=ORIENTED_EDGE('',*,*,#1008,.F.);
#1299=ORIENTED_EDGE('',*,*,#1009,.T.);
#1300=ORIENTED_EDGE('',*,*,#1010,.T.);
#1301=ORIENTED_EDGE('',*,*,#1011,.F.);
#1302=ORIENTED_EDGE('',*,*,#1012,.T.);
#1303=ORIENTED_EDGE('',*,*,#1013,.F.);
#1304=ORIENTED_EDGE('',*,*,#1014,.T.);
#1305=ORIENTED_EDGE('',*,*,#1015,.F.);
#1306=ORIENTED_EDGE('',*,*,#1003,.T.);
#1307=ORIENTED_EDGE('',*,*,#1016,.T.);
#1308=ORIENTED_EDGE('',*,*,#1017,.T.);
#1309=ORIENTED_EDGE('',*,*,#1018,.T.);
#1310=ORIENTED_EDGE('',*,*,#1019,.T.);
#1311=ORIENTED_EDGE('',*,*,#1020,.T.);
#1312=ORIENTED_EDGE('',*,*,#1021,.T.);
#1313=ORIENTED_EDGE('',*,*,#1013,.T.);
#1314=ORIENTED_EDGE('',*,*,#1022,.T.);
#1315=ORIENTED_EDGE('',*,*,#1023,.F.);
#1316=ORIENTED_EDGE('',*,*,#1024,.T.);
#1317=ORIENTED_EDGE('',*,*,#1011,.T.);
#1318=ORIENTED_EDGE('',*,*,#1025,.T.);
#1319=ORIENTED_EDGE('',*,*,#1026,.F.);
#1320=ORIENTED_EDGE('',*,*,#1027,.T.);
#1321=ORIENTED_EDGE('',*,*,#1028,.F.);
#1322=ORIENTED_EDGE('',*,*,#1029,.T.);
#1323=ORIENTED_EDGE('',*,*,#1030,.T.);
#1324=ORIENTED_EDGE('',*,*,#1031,.F.);
#1325=ORIENTED_EDGE('',*,*,#1032,.F.);
#1326=ORIENTED_EDGE('',*,*,#1033,.F.);
#1327=ORIENTED_EDGE('',*,*,#1034,.T.);
#1328=ORIENTED_EDGE('',*,*,#1029,.F.);
#1329=ORIENTED_EDGE('',*,*,#1035,.F.);
#1330=ORIENTED_EDGE('',*,*,#1036,.T.);
#1331=ORIENTED_EDGE('',*,*,#1037,.T.);
#1332=ORIENTED_EDGE('',*,*,#1038,.F.);
#1333=ORIENTED_EDGE('',*,*,#1039,.F.);
#1334=ORIENTED_EDGE('',*,*,#1040,.T.);
#1335=ORIENTED_EDGE('',*,*,#1041,.T.);
#1336=ORIENTED_EDGE('',*,*,#1036,.F.);
#1337=ORIENTED_EDGE('',*,*,#1042,.F.);
#1338=ORIENTED_EDGE('',*,*,#1043,.F.);
#1339=ORIENTED_EDGE('',*,*,#1044,.T.);
#1340=ORIENTED_EDGE('',*,*,#1040,.F.);
#1341=ORIENTED_EDGE('',*,*,#1045,.F.);
#1342=ORIENTED_EDGE('',*,*,#1031,.T.);
#1343=ORIENTED_EDGE('',*,*,#1046,.T.);
#1344=ORIENTED_EDGE('',*,*,#1047,.F.);
#1345=ORIENTED_EDGE('',*,*,#1046,.F.);
#1346=ORIENTED_EDGE('',*,*,#1030,.F.);
#1347=ORIENTED_EDGE('',*,*,#1034,.F.);
#1348=ORIENTED_EDGE('',*,*,#1048,.F.);
#1349=ORIENTED_EDGE('',*,*,#1037,.F.);
#1350=ORIENTED_EDGE('',*,*,#1041,.F.);
#1351=ORIENTED_EDGE('',*,*,#1044,.F.);
#1352=ORIENTED_EDGE('',*,*,#1049,.F.);
#1353=ORIENTED_EDGE('',*,*,#1005,.T.);
#1354=ORIENTED_EDGE('',*,*,#1050,.F.);
#1355=ORIENTED_EDGE('',*,*,#1051,.F.);
#1356=ORIENTED_EDGE('',*,*,#1052,.F.);
#1357=ORIENTED_EDGE('',*,*,#1053,.F.);
#1358=ORIENTED_EDGE('',*,*,#1054,.F.);
#1359=ORIENTED_EDGE('',*,*,#1055,.F.);
#1360=ORIENTED_EDGE('',*,*,#1056,.F.);
#1361=ORIENTED_EDGE('',*,*,#1057,.F.);
#1362=ORIENTED_EDGE('',*,*,#1047,.T.);
#1363=ORIENTED_EDGE('',*,*,#1049,.T.);
#1364=ORIENTED_EDGE('',*,*,#1043,.T.);
#1365=ORIENTED_EDGE('',*,*,#1058,.F.);
#1366=ORIENTED_EDGE('',*,*,#1059,.T.);
#1367=ORIENTED_EDGE('',*,*,#1020,.F.);
#1368=ORIENTED_EDGE('',*,*,#1059,.F.);
#1369=ORIENTED_EDGE('',*,*,#1060,.F.);
#1370=ORIENTED_EDGE('',*,*,#1008,.T.);
#1371=ORIENTED_EDGE('',*,*,#1061,.T.);
#1372=ORIENTED_EDGE('',*,*,#1062,.F.);
#1373=ORIENTED_EDGE('',*,*,#1063,.T.);
#1374=ORIENTED_EDGE('',*,*,#1015,.T.);
#1375=ORIENTED_EDGE('',*,*,#1064,.T.);
#1376=ORIENTED_EDGE('',*,*,#1065,.F.);
#1377=ORIENTED_EDGE('',*,*,#1066,.T.);
#1378=ORIENTED_EDGE('',*,*,#1067,.F.);
#1379=ORIENTED_EDGE('',*,*,#1068,.T.);
#1380=ORIENTED_EDGE('',*,*,#1069,.T.);
#1381=ORIENTED_EDGE('',*,*,#1070,.T.);
#1382=ORIENTED_EDGE('',*,*,#1071,.T.);
#1383=ORIENTED_EDGE('',*,*,#1072,.T.);
#1384=ORIENTED_EDGE('',*,*,#1026,.T.);
#1385=ORIENTED_EDGE('',*,*,#1073,.T.);
#1386=ORIENTED_EDGE('',*,*,#1062,.T.);
#1387=ORIENTED_EDGE('',*,*,#1074,.T.);
#1388=ORIENTED_EDGE('',*,*,#1065,.T.);
#1389=ORIENTED_EDGE('',*,*,#1075,.T.);
#1390=ORIENTED_EDGE('',*,*,#1076,.T.);
#1391=ORIENTED_EDGE('',*,*,#1023,.T.);
#1392=ORIENTED_EDGE('',*,*,#1057,.T.);
#1393=ORIENTED_EDGE('',*,*,#1077,.T.);
#1394=ORIENTED_EDGE('',*,*,#1017,.F.);
#1395=ORIENTED_EDGE('',*,*,#1077,.F.);
#1396=ORIENTED_EDGE('',*,*,#1052,.T.);
#1397=ORIENTED_EDGE('',*,*,#1078,.T.);
#1398=ORIENTED_EDGE('',*,*,#1019,.F.);
#1399=ORIENTED_EDGE('',*,*,#1078,.F.);
#1400=ORIENTED_EDGE('',*,*,#1050,.T.);
#1401=ORIENTED_EDGE('',*,*,#1079,.T.);
#1402=ORIENTED_EDGE('',*,*,#1018,.F.);
#1403=ORIENTED_EDGE('',*,*,#1079,.F.);
#1404=ORIENTED_EDGE('',*,*,#1054,.T.);
#1405=ORIENTED_EDGE('',*,*,#1080,.T.);
#1406=ORIENTED_EDGE('',*,*,#1021,.F.);
#1407=ORIENTED_EDGE('',*,*,#1080,.F.);
#1408=ORIENTED_EDGE('',*,*,#1033,.T.);
#1409=ORIENTED_EDGE('',*,*,#1081,.F.);
#1410=ORIENTED_EDGE('',*,*,#1082,.T.);
#1411=ORIENTED_EDGE('',*,*,#1016,.F.);
#1412=ORIENTED_EDGE('',*,*,#1082,.F.);
#1413=ORIENTED_EDGE('',*,*,#1083,.F.);
#1414=ORIENTED_EDGE('',*,*,#1038,.T.);
#1415=ORIENTED_EDGE('',*,*,#1048,.T.);
#1416=ORIENTED_EDGE('',*,*,#1084,.F.);
#1417=ORIENTED_EDGE('',*,*,#1085,.F.);
#1418=ORIENTED_EDGE('',*,*,#1086,.T.);
#1419=ORIENTED_EDGE('',*,*,#1087,.F.);
#1420=ORIENTED_EDGE('',*,*,#1032,.T.);
#1421=ORIENTED_EDGE('',*,*,#1028,.T.);
#1422=ORIENTED_EDGE('',*,*,#1045,.T.);
#1423=ORIENTED_EDGE('',*,*,#1060,.T.);
#1424=ORIENTED_EDGE('',*,*,#1058,.T.);
#1425=ORIENTED_EDGE('',*,*,#1042,.T.);
#1426=ORIENTED_EDGE('',*,*,#1039,.T.);
#1427=ORIENTED_EDGE('',*,*,#1035,.T.);
#1428=ORIENTED_EDGE('',*,*,#1083,.T.);
#1429=ORIENTED_EDGE('',*,*,#1081,.T.);
#1430=ORIENTED_EDGE('',*,*,#1088,.T.);
#1431=ORIENTED_EDGE('',*,*,#1089,.T.);
#1432=ORIENTED_EDGE('',*,*,#1090,.F.);
#1433=ORIENTED_EDGE('',*,*,#1091,.F.);
#1434=ORIENTED_EDGE('',*,*,#1090,.T.);
#1435=ORIENTED_EDGE('',*,*,#1092,.T.);
#1436=ORIENTED_EDGE('',*,*,#1093,.T.);
#1437=ORIENTED_EDGE('',*,*,#1085,.T.);
#1438=ORIENTED_EDGE('',*,*,#1084,.T.);
#1439=ORIENTED_EDGE('',*,*,#1087,.T.);
#1440=ORIENTED_EDGE('',*,*,#1094,.T.);
#1441=ORIENTED_EDGE('',*,*,#1095,.T.);
#1442=ORIENTED_EDGE('',*,*,#1096,.T.);
#1443=ORIENTED_EDGE('',*,*,#1086,.F.);
#1444=ORIENTED_EDGE('',*,*,#1097,.T.);
#1445=ORIENTED_EDGE('',*,*,#1098,.T.);
#1446=ORIENTED_EDGE('',*,*,#1099,.T.);
#1447=ORIENTED_EDGE('',*,*,#1100,.T.);
#1448=ORIENTED_EDGE('',*,*,#1101,.T.);
#1449=ORIENTED_EDGE('',*,*,#1102,.T.);
#1450=ORIENTED_EDGE('',*,*,#1103,.T.);
#1451=ORIENTED_EDGE('',*,*,#1069,.F.);
#1452=ORIENTED_EDGE('',*,*,#1104,.T.);
#1453=ORIENTED_EDGE('',*,*,#1105,.T.);
#1454=ORIENTED_EDGE('',*,*,#1106,.T.);
#1455=ORIENTED_EDGE('',*,*,#1107,.T.);
#1456=ORIENTED_EDGE('',*,*,#1108,.T.);
#1457=ORIENTED_EDGE('',*,*,#1109,.T.);
#1458=ORIENTED_EDGE('',*,*,#1110,.F.);
#1459=ORIENTED_EDGE('',*,*,#1111,.F.);
#1460=ORIENTED_EDGE('',*,*,#1112,.F.);
#1461=ORIENTED_EDGE('',*,*,#1113,.T.);
#1462=ORIENTED_EDGE('',*,*,#1114,.T.);
#1463=ORIENTED_EDGE('',*,*,#1115,.T.);
#1464=ORIENTED_EDGE('',*,*,#1116,.T.);
#1465=ORIENTED_EDGE('',*,*,#1117,.T.);
#1466=ORIENTED_EDGE('',*,*,#1118,.T.);
#1467=ORIENTED_EDGE('',*,*,#1119,.T.);
#1468=ORIENTED_EDGE('',*,*,#1120,.T.);
#1469=ORIENTED_EDGE('',*,*,#1121,.T.);
#1470=ORIENTED_EDGE('',*,*,#1122,.T.);
#1471=ORIENTED_EDGE('',*,*,#1123,.T.);
#1472=ORIENTED_EDGE('',*,*,#1124,.T.);
#1473=ORIENTED_EDGE('',*,*,#1125,.T.);
#1474=ORIENTED_EDGE('',*,*,#1126,.T.);
#1475=ORIENTED_EDGE('',*,*,#1127,.T.);
#1476=ORIENTED_EDGE('',*,*,#1128,.T.);
#1477=ORIENTED_EDGE('',*,*,#1129,.T.);
#1478=ORIENTED_EDGE('',*,*,#1130,.T.);
#1479=ORIENTED_EDGE('',*,*,#1131,.T.);
#1480=ORIENTED_EDGE('',*,*,#1132,.T.);
#1481=ORIENTED_EDGE('',*,*,#1133,.T.);
#1482=ORIENTED_EDGE('',*,*,#1134,.F.);
#1483=ORIENTED_EDGE('',*,*,#1135,.T.);
#1484=ORIENTED_EDGE('',*,*,#1129,.F.);
#1485=ORIENTED_EDGE('',*,*,#1136,.F.);
#1486=ORIENTED_EDGE('',*,*,#1137,.F.);
#1487=ORIENTED_EDGE('',*,*,#1138,.T.);
#1488=ORIENTED_EDGE('',*,*,#1127,.F.);
#1489=ORIENTED_EDGE('',*,*,#1139,.F.);
#1490=ORIENTED_EDGE('',*,*,#1140,.F.);
#1491=ORIENTED_EDGE('',*,*,#1139,.T.);
#1492=ORIENTED_EDGE('',*,*,#1126,.F.);
#1493=ORIENTED_EDGE('',*,*,#1141,.F.);
#1494=ORIENTED_EDGE('',*,*,#1142,.F.);
#1495=ORIENTED_EDGE('',*,*,#1141,.T.);
#1496=ORIENTED_EDGE('',*,*,#1125,.F.);
#1497=ORIENTED_EDGE('',*,*,#1143,.F.);
#1498=ORIENTED_EDGE('',*,*,#1144,.F.);
#1499=ORIENTED_EDGE('',*,*,#1143,.T.);
#1500=ORIENTED_EDGE('',*,*,#1124,.F.);
#1501=ORIENTED_EDGE('',*,*,#1145,.F.);
#1502=ORIENTED_EDGE('',*,*,#1146,.F.);
#1503=ORIENTED_EDGE('',*,*,#1147,.T.);
#1504=ORIENTED_EDGE('',*,*,#1122,.F.);
#1505=ORIENTED_EDGE('',*,*,#1135,.F.);
#1506=ORIENTED_EDGE('',*,*,#1148,.T.);
#1507=ORIENTED_EDGE('',*,*,#1149,.T.);
#1508=ORIENTED_EDGE('',*,*,#1150,.T.);
#1509=ORIENTED_EDGE('',*,*,#1151,.F.);
#1510=ORIENTED_EDGE('',*,*,#1112,.T.);
#1511=ORIENTED_EDGE('',*,*,#1152,.T.);
#1512=ORIENTED_EDGE('',*,*,#1153,.T.);
#1513=ORIENTED_EDGE('',*,*,#1154,.F.);
#1514=ORIENTED_EDGE('',*,*,#1155,.T.);
#1515=ORIENTED_EDGE('',*,*,#1156,.T.);
#1516=ORIENTED_EDGE('',*,*,#1157,.T.);
#1517=ORIENTED_EDGE('',*,*,#1091,.T.);
#1518=ORIENTED_EDGE('',*,*,#1095,.F.);
#1519=ORIENTED_EDGE('',*,*,#1158,.F.);
#1520=ORIENTED_EDGE('',*,*,#1159,.T.);
#1521=ORIENTED_EDGE('',*,*,#1104,.F.);
#1522=ORIENTED_EDGE('',*,*,#1068,.F.);
#1523=ORIENTED_EDGE('',*,*,#1111,.T.);
#1524=ORIENTED_EDGE('',*,*,#1160,.F.);
#1525=ORIENTED_EDGE('',*,*,#1161,.F.);
#1526=ORIENTED_EDGE('',*,*,#1152,.F.);
#1527=ORIENTED_EDGE('',*,*,#1161,.T.);
#1528=ORIENTED_EDGE('',*,*,#1162,.F.);
#1529=ORIENTED_EDGE('',*,*,#1163,.F.);
#1530=ORIENTED_EDGE('',*,*,#1153,.F.);
#1531=ORIENTED_EDGE('',*,*,#1070,.F.);
#1532=ORIENTED_EDGE('',*,*,#1103,.F.);
#1533=ORIENTED_EDGE('',*,*,#1164,.F.);
#1534=ORIENTED_EDGE('',*,*,#1165,.F.);
#1535=ORIENTED_EDGE('',*,*,#1092,.F.);
#1536=ORIENTED_EDGE('',*,*,#1089,.F.);
#1537=ORIENTED_EDGE('',*,*,#1166,.T.);
#1538=ORIENTED_EDGE('',*,*,#1167,.T.);
#1539=ORIENTED_EDGE('',*,*,#1168,.T.);
#1540=ORIENTED_EDGE('',*,*,#1169,.T.);
#1541=ORIENTED_EDGE('',*,*,#1162,.T.);
#1542=ORIENTED_EDGE('',*,*,#1160,.T.);
#1543=ORIENTED_EDGE('',*,*,#1110,.T.);
#1544=ORIENTED_EDGE('',*,*,#1170,.T.);
#1545=ORIENTED_EDGE('',*,*,#1171,.T.);
#1546=ORIENTED_EDGE('',*,*,#1172,.T.);
#1547=ORIENTED_EDGE('',*,*,#1173,.T.);
#1548=ORIENTED_EDGE('',*,*,#1156,.F.);
#1549=ORIENTED_EDGE('',*,*,#1174,.T.);
#1550=ORIENTED_EDGE('',*,*,#1167,.F.);
#1551=ORIENTED_EDGE('',*,*,#1175,.F.);
#1552=ORIENTED_EDGE('',*,*,#1157,.F.);
#1553=ORIENTED_EDGE('',*,*,#1175,.T.);
#1554=ORIENTED_EDGE('',*,*,#1166,.F.);
#1555=ORIENTED_EDGE('',*,*,#1088,.F.);
#1556=ORIENTED_EDGE('',*,*,#1148,.F.);
#1557=ORIENTED_EDGE('',*,*,#1067,.T.);
#1558=ORIENTED_EDGE('',*,*,#1173,.F.);
#1559=ORIENTED_EDGE('',*,*,#1176,.F.);
#1560=ORIENTED_EDGE('',*,*,#1149,.F.);
#1561=ORIENTED_EDGE('',*,*,#1176,.T.);
#1562=ORIENTED_EDGE('',*,*,#1172,.F.);
#1563=ORIENTED_EDGE('',*,*,#1177,.F.);
#1564=ORIENTED_EDGE('',*,*,#1178,.F.);
#1565=ORIENTED_EDGE('',*,*,#1150,.F.);
#1566=ORIENTED_EDGE('',*,*,#1177,.T.);
#1567=ORIENTED_EDGE('',*,*,#1171,.F.);
#1568=ORIENTED_EDGE('',*,*,#1154,.T.);
#1569=ORIENTED_EDGE('',*,*,#1163,.T.);
#1570=ORIENTED_EDGE('',*,*,#1169,.F.);
#1571=ORIENTED_EDGE('',*,*,#1179,.F.);
#1572=ORIENTED_EDGE('',*,*,#1155,.F.);
#1573=ORIENTED_EDGE('',*,*,#1179,.T.);
#1574=ORIENTED_EDGE('',*,*,#1168,.F.);
#1575=ORIENTED_EDGE('',*,*,#1174,.F.);
#1576=ORIENTED_EDGE('',*,*,#1151,.T.);
#1577=ORIENTED_EDGE('',*,*,#1178,.T.);
#1578=ORIENTED_EDGE('',*,*,#1170,.F.);
#1579=ORIENTED_EDGE('',*,*,#1121,.F.);
#1580=ORIENTED_EDGE('',*,*,#1180,.F.);
#1581=ORIENTED_EDGE('',*,*,#1181,.F.);
#1582=ORIENTED_EDGE('',*,*,#1182,.F.);
#1583=ORIENTED_EDGE('',*,*,#1113,.F.);
#1584=ORIENTED_EDGE('',*,*,#1183,.T.);
#1585=ORIENTED_EDGE('',*,*,#1184,.T.);
#1586=ORIENTED_EDGE('',*,*,#1185,.T.);
#1587=ORIENTED_EDGE('',*,*,#1186,.T.);
#1588=ORIENTED_EDGE('',*,*,#1183,.F.);
#1589=ORIENTED_EDGE('',*,*,#1187,.T.);
#1590=ORIENTED_EDGE('',*,*,#1188,.F.);
#1591=ORIENTED_EDGE('',*,*,#1189,.T.);
#1592=ORIENTED_EDGE('',*,*,#1190,.F.);
#1593=ORIENTED_EDGE('',*,*,#1191,.T.);
#1594=ORIENTED_EDGE('',*,*,#1192,.F.);
#1595=ORIENTED_EDGE('',*,*,#1193,.T.);
#1596=ORIENTED_EDGE('',*,*,#1194,.T.);
#1597=ORIENTED_EDGE('',*,*,#1195,.T.);
#1598=ORIENTED_EDGE('',*,*,#1186,.F.);
#1599=ORIENTED_EDGE('',*,*,#1196,.F.);
#1600=ORIENTED_EDGE('',*,*,#1197,.F.);
#1601=ORIENTED_EDGE('',*,*,#1187,.F.);
#1602=ORIENTED_EDGE('',*,*,#1192,.T.);
#1603=ORIENTED_EDGE('',*,*,#1198,.T.);
#1604=ORIENTED_EDGE('',*,*,#1199,.T.);
#1605=ORIENTED_EDGE('',*,*,#1200,.T.);
#1606=ORIENTED_EDGE('',*,*,#1200,.F.);
#1607=ORIENTED_EDGE('',*,*,#1201,.F.);
#1608=ORIENTED_EDGE('',*,*,#1202,.T.);
#1609=ORIENTED_EDGE('',*,*,#1193,.F.);
#1610=ORIENTED_EDGE('',*,*,#1188,.T.);
#1611=ORIENTED_EDGE('',*,*,#1197,.T.);
#1612=ORIENTED_EDGE('',*,*,#1203,.T.);
#1613=ORIENTED_EDGE('',*,*,#1204,.T.);
#1614=ORIENTED_EDGE('',*,*,#1204,.F.);
#1615=ORIENTED_EDGE('',*,*,#1205,.F.);
#1616=ORIENTED_EDGE('',*,*,#1206,.F.);
#1617=ORIENTED_EDGE('',*,*,#1189,.F.);
#1618=ORIENTED_EDGE('',*,*,#1190,.T.);
#1619=ORIENTED_EDGE('',*,*,#1206,.T.);
#1620=ORIENTED_EDGE('',*,*,#1207,.T.);
#1621=ORIENTED_EDGE('',*,*,#1208,.T.);
#1622=ORIENTED_EDGE('',*,*,#1198,.F.);
#1623=ORIENTED_EDGE('',*,*,#1191,.F.);
#1624=ORIENTED_EDGE('',*,*,#1208,.F.);
#1625=ORIENTED_EDGE('',*,*,#1209,.F.);
#1626=ORIENTED_EDGE('',*,*,#1210,.T.);
#1627=ORIENTED_EDGE('',*,*,#1211,.T.);
#1628=ORIENTED_EDGE('',*,*,#1212,.F.);
#1629=ORIENTED_EDGE('',*,*,#1213,.F.);
#1630=ORIENTED_EDGE('',*,*,#1214,.F.);
#1631=ORIENTED_EDGE('',*,*,#1215,.F.);
#1632=ORIENTED_EDGE('',*,*,#1216,.F.);
#1633=ORIENTED_EDGE('',*,*,#1217,.T.);
#1634=ORIENTED_EDGE('',*,*,#1218,.F.);
#1635=ORIENTED_EDGE('',*,*,#1219,.F.);
#1636=ORIENTED_EDGE('',*,*,#1220,.F.);
#1637=ORIENTED_EDGE('',*,*,#1115,.F.);
#1638=ORIENTED_EDGE('',*,*,#1220,.T.);
#1639=ORIENTED_EDGE('',*,*,#1221,.T.);
#1640=ORIENTED_EDGE('',*,*,#1222,.T.);
#1641=ORIENTED_EDGE('',*,*,#1116,.F.);
#1642=ORIENTED_EDGE('',*,*,#1146,.T.);
#1643=ORIENTED_EDGE('',*,*,#1223,.F.);
#1644=ORIENTED_EDGE('',*,*,#1210,.F.);
#1645=ORIENTED_EDGE('',*,*,#1224,.F.);
#1646=ORIENTED_EDGE('',*,*,#1224,.T.);
#1647=ORIENTED_EDGE('',*,*,#1213,.T.);
#1648=ORIENTED_EDGE('',*,*,#1225,.T.);
#1649=ORIENTED_EDGE('',*,*,#1145,.T.);
#1650=ORIENTED_EDGE('',*,*,#1123,.F.);
#1651=ORIENTED_EDGE('',*,*,#1147,.F.);
#1652=ORIENTED_EDGE('',*,*,#1226,.F.);
#1653=ORIENTED_EDGE('',*,*,#1227,.F.);
#1654=ORIENTED_EDGE('',*,*,#1228,.F.);
#1655=ORIENTED_EDGE('',*,*,#1229,.T.);
#1656=ORIENTED_EDGE('',*,*,#1230,.F.);
#1657=ORIENTED_EDGE('',*,*,#1229,.F.);
#1658=ORIENTED_EDGE('',*,*,#1231,.F.);
#1659=ORIENTED_EDGE('',*,*,#1215,.T.);
#1660=ORIENTED_EDGE('',*,*,#1144,.T.);
#1661=ORIENTED_EDGE('',*,*,#1225,.F.);
#1662=ORIENTED_EDGE('',*,*,#1212,.T.);
#1663=ORIENTED_EDGE('',*,*,#1232,.F.);
#1664=ORIENTED_EDGE('',*,*,#1226,.T.);
#1665=ORIENTED_EDGE('',*,*,#1233,.F.);
#1666=ORIENTED_EDGE('',*,*,#1230,.T.);
#1667=ORIENTED_EDGE('',*,*,#1234,.F.);
#1668=ORIENTED_EDGE('',*,*,#1142,.T.);
#1669=ORIENTED_EDGE('',*,*,#1233,.T.);
#1670=ORIENTED_EDGE('',*,*,#1214,.T.);
#1671=ORIENTED_EDGE('',*,*,#1235,.F.);
#1672=ORIENTED_EDGE('',*,*,#1140,.T.);
#1673=ORIENTED_EDGE('',*,*,#1234,.T.);
#1674=ORIENTED_EDGE('',*,*,#1236,.T.);
#1675=ORIENTED_EDGE('',*,*,#1237,.F.);
#1676=ORIENTED_EDGE('',*,*,#1238,.T.);
#1677=ORIENTED_EDGE('',*,*,#1118,.F.);
#1678=ORIENTED_EDGE('',*,*,#1238,.F.);
#1679=ORIENTED_EDGE('',*,*,#1239,.F.);
#1680=ORIENTED_EDGE('',*,*,#1240,.F.);
#1681=ORIENTED_EDGE('',*,*,#1119,.F.);
#1682=ORIENTED_EDGE('',*,*,#1240,.T.);
#1683=ORIENTED_EDGE('',*,*,#1241,.F.);
#1684=ORIENTED_EDGE('',*,*,#1180,.T.);
#1685=ORIENTED_EDGE('',*,*,#1120,.F.);
#1686=ORIENTED_EDGE('',*,*,#1182,.T.);
#1687=ORIENTED_EDGE('',*,*,#1242,.F.);
#1688=ORIENTED_EDGE('',*,*,#1218,.T.);
#1689=ORIENTED_EDGE('',*,*,#1114,.F.);
#1690=ORIENTED_EDGE('',*,*,#1243,.F.);
#1691=ORIENTED_EDGE('',*,*,#1236,.F.);
#1692=ORIENTED_EDGE('',*,*,#1117,.F.);
#1693=ORIENTED_EDGE('',*,*,#1222,.F.);
#1694=ORIENTED_EDGE('',*,*,#1244,.F.);
#1695=ORIENTED_EDGE('',*,*,#1217,.F.);
#1696=ORIENTED_EDGE('',*,*,#1245,.F.);
#1697=ORIENTED_EDGE('',*,*,#1246,.F.);
#1698=ORIENTED_EDGE('',*,*,#1247,.T.);
#1699=ORIENTED_EDGE('',*,*,#1248,.T.);
#1700=ORIENTED_EDGE('',*,*,#1132,.F.);
#1701=ORIENTED_EDGE('',*,*,#1248,.F.);
#1702=ORIENTED_EDGE('',*,*,#1249,.T.);
#1703=ORIENTED_EDGE('',*,*,#1250,.T.);
#1704=ORIENTED_EDGE('',*,*,#1133,.F.);
#1705=ORIENTED_EDGE('',*,*,#1250,.F.);
#1706=ORIENTED_EDGE('',*,*,#1249,.F.);
#1707=ORIENTED_EDGE('',*,*,#1251,.F.);
#1708=ORIENTED_EDGE('',*,*,#1252,.F.);
#1709=ORIENTED_EDGE('',*,*,#1247,.F.);
#1710=ORIENTED_EDGE('',*,*,#1253,.T.);
#1711=ORIENTED_EDGE('',*,*,#1254,.F.);
#1712=ORIENTED_EDGE('',*,*,#1227,.T.);
#1713=ORIENTED_EDGE('',*,*,#1255,.F.);
#1714=ORIENTED_EDGE('',*,*,#1256,.F.);
#1715=ORIENTED_EDGE('',*,*,#1245,.T.);
#1716=ORIENTED_EDGE('',*,*,#1216,.T.);
#1717=ORIENTED_EDGE('',*,*,#1231,.T.);
#1718=ORIENTED_EDGE('',*,*,#1228,.T.);
#1719=ORIENTED_EDGE('',*,*,#1254,.T.);
#1720=ORIENTED_EDGE('',*,*,#1257,.T.);
#1721=ORIENTED_EDGE('',*,*,#1258,.T.);
#1722=ORIENTED_EDGE('',*,*,#1255,.T.);
#1723=ORIENTED_EDGE('',*,*,#1232,.T.);
#1724=ORIENTED_EDGE('',*,*,#1211,.F.);
#1725=ORIENTED_EDGE('',*,*,#1223,.T.);
#1726=ORIENTED_EDGE('',*,*,#1134,.T.);
#1727=ORIENTED_EDGE('',*,*,#1259,.T.);
#1728=ORIENTED_EDGE('',*,*,#1137,.T.);
#1729=ORIENTED_EDGE('',*,*,#1235,.T.);
#1730=ORIENTED_EDGE('',*,*,#1244,.T.);
#1731=ORIENTED_EDGE('',*,*,#1260,.T.);
#1732=ORIENTED_EDGE('',*,*,#1261,.T.);
#1733=ORIENTED_EDGE('',*,*,#1262,.F.);
#1734=ORIENTED_EDGE('',*,*,#1257,.F.);
#1735=ORIENTED_EDGE('',*,*,#1253,.F.);
#1736=ORIENTED_EDGE('',*,*,#1259,.F.);
#1737=ORIENTED_EDGE('',*,*,#1136,.T.);
#1738=ORIENTED_EDGE('',*,*,#1128,.F.);
#1739=ORIENTED_EDGE('',*,*,#1138,.F.);
#1740=ORIENTED_EDGE('',*,*,#1260,.F.);
#1741=ORIENTED_EDGE('',*,*,#1246,.T.);
#1742=ORIENTED_EDGE('',*,*,#1256,.T.);
#1743=ORIENTED_EDGE('',*,*,#1263,.T.);
#1744=ORIENTED_EDGE('',*,*,#1264,.T.);
#1745=ORIENTED_EDGE('',*,*,#1265,.T.);
#1746=ORIENTED_EDGE('',*,*,#1266,.T.);
#1747=ORIENTED_EDGE('',*,*,#1267,.T.);
#1748=ORIENTED_EDGE('',*,*,#1251,.T.);
#1749=ORIENTED_EDGE('',*,*,#1268,.T.);
#1750=ORIENTED_EDGE('',*,*,#1130,.F.);
#1751=ORIENTED_EDGE('',*,*,#1268,.F.);
#1752=ORIENTED_EDGE('',*,*,#1252,.T.);
#1753=ORIENTED_EDGE('',*,*,#1269,.T.);
#1754=ORIENTED_EDGE('',*,*,#1131,.F.);
#1755=ORIENTED_EDGE('',*,*,#1269,.F.);
#1756=ORIENTED_EDGE('',*,*,#1270,.T.);
#1757=ORIENTED_EDGE('',*,*,#1263,.F.);
#1758=ORIENTED_EDGE('',*,*,#1258,.F.);
#1759=ORIENTED_EDGE('',*,*,#1262,.T.);
#1760=ORIENTED_EDGE('',*,*,#1261,.F.);
#1761=ORIENTED_EDGE('',*,*,#1270,.F.);
#1762=ORIENTED_EDGE('',*,*,#1194,.F.);
#1763=ORIENTED_EDGE('',*,*,#1202,.F.);
#1764=ORIENTED_EDGE('',*,*,#1271,.F.);
#1765=ORIENTED_EDGE('',*,*,#1272,.F.);
#1766=ORIENTED_EDGE('',*,*,#1273,.T.);
#1767=ORIENTED_EDGE('',*,*,#1274,.T.);
#1768=ORIENTED_EDGE('',*,*,#1275,.T.);
#1769=ORIENTED_EDGE('',*,*,#1276,.T.);
#1770=ORIENTED_EDGE('',*,*,#1243,.T.);
#1771=ORIENTED_EDGE('',*,*,#1221,.F.);
#1772=ORIENTED_EDGE('',*,*,#1219,.T.);
#1773=ORIENTED_EDGE('',*,*,#1242,.T.);
#1774=ORIENTED_EDGE('',*,*,#1181,.T.);
#1775=ORIENTED_EDGE('',*,*,#1241,.T.);
#1776=ORIENTED_EDGE('',*,*,#1239,.T.);
#1777=ORIENTED_EDGE('',*,*,#1237,.T.);
#1778=ORIENTED_EDGE('',*,*,#1277,.T.);
#1779=ORIENTED_EDGE('',*,*,#1271,.T.);
#1780=ORIENTED_EDGE('',*,*,#1201,.T.);
#1781=ORIENTED_EDGE('',*,*,#1199,.F.);
#1782=ORIENTED_EDGE('',*,*,#1209,.T.);
#1783=ORIENTED_EDGE('',*,*,#1207,.F.);
#1784=ORIENTED_EDGE('',*,*,#1205,.T.);
#1785=ORIENTED_EDGE('',*,*,#1203,.F.);
#1786=ORIENTED_EDGE('',*,*,#1196,.T.);
#1787=ORIENTED_EDGE('',*,*,#1185,.F.);
#1788=ORIENTED_EDGE('',*,*,#1184,.F.);
#1789=ORIENTED_EDGE('',*,*,#1195,.F.);
#1790=ORIENTED_EDGE('',*,*,#1272,.T.);
#1791=ORIENTED_EDGE('',*,*,#1277,.F.);
#1792=ORIENTED_EDGE('',*,*,#1275,.F.);
#1793=ORIENTED_EDGE('',*,*,#1278,.T.);
#1794=ORIENTED_EDGE('',*,*,#1267,.F.);
#1795=ORIENTED_EDGE('',*,*,#1279,.F.);
#1796=ORIENTED_EDGE('',*,*,#1274,.F.);
#1797=ORIENTED_EDGE('',*,*,#1280,.T.);
#1798=ORIENTED_EDGE('',*,*,#1264,.F.);
#1799=ORIENTED_EDGE('',*,*,#1278,.F.);
#1800=ORIENTED_EDGE('',*,*,#1273,.F.);
#1801=ORIENTED_EDGE('',*,*,#1281,.T.);
#1802=ORIENTED_EDGE('',*,*,#1265,.F.);
#1803=ORIENTED_EDGE('',*,*,#1280,.F.);
#1804=ORIENTED_EDGE('',*,*,#1266,.F.);
#1805=ORIENTED_EDGE('',*,*,#1281,.F.);
#1806=ORIENTED_EDGE('',*,*,#1276,.F.);
#1807=ORIENTED_EDGE('',*,*,#1279,.T.);
#1808=ORIENTED_EDGE('',*,*,#1053,.T.);
#1809=ORIENTED_EDGE('',*,*,#1282,.T.);
#1810=ORIENTED_EDGE('',*,*,#1071,.F.);
#1811=ORIENTED_EDGE('',*,*,#1022,.F.);
#1812=ORIENTED_EDGE('',*,*,#1012,.F.);
#1813=ORIENTED_EDGE('',*,*,#1027,.F.);
#1814=ORIENTED_EDGE('',*,*,#1072,.F.);
#1815=ORIENTED_EDGE('',*,*,#1282,.F.);
#1816=ORIENTED_EDGE('',*,*,#1055,.T.);
#1817=ORIENTED_EDGE('',*,*,#1283,.T.);
#1818=ORIENTED_EDGE('',*,*,#1006,.F.);
#1819=ORIENTED_EDGE('',*,*,#1066,.F.);
#1820=ORIENTED_EDGE('',*,*,#1074,.F.);
#1821=ORIENTED_EDGE('',*,*,#1061,.F.);
#1822=ORIENTED_EDGE('',*,*,#1007,.F.);
#1823=ORIENTED_EDGE('',*,*,#1283,.F.);
#1824=ORIENTED_EDGE('',*,*,#1051,.T.);
#1825=ORIENTED_EDGE('',*,*,#1284,.T.);
#1826=ORIENTED_EDGE('',*,*,#1009,.F.);
#1827=ORIENTED_EDGE('',*,*,#1063,.F.);
#1828=ORIENTED_EDGE('',*,*,#1073,.F.);
#1829=ORIENTED_EDGE('',*,*,#1025,.F.);
#1830=ORIENTED_EDGE('',*,*,#1010,.F.);
#1831=ORIENTED_EDGE('',*,*,#1284,.F.);
#1832=ORIENTED_EDGE('',*,*,#1056,.T.);
#1833=ORIENTED_EDGE('',*,*,#1285,.T.);
#1834=ORIENTED_EDGE('',*,*,#1075,.F.);
#1835=ORIENTED_EDGE('',*,*,#1064,.F.);
#1836=ORIENTED_EDGE('',*,*,#1014,.F.);
#1837=ORIENTED_EDGE('',*,*,#1024,.F.);
#1838=ORIENTED_EDGE('',*,*,#1076,.F.);
#1839=ORIENTED_EDGE('',*,*,#1285,.F.);
#1840=ORIENTED_EDGE('',*,*,#1286,.F.);
#1841=ORIENTED_EDGE('',*,*,#1164,.T.);
#1842=ORIENTED_EDGE('',*,*,#1102,.F.);
#1843=ORIENTED_EDGE('',*,*,#1105,.F.);
#1844=ORIENTED_EDGE('',*,*,#1159,.F.);
#1845=ORIENTED_EDGE('',*,*,#1287,.F.);
#1846=ORIENTED_EDGE('',*,*,#1096,.F.);
#1847=ORIENTED_EDGE('',*,*,#1288,.T.);
#1848=ORIENTED_EDGE('',*,*,#1097,.F.);
#1849=ORIENTED_EDGE('',*,*,#1093,.F.);
#1850=ORIENTED_EDGE('',*,*,#1165,.T.);
#1851=ORIENTED_EDGE('',*,*,#1286,.T.);
#1852=ORIENTED_EDGE('',*,*,#1101,.F.);
#1853=ORIENTED_EDGE('',*,*,#1289,.F.);
#1854=ORIENTED_EDGE('',*,*,#1106,.F.);
#1855=ORIENTED_EDGE('',*,*,#1287,.T.);
#1856=ORIENTED_EDGE('',*,*,#1158,.T.);
#1857=ORIENTED_EDGE('',*,*,#1094,.F.);
#1858=ORIENTED_EDGE('',*,*,#1100,.F.);
#1859=ORIENTED_EDGE('',*,*,#1290,.F.);
#1860=ORIENTED_EDGE('',*,*,#1107,.F.);
#1861=ORIENTED_EDGE('',*,*,#1289,.T.);
#1862=ORIENTED_EDGE('',*,*,#1098,.F.);
#1863=ORIENTED_EDGE('',*,*,#1288,.F.);
#1864=ORIENTED_EDGE('',*,*,#1109,.F.);
#1865=ORIENTED_EDGE('',*,*,#1291,.T.);
#1866=ORIENTED_EDGE('',*,*,#1099,.F.);
#1867=ORIENTED_EDGE('',*,*,#1291,.F.);
#1868=ORIENTED_EDGE('',*,*,#1108,.F.);
#1869=ORIENTED_EDGE('',*,*,#1290,.T.);
#1870=CYLINDRICAL_SURFACE('',#2018,1.5);
#1871=CYLINDRICAL_SURFACE('',#2057,1.4);
#1872=CYLINDRICAL_SURFACE('',#2070,1.4);
#1873=CYLINDRICAL_SURFACE('',#2071,1.4);
#1874=CYLINDRICAL_SURFACE('',#2072,1.4);
#1875=CYLINDRICAL_SURFACE('',#2073,1.4);
#1876=CYLINDRICAL_SURFACE('',#2074,1.4);
#1877=CYLINDRICAL_SURFACE('',#2083,22.);
#1878=CYLINDRICAL_SURFACE('',#2117,6.5);
#1879=CYLINDRICAL_SURFACE('',#2119,3.5);
#1880=CYLINDRICAL_SURFACE('',#2122,5.);
#1881=CYLINDRICAL_SURFACE('',#2131,5.);
#1882=CYLINDRICAL_SURFACE('',#2134,5.);
#1883=CYLINDRICAL_SURFACE('',#2137,5.);
#1884=CYLINDRICAL_SURFACE('',#2143,5.);
#1885=CYLINDRICAL_SURFACE('',#2151,1.);
#1886=CYLINDRICAL_SURFACE('',#2154,1.);
#1887=CYLINDRICAL_SURFACE('',#2156,1.);
#1888=CYLINDRICAL_SURFACE('',#2158,5.);
#1889=CYLINDRICAL_SURFACE('',#2161,5.);
#1890=CYLINDRICAL_SURFACE('',#2163,5.);
#1891=CYLINDRICAL_SURFACE('',#2167,1.45);
#1892=CYLINDRICAL_SURFACE('',#2169,1.45);
#1893=CYLINDRICAL_SURFACE('',#2181,1.);
#1894=CYLINDRICAL_SURFACE('',#2182,1.);
#1895=CYLINDRICAL_SURFACE('',#2183,6.54852254653654);
#1896=CYLINDRICAL_SURFACE('',#2187,1.45);
#1897=CYLINDRICAL_SURFACE('',#2188,1.45);
#1898=CYLINDRICAL_SURFACE('',#2191,5.76143953765029);
#1899=CYLINDRICAL_SURFACE('',#2201,1.515);
#1900=CYLINDRICAL_SURFACE('',#2202,1.515);
#1901=CYLINDRICAL_SURFACE('',#2203,1.515);
#1902=CYLINDRICAL_SURFACE('',#2204,1.515);
#1903=ADVANCED_FACE('',(#137),#1870,.F.);
#1904=ADVANCED_FACE('',(#138,#25,#26,#27,#28,#29,#30,#31),#73,.T.);
#1905=ADVANCED_FACE('',(#139),#21,.T.);
#1906=ADVANCED_FACE('',(#140),#22,.T.);
#1907=ADVANCED_FACE('',(#141),#74,.F.);
#1908=ADVANCED_FACE('',(#142),#75,.F.);
#1909=ADVANCED_FACE('',(#143),#76,.F.);
#1910=ADVANCED_FACE('',(#144),#77,.F.);
#1911=ADVANCED_FACE('',(#145),#78,.F.);
#1912=ADVANCED_FACE('',(#146),#79,.F.);
#1913=ADVANCED_FACE('',(#147,#32,#33,#34,#35,#36,#37,#38,#39,#40),#80,.T.);
#1914=ADVANCED_FACE('',(#148),#1871,.F.);
#1915=ADVANCED_FACE('',(#149),#23,.T.);
#1916=ADVANCED_FACE('',(#150),#24,.T.);
#1917=ADVANCED_FACE('',(#151,#41),#81,.T.);
#1918=ADVANCED_FACE('',(#152),#1872,.F.);
#1919=ADVANCED_FACE('',(#153),#1873,.F.);
#1920=ADVANCED_FACE('',(#154),#1874,.F.);
#1921=ADVANCED_FACE('',(#155),#1875,.F.);
#1922=ADVANCED_FACE('',(#156),#1876,.F.);
#1923=ADVANCED_FACE('',(#157,#42),#82,.T.);
#1924=ADVANCED_FACE('',(#158),#83,.T.);
#1925=ADVANCED_FACE('',(#159),#84,.T.);
#1926=ADVANCED_FACE('',(#160),#1877,.T.);
#1927=ADVANCED_FACE('',(#161,#43,#44,#45,#46,#47),#85,.T.);
#1928=ADVANCED_FACE('',(#162),#86,.T.);
#1929=ADVANCED_FACE('',(#163),#87,.T.);
#1930=ADVANCED_FACE('',(#164),#88,.T.);
#1931=ADVANCED_FACE('',(#165),#89,.T.);
#1932=ADVANCED_FACE('',(#166),#90,.T.);
#1933=ADVANCED_FACE('',(#167),#91,.T.);
#1934=ADVANCED_FACE('',(#168),#92,.T.);
#1935=ADVANCED_FACE('',(#169),#93,.F.);
#1936=ADVANCED_FACE('',(#170),#94,.T.);
#1937=ADVANCED_FACE('',(#171),#95,.T.);
#1938=ADVANCED_FACE('',(#172),#96,.T.);
#1939=ADVANCED_FACE('',(#173),#97,.T.);
#1940=ADVANCED_FACE('',(#174),#98,.T.);
#1941=ADVANCED_FACE('',(#175),#1878,.T.);
#1942=ADVANCED_FACE('',(#176),#99,.T.);
#1943=ADVANCED_FACE('',(#177),#1879,.F.);
#1944=ADVANCED_FACE('',(#178),#100,.T.);
#1945=ADVANCED_FACE('',(#179),#101,.F.);
#1946=ADVANCED_FACE('',(#180),#1880,.T.);
#1947=ADVANCED_FACE('',(#181),#102,.T.);
#1948=ADVANCED_FACE('',(#182),#103,.T.);
#1949=ADVANCED_FACE('',(#183),#1881,.T.);
#1950=ADVANCED_FACE('',(#184),#104,.T.);
#1951=ADVANCED_FACE('',(#185),#1882,.T.);
#1952=ADVANCED_FACE('',(#186),#105,.T.);
#1953=ADVANCED_FACE('',(#187),#1883,.T.);
#1954=ADVANCED_FACE('',(#188),#106,.T.);
#1955=ADVANCED_FACE('',(#189),#107,.F.);
#1956=ADVANCED_FACE('',(#190),#108,.F.);
#1957=ADVANCED_FACE('',(#191),#109,.T.);
#1958=ADVANCED_FACE('',(#192),#1884,.T.);
#1959=ADVANCED_FACE('',(#193),#110,.T.);
#1960=ADVANCED_FACE('',(#194),#111,.T.);
#1961=ADVANCED_FACE('',(#195),#112,.F.);
#1962=ADVANCED_FACE('',(#196),#113,.F.);
#1963=ADVANCED_FACE('',(#197),#1885,.T.);
#1964=ADVANCED_FACE('',(#198),#1886,.T.);
#1965=ADVANCED_FACE('',(#199),#1887,.T.);
#1966=ADVANCED_FACE('',(#200),#1888,.T.);
#1967=ADVANCED_FACE('',(#201),#114,.T.);
#1968=ADVANCED_FACE('',(#202),#1889,.T.);
#1969=ADVANCED_FACE('',(#203),#1890,.T.);
#1970=ADVANCED_FACE('',(#204),#115,.T.);
#1971=ADVANCED_FACE('',(#205),#116,.F.);
#1972=ADVANCED_FACE('',(#206),#1891,.F.);
#1973=ADVANCED_FACE('',(#207),#1892,.F.);
#1974=ADVANCED_FACE('',(#208),#117,.F.);
#1975=ADVANCED_FACE('',(#209),#118,.F.);
#1976=ADVANCED_FACE('',(#210),#119,.F.);
#1977=ADVANCED_FACE('',(#211),#120,.F.);
#1978=ADVANCED_FACE('',(#212),#121,.F.);
#1979=ADVANCED_FACE('',(#213),#122,.F.);
#1980=ADVANCED_FACE('',(#214),#1893,.T.);
#1981=ADVANCED_FACE('',(#215),#1894,.T.);
#1982=ADVANCED_FACE('',(#216,#48),#1895,.F.);
#1983=ADVANCED_FACE('',(#217),#1896,.F.);
#1984=ADVANCED_FACE('',(#218),#1897,.F.);
#1985=ADVANCED_FACE('',(#219),#123,.T.);
#1986=ADVANCED_FACE('',(#220),#124,.T.);
#1987=ADVANCED_FACE('',(#221,#49),#1898,.T.);
#1988=ADVANCED_FACE('',(#222,#50),#125,.T.);
#1989=ADVANCED_FACE('',(#223),#126,.T.);
#1990=ADVANCED_FACE('',(#224),#127,.F.);
#1991=ADVANCED_FACE('',(#225),#128,.F.);
#1992=ADVANCED_FACE('',(#226),#129,.F.);
#1993=ADVANCED_FACE('',(#227),#130,.F.);
#1994=ADVANCED_FACE('',(#228),#1899,.F.);
#1995=ADVANCED_FACE('',(#229),#1900,.F.);
#1996=ADVANCED_FACE('',(#230),#1901,.F.);
#1997=ADVANCED_FACE('',(#231),#1902,.F.);
#1998=ADVANCED_FACE('',(#232),#131,.T.);
#1999=ADVANCED_FACE('',(#233),#132,.T.);
#2000=ADVANCED_FACE('',(#234),#133,.T.);
#2001=ADVANCED_FACE('',(#235),#134,.F.);
#2002=ADVANCED_FACE('',(#236),#135,.F.);
#2003=ADVANCED_FACE('',(#237),#136,.F.);
#2004=CLOSED_SHELL('',(#1903,#1904,#1905,#1906,#1907,#1908,#1909,#1910,
#1911,#1912,#1913,#1914,#1915,#1916,#1917,#1918,#1919,#1920,#1921,#1922,
#1923,#1924,#1925,#1926,#1927,#1928,#1929,#1930,#1931,#1932,#1933,#1934,
#1935,#1936,#1937,#1938,#1939,#1940,#1941,#1942,#1943,#1944,#1945,#1946,
#1947,#1948,#1949,#1950,#1951,#1952,#1953,#1954,#1955,#1956,#1957,#1958,
#1959,#1960,#1961,#1962,#1963,#1964,#1965,#1966,#1967,#1968,#1969,#1970,
#1971,#1972,#1973,#1974,#1975,#1976,#1977,#1978,#1979,#1980,#1981,#1982,
#1983,#1984,#1985,#1986,#1987,#1988,#1989,#1990,#1991,#1992,#1993,#1994,
#1995,#1996,#1997,#1998,#1999,#2000,#2001,#2002,#2003));
#2005=DERIVED_UNIT_ELEMENT(#2007,1.);
#2006=DERIVED_UNIT_ELEMENT(#3426,-3.);
#2007=(
MASS_UNIT()
NAMED_UNIT(*)
SI_UNIT(.KILO.,.GRAM.)
);
#2008=DERIVED_UNIT((#2005,#2006));
#2009=MEASURE_REPRESENTATION_ITEM('density measure',
POSITIVE_RATIO_MEASURE(952.),#2008);
#2010=PROPERTY_DEFINITION_REPRESENTATION(#2015,#2012);
#2011=PROPERTY_DEFINITION_REPRESENTATION(#2016,#2013);
#2012=REPRESENTATION('material name',(#2014),#3423);
#2013=REPRESENTATION('density',(#2009),#3423);
#2014=DESCRIPTIVE_REPRESENTATION_ITEM('Plastic, Opaque White',
'Plastic, Opaque White');
#2015=PROPERTY_DEFINITION('material property','material name',#3433);
#2016=PROPERTY_DEFINITION('material property','density of part',#3433);
#2017=AXIS2_PLACEMENT_3D('',#2786,#2211,#2212);
#2018=AXIS2_PLACEMENT_3D('',#2787,#2213,#2214);
#2019=AXIS2_PLACEMENT_3D('',#2789,#2215,#2216);
#2020=AXIS2_PLACEMENT_3D('',#2792,#2218,#2219);
#2021=AXIS2_PLACEMENT_3D('',#2793,#2220,#2221);
#2022=AXIS2_PLACEMENT_3D('',#2796,#2222,#2223);
#2023=AXIS2_PLACEMENT_3D('',#2798,#2224,#2225);
#2024=AXIS2_PLACEMENT_3D('',#2800,#2226,#2227);
#2025=AXIS2_PLACEMENT_3D('',#2802,#2228,#2229);
#2026=AXIS2_PLACEMENT_3D('',#2804,#2230,#2231);
#2027=AXIS2_PLACEMENT_3D('',#2806,#2232,#2233);
#2028=AXIS2_PLACEMENT_3D('',#2808,#2234,#2235);
#2029=AXIS2_PLACEMENT_3D('',#2810,#2236,#2237);
#2030=AXIS2_PLACEMENT_3D('',#2812,#2238,#2239);
#2031=AXIS2_PLACEMENT_3D('',#2813,#2240,#2241);
#2032=AXIS2_PLACEMENT_3D('',#2815,#2242,#2243);
#2033=AXIS2_PLACEMENT_3D('',#2817,#2244,#2245);
#2034=AXIS2_PLACEMENT_3D('',#2819,#2246,#2247);
#2035=AXIS2_PLACEMENT_3D('',#2821,#2248,#2249);
#2036=AXIS2_PLACEMENT_3D('',#2823,#2250,#2251);
#2037=AXIS2_PLACEMENT_3D('',#2825,#2252,#2253);
#2038=AXIS2_PLACEMENT_3D('',#2835,#2255,#2256);
#2039=AXIS2_PLACEMENT_3D('',#2850,#2259,#2260);
#2040=AXIS2_PLACEMENT_3D('',#2852,#2262,#2263);
#2041=AXIS2_PLACEMENT_3D('',#2861,#2268,#2269);
#2042=AXIS2_PLACEMENT_3D('',#2867,#2273,#2274);
#2043=AXIS2_PLACEMENT_3D('',#2876,#2279,#2280);
#2044=AXIS2_PLACEMENT_3D('',#2882,#2284,#2285);
#2045=AXIS2_PLACEMENT_3D('',#2888,#2289,#2290);
#2046=AXIS2_PLACEMENT_3D('',#2894,#2294,#2295);
#2047=AXIS2_PLACEMENT_3D('',#2895,#2296,#2297);
#2048=AXIS2_PLACEMENT_3D('',#2896,#2298,#2299);
#2049=AXIS2_PLACEMENT_3D('',#2898,#2300,#2301);
#2050=AXIS2_PLACEMENT_3D('',#2900,#2302,#2303);
#2051=AXIS2_PLACEMENT_3D('',#2902,#2304,#2305);
#2052=AXIS2_PLACEMENT_3D('',#2904,#2306,#2307);
#2053=AXIS2_PLACEMENT_3D('',#2906,#2308,#2309);
#2054=AXIS2_PLACEMENT_3D('',#2908,#2310,#2311);
#2055=AXIS2_PLACEMENT_3D('',#2910,#2312,#2313);
#2056=AXIS2_PLACEMENT_3D('',#2912,#2314,#2315);
#2057=AXIS2_PLACEMENT_3D('',#2913,#2316,#2317);
#2058=AXIS2_PLACEMENT_3D('',#2915,#2318,#2319);
#2059=AXIS2_PLACEMENT_3D('',#2917,#2321,#2322);
#2060=AXIS2_PLACEMENT_3D('',#2927,#2324,#2325);
#2061=AXIS2_PLACEMENT_3D('',#2942,#2328,#2329);
#2062=AXIS2_PLACEMENT_3D('',#2944,#2331,#2332);
#2063=AXIS2_PLACEMENT_3D('',#2951,#2335,#2336);
#2064=AXIS2_PLACEMENT_3D('',#2954,#2338,#2339);
#2065=AXIS2_PLACEMENT_3D('',#2955,#2340,#2341);
#2066=AXIS2_PLACEMENT_3D('',#2956,#2342,#2343);
#2067=AXIS2_PLACEMENT_3D('',#2957,#2344,#2345);
#2068=AXIS2_PLACEMENT_3D('',#2959,#2346,#2347);
#2069=AXIS2_PLACEMENT_3D('',#2960,#2348,#2349);
#2070=AXIS2_PLACEMENT_3D('',#2961,#2350,#2351);
#2071=AXIS2_PLACEMENT_3D('',#2963,#2353,#2354);
#2072=AXIS2_PLACEMENT_3D('',#2965,#2356,#2357);
#2073=AXIS2_PLACEMENT_3D('',#2967,#2359,#2360);
#2074=AXIS2_PLACEMENT_3D('',#2969,#2362,#2363);
#2075=AXIS2_PLACEMENT_3D('',#2971,#2364,#2365);
#2076=AXIS2_PLACEMENT_3D('',#2973,#2367,#2368);
#2077=AXIS2_PLACEMENT_3D('',#2974,#2369,#2370);
#2078=AXIS2_PLACEMENT_3D('',#2979,#2372,#2373);
#2079=AXIS2_PLACEMENT_3D('',#2981,#2374,#2375);
#2080=AXIS2_PLACEMENT_3D('',#2982,#2376,#2377);
#2081=AXIS2_PLACEMENT_3D('',#2983,#2378,#2379);
#2082=AXIS2_PLACEMENT_3D('',#2992,#2384,#2385);
#2083=AXIS2_PLACEMENT_3D('',#2999,#2390,#2391);
#2084=AXIS2_PLACEMENT_3D('',#3005,#2394,#2395);
#2085=AXIS2_PLACEMENT_3D('',#3009,#2397,#2398);
#2086=AXIS2_PLACEMENT_3D('',#3013,#2400,#2401);
#2087=AXIS2_PLACEMENT_3D('',#3018,#2404,#2405);
#2088=AXIS2_PLACEMENT_3D('',#3022,#2407,#2408);
#2089=AXIS2_PLACEMENT_3D('',#3025,#2410,#2411);
#2090=AXIS2_PLACEMENT_3D('',#3026,#2412,#2413);
#2091=AXIS2_PLACEMENT_3D('',#3037,#2418,#2419);
#2092=AXIS2_PLACEMENT_3D('',#3041,#2421,#2422);
#2093=AXIS2_PLACEMENT_3D('',#3045,#2424,#2425);
#2094=AXIS2_PLACEMENT_3D('',#3049,#2427,#2428);
#2095=AXIS2_PLACEMENT_3D('',#3065,#2436,#2437);
#2096=AXIS2_PLACEMENT_3D('',#3068,#2439,#2440);
#2097=AXIS2_PLACEMENT_3D('',#3070,#2441,#2442);
#2098=AXIS2_PLACEMENT_3D('',#3072,#2443,#2444);
#2099=AXIS2_PLACEMENT_3D('',#3074,#2445,#2446);
#2100=AXIS2_PLACEMENT_3D('',#3075,#2447,#2448);
#2101=AXIS2_PLACEMENT_3D('',#3081,#2452,#2453);
#2102=AXIS2_PLACEMENT_3D('',#3087,#2457,#2458);
#2103=AXIS2_PLACEMENT_3D('',#3091,#2461,#2462);
#2104=AXIS2_PLACEMENT_3D('',#3095,#2465,#2466);
#2105=AXIS2_PLACEMENT_3D('',#3099,#2469,#2470);
#2106=AXIS2_PLACEMENT_3D('',#3103,#2473,#2474);
#2107=AXIS2_PLACEMENT_3D('',#3107,#2476,#2477);
#2108=AXIS2_PLACEMENT_3D('',#3116,#2482,#2483);
#2109=AXIS2_PLACEMENT_3D('',#3125,#2489,#2490);
#2110=AXIS2_PLACEMENT_3D('',#3129,#2493,#2494);
#2111=AXIS2_PLACEMENT_3D('',#3133,#2497,#2498);
#2112=AXIS2_PLACEMENT_3D('',#3143,#2504,#2505);
#2113=AXIS2_PLACEMENT_3D('',#3149,#2508,#2509);
#2114=AXIS2_PLACEMENT_3D('',#3151,#2511,#2512);
#2115=AXIS2_PLACEMENT_3D('',#3154,#2515,#2516);
#2116=AXIS2_PLACEMENT_3D('',#3155,#2517,#2518);
#2117=AXIS2_PLACEMENT_3D('',#3157,#2520,#2521);
#2118=AXIS2_PLACEMENT_3D('',#3159,#2523,#2524);
#2119=AXIS2_PLACEMENT_3D('',#3161,#2526,#2527);
#2120=AXIS2_PLACEMENT_3D('',#3163,#2529,#2530);
#2121=AXIS2_PLACEMENT_3D('',#3164,#2531,#2532);
#2122=AXIS2_PLACEMENT_3D('',#3170,#2536,#2537);
#2123=AXIS2_PLACEMENT_3D('',#3173,#2538,#2539);
#2124=AXIS2_PLACEMENT_3D('',#3177,#2541,#2542);
#2125=AXIS2_PLACEMENT_3D('',#3179,#2544,#2545);
#2126=AXIS2_PLACEMENT_3D('',#3183,#2547,#2548);
#2127=AXIS2_PLACEMENT_3D('',#3187,#2550,#2551);
#2128=AXIS2_PLACEMENT_3D('',#3191,#2553,#2554);
#2129=AXIS2_PLACEMENT_3D('',#3195,#2556,#2557);
#2130=AXIS2_PLACEMENT_3D('',#3197,#2559,#2560);
#2131=AXIS2_PLACEMENT_3D('',#3201,#2563,#2564);
#2132=AXIS2_PLACEMENT_3D('',#3205,#2566,#2567);
#2133=AXIS2_PLACEMENT_3D('',#3207,#2569,#2570);
#2134=AXIS2_PLACEMENT_3D('',#3211,#2573,#2574);
#2135=AXIS2_PLACEMENT_3D('',#3213,#2575,#2576);
#2136=AXIS2_PLACEMENT_3D('',#3215,#2578,#2579);
#2137=AXIS2_PLACEMENT_3D('',#3219,#2582,#2583);
#2138=AXIS2_PLACEMENT_3D('',#3221,#2584,#2585);
#2139=AXIS2_PLACEMENT_3D('',#3223,#2587,#2588);
#2140=AXIS2_PLACEMENT_3D('',#3225,#2590,#2591);
#2141=AXIS2_PLACEMENT_3D('',#3234,#2596,#2597);
#2142=AXIS2_PLACEMENT_3D('',#3243,#2602,#2603);
#2143=AXIS2_PLACEMENT_3D('',#3249,#2607,#2608);
#2144=AXIS2_PLACEMENT_3D('',#3251,#2609,#2610);
#2145=AXIS2_PLACEMENT_3D('',#3253,#2612,#2613);
#2146=AXIS2_PLACEMENT_3D('',#3254,#2614,#2615);
#2147=AXIS2_PLACEMENT_3D('',#3256,#2617,#2618);
#2148=AXIS2_PLACEMENT_3D('',#3257,#2619,#2620);
#2149=AXIS2_PLACEMENT_3D('',#3258,#2621,#2622);
#2150=AXIS2_PLACEMENT_3D('',#3267,#2627,#2628);
#2151=AXIS2_PLACEMENT_3D('',#3270,#2631,#2632);
#2152=AXIS2_PLACEMENT_3D('',#3271,#2633,#2634);
#2153=AXIS2_PLACEMENT_3D('',#3272,#2635,#2636);
#2154=AXIS2_PLACEMENT_3D('',#3273,#2637,#2638);
#2155=AXIS2_PLACEMENT_3D('',#3274,#2639,#2640);
#2156=AXIS2_PLACEMENT_3D('',#3275,#2641,#2642);
#2157=AXIS2_PLACEMENT_3D('',#3276,#2643,#2644);
#2158=AXIS2_PLACEMENT_3D('',#3277,#2645,#2646);
#2159=AXIS2_PLACEMENT_3D('',#3281,#2648,#2649);
#2160=AXIS2_PLACEMENT_3D('',#3283,#2651,#2652);
#2161=AXIS2_PLACEMENT_3D('',#3287,#2655,#2656);
#2162=AXIS2_PLACEMENT_3D('',#3288,#2657,#2658);
#2163=AXIS2_PLACEMENT_3D('',#3289,#2659,#2660);
#2164=AXIS2_PLACEMENT_3D('',#3290,#2661,#2662);
#2165=AXIS2_PLACEMENT_3D('',#3291,#2663,#2664);
#2166=AXIS2_PLACEMENT_3D('',#3293,#2666,#2667);
#2167=AXIS2_PLACEMENT_3D('',#3299,#2671,#2672);
#2168=AXIS2_PLACEMENT_3D('',#3301,#2673,#2674);
#2169=AXIS2_PLACEMENT_3D('',#3303,#2676,#2677);
#2170=AXIS2_PLACEMENT_3D('',#3305,#2678,#2679);
#2171=AXIS2_PLACEMENT_3D('',#3307,#2681,#2682);
#2172=AXIS2_PLACEMENT_3D('',#3308,#2683,#2684);
#2173=AXIS2_PLACEMENT_3D('',#3310,#2685,#2686);
#2174=AXIS2_PLACEMENT_3D('',#3311,#2687,#2688);
#2175=AXIS2_PLACEMENT_3D('',#3313,#2689,#2690);
#2176=AXIS2_PLACEMENT_3D('',#3314,#2691,#2692);
#2177=AXIS2_PLACEMENT_3D('',#3315,#2693,#2694);
#2178=AXIS2_PLACEMENT_3D('',#3321,#2698,#2699);
#2179=AXIS2_PLACEMENT_3D('',#3323,#2700,#2701);
#2180=AXIS2_PLACEMENT_3D('',#3325,#2702,#2703);
#2181=AXIS2_PLACEMENT_3D('',#3327,#2705,#2706);
#2182=AXIS2_PLACEMENT_3D('',#3338,#2707,#2708);
#2183=AXIS2_PLACEMENT_3D('',#3349,#2709,#2710);
#2184=AXIS2_PLACEMENT_3D('',#3352,#2711,#2712);
#2185=AXIS2_PLACEMENT_3D('',#3361,#2715,#2716);
#2186=AXIS2_PLACEMENT_3D('',#3366,#2717,#2718);
#2187=AXIS2_PLACEMENT_3D('',#3367,#2719,#2720);
#2188=AXIS2_PLACEMENT_3D('',#3369,#2722,#2723);
#2189=AXIS2_PLACEMENT_3D('',#3371,#2725,#2726);
#2190=AXIS2_PLACEMENT_3D('',#3373,#2728,#2729);
#2191=AXIS2_PLACEMENT_3D('',#3374,#2730,#2731);
#2192=AXIS2_PLACEMENT_3D('',#3376,#2732,#2733);
#2193=AXIS2_PLACEMENT_3D('',#3380,#2735,#2736);
#2194=AXIS2_PLACEMENT_3D('',#3386,#2737,#2738);
#2195=AXIS2_PLACEMENT_3D('',#3390,#2739,#2740);
#2196=AXIS2_PLACEMENT_3D('',#3392,#2742,#2743);
#2197=AXIS2_PLACEMENT_3D('',#3393,#2744,#2745);
#2198=AXIS2_PLACEMENT_3D('',#3396,#2748,#2749);
#2199=AXIS2_PLACEMENT_3D('',#3398,#2751,#2752);
#2200=AXIS2_PLACEMENT_3D('',#3400,#2754,#2755);
#2201=AXIS2_PLACEMENT_3D('',#3401,#2756,#2757);
#2202=AXIS2_PLACEMENT_3D('',#3403,#2759,#2760);
#2203=AXIS2_PLACEMENT_3D('',#3405,#2762,#2763);
#2204=AXIS2_PLACEMENT_3D('',#3407,#2765,#2766);
#2205=AXIS2_PLACEMENT_3D('',#3409,#2768,#2769);
#2206=AXIS2_PLACEMENT_3D('',#3411,#2771,#2772);
#2207=AXIS2_PLACEMENT_3D('',#3413,#2774,#2775);
#2208=AXIS2_PLACEMENT_3D('',#3416,#2778,#2779);
#2209=AXIS2_PLACEMENT_3D('',#3418,#2781,#2782);
#2210=AXIS2_PLACEMENT_3D('',#3420,#2784,#2785);
#2211=DIRECTION('axis',(0.,0.,1.));
#2212=DIRECTION('refdir',(1.,0.,0.));
#2213=DIRECTION('center_axis',(0.,0.,1.));
#2214=DIRECTION('ref_axis',(1.,0.,0.));
#2215=DIRECTION('center_axis',(0.,0.,1.));
#2216=DIRECTION('ref_axis',(1.,0.,0.));
#2217=DIRECTION('',(0.,0.,1.));
#2218=DIRECTION('center_axis',(0.,0.,-1.));
#2219=DIRECTION('ref_axis',(1.,0.,0.));
#2220=DIRECTION('center_axis',(0.,0.,-1.));
#2221=DIRECTION('ref_axis',(1.,0.,0.));
#2222=DIRECTION('center_axis',(0.,0.,1.));
#2223=DIRECTION('ref_axis',(-1.,0.,0.));
#2224=DIRECTION('center_axis',(0.,0.,1.));
#2225=DIRECTION('ref_axis',(-1.,0.,0.));
#2226=DIRECTION('center_axis',(0.,0.,1.));
#2227=DIRECTION('ref_axis',(0.,-1.,0.));
#2228=DIRECTION('center_axis',(0.,0.,1.));
#2229=DIRECTION('ref_axis',(-1.,0.,0.));
#2230=DIRECTION('center_axis',(0.,0.,1.));
#2231=DIRECTION('ref_axis',(-1.,0.,0.));
#2232=DIRECTION('center_axis',(0.,0.,1.));
#2233=DIRECTION('ref_axis',(0.,-1.,0.));
#2234=DIRECTION('center_axis',(0.,0.,1.));
#2235=DIRECTION('ref_axis',(-1.,0.,0.));
#2236=DIRECTION('center_axis',(0.,0.,1.));
#2237=DIRECTION('ref_axis',(0.,-1.,0.));
#2238=DIRECTION('center_axis',(0.,0.,1.));
#2239=DIRECTION('ref_axis',(-1.,0.,0.));
#2240=DIRECTION('center_axis',(0.,0.,1.));
#2241=DIRECTION('ref_axis',(0.,-1.,0.));
#2242=DIRECTION('center_axis',(0.,0.,1.));
#2243=DIRECTION('ref_axis',(-1.,0.,0.));
#2244=DIRECTION('center_axis',(0.,0.,1.));
#2245=DIRECTION('ref_axis',(-1.,0.,0.));
#2246=DIRECTION('center_axis',(0.,0.,1.));
#2247=DIRECTION('ref_axis',(-1.,0.,0.));
#2248=DIRECTION('center_axis',(0.,0.,1.));
#2249=DIRECTION('ref_axis',(-1.,0.,0.));
#2250=DIRECTION('center_axis',(0.,0.,1.));
#2251=DIRECTION('ref_axis',(-1.,0.,0.));
#2252=DIRECTION('center_axis',(0.,0.,1.));
#2253=DIRECTION('ref_axis',(-1.,0.,0.));
#2254=DIRECTION('',(0.,0.,-1.));
#2255=DIRECTION('center_axis',(0.,0.,1.));
#2256=DIRECTION('ref_axis',(0.,-1.,0.));
#2257=DIRECTION('',(0.,0.,1.));
#2258=DIRECTION('',(0.,0.,-1.));
#2259=DIRECTION('center_axis',(0.,0.,1.));
#2260=DIRECTION('ref_axis',(0.,-1.,0.));
#2261=DIRECTION('',(0.,0.,1.));
#2262=DIRECTION('center_axis',(-1.,0.,0.));
#2263=DIRECTION('ref_axis',(0.,1.,0.));
#2264=DIRECTION('',(0.,1.,0.));
#2265=DIRECTION('',(0.,0.,-1.));
#2266=DIRECTION('',(0.,1.,0.));
#2267=DIRECTION('',(0.,0.,-1.));
#2268=DIRECTION('center_axis',(0.,-1.,0.));
#2269=DIRECTION('ref_axis',(-1.,0.,0.));
#2270=DIRECTION('',(-1.,0.,0.));
#2271=DIRECTION('',(0.,0.,1.));
#2272=DIRECTION('',(-1.,0.,0.));
#2273=DIRECTION('center_axis',(0.,-1.,0.));
#2274=DIRECTION('ref_axis',(-1.,0.,0.));
#2275=DIRECTION('',(-1.,0.,0.));
#2276=DIRECTION('',(0.,0.,-1.));
#2277=DIRECTION('',(-1.,0.,0.));
#2278=DIRECTION('',(0.,0.,-1.));
#2279=DIRECTION('center_axis',(1.,0.,0.));
#2280=DIRECTION('ref_axis',(0.,-1.,0.));
#2281=DIRECTION('',(0.,-1.,0.));
#2282=DIRECTION('',(0.,0.,-1.));
#2283=DIRECTION('',(0.,-1.,0.));
#2284=DIRECTION('center_axis',(-6.16790569236198E-17,1.,0.));
#2285=DIRECTION('ref_axis',(1.,6.16790569236198E-17,0.));
#2286=DIRECTION('',(1.,6.16790569236198E-17,0.));
#2287=DIRECTION('',(0.,0.,1.));
#2288=DIRECTION('',(1.,6.16790569236198E-17,0.));
#2289=DIRECTION('center_axis',(-6.16790569236198E-17,1.,0.));
#2290=DIRECTION('ref_axis',(1.,6.16790569236198E-17,0.));
#2291=DIRECTION('',(1.,6.16790569236198E-17,0.));
#2292=DIRECTION('',(1.,6.16790569236198E-17,0.));
#2293=DIRECTION('',(0.,0.,-1.));
#2294=DIRECTION('center_axis',(0.,0.,1.));
#2295=DIRECTION('ref_axis',(-1.,0.,0.));
#2296=DIRECTION('center_axis',(0.,0.,1.));
#2297=DIRECTION('ref_axis',(1.,0.,0.));
#2298=DIRECTION('center_axis',(0.,0.,1.));
#2299=DIRECTION('ref_axis',(1.,0.,0.));
#2300=DIRECTION('center_axis',(0.,0.,1.));
#2301=DIRECTION('ref_axis',(1.,0.,0.));
#2302=DIRECTION('center_axis',(0.,0.,1.));
#2303=DIRECTION('ref_axis',(-1.,0.,0.));
#2304=DIRECTION('center_axis',(0.,0.,1.));
#2305=DIRECTION('ref_axis',(1.,0.,0.));
#2306=DIRECTION('center_axis',(0.,0.,1.));
#2307=DIRECTION('ref_axis',(-1.,0.,0.));
#2308=DIRECTION('center_axis',(0.,0.,1.));
#2309=DIRECTION('ref_axis',(1.,0.,0.));
#2310=DIRECTION('center_axis',(0.,0.,1.));
#2311=DIRECTION('ref_axis',(-1.,0.,0.));
#2312=DIRECTION('center_axis',(0.,0.,1.));
#2313=DIRECTION('ref_axis',(-1.,0.,0.));
#2314=DIRECTION('center_axis',(0.,0.,1.));
#2315=DIRECTION('ref_axis',(1.,0.,0.));
#2316=DIRECTION('center_axis',(0.,0.,1.));
#2317=DIRECTION('ref_axis',(1.,0.,0.));
#2318=DIRECTION('center_axis',(0.,0.,-1.));
#2319=DIRECTION('ref_axis',(1.,0.,0.));
#2320=DIRECTION('',(0.,0.,-1.));
#2321=DIRECTION('center_axis',(0.,0.,-1.));
#2322=DIRECTION('ref_axis',(1.,0.,0.));
#2323=DIRECTION('',(0.,0.,-1.));
#2324=DIRECTION('center_axis',(0.,0.,1.));
#2325=DIRECTION('ref_axis',(0.,-1.,0.));
#2326=DIRECTION('',(0.,0.,1.));
#2327=DIRECTION('',(0.,0.,-1.));
#2328=DIRECTION('center_axis',(0.,0.,1.));
#2329=DIRECTION('ref_axis',(0.,-1.,0.));
#2330=DIRECTION('',(0.,0.,1.));
#2331=DIRECTION('center_axis',(0.,0.,-1.));
#2332=DIRECTION('ref_axis',(-1.,0.,0.));
#2333=DIRECTION('',(-1.,0.,0.));
#2334=DIRECTION('',(0.,-1.,0.));
#2335=DIRECTION('center_axis',(0.,0.,-1.));
#2336=DIRECTION('ref_axis',(1.,0.,0.));
#2337=DIRECTION('',(0.,1.,0.));
#2338=DIRECTION('center_axis',(0.,0.,1.));
#2339=DIRECTION('ref_axis',(-1.,0.,0.));
#2340=DIRECTION('center_axis',(0.,0.,1.));
#2341=DIRECTION('ref_axis',(-1.,0.,0.));
#2342=DIRECTION('center_axis',(0.,0.,1.));
#2343=DIRECTION('ref_axis',(-1.,0.,0.));
#2344=DIRECTION('center_axis',(0.,0.,1.));
#2345=DIRECTION('ref_axis',(-1.,0.,0.));
#2346=DIRECTION('center_axis',(0.,0.,1.));
#2347=DIRECTION('ref_axis',(-1.,0.,0.));
#2348=DIRECTION('center_axis',(0.,0.,1.));
#2349=DIRECTION('ref_axis',(-1.,0.,0.));
#2350=DIRECTION('center_axis',(0.,0.,1.));
#2351=DIRECTION('ref_axis',(1.,0.,0.));
#2352=DIRECTION('',(0.,0.,-1.));
#2353=DIRECTION('center_axis',(0.,0.,1.));
#2354=DIRECTION('ref_axis',(1.,0.,0.));
#2355=DIRECTION('',(0.,0.,-1.));
#2356=DIRECTION('center_axis',(0.,0.,1.));
#2357=DIRECTION('ref_axis',(1.,0.,0.));
#2358=DIRECTION('',(0.,0.,-1.));
#2359=DIRECTION('center_axis',(0.,0.,1.));
#2360=DIRECTION('ref_axis',(1.,0.,0.));
#2361=DIRECTION('',(0.,0.,-1.));
#2362=DIRECTION('center_axis',(0.,0.,1.));
#2363=DIRECTION('ref_axis',(1.,0.,0.));
#2364=DIRECTION('center_axis',(0.,0.,-1.));
#2365=DIRECTION('ref_axis',(1.,0.,0.));
#2366=DIRECTION('',(0.,0.,-1.));
#2367=DIRECTION('center_axis',(0.,0.,-1.));
#2368=DIRECTION('ref_axis',(1.,0.,0.));
#2369=DIRECTION('center_axis',(0.,0.,1.));
#2370=DIRECTION('ref_axis',(1.,0.,0.));
#2371=DIRECTION('',(1.,0.,0.));
#2372=DIRECTION('center_axis',(0.,0.,-1.));
#2373=DIRECTION('ref_axis',(1.,0.,0.));
#2374=DIRECTION('center_axis',(0.,0.,1.));
#2375=DIRECTION('ref_axis',(1.,0.,0.));
#2376=DIRECTION('center_axis',(0.,-1.85037170770859E-16,-1.));
#2377=DIRECTION('ref_axis',(1.,0.,0.));
#2378=DIRECTION('center_axis',(0.,1.,0.));
#2379=DIRECTION('ref_axis',(-1.,0.,0.));
#2380=DIRECTION('',(-1.,0.,0.));
#2381=DIRECTION('',(0.,0.,1.));
#2382=DIRECTION('',(-1.,0.,0.));
#2383=DIRECTION('',(0.,0.,1.));
#2384=DIRECTION('center_axis',(0.,1.85037170770859E-16,1.));
#2385=DIRECTION('ref_axis',(0.,-1.,1.85037170770859E-16));
#2386=DIRECTION('',(0.,-1.,1.85037170770859E-16));
#2387=DIRECTION('',(1.,0.,0.));
#2388=DIRECTION('',(1.,0.,0.));
#2389=DIRECTION('',(0.,1.,-1.85037170770859E-16));
#2390=DIRECTION('center_axis',(0.,0.,1.));
#2391=DIRECTION('ref_axis',(6.12323399573677E-17,-1.,0.));
#2392=DIRECTION('',(0.,0.,1.));
#2393=DIRECTION('',(0.,0.,-1.));
#2394=DIRECTION('center_axis',(0.,-0.707106781186548,0.707106781186547));
#2395=DIRECTION('ref_axis',(0.,0.707106781186547,0.707106781186548));
#2396=DIRECTION('',(0.,0.,-1.));
#2397=DIRECTION('center_axis',(0.,-0.707106781186547,-0.707106781186548));
#2398=DIRECTION('ref_axis',(0.,0.707106781186548,-0.707106781186547));
#2399=DIRECTION('',(0.,0.,-1.));
#2400=DIRECTION('center_axis',(0.,0.,1.));
#2401=DIRECTION('ref_axis',(1.,0.,0.));
#2402=DIRECTION('',(0.,0.,-1.));
#2403=DIRECTION('',(0.,0.,1.));
#2404=DIRECTION('center_axis',(0.,0.,1.));
#2405=DIRECTION('ref_axis',(1.,0.,0.));
#2406=DIRECTION('',(0.,0.,1.));
#2407=DIRECTION('center_axis',(0.,-0.707106781186547,-0.707106781186548));
#2408=DIRECTION('ref_axis',(0.,0.707106781186548,-0.707106781186547));
#2409=DIRECTION('',(0.,0.,1.));
#2410=DIRECTION('center_axis',(0.,-0.707106781186548,0.707106781186547));
#2411=DIRECTION('ref_axis',(0.,0.707106781186547,0.707106781186548));
#2412=DIRECTION('center_axis',(-1.87970762572194E-31,-0.84282437967452,
0.538188689054556));
#2413=DIRECTION('ref_axis',(1.,1.27468686875606E-15,1.99620912012456E-15));
#2414=DIRECTION('',(0.,-0.538188689054556,-0.842824379674519));
#2415=DIRECTION('',(-1.,1.5765018593641E-31,-1.02379227816104E-31));
#2416=DIRECTION('',(0.,0.538188689054556,0.842824379674519));
#2417=DIRECTION('',(1.,1.27468686875606E-15,1.99620912012456E-15));
#2418=DIRECTION('center_axis',(-1.87970762572194E-31,-0.84282437967452,
0.538188689054556));
#2419=DIRECTION('ref_axis',(0.707106781186549,-0.380556871588374,-0.595966834217197));
#2420=DIRECTION('',(-2.368475785867E-15,0.538188689054556,0.842824379674519));
#2421=DIRECTION('center_axis',(-1.87970762572194E-31,-0.84282437967452,
0.538188689054556));
#2422=DIRECTION('ref_axis',(0.707106781186546,0.380556871588375,0.595966834217199));
#2423=DIRECTION('',(-1.,-1.27468687825322E-15,-1.99620913499747E-15));
#2424=DIRECTION('center_axis',(-1.87970762572194E-31,-0.84282437967452,
0.538188689054556));
#2425=DIRECTION('ref_axis',(-0.707106781186549,0.380556871588376,0.595966834217196));
#2426=DIRECTION('',(2.368475785867E-15,-0.538188689054556,-0.842824379674519));
#2427=DIRECTION('center_axis',(-1.87970762572194E-31,-0.84282437967452,
0.538188689054556));
#2428=DIRECTION('ref_axis',(-0.707106781186546,-0.380556871588375,-0.595966834217199));
#2429=DIRECTION('',(1.,1.27468686875606E-15,1.99620912012456E-15));
#2430=DIRECTION('',(-1.,1.45829432062969E-31,-1.20890987266437E-31));
#2431=DIRECTION('',(-2.5790878136561E-16,-0.538188689054556,-0.842824379674519));
#2432=DIRECTION('',(-1.,1.58426341361856E-31,-1.01163738289314E-31));
#2433=DIRECTION('',(0.,0.538188689054556,0.842824379674519));
#2434=DIRECTION('',(1.,-1.58426341361856E-31,1.01163738289314E-31));
#2435=DIRECTION('',(0.,-0.538188689054556,-0.842824379674519));
#2436=DIRECTION('center_axis',(1.87970762572194E-31,0.84282437967452,-0.538188689054556));
#2437=DIRECTION('ref_axis',(0.939120135249584,-0.184915690495308,-0.289585149787497));
#2438=DIRECTION('',(0.,-0.538188689054556,-0.842824379674519));
#2439=DIRECTION('center_axis',(1.87970762572194E-31,0.84282437967452,-0.538188689054556));
#2440=DIRECTION('ref_axis',(-1.,0.,0.));
#2441=DIRECTION('center_axis',(1.87970762572194E-31,0.84282437967452,-0.538188689054556));
#2442=DIRECTION('ref_axis',(-1.,0.,0.));
#2443=DIRECTION('center_axis',(1.87970762572194E-31,0.84282437967452,-0.538188689054556));
#2444=DIRECTION('ref_axis',(-1.,0.,0.));
#2445=DIRECTION('center_axis',(1.87970762572194E-31,0.84282437967452,-0.538188689054556));
#2446=DIRECTION('ref_axis',(-1.,0.,0.));
#2447=DIRECTION('center_axis',(-1.,0.,0.));
#2448=DIRECTION('ref_axis',(0.,-0.538188689054556,-0.842824379674519));
#2449=DIRECTION('',(0.,0.538188689054556,0.842824379674519));
#2450=DIRECTION('',(0.,-0.842824379674519,0.538188689054556));
#2451=DIRECTION('',(0.,-0.842824379674519,0.538188689054556));
#2452=DIRECTION('center_axis',(-1.,0.,0.));
#2453=DIRECTION('ref_axis',(0.,-0.538188689054556,-0.842824379674519));
#2454=DIRECTION('',(0.,0.538188689054556,0.842824379674519));
#2455=DIRECTION('',(0.,-0.842824379674519,0.538188689054556));
#2456=DIRECTION('',(0.,-0.842824379674519,0.538188689054556));
#2457=DIRECTION('center_axis',(-2.2990052930329E-46,-0.538188689054556,
-0.842824379674519));
#2458=DIRECTION('ref_axis',(1.,-1.58426341361856E-31,1.01163738289314E-31));
#2459=DIRECTION('',(-1.,1.58426341361856E-31,-1.01163738289314E-31));
#2460=DIRECTION('',(0.,-0.842824379674519,0.538188689054556));
#2461=DIRECTION('center_axis',(1.,0.,0.));
#2462=DIRECTION('ref_axis',(0.,0.538188689054556,0.842824379674519));
#2463=DIRECTION('',(0.,-0.538188689054556,-0.842824379674519));
#2464=DIRECTION('',(0.,-0.842824379674519,0.538188689054556));
#2465=DIRECTION('center_axis',(2.2990052930329E-46,0.538188689054556,0.842824379674519));
#2466=DIRECTION('ref_axis',(-1.,1.58426341361856E-31,-1.01163738289314E-31));
#2467=DIRECTION('',(1.,-1.58426341361856E-31,1.01163738289314E-31));
#2468=DIRECTION('',(0.,-0.842824379674519,0.538188689054556));
#2469=DIRECTION('center_axis',(-2.34061204835351E-32,0.538188689054556,
0.842824379674519));
#2470=DIRECTION('ref_axis',(-1.,1.45829432062969E-31,-1.20890987266437E-31));
#2471=DIRECTION('',(1.,-1.45829432062969E-31,1.20890987266437E-31));
#2472=DIRECTION('',(0.,-0.842824379674519,0.538188689054556));
#2473=DIRECTION('center_axis',(1.,0.,0.));
#2474=DIRECTION('ref_axis',(0.,-0.139173100960065,-0.99026806874157));
#2475=DIRECTION('',(0.,1.,2.63830095409984E-17));
#2476=DIRECTION('center_axis',(1.,0.,0.));
#2477=DIRECTION('ref_axis',(0.,6.83214169000097E-16,-1.));
#2478=DIRECTION('',(0.,0.550406514324271,0.834896801400872));
#2479=DIRECTION('',(0.,0.842824379674519,-0.538188689054556));
#2480=DIRECTION('',(0.,-0.838670567945424,0.544639035015027));
#2481=DIRECTION('',(0.,-0.544639035015026,-0.838670567945425));
#2482=DIRECTION('center_axis',(1.,0.,0.));
#2483=DIRECTION('ref_axis',(0.,0.,-1.));
#2484=DIRECTION('',(0.,-1.,-1.86002920197408E-16));
#2485=DIRECTION('',(0.,-0.707106781186349,-0.707106781186746));
#2486=DIRECTION('',(0.,-1.,0.));
#2487=DIRECTION('',(0.,0.,1.));
#2488=DIRECTION('',(0.,-1.,0.));
#2489=DIRECTION('center_axis',(0.,-0.544639035015027,-0.838670567945424));
#2490=DIRECTION('ref_axis',(0.,-0.838670567945424,0.544639035015027));
#2491=DIRECTION('',(0.,0.838670567945424,-0.544639035015027));
#2492=DIRECTION('',(-1.,0.,0.));
#2493=DIRECTION('center_axis',(0.,-0.838670567945425,0.544639035015026));
#2494=DIRECTION('ref_axis',(0.,0.544639035015026,0.838670567945425));
#2495=DIRECTION('',(0.,0.544639035015026,0.838670567945425));
#2496=DIRECTION('',(-1.,0.,0.));
#2497=DIRECTION('center_axis',(-1.,0.,0.));
#2498=DIRECTION('ref_axis',(0.,0.139173100960065,0.99026806874157));
#2499=DIRECTION('',(0.,-1.,0.));
#2500=DIRECTION('',(0.,0.,-1.));
#2501=DIRECTION('',(0.,1.,0.));
#2502=DIRECTION('',(0.,0.707106781186349,0.707106781186746));
#2503=DIRECTION('',(0.,1.,1.86002920197408E-16));
#2504=DIRECTION('center_axis',(1.,0.,0.));
#2505=DIRECTION('ref_axis',(0.,0.,-1.));
#2506=DIRECTION('',(0.,0.842824379674519,-0.538188689054556));
#2507=DIRECTION('',(0.,-0.550406514324271,-0.834896801400872));
#2508=DIRECTION('center_axis',(-1.,0.,0.));
#2509=DIRECTION('ref_axis',(0.,6.83214169000097E-16,-1.));
#2510=DIRECTION('',(0.,-1.,-2.63830095409984E-17));
#2511=DIRECTION('center_axis',(0.,-0.707106781186746,0.707106781186349));
#2512=DIRECTION('ref_axis',(0.,0.707106781186349,0.707106781186746));
#2513=DIRECTION('',(-1.,0.,0.));
#2514=DIRECTION('',(-1.,0.,0.));
#2515=DIRECTION('center_axis',(0.,0.,1.));
#2516=DIRECTION('ref_axis',(0.,1.,0.));
#2517=DIRECTION('center_axis',(0.,2.63830095409984E-17,-1.));
#2518=DIRECTION('ref_axis',(0.,-1.,-2.63830095409984E-17));
#2519=DIRECTION('',(-1.,0.,0.));
#2520=DIRECTION('center_axis',(-1.,0.,0.));
#2521=DIRECTION('ref_axis',(0.,6.83214169000097E-16,-1.));
#2522=DIRECTION('',(-1.,0.,0.));
#2523=DIRECTION('center_axis',(0.,0.834896801400872,-0.550406514324271));
#2524=DIRECTION('ref_axis',(0.,-0.550406514324271,-0.834896801400872));
#2525=DIRECTION('',(-1.,-1.30376277006897E-15,-1.97764259358825E-15));
#2526=DIRECTION('center_axis',(-1.,0.,0.));
#2527=DIRECTION('ref_axis',(0.,0.,-1.));
#2528=DIRECTION('',(-1.,0.,0.));
#2529=DIRECTION('center_axis',(0.,-1.86002920197408E-16,1.));
#2530=DIRECTION('ref_axis',(0.,1.,1.86002920197408E-16));
#2531=DIRECTION('center_axis',(-2.36847576822048E-15,0.538188689054556,
0.84282437967452));
#2532=DIRECTION('ref_axis',(-1.,-1.27468686875606E-15,-1.99620912012456E-15));
#2533=DIRECTION('',(0.,-0.842824379674519,0.538188689054556));
#2534=DIRECTION('',(-1.,-1.27468686875606E-15,-1.99620912012456E-15));
#2535=DIRECTION('',(-3.27592979820491E-29,0.842824379674519,-0.538188689054556));
#2536=DIRECTION('center_axis',(0.,0.84282437967452,-0.538188689054556));
#2537=DIRECTION('ref_axis',(0.707106781186548,-0.380556871588376,-0.595966834217197));
#2538=DIRECTION('center_axis',(-2.82701857022613E-19,-0.842824379674519,
0.538188689054556));
#2539=DIRECTION('ref_axis',(0.707106781186548,-0.380556871588376,-0.595966834217197));
#2540=DIRECTION('',(0.,-0.842824379674519,0.538188689054556));
#2541=DIRECTION('center_axis',(0.,-0.842824379674519,0.538188689054556));
#2542=DIRECTION('ref_axis',(0.707106781186548,-0.380556871588376,-0.595966834217197));
#2543=DIRECTION('',(0.,0.842824379674519,-0.538188689054556));
#2544=DIRECTION('center_axis',(2.82701857022613E-19,0.842824379674519,-0.538188689054556));
#2545=DIRECTION('ref_axis',(-1.,2.38268017277918E-19,-1.52146941824289E-19));
#2546=DIRECTION('',(-1.,2.12322764979825E-16,-3.55123663398745E-16));
#2547=DIRECTION('center_axis',(-2.82701857022613E-19,-0.842824379674519,
0.538188689054556));
#2548=DIRECTION('ref_axis',(-0.707106781186548,-0.380556871588373,-0.595966834217199));
#2549=DIRECTION('',(7.33377412043939E-16,0.538188689054556,0.842824379674519));
#2550=DIRECTION('center_axis',(-2.82701857022613E-19,-0.842824379674519,
0.538188689054556));
#2551=DIRECTION('ref_axis',(-0.707106781186547,0.380556871588375,0.595966834217199));
#2552=DIRECTION('',(1.,-2.38268017277918E-19,1.52146941824288E-19));
#2553=DIRECTION('center_axis',(-2.82701857022613E-19,-0.842824379674519,
0.538188689054556));
#2554=DIRECTION('ref_axis',(0.707106781186547,0.380556871588375,0.595966834217199));
#2555=DIRECTION('',(0.,-0.538188689054556,-0.842824379674519));
#2556=DIRECTION('center_axis',(2.82701857022613E-19,0.842824379674519,-0.538188689054556));
#2557=DIRECTION('ref_axis',(0.347483138671864,0.504652123559001,0.790304816210897));
#2558=DIRECTION('',(7.17243095768355E-16,-0.538188689054559,-0.842824379674518));
#2559=DIRECTION('center_axis',(2.07075987620516E-30,-0.538188689054556,
-0.84282437967452));
#2560=DIRECTION('ref_axis',(-1.,4.11688005971015E-14,-2.62884930213562E-14));
#2561=DIRECTION('',(1.,1.11445954312163E-30,1.7452869081175E-30));
#2562=DIRECTION('',(0.,-0.842824379674519,0.538188689054556));
#2563=DIRECTION('center_axis',(0.,0.84282437967452,-0.538188689054556));
#2564=DIRECTION('ref_axis',(0.707106781186547,0.380556871588375,0.595966834217199));
#2565=DIRECTION('',(0.,-0.842824379674519,0.538188689054556));
#2566=DIRECTION('center_axis',(0.,-0.842824379674519,0.538188689054556));
#2567=DIRECTION('ref_axis',(0.707106781186547,0.380556871588375,0.595966834217199));
#2568=DIRECTION('',(0.,0.842824379674519,-0.538188689054556));
#2569=DIRECTION('center_axis',(1.,0.,0.));
#2570=DIRECTION('ref_axis',(0.,-0.538188689054556,-0.842824379674519));
#2571=DIRECTION('',(0.,0.538188689054556,0.842824379674519));
#2572=DIRECTION('',(0.,0.842824379674519,-0.538188689054556));
#2573=DIRECTION('center_axis',(0.,0.84282437967452,-0.538188689054556));
#2574=DIRECTION('ref_axis',(-0.707106781186548,-0.380556871588373,-0.595966834217199));
#2575=DIRECTION('center_axis',(0.,-0.842824379674519,0.538188689054556));
#2576=DIRECTION('ref_axis',(-0.707106781186548,-0.380556871588373,-0.595966834217199));
#2577=DIRECTION('',(0.,0.842824379674519,-0.538188689054556));
#2578=DIRECTION('center_axis',(-1.,0.,0.));
#2579=DIRECTION('ref_axis',(0.,0.538188689054477,0.84282437967457));
#2580=DIRECTION('',(0.,-0.538188689054556,-0.842824379674519));
#2581=DIRECTION('',(0.,-0.842824379674519,0.538188689054556));
#2582=DIRECTION('center_axis',(0.,0.84282437967452,-0.538188689054556));
#2583=DIRECTION('ref_axis',(-0.707106781186547,0.380556871588375,0.595966834217199));
#2584=DIRECTION('center_axis',(0.,-0.842824379674519,0.538188689054556));
#2585=DIRECTION('ref_axis',(-0.707106781186547,0.380556871588375,0.595966834217199));
#2586=DIRECTION('',(0.,0.842824379674519,-0.538188689054556));
#2587=DIRECTION('center_axis',(0.,0.538188689054556,0.84282437967452));
#2588=DIRECTION('ref_axis',(1.,0.,0.));
#2589=DIRECTION('',(-1.,0.,0.));
#2590=DIRECTION('center_axis',(0.,-0.84282437967452,0.538188689054555));
#2591=DIRECTION('ref_axis',(-1.,0.,0.));
#2592=DIRECTION('',(1.,0.,0.));
#2593=DIRECTION('',(0.,-0.538188689054556,-0.842824379674519));
#2594=DIRECTION('',(-1.,1.58426341361856E-31,-1.01163738289314E-31));
#2595=DIRECTION('',(0.,-0.538188689054555,-0.84282437967452));
#2596=DIRECTION('center_axis',(0.,0.538188689054555,0.84282437967452));
#2597=DIRECTION('ref_axis',(1.,0.,0.));
#2598=DIRECTION('',(1.,-1.58426341361856E-31,1.01163738289314E-31));
#2599=DIRECTION('',(0.,-0.842824379674519,0.538188689054557));
#2600=DIRECTION('',(-1.,7.92687056501373E-19,-5.0617331208874E-19));
#2601=DIRECTION('',(0.,-0.84282437967452,0.538188689054555));
#2602=DIRECTION('center_axis',(1.,1.27468687825325E-15,1.99620913499746E-15));
#2603=DIRECTION('ref_axis',(0.,0.842824379674512,-0.538188689054568));
#2604=DIRECTION('',(0.,-0.84282437967452,0.538188689054555));
#2605=DIRECTION('',(2.368475785867E-15,-0.538188689054556,-0.842824379674519));
#2606=DIRECTION('',(-3.25713272194769E-29,0.842824379674519,-0.538188689054556));
#2607=DIRECTION('center_axis',(3.25713272194769E-29,-0.842824379674519,
0.538188689054556));
#2608=DIRECTION('ref_axis',(0.707106781186546,0.380556871588375,0.595966834217199));
#2609=DIRECTION('center_axis',(0.,-0.842824379674519,0.538188689054556));
#2610=DIRECTION('ref_axis',(0.997905494489539,0.0348147106754503,0.0545211884332434));
#2611=DIRECTION('',(3.25713272194769E-29,-0.842824379674519,0.538188689054556));
#2612=DIRECTION('center_axis',(0.,0.638208432870132,0.769863621827562));
#2613=DIRECTION('ref_axis',(2.0872192862953E-15,-0.769863621827562,0.638208432870132));
#2614=DIRECTION('center_axis',(0.,-0.638208432870132,-0.769863621827562));
#2615=DIRECTION('ref_axis',(8.40057464551384E-15,-0.769863621827562,0.638208432870132));
#2616=DIRECTION('',(-2.0872192862953E-15,0.769863621827562,-0.638208432870132));
#2617=DIRECTION('center_axis',(-1.,-1.60687419929563E-15,1.33208094976284E-15));
#2618=DIRECTION('ref_axis',(-3.45332379448109E-32,0.638208432870136,0.769863621827558));
#2619=DIRECTION('center_axis',(1.,1.60687419929563E-15,-1.33208094976284E-15));
#2620=DIRECTION('ref_axis',(0.,-0.215409962628824,0.976523705805573));
#2621=DIRECTION('center_axis',(0.,-0.538188689054555,-0.84282437967452));
#2622=DIRECTION('ref_axis',(-1.,0.,0.));
#2623=DIRECTION('',(-1.,1.58426341361856E-31,-1.01163738289314E-31));
#2624=DIRECTION('',(0.,-0.842824379674519,0.538188689054557));
#2625=DIRECTION('',(1.,0.,0.));
#2626=DIRECTION('',(0.,-0.842824379674519,0.538188689054557));
#2627=DIRECTION('center_axis',(-1.,0.,0.));
#2628=DIRECTION('ref_axis',(0.,0.544639035015027,0.838670567945424));
#2629=DIRECTION('',(0.,0.538188689054556,0.842824379674519));
#2630=DIRECTION('',(0.,-0.538188689054556,-0.842824379674519));
#2631=DIRECTION('center_axis',(1.,-1.58426341361856E-31,1.01163738289314E-31));
#2632=DIRECTION('ref_axis',(0.,-0.215409962628824,0.976523705805573));
#2633=DIRECTION('center_axis',(-0.707106781186548,-0.380556871588374,-0.595966834217198));
#2634=DIRECTION('ref_axis',(-0.707106781186547,0.380556871588375,0.595966834217198));
#2635=DIRECTION('center_axis',(-0.707106781186408,0.380556871588185,0.595966834217485));
#2636=DIRECTION('ref_axis',(0.707106781186687,0.380556871588565,0.595966834216911));
#2637=DIRECTION('center_axis',(0.,-0.538188689054556,-0.842824379674519));
#2638=DIRECTION('ref_axis',(0.707106781186546,-0.5959668342172,0.380556871588375));
#2639=DIRECTION('center_axis',(0.707106781186543,0.380556871588377,0.595966834217202));
#2640=DIRECTION('ref_axis',(0.707106781186552,-0.380556871588372,-0.595966834217195));
#2641=DIRECTION('center_axis',(-1.,1.58426341361856E-31,-1.01163738289314E-31));
#2642=DIRECTION('ref_axis',(0.,-0.976523705805573,-0.215409962628824));
#2643=DIRECTION('center_axis',(-0.707106781186546,0.380556871588375,0.5959668342172));
#2644=DIRECTION('ref_axis',(-0.707106781186549,-0.380556871588374,-0.595966834217197));
#2645=DIRECTION('center_axis',(-1.87970762572194E-31,-0.842824379674519,
0.538188689054556));
#2646=DIRECTION('ref_axis',(-0.707106781186549,0.380556871588376,0.595966834217196));
#2647=DIRECTION('',(0.,0.84282437967452,-0.538188689054555));
#2648=DIRECTION('center_axis',(0.,0.842824379674519,-0.538188689054556));
#2649=DIRECTION('ref_axis',(-0.707106781186549,0.380556871588376,0.595966834217196));
#2650=DIRECTION('',(0.,-0.842824379674519,0.538188689054556));
#2651=DIRECTION('center_axis',(-1.,-1.27468687825322E-15,-1.99620913499747E-15));
#2652=DIRECTION('ref_axis',(0.,-0.842824379674519,0.538188689054556));
#2653=DIRECTION('',(-2.368475785867E-15,0.538188689054556,0.842824379674519));
#2654=DIRECTION('',(0.,0.84282437967452,-0.538188689054555));
#2655=DIRECTION('center_axis',(0.,-0.84282437967452,0.538188689054556));
#2656=DIRECTION('ref_axis',(-0.707106781186546,-0.380556871588375,-0.595966834217199));
#2657=DIRECTION('center_axis',(0.,0.842824379674519,-0.538188689054556));
#2658=DIRECTION('ref_axis',(-0.707106781186546,-0.380556871588375,-0.5959668342172));
#2659=DIRECTION('center_axis',(3.27592979820491E-29,-0.84282437967452,0.538188689054556));
#2660=DIRECTION('ref_axis',(0.707106781186549,-0.380556871588374,-0.595966834217197));
#2661=DIRECTION('center_axis',(0.,0.842824379674519,-0.538188689054556));
#2662=DIRECTION('ref_axis',(0.707106781186549,-0.380556871588374,-0.595966834217197));
#2663=DIRECTION('center_axis',(-2.368475785867E-15,0.538188689054556,0.842824379674519));
#2664=DIRECTION('ref_axis',(1.,1.2900023319588E-15,1.98642939422246E-15));
#2665=DIRECTION('',(1.,1.27468687825322E-15,1.99620913499747E-15));
#2666=DIRECTION('center_axis',(1.,0.,0.));
#2667=DIRECTION('ref_axis',(0.,-0.544639035015027,-0.838670567945424));
#2668=DIRECTION('',(0.,-0.538188689054556,-0.842824379674519));
#2669=DIRECTION('',(0.,0.538188689054556,0.842824379674519));
#2670=DIRECTION('',(-9.01501095995627E-15,0.842824379674517,-0.53818868905456));
#2671=DIRECTION('center_axis',(0.,-0.842824379674519,0.538188689054556));
#2672=DIRECTION('ref_axis',(-1.,0.,0.));
#2673=DIRECTION('center_axis',(0.,0.842824379674519,-0.538188689054556));
#2674=DIRECTION('ref_axis',(-1.,0.,0.));
#2675=DIRECTION('',(0.,-0.842824379674519,0.538188689054556));
#2676=DIRECTION('center_axis',(0.,-0.842824379674519,0.538188689054556));
#2677=DIRECTION('ref_axis',(-1.,0.,0.));
#2678=DIRECTION('center_axis',(0.,0.842824379674519,-0.538188689054556));
#2679=DIRECTION('ref_axis',(-1.,0.,0.));
#2680=DIRECTION('',(0.,-0.842824379674519,0.538188689054556));
#2681=DIRECTION('center_axis',(0.,0.842824379674519,-0.538188689054556));
#2682=DIRECTION('ref_axis',(-1.,0.,0.));
#2683=DIRECTION('center_axis',(0.,0.842824379674519,-0.538188689054556));
#2684=DIRECTION('ref_axis',(-1.,0.,0.));
#2685=DIRECTION('center_axis',(0.,0.842824379674519,-0.538188689054556));
#2686=DIRECTION('ref_axis',(-1.,0.,0.));
#2687=DIRECTION('center_axis',(0.,0.842824379674519,-0.538188689054556));
#2688=DIRECTION('ref_axis',(-1.,0.,0.));
#2689=DIRECTION('center_axis',(0.,0.842824379674519,-0.538188689054556));
#2690=DIRECTION('ref_axis',(-1.,0.,0.));
#2691=DIRECTION('center_axis',(0.,0.842824379674519,-0.538188689054556));
#2692=DIRECTION('ref_axis',(-1.,0.,0.));
#2693=DIRECTION('center_axis',(1.,0.,0.));
#2694=DIRECTION('ref_axis',(0.,-0.544639035015027,-0.838670567945424));
#2695=DIRECTION('',(-9.01501095995627E-15,0.842824379674517,-0.53818868905456));
#2696=DIRECTION('',(0.,0.538188689054556,0.842824379674519));
#2697=DIRECTION('',(0.,-0.538188689054556,-0.842824379674519));
#2698=DIRECTION('center_axis',(2.82701857022613E-19,0.842824379674519,-0.538188689054556));
#2699=DIRECTION('ref_axis',(-1.,2.38268017277918E-19,-1.52146941824289E-19));
#2700=DIRECTION('center_axis',(2.82701857022613E-19,0.842824379674519,-0.538188689054556));
#2701=DIRECTION('ref_axis',(0.939120135249584,-0.184915690495308,-0.289585149787497));
#2702=DIRECTION('center_axis',(-2.82701857022613E-19,-0.842824379674519,
0.538188689054556));
#2703=DIRECTION('ref_axis',(0.939120135249584,-0.184915690495308,-0.289585149787497));
#2704=DIRECTION('',(0.,0.538188689054556,0.842824379674519));
#2705=DIRECTION('center_axis',(0.,0.538188689054556,0.842824379674519));
#2706=DIRECTION('ref_axis',(-0.707106781186546,-0.5959668342172,0.380556871588375));
#2707=DIRECTION('center_axis',(0.,0.538188689054556,0.842824379674519));
#2708=DIRECTION('ref_axis',(-0.707106781186546,-0.5959668342172,0.380556871588375));
#2709=DIRECTION('center_axis',(-9.01501095995627E-15,0.842824379674517,
-0.53818868905456));
#2710=DIRECTION('ref_axis',(0.939120135249584,-0.184915690495308,-0.289585149787497));
#2711=DIRECTION('center_axis',(0.,0.838670567945424,-0.544639035015027));
#2712=DIRECTION('ref_axis',(2.12801998062119E-12,-0.544639035015027,-0.838670567945424));
#2713=DIRECTION('',(0.,0.84282437967452,-0.538188689054555));
#2714=DIRECTION('',(0.,0.84282437967452,-0.538188689054555));
#2715=DIRECTION('center_axis',(0.,0.838670567945424,-0.544639035015027));
#2716=DIRECTION('ref_axis',(2.12801998062119E-12,-0.544639035015027,-0.838670567945424));
#2717=DIRECTION('center_axis',(0.,-0.838670567945424,0.544639035015027));
#2718=DIRECTION('ref_axis',(2.12801998062119E-12,-0.544639035015027,-0.838670567945424));
#2719=DIRECTION('center_axis',(0.,-0.842824379674519,0.538188689054556));
#2720=DIRECTION('ref_axis',(-1.,0.,0.));
#2721=DIRECTION('',(0.,-0.842824379674519,0.538188689054556));
#2722=DIRECTION('center_axis',(0.,-0.842824379674519,0.538188689054556));
#2723=DIRECTION('ref_axis',(-1.,0.,0.));
#2724=DIRECTION('',(0.,-0.842824379674519,0.538188689054556));
#2725=DIRECTION('center_axis',(1.,0.,0.));
#2726=DIRECTION('ref_axis',(0.,-0.538188689054556,-0.842824379674519));
#2727=DIRECTION('',(0.,0.544639035015027,0.838670567945424));
#2728=DIRECTION('center_axis',(0.,-0.838670567945424,0.544639035015027));
#2729=DIRECTION('ref_axis',(0.,-0.544639035015027,-0.838670567945424));
#2730=DIRECTION('center_axis',(0.,0.84282437967452,-0.538188689054556));
#2731=DIRECTION('ref_axis',(0.347483138671865,0.504652123559002,0.790304816210897));
#2732=DIRECTION('center_axis',(0.,-0.842824379674519,0.538188689054556));
#2733=DIRECTION('ref_axis',(0.347483138671865,0.504652123559002,0.790304816210897));
#2734=DIRECTION('',(0.,-0.842824379674519,0.538188689054556));
#2735=DIRECTION('center_axis',(0.,-0.838670567945424,0.544639035015027));
#2736=DIRECTION('ref_axis',(-5.41419781623795E-13,0.544639035015027,0.838670567945424));
#2737=DIRECTION('center_axis',(0.,0.838670567945424,-0.544639035015027));
#2738=DIRECTION('ref_axis',(-5.41419781623795E-13,0.544639035015027,0.838670567945424));
#2739=DIRECTION('center_axis',(0.,0.842824379674519,-0.538188689054556));
#2740=DIRECTION('ref_axis',(-1.,0.,0.));
#2741=DIRECTION('',(0.,0.538188689054556,0.842824379674519));
#2742=DIRECTION('center_axis',(1.,0.,0.));
#2743=DIRECTION('ref_axis',(0.,-0.538188689054556,-0.842824379674519));
#2744=DIRECTION('center_axis',(0.,0.838670567945424,-0.544639035015027));
#2745=DIRECTION('ref_axis',(0.,-0.544639035015027,-0.838670567945424));
#2746=DIRECTION('',(-1.,0.,0.));
#2747=DIRECTION('',(-1.,0.,0.));
#2748=DIRECTION('center_axis',(0.,0.544639035015027,0.838670567945424));
#2749=DIRECTION('ref_axis',(0.,0.838670567945424,-0.544639035015027));
#2750=DIRECTION('',(-1.,0.,0.));
#2751=DIRECTION('center_axis',(0.,-0.838670567945424,0.544639035015027));
#2752=DIRECTION('ref_axis',(0.,0.544639035015027,0.838670567945424));
#2753=DIRECTION('',(-1.,0.,0.));
#2754=DIRECTION('center_axis',(0.,-0.544639035015027,-0.838670567945424));
#2755=DIRECTION('ref_axis',(0.,-0.838670567945424,0.544639035015027));
#2756=DIRECTION('center_axis',(0.,0.,1.));
#2757=DIRECTION('ref_axis',(-1.,0.,0.));
#2758=DIRECTION('',(0.,0.,-1.));
#2759=DIRECTION('center_axis',(0.,0.,1.));
#2760=DIRECTION('ref_axis',(-1.,0.,0.));
#2761=DIRECTION('',(0.,0.,-1.));
#2762=DIRECTION('center_axis',(0.,0.,1.));
#2763=DIRECTION('ref_axis',(-1.,0.,0.));
#2764=DIRECTION('',(0.,0.,-1.));
#2765=DIRECTION('center_axis',(0.,0.,1.));
#2766=DIRECTION('ref_axis',(-1.,0.,0.));
#2767=DIRECTION('',(0.,0.,-1.));
#2768=DIRECTION('center_axis',(0.,0.,1.));
#2769=DIRECTION('ref_axis',(-1.,0.,0.));
#2770=DIRECTION('',(1.,0.,0.));
#2771=DIRECTION('center_axis',(0.,0.,1.));
#2772=DIRECTION('ref_axis',(-1.,0.,0.));
#2773=DIRECTION('',(1.,0.,0.));
#2774=DIRECTION('center_axis',(0.,-1.,-3.17296278326189E-16));
#2775=DIRECTION('ref_axis',(0.,3.17296278326189E-16,-1.));
#2776=DIRECTION('',(-1.,0.,0.));
#2777=DIRECTION('',(-1.,0.,0.));
#2778=DIRECTION('center_axis',(0.,-0.707106781186547,-0.707106781186548));
#2779=DIRECTION('ref_axis',(0.,-0.707106781186548,0.707106781186547));
#2780=DIRECTION('',(-1.,0.,0.));
#2781=DIRECTION('center_axis',(0.,-0.707106781186548,0.707106781186547));
#2782=DIRECTION('ref_axis',(0.,0.707106781186547,0.707106781186548));
#2783=DIRECTION('',(-1.,0.,0.));
#2784=DIRECTION('center_axis',(0.,-1.,0.));
#2785=DIRECTION('ref_axis',(0.,0.,1.));
#2786=CARTESIAN_POINT('',(0.,0.,0.));
#2787=CARTESIAN_POINT('Origin',(0.,-10.,0.));
#2788=CARTESIAN_POINT('',(-1.5,-10.,1.455));
#2789=CARTESIAN_POINT('Origin',(0.,-10.,1.455));
#2790=CARTESIAN_POINT('',(-1.5,-10.,3.5));
#2791=CARTESIAN_POINT('',(-1.5,-10.,0.));
#2792=CARTESIAN_POINT('Origin',(0.,-10.,3.5));
#2793=CARTESIAN_POINT('Origin',(-6.66133814775094E-15,-10.,1.455));
#2794=CARTESIAN_POINT('',(-5.43020708024013,-18.6958008198464,1.455));
#2795=CARTESIAN_POINT('',(-2.98499989941716,-17.5,1.455));
#2796=CARTESIAN_POINT('Origin',(-4.49999989941716,-17.5,1.455));
#2797=CARTESIAN_POINT('',(-5.6954305427116,-16.5693171447412,1.455));
#2798=CARTESIAN_POINT('Origin',(-4.49999989941716,-17.5,1.455));
#2799=CARTESIAN_POINT('',(-5.69543055809227,-3.43068300195098,1.455));
#2800=CARTESIAN_POINT('Origin',(-6.66133814775094E-15,-10.,1.455));
#2801=CARTESIAN_POINT('',(-2.985,-2.5000000372529,1.455));
#2802=CARTESIAN_POINT('Origin',(-4.5,-2.5000000372529,1.455));
#2803=CARTESIAN_POINT('',(-5.43020707351133,-1.30419913392932,1.455));
#2804=CARTESIAN_POINT('Origin',(-4.5,-2.5000000372529,1.455));
#2805=CARTESIAN_POINT('',(5.43020705883322,-1.30419903309651,1.455));
#2806=CARTESIAN_POINT('Origin',(-6.66133814775094E-15,-10.,1.455));
#2807=CARTESIAN_POINT('',(5.69543056260877,-3.43068304502693,1.455));
#2808=CARTESIAN_POINT('Origin',(4.50000006705523,-2.5,1.455));
#2809=CARTESIAN_POINT('',(5.69543053055337,-16.5693172606995,1.455));
#2810=CARTESIAN_POINT('Origin',(-6.66133814775094E-15,-10.,1.455));
#2811=CARTESIAN_POINT('',(5.43020702458861,-18.6958012021506,1.455));
#2812=CARTESIAN_POINT('Origin',(4.5,-17.5000002607703,1.455));
#2813=CARTESIAN_POINT('Origin',(-6.66133814775094E-15,-10.,1.455));
#2814=CARTESIAN_POINT('',(-1.40000000000001,-23.,1.455));
#2815=CARTESIAN_POINT('Origin',(-6.66133814775094E-15,-23.,1.455));
#2816=CARTESIAN_POINT('',(-1.40000000000001,-17.,1.455));
#2817=CARTESIAN_POINT('Origin',(-6.66133814775094E-15,-17.,1.455));
#2818=CARTESIAN_POINT('',(-1.40000000000001,2.04899549736968E-15,1.455));
#2819=CARTESIAN_POINT('Origin',(-6.66133814775094E-15,2.22044604925031E-15,
1.455));
#2820=CARTESIAN_POINT('',(-1.40000000000001,-3.,1.455));
#2821=CARTESIAN_POINT('Origin',(-6.66133814775094E-15,-3.,1.455));
#2822=CARTESIAN_POINT('',(-1.40000000000001,3.,1.455));
#2823=CARTESIAN_POINT('Origin',(-6.66133814775094E-15,3.,1.455));
#2824=CARTESIAN_POINT('',(-1.40000000000001,-20.,1.455));
#2825=CARTESIAN_POINT('Origin',(-6.66133814775094E-15,-20.,1.455));
#2826=CARTESIAN_POINT('Ctrl Pts',(5.69543053055337,-16.5693172606995,-2.545));
#2827=CARTESIAN_POINT('Ctrl Pts',(6.38422322994127,-10.0000001713501,-2.545));
#2828=CARTESIAN_POINT('Ctrl Pts',(5.69543056260877,-3.43068304502693,-2.545));
#2829=CARTESIAN_POINT('Ctrl Pts',(5.69543053055337,-16.5693172606995,1.455));
#2830=CARTESIAN_POINT('Ctrl Pts',(6.38422322994127,-10.0000001713501,1.455));
#2831=CARTESIAN_POINT('Ctrl Pts',(5.69543056260877,-3.43068304502693,1.455));
#2832=CARTESIAN_POINT('',(5.69543056260877,-3.43068304502693,-2.545));
#2833=CARTESIAN_POINT('',(5.69543056260877,-3.43068304502693,7.));
#2834=CARTESIAN_POINT('',(5.69543053055337,-16.5693172606995,-2.545));
#2835=CARTESIAN_POINT('Origin',(-6.66133814775094E-15,-10.,-2.545));
#2836=CARTESIAN_POINT('',(5.69543053055337,-16.5693172606995,7.));
#2837=CARTESIAN_POINT('Ctrl Pts',(5.43020705883322,-1.30419903309652,-2.545));
#2838=CARTESIAN_POINT('Ctrl Pts',(3.78467013885212,10.0000000351385,-2.545));
#2839=CARTESIAN_POINT('Ctrl Pts',(-1.68795272635387E-8,10.,-2.545));
#2840=CARTESIAN_POINT('Ctrl Pts',(-3.78467017261117,9.99999996486147,-2.545));
#2841=CARTESIAN_POINT('Ctrl Pts',(-5.43020707351133,-1.30419913392932,-2.545));
#2842=CARTESIAN_POINT('Ctrl Pts',(5.43020705883322,-1.30419903309652,1.455));
#2843=CARTESIAN_POINT('Ctrl Pts',(3.78467013885212,10.0000000351385,1.455));
#2844=CARTESIAN_POINT('Ctrl Pts',(-1.68795272635387E-8,10.,1.455));
#2845=CARTESIAN_POINT('Ctrl Pts',(-3.78467017261117,9.99999996486147,1.455));
#2846=CARTESIAN_POINT('Ctrl Pts',(-5.43020707351133,-1.30419913392932,1.455));
#2847=CARTESIAN_POINT('',(-5.43020707351133,-1.30419913392932,-2.545));
#2848=CARTESIAN_POINT('',(-5.43020707351133,-1.30419913392932,7.));
#2849=CARTESIAN_POINT('',(5.43020705883322,-1.3041990330965,-2.545));
#2850=CARTESIAN_POINT('Origin',(-6.66133814775094E-15,-10.,-2.545));
#2851=CARTESIAN_POINT('',(5.43020705883322,-1.3041990330965,7.));
#2852=CARTESIAN_POINT('Origin',(-9.00000000000376,-21.999999999995,8.5));
#2853=CARTESIAN_POINT('',(-9.00000000000376,-21.999999999995,8.5));
#2854=CARTESIAN_POINT('',(-9.00000000000376,2.000000000005,8.5));
#2855=CARTESIAN_POINT('',(-9.00000000000376,-15.9999999999975,8.5));
#2856=CARTESIAN_POINT('',(-9.00000000000376,-21.999999999995,3.5));
#2857=CARTESIAN_POINT('',(-9.00000000000376,-21.999999999995,8.5));
#2858=CARTESIAN_POINT('',(-9.00000000000376,2.000000000005,3.5));
#2859=CARTESIAN_POINT('',(-9.00000000000376,2.000000000005,3.5));
#2860=CARTESIAN_POINT('',(-9.00000000000376,2.000000000005,8.5));
#2861=CARTESIAN_POINT('Origin',(-0.979795897108177,-21.999999999995,8.5));
#2862=CARTESIAN_POINT('',(-0.979795897108177,-21.999999999995,8.5));
#2863=CARTESIAN_POINT('',(-0.489897948554088,-21.999999999995,8.5));
#2864=CARTESIAN_POINT('',(-0.979795897108177,-21.999999999995,3.5));
#2865=CARTESIAN_POINT('',(-0.979795897108178,-21.999999999995,7.));
#2866=CARTESIAN_POINT('',(-9.00000000000376,-21.999999999995,3.5));
#2867=CARTESIAN_POINT('Origin',(8.99999999999624,-21.999999999995,8.5));
#2868=CARTESIAN_POINT('',(8.99999999999624,-21.999999999995,8.5));
#2869=CARTESIAN_POINT('',(0.979795897108164,-21.999999999995,8.5));
#2870=CARTESIAN_POINT('',(4.49999999999812,-21.999999999995,8.5));
#2871=CARTESIAN_POINT('',(8.99999999999624,-21.999999999995,3.5));
#2872=CARTESIAN_POINT('',(8.99999999999624,-21.999999999995,8.5));
#2873=CARTESIAN_POINT('',(0.979795897108164,-21.999999999995,3.5));
#2874=CARTESIAN_POINT('',(-9.00000000000376,-21.999999999995,3.5));
#2875=CARTESIAN_POINT('',(0.979795897108165,-21.999999999995,7.));
#2876=CARTESIAN_POINT('Origin',(8.99999999999624,2.000000000005,8.5));
#2877=CARTESIAN_POINT('',(8.99999999999624,2.000000000005,8.5));
#2878=CARTESIAN_POINT('',(8.99999999999624,-3.9999999999975,8.5));
#2879=CARTESIAN_POINT('',(8.99999999999624,2.000000000005,3.5));
#2880=CARTESIAN_POINT('',(8.99999999999624,2.000000000005,8.5));
#2881=CARTESIAN_POINT('',(8.99999999999624,-21.999999999995,3.5));
#2882=CARTESIAN_POINT('Origin',(0.979795897118363,2.000000000005,8.5));
#2883=CARTESIAN_POINT('',(0.979795897118363,2.000000000005,8.5));
#2884=CARTESIAN_POINT('',(0.489897948559181,2.000000000005,8.5));
#2885=CARTESIAN_POINT('',(0.979795897118363,2.000000000005,3.5));
#2886=CARTESIAN_POINT('',(0.979795897118363,2.000000000005,7.));
#2887=CARTESIAN_POINT('',(8.99999999999624,2.000000000005,3.5));
#2888=CARTESIAN_POINT('Origin',(-9.00000000000376,2.000000000005,8.5));
#2889=CARTESIAN_POINT('',(-0.979795897118377,2.000000000005,8.5));
#2890=CARTESIAN_POINT('',(-4.50000000000188,2.000000000005,8.5));
#2891=CARTESIAN_POINT('',(-0.979795897118377,2.000000000005,3.5));
#2892=CARTESIAN_POINT('',(8.99999999999624,2.000000000005,3.5));
#2893=CARTESIAN_POINT('',(-0.979795897118377,2.000000000005,7.));
#2894=CARTESIAN_POINT('Origin',(-3.75699471533153E-12,-9.999999999995,3.5));
#2895=CARTESIAN_POINT('Origin',(-6.66133814775094E-15,-23.,3.5));
#2896=CARTESIAN_POINT('Origin',(-6.66133814775094E-15,3.,3.5));
#2897=CARTESIAN_POINT('',(-1.40000000000001,2.04899549736968E-15,3.5));
#2898=CARTESIAN_POINT('Origin',(-6.66133814775094E-15,2.22044604925031E-15,
3.5));
#2899=CARTESIAN_POINT('',(-2.985,-2.5000000372529,3.5));
#2900=CARTESIAN_POINT('Origin',(-4.5,-2.5000000372529,3.5));
#2901=CARTESIAN_POINT('',(-1.40000000000001,-3.,3.5));
#2902=CARTESIAN_POINT('Origin',(-6.66133814775094E-15,-3.,3.5));
#2903=CARTESIAN_POINT('',(6.01500006705523,-2.5,3.5));
#2904=CARTESIAN_POINT('Origin',(4.50000006705523,-2.5,3.5));
#2905=CARTESIAN_POINT('',(-1.40000000000001,-20.,3.5));
#2906=CARTESIAN_POINT('Origin',(-6.66133814775094E-15,-20.,3.5));
#2907=CARTESIAN_POINT('',(-2.98499989941716,-17.5,3.5));
#2908=CARTESIAN_POINT('Origin',(-4.49999989941716,-17.5,3.5));
#2909=CARTESIAN_POINT('',(6.015,-17.5000002607703,3.5));
#2910=CARTESIAN_POINT('Origin',(4.5,-17.5000002607703,3.5));
#2911=CARTESIAN_POINT('',(-1.40000000000001,-17.,3.5));
#2912=CARTESIAN_POINT('Origin',(-6.66133814775094E-15,-17.,3.5));
#2913=CARTESIAN_POINT('Origin',(-6.66133814775094E-15,3.,7.));
#2914=CARTESIAN_POINT('',(-1.40000000000001,3.,8.5));
#2915=CARTESIAN_POINT('Origin',(-6.66133814775094E-15,3.,8.5));
#2916=CARTESIAN_POINT('',(-1.40000000000001,3.,7.));
#2917=CARTESIAN_POINT('Origin',(-6.66133814775094E-15,3.,8.5));
#2918=CARTESIAN_POINT('Ctrl Pts',(-5.69543055809227,-3.43068300195097,-2.545));
#2919=CARTESIAN_POINT('Ctrl Pts',(-6.38422322565835,-10.0000000822164,-2.545));
#2920=CARTESIAN_POINT('Ctrl Pts',(-5.6954305427116,-16.5693171447412,-2.545));
#2921=CARTESIAN_POINT('Ctrl Pts',(-5.69543055809227,-3.43068300195097,1.455));
#2922=CARTESIAN_POINT('Ctrl Pts',(-6.38422322565835,-10.0000000822164,1.455));
#2923=CARTESIAN_POINT('Ctrl Pts',(-5.6954305427116,-16.5693171447412,1.455));
#2924=CARTESIAN_POINT('',(-5.6954305427116,-16.5693171447412,-2.545));
#2925=CARTESIAN_POINT('',(-5.6954305427116,-16.5693171447412,7.));
#2926=CARTESIAN_POINT('',(-5.69543055809227,-3.43068300195098,-2.545));
#2927=CARTESIAN_POINT('Origin',(-6.66133814775094E-15,-10.,-2.545));
#2928=CARTESIAN_POINT('',(-5.69543055809227,-3.43068300195098,7.));
#2929=CARTESIAN_POINT('Ctrl Pts',(-5.43020708024013,-18.6958008198464,-2.545));
#2930=CARTESIAN_POINT('Ctrl Pts',(-3.78467019767594,-29.9999998667735,-2.545));
#2931=CARTESIAN_POINT('Ctrl Pts',(-6.39981374761512E-8,-30.,-2.545));
#2932=CARTESIAN_POINT('Ctrl Pts',(3.78467006967967,-30.0000001332265,-2.545));
#2933=CARTESIAN_POINT('Ctrl Pts',(5.43020702458861,-18.6958012021506,-2.545));
#2934=CARTESIAN_POINT('Ctrl Pts',(-5.43020708024013,-18.6958008198464,1.455));
#2935=CARTESIAN_POINT('Ctrl Pts',(-3.78467019767594,-29.9999998667735,1.455));
#2936=CARTESIAN_POINT('Ctrl Pts',(-6.39981374761512E-8,-30.,1.455));
#2937=CARTESIAN_POINT('Ctrl Pts',(3.78467006967967,-30.0000001332265,1.455));
#2938=CARTESIAN_POINT('Ctrl Pts',(5.43020702458861,-18.6958012021506,1.455));
#2939=CARTESIAN_POINT('',(5.43020702458861,-18.6958012021506,-2.545));
#2940=CARTESIAN_POINT('',(5.43020702458861,-18.6958012021506,7.));
#2941=CARTESIAN_POINT('',(-5.43020708024013,-18.6958008198464,-2.545));
#2942=CARTESIAN_POINT('Origin',(-6.66133814775094E-15,-10.,-2.545));
#2943=CARTESIAN_POINT('',(-5.43020708024013,-18.6958008198464,7.));
#2944=CARTESIAN_POINT('Origin',(14.,14.3880803917238,-2.545));
#2945=CARTESIAN_POINT('',(14.,11.5,-2.54478734141145));
#2946=CARTESIAN_POINT('',(-14.,11.5,-2.54478734141145));
#2947=CARTESIAN_POINT('',(14.,11.5,-2.54478734141145));
#2948=CARTESIAN_POINT('',(14.,6.97056274847714,-2.545));
#2949=CARTESIAN_POINT('',(14.,14.3880803917238,-2.545));
#2950=CARTESIAN_POINT('',(-14.,6.97056274847714,-2.545));
#2951=CARTESIAN_POINT('Origin',(0.,-10.,-2.545));
#2952=CARTESIAN_POINT('',(-14.,14.3880803917238,-2.545));
#2953=CARTESIAN_POINT('',(6.01500006705523,-2.5,-2.545));
#2954=CARTESIAN_POINT('Origin',(4.50000006705523,-2.5,-2.545));
#2955=CARTESIAN_POINT('Origin',(4.50000006705523,-2.5,-2.545));
#2956=CARTESIAN_POINT('Origin',(-4.5,-2.5000000372529,-2.545));
#2957=CARTESIAN_POINT('Origin',(-4.49999989941716,-17.5,-2.545));
#2958=CARTESIAN_POINT('',(6.015,-17.5000002607703,-2.545));
#2959=CARTESIAN_POINT('Origin',(4.5,-17.5000002607703,-2.545));
#2960=CARTESIAN_POINT('Origin',(4.5,-17.5000002607703,-2.545));
#2961=CARTESIAN_POINT('Origin',(-6.66133814775094E-15,-17.,7.));
#2962=CARTESIAN_POINT('',(-1.40000000000001,-17.,7.));
#2963=CARTESIAN_POINT('Origin',(-6.66133814775094E-15,-3.,7.));
#2964=CARTESIAN_POINT('',(-1.40000000000001,-3.,7.));
#2965=CARTESIAN_POINT('Origin',(-6.66133814775094E-15,2.22044604925031E-15,
7.));
#2966=CARTESIAN_POINT('',(-1.40000000000001,2.04899549736968E-15,7.));
#2967=CARTESIAN_POINT('Origin',(-6.66133814775094E-15,-20.,7.));
#2968=CARTESIAN_POINT('',(-1.40000000000001,-20.,7.));
#2969=CARTESIAN_POINT('Origin',(-6.66133814775094E-15,-23.,7.));
#2970=CARTESIAN_POINT('',(-1.40000000000001,-23.,8.5));
#2971=CARTESIAN_POINT('Origin',(-6.66133814775094E-15,-23.,8.5));
#2972=CARTESIAN_POINT('',(-1.40000000000001,-23.,7.));
#2973=CARTESIAN_POINT('Origin',(-6.66133814775094E-15,-23.,8.5));
#2974=CARTESIAN_POINT('Origin',(0.,-10.,8.5));
#2975=CARTESIAN_POINT('',(-12.7072203456579,7.95902422424163,8.50001054757137));
#2976=CARTESIAN_POINT('',(12.7072203456579,7.95902422424162,8.5000210955));
#2977=CARTESIAN_POINT('',(14.,7.95902422424162,8.5000210955));
#2978=CARTESIAN_POINT('',(-13.9029103787362,7.05019304878476,8.5));
#2979=CARTESIAN_POINT('Origin',(0.,-10.,8.5));
#2980=CARTESIAN_POINT('',(13.9029103787362,7.05019304878476,8.5000210955));
#2981=CARTESIAN_POINT('Origin',(0.,-10.,8.5));
#2982=CARTESIAN_POINT('Origin',(0.,-10.,8.5000210955));
#2983=CARTESIAN_POINT('Origin',(14.,11.5,6.9980210955));
#2984=CARTESIAN_POINT('',(14.,11.5,8.4980210955));
#2985=CARTESIAN_POINT('',(-14.,11.5,8.4980210955));
#2986=CARTESIAN_POINT('',(14.,11.5,8.4980210955));
#2987=CARTESIAN_POINT('',(-14.,11.5,8.5000210955));
#2988=CARTESIAN_POINT('',(-14.,11.5,6.9980210955));
#2989=CARTESIAN_POINT('',(14.,11.5,8.5000210955));
#2990=CARTESIAN_POINT('',(7.,11.5,8.5000210955));
#2991=CARTESIAN_POINT('',(14.,11.5,6.9980210955));
#2992=CARTESIAN_POINT('Origin',(0.,13.0501930487848,8.5000210955));
#2993=CARTESIAN_POINT('',(-14.,7.05019304878476,8.5000210955));
#2994=CARTESIAN_POINT('',(-14.,13.0501930487848,8.5000210955));
#2995=CARTESIAN_POINT('',(0.,7.05019304878476,8.5000210955));
#2996=CARTESIAN_POINT('',(14.,7.05019304878476,8.5000210955));
#2997=CARTESIAN_POINT('',(0.,7.05019304878476,8.5000210955));
#2998=CARTESIAN_POINT('',(14.,13.0501930487848,8.5000210955));
#2999=CARTESIAN_POINT('Origin',(0.,-10.,0.));
#3000=CARTESIAN_POINT('',(13.9029103787362,7.05019304878476,6.08918992004314));
#3001=CARTESIAN_POINT('',(13.9029103787362,7.05019304878476,6.9980210955));
#3002=CARTESIAN_POINT('',(-13.9029103787362,7.05019304878476,6.08918992004314));
#3003=CARTESIAN_POINT('',(-13.9029103787362,7.05019304878476,0.));
#3004=CARTESIAN_POINT('',(-14.,6.97056274847714,6.00955961973552));
#3005=CARTESIAN_POINT('Origin',(0.,-10.,-10.9610031287416));
#3006=CARTESIAN_POINT('',(-14.,6.97056274847714,6.00658358394214));
#3007=CARTESIAN_POINT('',(-14.,6.97056274847714,0.));
#3008=CARTESIAN_POINT('',(-13.9029103787362,7.05019304878476,5.92695328363452));
#3009=CARTESIAN_POINT('Origin',(0.,-10.,22.9771463324193));
#3010=CARTESIAN_POINT('',(-13.9029103787362,7.05019304878476,4.));
#3011=CARTESIAN_POINT('',(-13.9029103787362,7.05019304878476,0.));
#3012=CARTESIAN_POINT('',(-14.,6.97056274847714,4.));
#3013=CARTESIAN_POINT('Origin',(0.,-10.,4.));
#3014=CARTESIAN_POINT('',(-14.,6.97056274847714,-1.));
#3015=CARTESIAN_POINT('',(14.,6.97056274847714,4.));
#3016=CARTESIAN_POINT('',(14.,6.97056274847714,0.));
#3017=CARTESIAN_POINT('',(13.9029103787362,7.05019304878476,4.));
#3018=CARTESIAN_POINT('Origin',(0.,-10.,4.));
#3019=CARTESIAN_POINT('',(13.9029103787362,7.05019304878476,5.92695328363452));
#3020=CARTESIAN_POINT('',(13.9029103787362,7.05019304878476,0.));
#3021=CARTESIAN_POINT('',(14.,6.97056274847714,6.00658358394214));
#3022=CARTESIAN_POINT('Origin',(0.,-10.,22.9771463324193));
#3023=CARTESIAN_POINT('',(14.,6.97056274847714,6.00955961973552));
#3024=CARTESIAN_POINT('',(14.,6.97056274847714,0.));
#3025=CARTESIAN_POINT('Origin',(0.,-10.,-10.9610031287416));
#3026=CARTESIAN_POINT('Origin',(-19.6260004470348,54.6450983865061,42.9682578897211));
#3027=CARTESIAN_POINT('',(-14.,54.6505694817161,42.9768258372091));
#3028=CARTESIAN_POINT('',(-14.,54.6450983865061,42.9682578897211));
#3029=CARTESIAN_POINT('',(-14.,46.746844148356,30.5992851406381));
#3030=CARTESIAN_POINT('',(14.,54.6505694817161,42.9768258372091));
#3031=CARTESIAN_POINT('',(-2.81300022351742,54.6505694817161,42.9768258372091));
#3032=CARTESIAN_POINT('',(14.,54.6450983865061,42.9682578897212));
#3033=CARTESIAN_POINT('',(14.,46.746844148356,30.5992851406381));
#3034=CARTESIAN_POINT('',(35.374,54.6450983865061,42.9682578897212));
#3035=CARTESIAN_POINT('',(-4.62600033527613,54.6450983865061,42.9682578897211));
#3036=CARTESIAN_POINT('',(40.374,57.3360418317789,47.1823797880938));
#3037=CARTESIAN_POINT('Origin',(35.374,57.3360418317789,47.1823797880938));
#3038=CARTESIAN_POINT('',(40.3739999999999,68.09981561287,64.0388673815842));
#3039=CARTESIAN_POINT('',(40.374,54.6450983865062,42.9682578897212));
#3040=CARTESIAN_POINT('',(35.3739999999999,70.7907590581428,68.2529892799568));
#3041=CARTESIAN_POINT('Origin',(35.3739999999999,68.09981561287,64.0388673815842));
#3042=CARTESIAN_POINT('',(-14.6260004470349,70.7907590581428,68.2529892799567));
#3043=CARTESIAN_POINT('',(6.37399966472383,70.7907590581428,68.2529892799567));
#3044=CARTESIAN_POINT('',(-19.6260004470349,68.09981561287,64.0388673815841));
#3045=CARTESIAN_POINT('Origin',(-14.6260004470349,68.09981561287,64.0388673815841));
#3046=CARTESIAN_POINT('',(-19.6260004470348,57.3360418317789,47.1823797880937));
#3047=CARTESIAN_POINT('',(-19.6260004470348,54.6450983865061,42.9682578897211));
#3048=CARTESIAN_POINT('',(-14.6260004470348,54.6450983865061,42.9682578897211));
#3049=CARTESIAN_POINT('Origin',(-14.6260004470348,57.3360418317788,47.1823797880937));
#3050=CARTESIAN_POINT('',(-4.62600033527613,54.6450983865061,42.9682578897211));
#3051=CARTESIAN_POINT('',(31.8739997764826,57.3568234368065,47.2149245883139));
#3052=CARTESIAN_POINT('',(30.755012613845,57.3568234368065,47.2149245883139));
#3053=CARTESIAN_POINT('',(5.56450608340507,57.3568234368065,47.2149245883139));
#3054=CARTESIAN_POINT('',(30.755012613845,56.5287587981966,45.9181432185813));
#3055=CARTESIAN_POINT('',(30.755012613845,54.3585265864303,42.5194753260158));
#3056=CARTESIAN_POINT('',(-11.6260002235174,56.5287587981966,45.9181432185813));
#3057=CARTESIAN_POINT('',(-14.6260003352761,56.5287587981966,45.9181432185813));
#3058=CARTESIAN_POINT('',(-11.6260002235174,68.9070986464514,65.3031039510952));
#3059=CARTESIAN_POINT('',(-11.6260002235174,61.2379098274242,53.2928565407336));
#3060=CARTESIAN_POINT('',(31.8739997764826,68.9070986464514,65.3031039510952));
#3061=CARTESIAN_POINT('',(5.37399966472386,68.9070986464514,65.3031039510952));
#3062=CARTESIAN_POINT('',(31.8739997764826,65.5567362030553,60.0563063028564));
#3063=CARTESIAN_POINT('',(31.8739997764826,56.1251172814061,45.286024933826));
#3064=CARTESIAN_POINT('',(31.8739997764826,59.7043949626712,50.8913127311126));
#3065=CARTESIAN_POINT('Origin',(28.2241509780395,62.6305655828637,55.4738095169842));
#3066=CARTESIAN_POINT('',(31.8739997764826,56.1251172814061,45.286024933826));
#3067=CARTESIAN_POINT('',(36.1989997764768,60.0269852770458,51.3965016864571));
#3068=CARTESIAN_POINT('Origin',(34.7489997764768,60.0269852770458,51.3965016864571));
#3069=CARTESIAN_POINT('',(36.1989997764796,65.4088721675924,59.8247454832039));
#3070=CARTESIAN_POINT('Origin',(34.7489997764796,65.4088721675924,59.8247454832039));
#3071=CARTESIAN_POINT('',(-12.5510002234521,65.4088721676102,59.8247454832319));
#3072=CARTESIAN_POINT('Origin',(-14.0010002234521,65.4088721676103,59.8247454832319));
#3073=CARTESIAN_POINT('',(-12.5510002235177,60.026985277051,51.3965016864653));
#3074=CARTESIAN_POINT('Origin',(-14.0010002235177,60.026985277051,51.3965016864653));
#3075=CARTESIAN_POINT('Origin',(31.8739997764826,60.82113726574,50.1782127181153));
#3076=CARTESIAN_POINT('',(31.8739997764826,58.4735657398752,46.5018245753166));
#3077=CARTESIAN_POINT('',(31.8739997764826,60.82113726574,50.1782127181153));
#3078=CARTESIAN_POINT('',(31.8739997764826,57.2418595844749,44.5729249208287));
#3079=CARTESIAN_POINT('',(31.8739997764826,58.4735657398752,46.5018245753166));
#3080=CARTESIAN_POINT('',(31.8739997764826,60.82113726574,50.1782127181153));
#3081=CARTESIAN_POINT('Origin',(31.8739997764826,70.0238409495202,64.5900039380979));
#3082=CARTESIAN_POINT('',(31.8739997764826,66.673478506124,59.3432062898591));
#3083=CARTESIAN_POINT('',(31.8739997764826,70.0238409495201,64.5900039380979));
#3084=CARTESIAN_POINT('',(31.8739997764826,57.2418595844749,44.5729249208287));
#3085=CARTESIAN_POINT('',(31.8739997764826,66.673478506124,59.3432062898591));
#3086=CARTESIAN_POINT('',(31.8739997764826,70.0238409495201,64.5900039380979));
#3087=CARTESIAN_POINT('Origin',(-11.6260002235174,70.0238409495201,64.5900039380979));
#3088=CARTESIAN_POINT('',(-11.6260002235174,70.0238409495201,64.5900039380979));
#3089=CARTESIAN_POINT('',(5.37399966472386,70.0238409495201,64.5900039380979));
#3090=CARTESIAN_POINT('',(-11.6260002235174,70.0238409495201,64.5900039380979));
#3091=CARTESIAN_POINT('Origin',(-11.6260002235174,57.6455011012654,45.205043205584));
#3092=CARTESIAN_POINT('',(-11.6260002235174,57.6455011012654,45.205043205584));
#3093=CARTESIAN_POINT('',(-11.6260002235174,62.3546521304929,52.5797565277363));
#3094=CARTESIAN_POINT('',(-11.6260002235174,57.6455011012654,45.205043205584));
#3095=CARTESIAN_POINT('Origin',(30.755012613845,57.6455011012654,45.205043205584));
#3096=CARTESIAN_POINT('',(30.755012613845,57.6455011012654,45.205043205584));
#3097=CARTESIAN_POINT('',(-14.6260003352761,57.6455011012654,45.205043205584));
#3098=CARTESIAN_POINT('',(30.755012613845,57.6455011012654,45.205043205584));
#3099=CARTESIAN_POINT('Origin',(31.8739997764826,58.4735657398752,46.5018245753166));
#3100=CARTESIAN_POINT('',(30.755012613845,58.4735657398752,46.5018245753166));
#3101=CARTESIAN_POINT('',(5.56450608340507,58.4735657398752,46.5018245753166));
#3102=CARTESIAN_POINT('',(30.755012613845,58.4735657398752,46.5018245753166));
#3103=CARTESIAN_POINT('Origin',(14.,36.2738334582648,19.874432842888));
#3104=CARTESIAN_POINT('',(14.,32.5404924218351,-2.54478734141145));
#3105=CARTESIAN_POINT('',(14.,11.5,-2.54478734141145));
#3106=CARTESIAN_POINT('',(14.,37.9673216309407,0.377570315480794));
#3107=CARTESIAN_POINT('Origin',(14.,32.540492421835,3.95521265858855));
#3108=CARTESIAN_POINT('',(14.,62.6679259690845,37.8452510530584));
#3109=CARTESIAN_POINT('',(14.,37.9673216309407,0.377570315480794));
#3110=CARTESIAN_POINT('',(14.,56.2889032009906,41.9186001205538));
#3111=CARTESIAN_POINT('',(14.,54.6341679243075,42.9874771331305));
#3112=CARTESIAN_POINT('',(14.,54.0196696447246,43.3865369818985));
#3113=CARTESIAN_POINT('',(14.,33.2727404429016,10.0937633774474));
#3114=CARTESIAN_POINT('',(14.,55.7029462870533,44.6332514880058));
#3115=CARTESIAN_POINT('',(14.,30.3373934550926,8.5));
#3116=CARTESIAN_POINT('Origin',(14.,30.3373934550926,12.));
#3117=CARTESIAN_POINT('',(14.,12.4308516097249,8.5));
#3118=CARTESIAN_POINT('',(14.,30.3373934550926,8.5));
#3119=CARTESIAN_POINT('',(14.,12.4288727052249,8.4980210955));
#3120=CARTESIAN_POINT('',(14.,12.4308516097249,8.5));
#3121=CARTESIAN_POINT('',(14.,12.4288727052249,8.4980210955));
#3122=CARTESIAN_POINT('',(14.,7.05019304878476,4.));
#3123=CARTESIAN_POINT('',(14.,7.05019304878476,6.9980210955));
#3124=CARTESIAN_POINT('',(14.,14.3880803917238,4.));
#3125=CARTESIAN_POINT('Origin',(14.,55.7618406895749,42.2551578767239));
#3126=CARTESIAN_POINT('',(-14.,54.6341679243075,42.9874771331305));
#3127=CARTESIAN_POINT('',(-14.,54.0196696447246,43.3865369818985));
#3128=CARTESIAN_POINT('',(14.,54.6341679243075,42.9874771331305));
#3129=CARTESIAN_POINT('Origin',(14.,33.2727404429016,10.0937633774474));
#3130=CARTESIAN_POINT('',(-14.,33.2727404429016,10.0937633774474));
#3131=CARTESIAN_POINT('',(-14.,55.7029462870533,44.6332514880058));
#3132=CARTESIAN_POINT('',(14.,33.2727404429016,10.0937633774474));
#3133=CARTESIAN_POINT('Origin',(-14.,36.2738334582648,19.874432842888));
#3134=CARTESIAN_POINT('',(-14.,7.05019304878476,4.));
#3135=CARTESIAN_POINT('',(-14.,14.3880803917238,4.));
#3136=CARTESIAN_POINT('',(-14.,7.05019304878476,0.));
#3137=CARTESIAN_POINT('',(-14.,12.4288727052249,8.4980210955));
#3138=CARTESIAN_POINT('',(-14.,12.4288727052249,8.4980210955));
#3139=CARTESIAN_POINT('',(-14.,12.4308516097249,8.5));
#3140=CARTESIAN_POINT('',(-14.,12.4308516097249,8.5));
#3141=CARTESIAN_POINT('',(-14.,30.3373934550926,8.5));
#3142=CARTESIAN_POINT('',(-14.,30.3373934550926,8.5));
#3143=CARTESIAN_POINT('Origin',(-14.,30.3373934550926,12.));
#3144=CARTESIAN_POINT('',(-14.,62.6679259690844,37.8452510530584));
#3145=CARTESIAN_POINT('',(-14.,53.9160913120699,43.4337681088889));
#3146=CARTESIAN_POINT('',(-14.,37.9673216309407,0.377570315480794));
#3147=CARTESIAN_POINT('',(-14.,37.9673216309407,0.377570315480794));
#3148=CARTESIAN_POINT('',(-14.,32.5404924218351,-2.54478734141145));
#3149=CARTESIAN_POINT('Origin',(-14.,32.540492421835,3.95521265858855));
#3150=CARTESIAN_POINT('',(-14.,11.5,-2.54478734141145));
#3151=CARTESIAN_POINT('Origin',(14.,12.4288727052249,8.4980210955));
#3152=CARTESIAN_POINT('',(14.,12.4308516097249,8.5));
#3153=CARTESIAN_POINT('',(14.,12.4288727052249,8.4980210955));
#3154=CARTESIAN_POINT('Origin',(14.,11.5,8.4980210955));
#3155=CARTESIAN_POINT('Origin',(14.,32.5404924218351,-2.54478734141145));
#3156=CARTESIAN_POINT('',(14.,32.5404924218351,-2.54478734141145));
#3157=CARTESIAN_POINT('Origin',(14.,32.540492421835,3.95521265858855));
#3158=CARTESIAN_POINT('',(14.,37.9673216309407,0.377570315480794));
#3159=CARTESIAN_POINT('Origin',(14.,63.713445977238,39.4311721638935));
#3160=CARTESIAN_POINT('',(12.1869998882413,62.6679259690845,37.8452510530584));
#3161=CARTESIAN_POINT('Origin',(14.,30.3373934550926,12.));
#3162=CARTESIAN_POINT('',(14.,30.3373934550926,8.5));
#3163=CARTESIAN_POINT('Origin',(14.,12.4308516097249,8.5));
#3164=CARTESIAN_POINT('Origin',(10.3739997764826,60.0912617098987,39.490589741909));
#3165=CARTESIAN_POINT('',(-14.6260004470348,68.634804628595,34.0350781618212));
#3166=CARTESIAN_POINT('',(-14.6260004470348,55.7618406895748,42.2551578767238));
#3167=CARTESIAN_POINT('',(35.374,68.634804628595,34.0350781618212));
#3168=CARTESIAN_POINT('',(25.3739998882413,68.6348046285952,34.0350781618213));
#3169=CARTESIAN_POINT('',(35.374,57.9265511997368,40.8728738093165));
#3170=CARTESIAN_POINT('Origin',(29.1239997764826,72.6712197965029,40.3562610093801));
#3171=CARTESIAN_POINT('',(29.1239997764826,89.3652370837451,23.7637992627521));
#3172=CARTESIAN_POINT('',(34.1239997764826,92.0561805290178,27.9779211611247));
#3173=CARTESIAN_POINT('Origin',(29.1239997764826,92.0561805290178,27.9779211611247));
#3174=CARTESIAN_POINT('',(34.1239997764826,72.6712197965039,40.3562610093795));
#3175=CARTESIAN_POINT('',(34.1239997764826,72.6712197965029,40.3562610093801));
#3176=CARTESIAN_POINT('',(29.1239997764826,69.9802763512311,36.1421391110069));
#3177=CARTESIAN_POINT('Origin',(29.1239997764826,72.6712197965039,40.3562610093795));
#3178=CARTESIAN_POINT('',(29.1239997764826,69.9802763512301,36.1421391110075));
#3179=CARTESIAN_POINT('Origin',(10.4108366505291,96.092595696927,34.2991040086836));
#3180=CARTESIAN_POINT('',(-8.87600022351742,89.3652370837451,23.7637992627521));
#3181=CARTESIAN_POINT('',(34.1239997764826,89.3652370837451,23.7637992627521));
#3182=CARTESIAN_POINT('',(-13.8760002235174,92.0561805290178,27.9779211611247));
#3183=CARTESIAN_POINT('Origin',(-8.87600022351742,92.0561805290178,27.9779211611247));
#3184=CARTESIAN_POINT('',(-13.8760002235174,100.129010864836,40.6202868562425));
#3185=CARTESIAN_POINT('',(-13.8760002235174,89.3652370837451,23.7637992627521));
#3186=CARTESIAN_POINT('',(-8.87600022351742,102.819954310109,44.8344087546151));
#3187=CARTESIAN_POINT('Origin',(-8.87600022351742,100.129010864836,40.6202868562425));
#3188=CARTESIAN_POINT('',(29.1239997764826,102.819954310109,44.8344087546151));
#3189=CARTESIAN_POINT('',(22.2674182135059,102.819954310109,44.8344087546151));
#3190=CARTESIAN_POINT('',(34.1239997764826,100.129010864836,40.6202868562425));
#3191=CARTESIAN_POINT('Origin',(29.1239997764826,100.129010864836,40.6202868562425));
#3192=CARTESIAN_POINT('',(34.1239997764826,98.7812510194975,38.5096426180789));
#3193=CARTESIAN_POINT('',(34.1239997764826,97.4369233582123,36.4043733133813));
#3194=CARTESIAN_POINT('',(34.1239997764826,94.0750491630514,31.13954781499));
#3195=CARTESIAN_POINT('Origin',(30.3719966826717,96.4281500912745,34.8245952165345));
#3196=CARTESIAN_POINT('',(34.1239997764826,92.697493484435,28.9822421452321));
#3197=CARTESIAN_POINT('Origin',(34.1239997764826,69.9802763512301,36.1421391110075));
#3198=CARTESIAN_POINT('',(-8.87600022351742,69.9802763512311,36.1421391110069));
#3199=CARTESIAN_POINT('',(37.2489998882413,69.9802763512311,36.1421391110069));
#3200=CARTESIAN_POINT('',(-8.87600022351742,69.9802763512303,36.1421391110074));
#3201=CARTESIAN_POINT('Origin',(29.1239997764826,80.7440501323212,52.9986267044979));
#3202=CARTESIAN_POINT('',(29.1239997764826,83.434993577595,57.2127486028699));
#3203=CARTESIAN_POINT('',(29.1239997764826,83.434993577594,57.2127486028705));
#3204=CARTESIAN_POINT('',(34.1239997764826,80.7440501323222,52.9986267044973));
#3205=CARTESIAN_POINT('Origin',(29.1239997764826,80.7440501323222,52.9986267044973));
#3206=CARTESIAN_POINT('',(34.1239997764826,80.7440501323212,52.9986267044979));
#3207=CARTESIAN_POINT('Origin',(34.1239997764826,83.434993577594,57.2127486028705));
#3208=CARTESIAN_POINT('',(34.1239997764826,79.3962902869835,50.8879824663337));
#3209=CARTESIAN_POINT('',(34.1239997764826,76.034899103095,45.6239133823455));
#3210=CARTESIAN_POINT('',(34.1239997764826,79.3962902869835,50.8879824663337));
#3211=CARTESIAN_POINT('Origin',(-8.87600022351742,72.6712197965031,40.35626100938));
#3212=CARTESIAN_POINT('',(-13.8760002235174,72.6712197965038,40.3562610093795));
#3213=CARTESIAN_POINT('Origin',(-8.87600022351742,72.6712197965039,40.3562610093795));
#3214=CARTESIAN_POINT('',(-13.8760002235174,72.6712197965031,40.35626100938));
#3215=CARTESIAN_POINT('Origin',(-13.8760002235174,80.1760468777612,52.1091115578322));
#3216=CARTESIAN_POINT('',(-13.8760002235174,80.7440501323222,52.9986267044973));
#3217=CARTESIAN_POINT('',(-13.8760002235174,69.3075404899131,35.088608636414));
#3218=CARTESIAN_POINT('',(-13.8760002235174,80.7440501323215,52.9986267044978));
#3219=CARTESIAN_POINT('Origin',(-8.87600022351742,80.7440501323215,52.9986267044978));
#3220=CARTESIAN_POINT('',(-8.87600022351742,83.434993577595,57.2127486028699));
#3221=CARTESIAN_POINT('Origin',(-8.87600022351742,80.7440501323222,52.9986267044973));
#3222=CARTESIAN_POINT('',(-8.87600022351742,83.4349935775943,57.2127486028704));
#3223=CARTESIAN_POINT('Origin',(-13.8760002235174,83.434993577594,57.2127486028705));
#3224=CARTESIAN_POINT('',(13.2489998882413,83.434993577595,57.2127486028699));
#3225=CARTESIAN_POINT('Origin',(30.8739997764826,58.7141461542198,46.3023860710609));
#3226=CARTESIAN_POINT('',(30.755012613845,58.7141461542198,46.302386071061));
#3227=CARTESIAN_POINT('',(31.1500926293626,58.7141461542198,46.3023860710609));
#3228=CARTESIAN_POINT('',(10.5645061951638,58.7141461542198,46.3023860710609));
#3229=CARTESIAN_POINT('',(31.1500926293626,58.2964617591437,45.6482760937625));
#3230=CARTESIAN_POINT('',(31.1500926293626,57.5032216038474,44.4060312167938));
#3231=CARTESIAN_POINT('',(30.755012613845,58.2964617591437,45.6482760937625));
#3232=CARTESIAN_POINT('',(-14.6260003352761,58.2964617591437,45.6482760937625));
#3233=CARTESIAN_POINT('',(30.755012613845,58.7141461542198,46.302386071061));
#3234=CARTESIAN_POINT('Origin',(30.3739997764826,78.1444943011132,58.2180432887936));
#3235=CARTESIAN_POINT('',(-10.6260002235174,70.3284766401401,63.2089908693688));
#3236=CARTESIAN_POINT('',(30.8739997764826,70.3284766401401,63.2089908693688));
#3237=CARTESIAN_POINT('',(5.37399966472386,70.3284766401401,63.2089908693688));
#3238=CARTESIAN_POINT('',(-10.6260002235175,100.057928172651,44.2251373733751));
#3239=CARTESIAN_POINT('',(-10.6260002235174,69.4856522604656,63.7471795584234));
#3240=CARTESIAN_POINT('',(30.8739997764826,100.057928172651,44.2251373733751));
#3241=CARTESIAN_POINT('',(30.8739997764826,100.057928172651,44.2251373733751));
#3242=CARTESIAN_POINT('',(30.8739997764826,78.1444943011132,58.2180432887936));
#3243=CARTESIAN_POINT('Origin',(40.374,55.7618406895749,42.2551578767239));
#3244=CARTESIAN_POINT('',(40.374,71.3257480738679,38.2492000601939));
#3245=CARTESIAN_POINT('',(40.374,58.4527841348476,46.4692797750965));
#3246=CARTESIAN_POINT('',(40.3739999999999,82.089521854959,55.1056876536843));
#3247=CARTESIAN_POINT('',(40.374,68.6348046285951,34.0350781618213));
#3248=CARTESIAN_POINT('',(40.3739999999999,71.3812684261007,61.9434833011795));
#3249=CARTESIAN_POINT('Origin',(35.3739999999999,71.3812684261007,61.9434833011794));
#3250=CARTESIAN_POINT('',(35.3739999999999,84.7804653002318,59.3198095520569));
#3251=CARTESIAN_POINT('Origin',(35.3739999999999,82.089521854959,55.1056876536843));
#3252=CARTESIAN_POINT('',(35.3739999999999,74.0722118713734,66.1576051995521));
#3253=CARTESIAN_POINT('Origin',(30.755012613845,70.7114732325959,36.3567345345661));
#3254=CARTESIAN_POINT('Origin',(31.8739997764826,59.2493748607589,45.858687389447));
#3255=CARTESIAN_POINT('',(30.755012613845,62.9075189886918,42.8261263423892));
#3256=CARTESIAN_POINT('Origin',(30.755012613845,55.0769322743716,41.4289605938438));
#3257=CARTESIAN_POINT('Origin',(30.755012613845,58.4883254809399,44.6668545165295));
#3258=CARTESIAN_POINT('Origin',(-9.62600022351743,66.8425318309676,40.5187313156288));
#3259=CARTESIAN_POINT('',(30.8739997764826,59.0265141699945,45.509678896204));
#3260=CARTESIAN_POINT('',(-10.6260002235174,59.0265141699945,45.5096788962041));
#3261=CARTESIAN_POINT('',(-14.6260003352761,59.0265141699945,45.509678896204));
#3262=CARTESIAN_POINT('',(30.8739997764826,88.7559657025051,26.5258254002103));
#3263=CARTESIAN_POINT('',(30.8739997764826,58.18368979032,46.0478675852586));
#3264=CARTESIAN_POINT('',(-10.6260002235175,88.7559657025051,26.5258254002103));
#3265=CARTESIAN_POINT('',(-10.6260002235175,88.7559657025051,26.5258254002103));
#3266=CARTESIAN_POINT('',(-10.6260002235174,66.8425318309676,40.5187313156288));
#3267=CARTESIAN_POINT('Origin',(-10.6260002235174,77.6063056120587,57.3752189091191));
#3268=CARTESIAN_POINT('',(-10.6260002235174,63.1974765101674,52.0415678386818));
#3269=CARTESIAN_POINT('',(-10.6260002235175,100.057928172651,44.2251373733751));
#3270=CARTESIAN_POINT('Origin',(-14.6260003352761,58.4883254809399,44.6668545165295));
#3271=CARTESIAN_POINT('Origin',(31.8739997764826,58.4883254809399,44.6668545165295));
#3272=CARTESIAN_POINT('Origin',(-11.6260002235174,58.4883254809401,44.6668545165299));
#3273=CARTESIAN_POINT('Origin',(-11.6260002235174,63.1974765101674,52.0415678386818));
#3274=CARTESIAN_POINT('Origin',(-11.6260002235174,70.8666653291947,64.0518152490434));
#3275=CARTESIAN_POINT('Origin',(5.37399966472386,70.8666653291947,64.0518152490434));
#3276=CARTESIAN_POINT('Origin',(31.8739997764826,70.8666653291947,64.0518152490434));
#3277=CARTESIAN_POINT('Origin',(-14.6260004470349,75.7106894464244,59.1789151663644));
#3278=CARTESIAN_POINT('',(-14.6260004470349,84.7804653002318,59.3198095520568));
#3279=CARTESIAN_POINT('',(-14.6260004470349,80.5663434018592,62.0107529973296));
#3280=CARTESIAN_POINT('',(-19.6260004470349,82.089521854959,55.1056876536842));
#3281=CARTESIAN_POINT('Origin',(-14.6260004470349,82.089521854959,55.1056876536842));
#3282=CARTESIAN_POINT('',(-19.6260004470349,69.2165579159387,63.3257673685868));
#3283=CARTESIAN_POINT('Origin',(-19.6260004470348,64.4206827302225,36.726021607094));
#3284=CARTESIAN_POINT('',(-19.6260004470348,71.3257480738679,38.2492000601938));
#3285=CARTESIAN_POINT('',(-19.6260004470348,68.634804628595,34.0350781618211));
#3286=CARTESIAN_POINT('',(-19.6260004470348,67.1116261754952,40.9401435054666));
#3287=CARTESIAN_POINT('Origin',(-14.6260004470348,64.9469156653334,42.322427572874));
#3288=CARTESIAN_POINT('Origin',(-14.6260004470348,71.3257480738679,38.2492000601938));
#3289=CARTESIAN_POINT('Origin',(35.374,60.6174946450096,45.086995707689));
#3290=CARTESIAN_POINT('Origin',(35.374,71.3257480738679,38.2492000601939));
#3291=CARTESIAN_POINT('Origin',(10.3739997764825,76.2369223815354,64.7753211321445));
#3292=CARTESIAN_POINT('',(25.3739998882412,84.7804653002318,59.3198095520569));
#3293=CARTESIAN_POINT('Origin',(30.8739997764826,67.3807205200225,41.3615556953038));
#3294=CARTESIAN_POINT('',(30.8739997764826,67.8130445228617,59.2697265240277));
#3295=CARTESIAN_POINT('',(30.8739997764826,58.0846839641494,44.0347362317742));
#3296=CARTESIAN_POINT('',(30.8739997764826,97.5424960553721,40.2858730280337));
#3297=CARTESIAN_POINT('',(30.8739997764826,88.7559657025051,26.5258254002103));
#3298=CARTESIAN_POINT('',(30.8739997764826,66.9702201431874,59.8079152130821));
#3299=CARTESIAN_POINT('Origin',(-14.0010002234521,75.1844565113266,53.5825092006048));
#3300=CARTESIAN_POINT('',(-12.5510002234521,76.0272808910012,53.0443205115502));
#3301=CARTESIAN_POINT('Origin',(-14.0010002234521,76.0272808910012,53.0443205115502));
#3302=CARTESIAN_POINT('',(-12.5510002234521,75.1844565113266,53.5825092006048));
#3303=CARTESIAN_POINT('Origin',(-14.0010002235177,69.8025696207674,45.1542654038382));
#3304=CARTESIAN_POINT('',(-12.5510002235177,70.6453940004419,44.6160767147837));
#3305=CARTESIAN_POINT('Origin',(-14.0010002235177,70.6453940004419,44.6160767147837));
#3306=CARTESIAN_POINT('',(-12.5510002235177,69.8025696207674,45.1542654038382));
#3307=CARTESIAN_POINT('Origin',(-14.0010002235177,70.6453940004419,44.6160767147837));
#3308=CARTESIAN_POINT('Origin',(34.7489997764768,70.6453940004367,44.6160767147754));
#3309=CARTESIAN_POINT('',(36.1989997764768,70.6453940004367,44.6160767147754));
#3310=CARTESIAN_POINT('Origin',(34.7489997764768,70.6453940004367,44.6160767147754));
#3311=CARTESIAN_POINT('Origin',(34.7489997764796,76.0272808909833,53.0443205115223));
#3312=CARTESIAN_POINT('',(36.1989997764796,76.0272808909833,53.0443205115223));
#3313=CARTESIAN_POINT('Origin',(34.7489997764796,76.0272808909833,53.0443205115223));
#3314=CARTESIAN_POINT('Origin',(-14.0010002234521,76.0272808910012,53.0443205115502));
#3315=CARTESIAN_POINT('Origin',(30.8739997764826,67.3807205200225,41.3615556953038));
#3316=CARTESIAN_POINT('',(30.8739997764826,61.3672200083513,49.1753151058376));
#3317=CARTESIAN_POINT('',(30.8739997764826,91.0966715408619,30.1914616098439));
#3318=CARTESIAN_POINT('',(30.8739997764826,60.524395628677,49.7135037948921));
#3319=CARTESIAN_POINT('',(30.8739997764826,88.7559657025051,26.5258254002103));
#3320=CARTESIAN_POINT('',(30.8739997764826,58.0846839641494,44.0347362317742));
#3321=CARTESIAN_POINT('Origin',(10.4108366505291,94.4069469375779,35.3754813867927));
#3322=CARTESIAN_POINT('',(34.3740003576277,95.5305083665341,37.1350222014644));
#3323=CARTESIAN_POINT('Origin',(28.2241509780392,94.3195837981173,35.2386673189387));
#3324=CARTESIAN_POINT('',(34.3740003576277,93.1086592297002,33.3423124364133));
#3325=CARTESIAN_POINT('Origin',(28.2241509780392,94.3195837981173,35.2386673189387));
#3326=CARTESIAN_POINT('',(34.3740003576279,87.7267722589583,24.9140685140775));
#3327=CARTESIAN_POINT('Origin',(31.8739997764826,58.0846839641494,44.0347362317742));
#3328=CARTESIAN_POINT('Ctrl Pts',(31.8739997764826,60.82113726574,50.1782127181153));
#3329=CARTESIAN_POINT('Ctrl Pts',(31.7561719811122,60.778568396719,50.1115482166946));
#3330=CARTESIAN_POINT('Ctrl Pts',(31.6261051377005,60.7534966211267,50.0312416945419));
#3331=CARTESIAN_POINT('Ctrl Pts',(31.3786475569535,60.7599675172301,49.8573228725165));
#3332=CARTESIAN_POINT('Ctrl Pts',(31.2614387443725,60.7916296630037,49.7634563301633));
#3333=CARTESIAN_POINT('Ctrl Pts',(31.0812479835482,60.8947170550762,49.5900855487884));
#3334=CARTESIAN_POINT('Ctrl Pts',(31.0040604802037,60.9683158044424,49.5000187811686));
#3335=CARTESIAN_POINT('Ctrl Pts',(30.9003911075321,61.150471373678,49.3273365438403));
#3336=CARTESIAN_POINT('Ctrl Pts',(30.8739997764826,61.2588714454559,49.2445014896583));
#3337=CARTESIAN_POINT('Ctrl Pts',(30.8739997764826,61.3672200083513,49.1753151058376));
#3338=CARTESIAN_POINT('Origin',(31.8739997764826,58.0846839641494,44.0347362317742));
#3339=CARTESIAN_POINT('Ctrl Pts',(30.8739997764826,67.8130445228617,59.2697265240277));
#3340=CARTESIAN_POINT('Ctrl Pts',(30.8739997764826,67.7046959599663,59.3389129078484));
#3341=CARTESIAN_POINT('Ctrl Pts',(30.9003911075321,67.5839436928657,59.4024039446398));
#3342=CARTESIAN_POINT('Ctrl Pts',(31.0040604802037,67.3506529514095,59.495006517191));
#3343=CARTESIAN_POINT('Ctrl Pts',(31.0812479835482,67.2379812154995,59.5238834710603));
#3344=CARTESIAN_POINT('Ctrl Pts',(31.2614387443725,67.0373302751424,59.544465948381));
#3345=CARTESIAN_POINT('Ctrl Pts',(31.3786475569535,66.9388543699259,59.5336995497203));
#3346=CARTESIAN_POINT('Ctrl Pts',(31.6261051377005,66.7783533756702,59.4664012585534));
#3347=CARTESIAN_POINT('Ctrl Pts',(31.7561719811122,66.716047375145,59.4098707912798));
#3348=CARTESIAN_POINT('Ctrl Pts',(31.8739997764826,66.673478506124,59.3432062898591));
#3349=CARTESIAN_POINT('Origin',(28.2241509780395,63.7473078859321,54.7607095039871));
#3350=CARTESIAN_POINT('',(34.3740003576279,95.8823967157443,36.9103225678015));
#3351=CARTESIAN_POINT('',(34.3740003576279,93.431448888895,33.1361938810987));
#3352=CARTESIAN_POINT('Origin',(28.2241509780392,94.6569228023196,35.02325822445));
#3353=CARTESIAN_POINT('',(34.3740003576277,93.1086592297002,33.3423124364134));
#3354=CARTESIAN_POINT('',(34.3740003576277,95.5305083665341,37.1350222014645));
#3355=CARTESIAN_POINT('',(32.8118077275634,96.7806494130617,39.2115496681206));
#3356=CARTESIAN_POINT('',(32.7803383627152,93.4259670912913,41.3901058406437));
#3357=CARTESIAN_POINT('Ctrl Pts',(32.8118077275634,96.7806494130617,39.2115496681206));
#3358=CARTESIAN_POINT('Ctrl Pts',(32.7961245423456,95.0975355361289,40.3045766000168));
#3359=CARTESIAN_POINT('Ctrl Pts',(32.7803383627152,93.4259670912913,41.3901058406437));
#3360=CARTESIAN_POINT('',(34.0589720948645,89.2449077604607,34.9518390654675));
#3361=CARTESIAN_POINT('Origin',(28.2241509780392,90.8641014124207,37.4451786397518));
#3362=CARTESIAN_POINT('',(34.0432343458334,92.599590082231,32.7732828929444));
#3363=CARTESIAN_POINT('Ctrl Pts',(34.0589720948645,89.2449077604607,34.9518390654675));
#3364=CARTESIAN_POINT('Ctrl Pts',(34.0511436256465,90.9245140945778,33.8610899585092));
#3365=CARTESIAN_POINT('Ctrl Pts',(34.0432343458334,92.5995900822311,32.7732828929444));
#3366=CARTESIAN_POINT('Origin',(28.2241509780392,94.2354982034419,35.2923604928169));
#3367=CARTESIAN_POINT('Origin',(34.7489997764768,69.8025696207622,45.15426540383));
#3368=CARTESIAN_POINT('',(36.1989997764768,69.8025696207622,45.15426540383));
#3369=CARTESIAN_POINT('Origin',(34.7489997764796,75.1844565113087,53.5825092005768));
#3370=CARTESIAN_POINT('',(36.1989997764796,75.1844565113087,53.5825092005768));
#3371=CARTESIAN_POINT('Origin',(34.3740003576279,101.181489685813,45.9846783199171));
#3372=CARTESIAN_POINT('',(34.3740003576279,98.740795256358,41.3118703331112));
#3373=CARTESIAN_POINT('Origin',(34.3740003576279,95.8823967157443,36.9103225678015));
#3374=CARTESIAN_POINT('Origin',(30.3719966826717,77.0431893587605,47.2029350647893));
#3375=CARTESIAN_POINT('',(34.1239997764826,74.6900884305375,43.5178876632449));
#3376=CARTESIAN_POINT('Origin',(30.3719966826717,77.0431893587605,47.2029350647893));
#3377=CARTESIAN_POINT('',(34.1239997764826,74.6900884305375,43.5178876632449));
#3378=CARTESIAN_POINT('',(34.7385048150115,89.2449077604607,34.9518390654675));
#3379=CARTESIAN_POINT('',(34.596305146043,93.4259670912913,41.3901058406437));
#3380=CARTESIAN_POINT('Origin',(30.3719966826717,91.2921003305445,38.1042391783212));
#3381=CARTESIAN_POINT('',(34.6245608992815,96.7806494130617,39.2115496681206));
#3382=CARTESIAN_POINT('Ctrl Pts',(34.596305146043,93.4259670912913,41.3901058406437));
#3383=CARTESIAN_POINT('Ctrl Pts',(34.6104885722005,95.0977172727968,40.3044585788447));
#3384=CARTESIAN_POINT('Ctrl Pts',(34.6245608992815,96.7806494130617,39.2115496681206));
#3385=CARTESIAN_POINT('',(34.7118995043121,92.599590082231,32.7732828929444));
#3386=CARTESIAN_POINT('Origin',(30.3719966826717,94.6634971215658,35.9514210313863));
#3387=CARTESIAN_POINT('Ctrl Pts',(34.7118995043121,92.599590082231,32.7732828929444));
#3388=CARTESIAN_POINT('Ctrl Pts',(34.7252562438527,90.9273746313005,33.8592323042409));
#3389=CARTESIAN_POINT('Ctrl Pts',(34.7385048150115,89.2449077604607,34.9518390654675));
#3390=CARTESIAN_POINT('Origin',(40.374,68.6348046285951,34.0350781618212));
#3391=CARTESIAN_POINT('',(34.1239997764826,70.9736686902581,37.697830077654));
#3392=CARTESIAN_POINT('Origin',(34.1239997764826,73.31253275192,41.3605819934875));
#3393=CARTESIAN_POINT('Origin',(36.1239997764826,96.7806494130617,39.2115496681206));
#3394=CARTESIAN_POINT('',(36.1239997764826,96.7806494130617,39.2115496681206));
#3395=CARTESIAN_POINT('',(36.1239997764826,92.599590082231,32.7732828929444));
#3396=CARTESIAN_POINT('Origin',(36.1239997764826,93.4259670912913,41.3901058406437));
#3397=CARTESIAN_POINT('',(36.1239997764826,93.4259670912913,41.3901058406437));
#3398=CARTESIAN_POINT('Origin',(36.1239997764826,89.2449077604607,34.9518390654675));
#3399=CARTESIAN_POINT('',(36.1239997764826,89.2449077604607,34.9518390654675));
#3400=CARTESIAN_POINT('Origin',(36.1239997764826,92.599590082231,32.7732828929444));
#3401=CARTESIAN_POINT('Origin',(4.50000006705523,-2.5,7.));
#3402=CARTESIAN_POINT('',(6.01500006705523,-2.5,7.));
#3403=CARTESIAN_POINT('Origin',(-4.49999989941716,-17.5,7.));
#3404=CARTESIAN_POINT('',(-2.98499989941716,-17.5,7.));
#3405=CARTESIAN_POINT('Origin',(-4.5,-2.5000000372529,7.));
#3406=CARTESIAN_POINT('',(-2.985,-2.5000000372529,7.));
#3407=CARTESIAN_POINT('Origin',(4.5,-17.5000002607703,7.));
#3408=CARTESIAN_POINT('',(6.015,-17.5000002607703,7.));
#3409=CARTESIAN_POINT('Origin',(14.,14.3880803917238,4.));
#3410=CARTESIAN_POINT('',(0.,7.05019304878476,4.));
#3411=CARTESIAN_POINT('Origin',(14.,14.3880803917238,4.));
#3412=CARTESIAN_POINT('',(0.,7.05019304878476,4.));
#3413=CARTESIAN_POINT('Origin',(0.,7.05019304878476,6.9980210955));
#3414=CARTESIAN_POINT('',(14.,7.05019304878476,6.08918992004313));
#3415=CARTESIAN_POINT('',(14.,7.05019304878476,5.92695328363452));
#3416=CARTESIAN_POINT('Origin',(14.,7.05019304878476,5.92695328363452));
#3417=CARTESIAN_POINT('',(14.,6.97056274847714,6.00658358394214));
#3418=CARTESIAN_POINT('Origin',(14.,6.97056274847714,6.00955961973552));
#3419=CARTESIAN_POINT('',(14.,6.97056274847714,6.00955961973552));
#3420=CARTESIAN_POINT('Origin',(14.,6.97056274847714,6.00658358394214));
#3421=UNCERTAINTY_MEASURE_WITH_UNIT(LENGTH_MEASURE(0.01),#3425,
'DISTANCE_ACCURACY_VALUE',
'Maximum model space distance between geometric entities at asserted c
onnectivities');
#3422=UNCERTAINTY_MEASURE_WITH_UNIT(LENGTH_MEASURE(0.01),#3425,
'DISTANCE_ACCURACY_VALUE',
'Maximum model space distance between geometric entities at asserted c
onnectivities');
#3423=(
GEOMETRIC_REPRESENTATION_CONTEXT(3)
GLOBAL_UNCERTAINTY_ASSIGNED_CONTEXT((#3421))
GLOBAL_UNIT_ASSIGNED_CONTEXT((#3425,#3427,#3428))
REPRESENTATION_CONTEXT('','3D')
);
#3424=(
GEOMETRIC_REPRESENTATION_CONTEXT(3)
GLOBAL_UNCERTAINTY_ASSIGNED_CONTEXT((#3422))
GLOBAL_UNIT_ASSIGNED_CONTEXT((#3425,#3427,#3428))
REPRESENTATION_CONTEXT('','3D')
);
#3425=(
LENGTH_UNIT()
NAMED_UNIT(*)
SI_UNIT(.MILLI.,.METRE.)
);
#3426=(
LENGTH_UNIT()
NAMED_UNIT(*)
SI_UNIT($,.METRE.)
);
#3427=(
NAMED_UNIT(*)
PLANE_ANGLE_UNIT()
SI_UNIT($,.RADIAN.)
);
#3428=(
NAMED_UNIT(*)
SI_UNIT($,.STERADIAN.)
SOLID_ANGLE_UNIT()
);
#3429=SHAPE_DEFINITION_REPRESENTATION(#3430,#3431);
#3430=PRODUCT_DEFINITION_SHAPE('',$,#3433);
#3431=SHAPE_REPRESENTATION('',(#2017),#3423);
#3432=PRODUCT_DEFINITION_CONTEXT('part definition',#3437,'design');
#3433=PRODUCT_DEFINITION('GYRA ROLL PITCH BRAKET PROTOTYPE V2',
'GYRA ROLL PITCH BRAKET PROTOTYPE V2 v2',#3434,#3432);
#3434=PRODUCT_DEFINITION_FORMATION('',$,#3439);
#3435=PRODUCT_RELATED_PRODUCT_CATEGORY(
'GYRA ROLL PITCH BRAKET PROTOTYPE V2 v2',
'GYRA ROLL PITCH BRAKET PROTOTYPE V2 v2',(#3439));
#3436=APPLICATION_PROTOCOL_DEFINITION('international standard',
'automotive_design',2009,#3437);
#3437=APPLICATION_CONTEXT(
'Core Data for Automotive Mechanical Design Process');
#3438=PRODUCT_CONTEXT('part definition',#3437,'mechanical');
#3439=PRODUCT('GYRA ROLL PITCH BRAKET PROTOTYPE V2',
'GYRA ROLL PITCH BRAKET PROTOTYPE V2 v2',$,(#3438));
#3440=PRESENTATION_STYLE_ASSIGNMENT((#3441));
#3441=SURFACE_STYLE_USAGE(.BOTH.,#3442);
#3442=SURFACE_SIDE_STYLE('',(#3443));
#3443=SURFACE_STYLE_FILL_AREA(#3444);
#3444=FILL_AREA_STYLE('Plastic - Matte (White)',(#3445));
#3445=FILL_AREA_STYLE_COLOUR('Plastic - Matte (White)',#3446);
#3446=COLOUR_RGB('Plastic - Matte (White)',0.964705882352941,0.964705882352941,
0.952941176470588);
ENDSEC;
END-ISO-10303-21;
