ISO-10303-21;
HEADER;
/* Generated by software containing ST-Developer
 * from STEP Tools, Inc. (www.steptools.com) 
 */

FILE_DESCRIPTION(
/* description */ (''),
/* implementation_level */ '2;1');

FILE_NAME(
/* name */ 'GYRA BASE HANDEL  PRINT 1.step',
/* time_stamp */ '2026-05-24T19:43:51+05:30',
/* author */ (''),
/* organization */ (''),
/* preprocessor_version */ 'ST-DEVELOPER v20.1',
/* originating_system */ 'Autodesk Translation Framework v15.8.0.0',
/* authorisation */ '');

FILE_SCHEMA (('AUTOMOTIVE_DESIGN { 1 0 10303 214 3 1 1 }'));
ENDSEC;

DATA;
#10=MECHANICAL_DESIGN_GEOMETRIC_PRESENTATION_REPRESENTATION('',(#13),#2088);
#11=SHAPE_REPRESENTATION_RELATIONSHIP('SRR','None',#2095,#12);
#12=ADVANCED_BREP_SHAPE_REPRESENTATION('',(#14),#2087);
#13=STYLED_ITEM('',(#2104),#14);
#14=MANIFOLD_SOLID_BREP('Body1',#1108);
#15=FACE_BOUND('',#160,.T.);
#16=FACE_BOUND('',#175,.T.);
#17=FACE_BOUND('',#176,.T.);
#18=FACE_BOUND('',#177,.T.);
#19=FACE_BOUND('',#178,.T.);
#20=FACE_BOUND('',#179,.T.);
#21=FACE_BOUND('',#185,.T.);
#22=FACE_BOUND('',#196,.T.);
#23=FACE_BOUND('',#197,.T.);
#24=FACE_BOUND('',#199,.T.);
#25=FACE_BOUND('',#200,.T.);
#26=FACE_BOUND('',#205,.T.);
#27=ELLIPSE('',#1151,8.1296609551219,5.);
#28=ELLIPSE('',#1152,16.3123078454654,15.);
#29=ELLIPSE('',#1156,8.1296609551219,5.);
#30=ELLIPSE('',#1157,16.3123078454654,15.);
#31=ELLIPSE('',#1169,8.1296609551219,5.);
#32=ELLIPSE('',#1170,16.3123078454654,15.);
#33=ELLIPSE('',#1174,8.1296609551219,5.);
#34=ELLIPSE('',#1175,16.3123078454654,15.);
#35=ELLIPSE('',#1192,48.7779657307314,30.);
#36=ELLIPSE('',#1204,48.7779657307314,30.);
#37=ELLIPSE('',#1205,48.7779657307314,30.);
#38=B_SPLINE_SURFACE_WITH_KNOTS('',3,3,((#1678,#1679,#1680,#1681,#1682,
#1683,#1684),(#1685,#1686,#1687,#1688,#1689,#1690,#1691),(#1692,#1693,#1694,
#1695,#1696,#1697,#1698),(#1699,#1700,#1701,#1702,#1703,#1704,#1705),(#1706,
#1707,#1708,#1709,#1710,#1711,#1712),(#1713,#1714,#1715,#1716,#1717,#1718,
#1719)),.UNSPECIFIED.,.F.,.F.,.F.,(4,1,1,4),(4,1,1,1,4),(0.,0.285714285714286,
0.571428571428571,1.),(0.,0.448798950512828,0.673198425769242,1.12199737628207,
1.5707963267949),.UNSPECIFIED.);
#39=B_SPLINE_SURFACE_WITH_KNOTS('',3,3,((#1731,#1732,#1733,#1734,#1735,
#1736,#1737),(#1738,#1739,#1740,#1741,#1742,#1743,#1744),(#1745,#1746,#1747,
#1748,#1749,#1750,#1751),(#1752,#1753,#1754,#1755,#1756,#1757,#1758),(#1759,
#1760,#1761,#1762,#1763,#1764,#1765),(#1766,#1767,#1768,#1769,#1770,#1771,
#1772)),.UNSPECIFIED.,.F.,.F.,.F.,(4,1,1,4),(4,1,1,1,4),(0.,0.285714285714286,
0.571428571428571,1.),(-1.5707963267949,-1.23419711391028,-0.897597901025655,
-0.448798950512828,0.),.UNSPECIFIED.);
#40=B_SPLINE_SURFACE_WITH_KNOTS('',3,3,((#1845,#1846,#1847,#1848,#1849,
#1850,#1851),(#1852,#1853,#1854,#1855,#1856,#1857,#1858),(#1859,#1860,#1861,
#1862,#1863,#1864,#1865),(#1866,#1867,#1868,#1869,#1870,#1871,#1872),(#1873,
#1874,#1875,#1876,#1877,#1878,#1879),(#1880,#1881,#1882,#1883,#1884,#1885,
#1886)),.UNSPECIFIED.,.F.,.F.,.F.,(4,1,1,4),(4,1,1,1,4),(0.,0.285714285714286,
0.571428571428571,1.),(0.,0.448798950512828,0.673198425769242,1.12199737628207,
1.5707963267949),.UNSPECIFIED.);
#41=B_SPLINE_SURFACE_WITH_KNOTS('',3,3,((#1898,#1899,#1900,#1901,#1902,
#1903,#1904),(#1905,#1906,#1907,#1908,#1909,#1910,#1911),(#1912,#1913,#1914,
#1915,#1916,#1917,#1918),(#1919,#1920,#1921,#1922,#1923,#1924,#1925),(#1926,
#1927,#1928,#1929,#1930,#1931,#1932),(#1933,#1934,#1935,#1936,#1937,#1938,
#1939)),.UNSPECIFIED.,.F.,.F.,.F.,(4,1,1,4),(4,1,1,1,4),(0.,0.285714285714286,
0.571428571428571,1.),(-1.5707963267949,-1.12199737628207,-0.673198425769242,
-0.448798950512828,0.),.UNSPECIFIED.);
#42=B_SPLINE_CURVE_WITH_KNOTS('',3,(#1661,#1662,#1663,#1664,#1665,#1666,
#1667,#1668,#1669,#1670,#1671,#1672,#1673,#1674,#1675,#1676),
 .UNSPECIFIED.,.F.,.F.,(4,2,2,2,2,2,2,4),(2.15467733221085,2.43338427277569,
2.71209121334053,2.89143841800966,3.07078562267879,3.27473945256099,3.47869328244318,
3.88660094220756),.UNSPECIFIED.);
#43=B_SPLINE_CURVE_WITH_KNOTS('',3,(#1781,#1782,#1783,#1784,#1785,#1786,
#1787,#1788,#1789,#1790,#1791,#1792,#1793,#1794,#1795,#1796),
 .UNSPECIFIED.,.F.,.F.,(4,2,2,2,2,2,2,4),(2.77903379255711,3.1869414523215,
3.39089528220369,3.59484911208588,3.77419631675501,3.95354352142413,4.23225046198898,
4.51095740255382),.UNSPECIFIED.);
#44=B_SPLINE_CURVE_WITH_KNOTS('',3,(#1828,#1829,#1830,#1831,#1832,#1833,
#1834,#1835,#1836,#1837,#1838,#1839,#1840,#1841,#1842,#1843),
 .UNSPECIFIED.,.F.,.F.,(4,2,2,2,2,2,2,4),(2.15467733221085,2.43338427277569,
2.71209121334054,2.89143841800967,3.0707856226788,3.27473945256099,3.47869328244318,
3.88660094220756),.UNSPECIFIED.);
#45=B_SPLINE_CURVE_WITH_KNOTS('',3,(#1948,#1949,#1950,#1951,#1952,#1953,
#1954,#1955,#1956,#1957,#1958,#1959,#1960,#1961,#1962,#1963),
 .UNSPECIFIED.,.F.,.F.,(4,2,2,2,2,2,2,4),(2.77903379255711,3.18694145232149,
3.39089528220368,3.59484911208587,3.77419631675501,3.95354352142414,4.23225046198898,
4.51095740255382),.UNSPECIFIED.);
#46=PLANE('',#1125);
#47=PLANE('',#1126);
#48=PLANE('',#1127);
#49=PLANE('',#1128);
#50=PLANE('',#1129);
#51=PLANE('',#1131);
#52=PLANE('',#1137);
#53=PLANE('',#1138);
#54=PLANE('',#1139);
#55=PLANE('',#1140);
#56=PLANE('',#1141);
#57=PLANE('',#1142);
#58=PLANE('',#1143);
#59=PLANE('',#1145);
#60=PLANE('',#1146);
#61=PLANE('',#1159);
#62=PLANE('',#1162);
#63=PLANE('',#1165);
#64=PLANE('',#1177);
#65=PLANE('',#1180);
#66=PLANE('',#1183);
#67=PLANE('',#1184);
#68=PLANE('',#1191);
#69=PLANE('',#1196);
#70=PLANE('',#1199);
#71=PLANE('',#1203);
#72=PLANE('',#1212);
#73=PLANE('',#1221);
#74=PLANE('',#1222);
#75=PLANE('',#1224);
#76=PLANE('',#1225);
#77=PLANE('',#1226);
#78=FACE_OUTER_BOUND('',#136,.T.);
#79=FACE_OUTER_BOUND('',#137,.T.);
#80=FACE_OUTER_BOUND('',#138,.T.);
#81=FACE_OUTER_BOUND('',#139,.T.);
#82=FACE_OUTER_BOUND('',#140,.T.);
#83=FACE_OUTER_BOUND('',#141,.T.);
#84=FACE_OUTER_BOUND('',#142,.T.);
#85=FACE_OUTER_BOUND('',#143,.T.);
#86=FACE_OUTER_BOUND('',#144,.T.);
#87=FACE_OUTER_BOUND('',#145,.T.);
#88=FACE_OUTER_BOUND('',#146,.T.);
#89=FACE_OUTER_BOUND('',#147,.T.);
#90=FACE_OUTER_BOUND('',#148,.T.);
#91=FACE_OUTER_BOUND('',#149,.T.);
#92=FACE_OUTER_BOUND('',#150,.T.);
#93=FACE_OUTER_BOUND('',#151,.T.);
#94=FACE_OUTER_BOUND('',#152,.T.);
#95=FACE_OUTER_BOUND('',#153,.T.);
#96=FACE_OUTER_BOUND('',#154,.T.);
#97=FACE_OUTER_BOUND('',#155,.T.);
#98=FACE_OUTER_BOUND('',#156,.T.);
#99=FACE_OUTER_BOUND('',#157,.T.);
#100=FACE_OUTER_BOUND('',#158,.T.);
#101=FACE_OUTER_BOUND('',#159,.T.);
#102=FACE_OUTER_BOUND('',#161,.T.);
#103=FACE_OUTER_BOUND('',#162,.T.);
#104=FACE_OUTER_BOUND('',#163,.T.);
#105=FACE_OUTER_BOUND('',#164,.T.);
#106=FACE_OUTER_BOUND('',#165,.T.);
#107=FACE_OUTER_BOUND('',#166,.T.);
#108=FACE_OUTER_BOUND('',#167,.T.);
#109=FACE_OUTER_BOUND('',#168,.T.);
#110=FACE_OUTER_BOUND('',#169,.T.);
#111=FACE_OUTER_BOUND('',#170,.T.);
#112=FACE_OUTER_BOUND('',#171,.T.);
#113=FACE_OUTER_BOUND('',#172,.T.);
#114=FACE_OUTER_BOUND('',#173,.T.);
#115=FACE_OUTER_BOUND('',#174,.T.);
#116=FACE_OUTER_BOUND('',#180,.T.);
#117=FACE_OUTER_BOUND('',#181,.T.);
#118=FACE_OUTER_BOUND('',#182,.T.);
#119=FACE_OUTER_BOUND('',#183,.T.);
#120=FACE_OUTER_BOUND('',#184,.T.);
#121=FACE_OUTER_BOUND('',#186,.T.);
#122=FACE_OUTER_BOUND('',#187,.T.);
#123=FACE_OUTER_BOUND('',#188,.T.);
#124=FACE_OUTER_BOUND('',#189,.T.);
#125=FACE_OUTER_BOUND('',#190,.T.);
#126=FACE_OUTER_BOUND('',#191,.T.);
#127=FACE_OUTER_BOUND('',#192,.T.);
#128=FACE_OUTER_BOUND('',#193,.T.);
#129=FACE_OUTER_BOUND('',#194,.T.);
#130=FACE_OUTER_BOUND('',#195,.T.);
#131=FACE_OUTER_BOUND('',#198,.T.);
#132=FACE_OUTER_BOUND('',#201,.T.);
#133=FACE_OUTER_BOUND('',#202,.T.);
#134=FACE_OUTER_BOUND('',#203,.T.);
#135=FACE_OUTER_BOUND('',#204,.T.);
#136=EDGE_LOOP('',(#712,#713,#714,#715));
#137=EDGE_LOOP('',(#716,#717,#718,#719));
#138=EDGE_LOOP('',(#720,#721,#722,#723));
#139=EDGE_LOOP('',(#724,#725,#726,#727,#728));
#140=EDGE_LOOP('',(#729,#730,#731,#732));
#141=EDGE_LOOP('',(#733,#734,#735));
#142=EDGE_LOOP('',(#736,#737,#738));
#143=EDGE_LOOP('',(#739,#740,#741,#742,#743,#744,#745,#746,#747));
#144=EDGE_LOOP('',(#748,#749,#750,#751,#752,#753,#754,#755));
#145=EDGE_LOOP('',(#756,#757,#758,#759,#760,#761));
#146=EDGE_LOOP('',(#762,#763,#764,#765,#766,#767,#768,#769,#770,#771,#772));
#147=EDGE_LOOP('',(#773,#774,#775,#776));
#148=EDGE_LOOP('',(#777,#778,#779,#780,#781,#782,#783,#784,#785,#786));
#149=EDGE_LOOP('',(#787,#788,#789,#790));
#150=EDGE_LOOP('',(#791,#792,#793,#794));
#151=EDGE_LOOP('',(#795,#796,#797,#798));
#152=EDGE_LOOP('',(#799,#800,#801,#802));
#153=EDGE_LOOP('',(#803,#804,#805,#806));
#154=EDGE_LOOP('',(#807,#808,#809,#810));
#155=EDGE_LOOP('',(#811,#812,#813,#814));
#156=EDGE_LOOP('',(#815,#816,#817,#818));
#157=EDGE_LOOP('',(#819,#820,#821,#822));
#158=EDGE_LOOP('',(#823,#824,#825,#826));
#159=EDGE_LOOP('',(#827,#828,#829,#830));
#160=EDGE_LOOP('',(#831,#832,#833,#834));
#161=EDGE_LOOP('',(#835,#836,#837,#838));
#162=EDGE_LOOP('',(#839,#840,#841,#842));
#163=EDGE_LOOP('',(#843,#844,#845,#846));
#164=EDGE_LOOP('',(#847,#848,#849,#850));
#165=EDGE_LOOP('',(#851,#852,#853,#854));
#166=EDGE_LOOP('',(#855,#856,#857,#858));
#167=EDGE_LOOP('',(#859,#860,#861,#862));
#168=EDGE_LOOP('',(#863,#864,#865,#866));
#169=EDGE_LOOP('',(#867,#868,#869,#870));
#170=EDGE_LOOP('',(#871,#872,#873,#874));
#171=EDGE_LOOP('',(#875,#876,#877,#878));
#172=EDGE_LOOP('',(#879,#880,#881,#882));
#173=EDGE_LOOP('',(#883,#884,#885,#886));
#174=EDGE_LOOP('',(#887,#888,#889,#890,#891,#892,#893,#894,#895,#896,#897,
#898));
#175=EDGE_LOOP('',(#899,#900,#901,#902));
#176=EDGE_LOOP('',(#903));
#177=EDGE_LOOP('',(#904));
#178=EDGE_LOOP('',(#905));
#179=EDGE_LOOP('',(#906));
#180=EDGE_LOOP('',(#907,#908,#909,#910,#911,#912));
#181=EDGE_LOOP('',(#913,#914,#915,#916));
#182=EDGE_LOOP('',(#917,#918,#919,#920,#921,#922,#923));
#183=EDGE_LOOP('',(#924,#925,#926,#927));
#184=EDGE_LOOP('',(#928,#929,#930,#931,#932,#933,#934,#935,#936,#937,#938));
#185=EDGE_LOOP('',(#939,#940,#941,#942));
#186=EDGE_LOOP('',(#943,#944,#945,#946,#947,#948,#949));
#187=EDGE_LOOP('',(#950,#951,#952,#953,#954,#955,#956,#957,#958,#959,#960,
#961,#962,#963,#964,#965));
#188=EDGE_LOOP('',(#966,#967,#968,#969));
#189=EDGE_LOOP('',(#970,#971,#972,#973));
#190=EDGE_LOOP('',(#974,#975,#976,#977,#978));
#191=EDGE_LOOP('',(#979,#980,#981,#982));
#192=EDGE_LOOP('',(#983,#984,#985,#986));
#193=EDGE_LOOP('',(#987,#988,#989,#990));
#194=EDGE_LOOP('',(#991,#992,#993,#994));
#195=EDGE_LOOP('',(#995,#996,#997,#998));
#196=EDGE_LOOP('',(#999));
#197=EDGE_LOOP('',(#1000));
#198=EDGE_LOOP('',(#1001,#1002,#1003,#1004,#1005,#1006));
#199=EDGE_LOOP('',(#1007));
#200=EDGE_LOOP('',(#1008));
#201=EDGE_LOOP('',(#1009,#1010,#1011,#1012));
#202=EDGE_LOOP('',(#1013,#1014,#1015,#1016,#1017,#1018,#1019,#1020,#1021));
#203=EDGE_LOOP('',(#1022,#1023,#1024,#1025));
#204=EDGE_LOOP('',(#1026));
#205=EDGE_LOOP('',(#1027));
#206=LINE('',#1548,#309);
#207=LINE('',#1551,#310);
#208=LINE('',#1554,#311);
#209=LINE('',#1556,#312);
#210=LINE('',#1557,#313);
#211=LINE('',#1561,#314);
#212=LINE('',#1563,#315);
#213=LINE('',#1565,#316);
#214=LINE('',#1566,#317);
#215=LINE('',#1569,#318);
#216=LINE('',#1571,#319);
#217=LINE('',#1573,#320);
#218=LINE('',#1574,#321);
#219=LINE('',#1577,#322);
#220=LINE('',#1579,#323);
#221=LINE('',#1580,#324);
#222=LINE('',#1584,#325);
#223=LINE('',#1588,#326);
#224=LINE('',#1593,#327);
#225=LINE('',#1596,#328);
#226=LINE('',#1598,#329);
#227=LINE('',#1602,#330);
#228=LINE('',#1604,#331);
#229=LINE('',#1606,#332);
#230=LINE('',#1608,#333);
#231=LINE('',#1610,#334);
#232=LINE('',#1612,#335);
#233=LINE('',#1613,#336);
#234=LINE('',#1616,#337);
#235=LINE('',#1618,#338);
#236=LINE('',#1620,#339);
#237=LINE('',#1621,#340);
#238=LINE('',#1622,#341);
#239=LINE('',#1624,#342);
#240=LINE('',#1625,#343);
#241=LINE('',#1627,#344);
#242=LINE('',#1629,#345);
#243=LINE('',#1633,#346);
#244=LINE('',#1635,#347);
#245=LINE('',#1637,#348);
#246=LINE('',#1638,#349);
#247=LINE('',#1643,#350);
#248=LINE('',#1644,#351);
#249=LINE('',#1647,#352);
#250=LINE('',#1649,#353);
#251=LINE('',#1650,#354);
#252=LINE('',#1653,#355);
#253=LINE('',#1659,#356);
#254=LINE('',#1677,#357);
#255=LINE('',#1729,#358);
#256=LINE('',#1730,#359);
#257=LINE('',#1797,#360);
#258=LINE('',#1798,#361);
#259=LINE('',#1801,#362);
#260=LINE('',#1803,#363);
#261=LINE('',#1804,#364);
#262=LINE('',#1807,#365);
#263=LINE('',#1811,#366);
#264=LINE('',#1812,#367);
#265=LINE('',#1815,#368);
#266=LINE('',#1819,#369);
#267=LINE('',#1820,#370);
#268=LINE('',#1826,#371);
#269=LINE('',#1844,#372);
#270=LINE('',#1896,#373);
#271=LINE('',#1897,#374);
#272=LINE('',#1964,#375);
#273=LINE('',#1965,#376);
#274=LINE('',#1968,#377);
#275=LINE('',#1970,#378);
#276=LINE('',#1971,#379);
#277=LINE('',#1974,#380);
#278=LINE('',#1978,#381);
#279=LINE('',#1979,#382);
#280=LINE('',#1982,#383);
#281=LINE('',#1986,#384);
#282=LINE('',#1987,#385);
#283=LINE('',#1993,#386);
#284=LINE('',#1995,#387);
#285=LINE('',#1997,#388);
#286=LINE('',#1998,#389);
#287=LINE('',#2012,#390);
#288=LINE('',#2016,#391);
#289=LINE('',#2019,#392);
#290=LINE('',#2021,#393);
#291=LINE('',#2023,#394);
#292=LINE('',#2024,#395);
#293=LINE('',#2028,#396);
#294=LINE('',#2031,#397);
#295=LINE('',#2033,#398);
#296=LINE('',#2038,#399);
#297=LINE('',#2046,#400);
#298=LINE('',#2051,#401);
#299=LINE('',#2054,#402);
#300=LINE('',#2059,#403);
#301=LINE('',#2063,#404);
#302=LINE('',#2067,#405);
#303=LINE('',#2071,#406);
#304=LINE('',#2075,#407);
#305=LINE('',#2076,#408);
#306=LINE('',#2078,#409);
#307=LINE('',#2079,#410);
#308=LINE('',#2082,#411);
#309=VECTOR('',#1233,10.);
#310=VECTOR('',#1236,10.);
#311=VECTOR('',#1239,10.);
#312=VECTOR('',#1240,10.);
#313=VECTOR('',#1241,10.);
#314=VECTOR('',#1244,10.);
#315=VECTOR('',#1245,10.);
#316=VECTOR('',#1246,10.);
#317=VECTOR('',#1247,10.);
#318=VECTOR('',#1250,10.);
#319=VECTOR('',#1251,10.);
#320=VECTOR('',#1252,10.);
#321=VECTOR('',#1253,10.);
#322=VECTOR('',#1256,10.);
#323=VECTOR('',#1257,10.);
#324=VECTOR('',#1258,10.);
#325=VECTOR('',#1263,10.);
#326=VECTOR('',#1268,10.);
#327=VECTOR('',#1273,25.);
#328=VECTOR('',#1276,10.);
#329=VECTOR('',#1277,10.);
#330=VECTOR('',#1282,10.);
#331=VECTOR('',#1283,10.);
#332=VECTOR('',#1284,10.);
#333=VECTOR('',#1285,10.);
#334=VECTOR('',#1286,10.);
#335=VECTOR('',#1287,10.);
#336=VECTOR('',#1288,10.);
#337=VECTOR('',#1291,10.);
#338=VECTOR('',#1292,10.);
#339=VECTOR('',#1293,10.);
#340=VECTOR('',#1294,10.);
#341=VECTOR('',#1295,10.);
#342=VECTOR('',#1298,10.);
#343=VECTOR('',#1299,10.);
#344=VECTOR('',#1302,10.);
#345=VECTOR('',#1305,10.);
#346=VECTOR('',#1308,10.);
#347=VECTOR('',#1309,10.);
#348=VECTOR('',#1310,10.);
#349=VECTOR('',#1311,10.);
#350=VECTOR('',#1316,10.);
#351=VECTOR('',#1317,10.);
#352=VECTOR('',#1320,10.);
#353=VECTOR('',#1321,10.);
#354=VECTOR('',#1322,10.);
#355=VECTOR('',#1327,10.);
#356=VECTOR('',#1332,10.);
#357=VECTOR('',#1333,10.);
#358=VECTOR('',#1344,10.);
#359=VECTOR('',#1345,10.);
#360=VECTOR('',#1354,10.);
#361=VECTOR('',#1355,10.);
#362=VECTOR('',#1358,10.);
#363=VECTOR('',#1359,10.);
#364=VECTOR('',#1360,10.);
#365=VECTOR('',#1363,10.);
#366=VECTOR('',#1368,10.);
#367=VECTOR('',#1369,10.);
#368=VECTOR('',#1372,10.);
#369=VECTOR('',#1377,10.);
#370=VECTOR('',#1378,10.);
#371=VECTOR('',#1383,10.);
#372=VECTOR('',#1384,10.);
#373=VECTOR('',#1395,10.);
#374=VECTOR('',#1396,10.);
#375=VECTOR('',#1405,10.);
#376=VECTOR('',#1406,10.);
#377=VECTOR('',#1409,10.);
#378=VECTOR('',#1410,10.);
#379=VECTOR('',#1411,10.);
#380=VECTOR('',#1414,10.);
#381=VECTOR('',#1419,10.);
#382=VECTOR('',#1420,10.);
#383=VECTOR('',#1423,10.);
#384=VECTOR('',#1428,10.);
#385=VECTOR('',#1429,10.);
#386=VECTOR('',#1436,10.);
#387=VECTOR('',#1437,10.);
#388=VECTOR('',#1438,10.);
#389=VECTOR('',#1439,10.);
#390=VECTOR('',#1454,10.);
#391=VECTOR('',#1457,10.);
#392=VECTOR('',#1462,10.);
#393=VECTOR('',#1463,10.);
#394=VECTOR('',#1464,10.);
#395=VECTOR('',#1465,10.);
#396=VECTOR('',#1470,10.);
#397=VECTOR('',#1473,10.);
#398=VECTOR('',#1474,10.);
#399=VECTOR('',#1479,10.);
#400=VECTOR('',#1490,30.);
#401=VECTOR('',#1497,3.);
#402=VECTOR('',#1500,3.);
#403=VECTOR('',#1507,1.5);
#404=VECTOR('',#1512,1.5);
#405=VECTOR('',#1517,1.5);
#406=VECTOR('',#1522,1.5);
#407=VECTOR('',#1527,10.);
#408=VECTOR('',#1528,10.);
#409=VECTOR('',#1531,10.);
#410=VECTOR('',#1532,10.);
#411=VECTOR('',#1537,10.);
#412=CIRCLE('',#1123,15.);
#413=CIRCLE('',#1124,15.);
#414=CIRCLE('',#1130,25.);
#415=CIRCLE('',#1132,25.);
#416=CIRCLE('',#1134,25.);
#417=CIRCLE('',#1135,25.);
#418=CIRCLE('',#1136,25.);
#419=CIRCLE('',#1144,15.);
#420=CIRCLE('',#1147,15.);
#421=CIRCLE('',#1149,10.);
#422=CIRCLE('',#1150,10.);
#423=CIRCLE('',#1154,10.);
#424=CIRCLE('',#1155,10.);
#425=CIRCLE('',#1161,15.);
#426=CIRCLE('',#1164,15.);
#427=CIRCLE('',#1167,10.);
#428=CIRCLE('',#1168,10.);
#429=CIRCLE('',#1172,10.);
#430=CIRCLE('',#1173,10.);
#431=CIRCLE('',#1179,15.);
#432=CIRCLE('',#1182,15.);
#433=CIRCLE('',#1185,30.);
#434=CIRCLE('',#1186,30.);
#435=CIRCLE('',#1187,1.5);
#436=CIRCLE('',#1188,1.5);
#437=CIRCLE('',#1189,1.5);
#438=CIRCLE('',#1190,1.5);
#439=CIRCLE('',#1194,163.25);
#440=CIRCLE('',#1195,163.25);
#441=CIRCLE('',#1198,163.250000039943);
#442=CIRCLE('',#1200,3.);
#443=CIRCLE('',#1201,3.);
#444=CIRCLE('',#1202,163.25);
#445=CIRCLE('',#1207,30.);
#446=CIRCLE('',#1209,3.);
#447=CIRCLE('',#1211,3.);
#448=CIRCLE('',#1214,1.5);
#449=CIRCLE('',#1216,1.5);
#450=CIRCLE('',#1218,1.5);
#451=CIRCLE('',#1220,1.5);
#452=VERTEX_POINT('',#1544);
#453=VERTEX_POINT('',#1545);
#454=VERTEX_POINT('',#1547);
#455=VERTEX_POINT('',#1549);
#456=VERTEX_POINT('',#1553);
#457=VERTEX_POINT('',#1555);
#458=VERTEX_POINT('',#1559);
#459=VERTEX_POINT('',#1560);
#460=VERTEX_POINT('',#1562);
#461=VERTEX_POINT('',#1564);
#462=VERTEX_POINT('',#1568);
#463=VERTEX_POINT('',#1570);
#464=VERTEX_POINT('',#1572);
#465=VERTEX_POINT('',#1576);
#466=VERTEX_POINT('',#1578);
#467=VERTEX_POINT('',#1582);
#468=VERTEX_POINT('',#1586);
#469=VERTEX_POINT('',#1590);
#470=VERTEX_POINT('',#1592);
#471=VERTEX_POINT('',#1594);
#472=VERTEX_POINT('',#1597);
#473=VERTEX_POINT('',#1601);
#474=VERTEX_POINT('',#1603);
#475=VERTEX_POINT('',#1605);
#476=VERTEX_POINT('',#1607);
#477=VERTEX_POINT('',#1609);
#478=VERTEX_POINT('',#1611);
#479=VERTEX_POINT('',#1615);
#480=VERTEX_POINT('',#1617);
#481=VERTEX_POINT('',#1619);
#482=VERTEX_POINT('',#1631);
#483=VERTEX_POINT('',#1632);
#484=VERTEX_POINT('',#1634);
#485=VERTEX_POINT('',#1636);
#486=VERTEX_POINT('',#1640);
#487=VERTEX_POINT('',#1642);
#488=VERTEX_POINT('',#1646);
#489=VERTEX_POINT('',#1648);
#490=VERTEX_POINT('',#1655);
#491=VERTEX_POINT('',#1656);
#492=VERTEX_POINT('',#1658);
#493=VERTEX_POINT('',#1660);
#494=VERTEX_POINT('',#1720);
#495=VERTEX_POINT('',#1721);
#496=VERTEX_POINT('',#1726);
#497=VERTEX_POINT('',#1727);
#498=VERTEX_POINT('',#1773);
#499=VERTEX_POINT('',#1774);
#500=VERTEX_POINT('',#1779);
#501=VERTEX_POINT('',#1780);
#502=VERTEX_POINT('',#1800);
#503=VERTEX_POINT('',#1802);
#504=VERTEX_POINT('',#1806);
#505=VERTEX_POINT('',#1810);
#506=VERTEX_POINT('',#1814);
#507=VERTEX_POINT('',#1818);
#508=VERTEX_POINT('',#1822);
#509=VERTEX_POINT('',#1823);
#510=VERTEX_POINT('',#1825);
#511=VERTEX_POINT('',#1827);
#512=VERTEX_POINT('',#1887);
#513=VERTEX_POINT('',#1888);
#514=VERTEX_POINT('',#1893);
#515=VERTEX_POINT('',#1894);
#516=VERTEX_POINT('',#1940);
#517=VERTEX_POINT('',#1941);
#518=VERTEX_POINT('',#1946);
#519=VERTEX_POINT('',#1947);
#520=VERTEX_POINT('',#1967);
#521=VERTEX_POINT('',#1969);
#522=VERTEX_POINT('',#1973);
#523=VERTEX_POINT('',#1977);
#524=VERTEX_POINT('',#1981);
#525=VERTEX_POINT('',#1985);
#526=VERTEX_POINT('',#1991);
#527=VERTEX_POINT('',#1992);
#528=VERTEX_POINT('',#1994);
#529=VERTEX_POINT('',#1996);
#530=VERTEX_POINT('',#1999);
#531=VERTEX_POINT('',#2001);
#532=VERTEX_POINT('',#2003);
#533=VERTEX_POINT('',#2005);
#534=VERTEX_POINT('',#2010);
#535=VERTEX_POINT('',#2011);
#536=VERTEX_POINT('',#2013);
#537=VERTEX_POINT('',#2015);
#538=VERTEX_POINT('',#2020);
#539=VERTEX_POINT('',#2022);
#540=VERTEX_POINT('',#2026);
#541=VERTEX_POINT('',#2030);
#542=VERTEX_POINT('',#2032);
#543=VERTEX_POINT('',#2035);
#544=VERTEX_POINT('',#2037);
#545=VERTEX_POINT('',#2041);
#546=VERTEX_POINT('',#2045);
#547=VERTEX_POINT('',#2049);
#548=VERTEX_POINT('',#2053);
#549=VERTEX_POINT('',#2058);
#550=VERTEX_POINT('',#2062);
#551=VERTEX_POINT('',#2066);
#552=VERTEX_POINT('',#2070);
#553=VERTEX_POINT('',#2074);
#554=EDGE_CURVE('',#452,#453,#412,.F.);
#555=EDGE_CURVE('',#453,#454,#206,.T.);
#556=EDGE_CURVE('',#454,#455,#413,.F.);
#557=EDGE_CURVE('',#455,#452,#207,.T.);
#558=EDGE_CURVE('',#453,#456,#208,.T.);
#559=EDGE_CURVE('',#457,#456,#209,.T.);
#560=EDGE_CURVE('',#454,#457,#210,.T.);
#561=EDGE_CURVE('',#458,#459,#211,.F.);
#562=EDGE_CURVE('',#459,#460,#212,.T.);
#563=EDGE_CURVE('',#460,#461,#213,.F.);
#564=EDGE_CURVE('',#461,#458,#214,.T.);
#565=EDGE_CURVE('',#459,#462,#215,.T.);
#566=EDGE_CURVE('',#462,#463,#216,.T.);
#567=EDGE_CURVE('',#463,#464,#217,.T.);
#568=EDGE_CURVE('',#460,#464,#218,.T.);
#569=EDGE_CURVE('',#461,#465,#219,.F.);
#570=EDGE_CURVE('',#465,#466,#220,.T.);
#571=EDGE_CURVE('',#466,#458,#221,.F.);
#572=EDGE_CURVE('',#467,#463,#414,.T.);
#573=EDGE_CURVE('',#464,#467,#222,.T.);
#574=EDGE_CURVE('',#463,#468,#415,.T.);
#575=EDGE_CURVE('',#468,#462,#223,.T.);
#576=EDGE_CURVE('',#469,#469,#416,.T.);
#577=EDGE_CURVE('',#469,#470,#224,.T.);
#578=EDGE_CURVE('',#470,#471,#417,.T.);
#579=EDGE_CURVE('',#471,#467,#225,.T.);
#580=EDGE_CURVE('',#468,#472,#226,.T.);
#581=EDGE_CURVE('',#472,#470,#418,.T.);
#582=EDGE_CURVE('',#473,#457,#227,.T.);
#583=EDGE_CURVE('',#456,#474,#228,.T.);
#584=EDGE_CURVE('',#475,#474,#229,.T.);
#585=EDGE_CURVE('',#476,#475,#230,.T.);
#586=EDGE_CURVE('',#477,#476,#231,.T.);
#587=EDGE_CURVE('',#478,#477,#232,.T.);
#588=EDGE_CURVE('',#473,#478,#233,.T.);
#589=EDGE_CURVE('',#465,#479,#234,.T.);
#590=EDGE_CURVE('',#479,#480,#235,.T.);
#591=EDGE_CURVE('',#481,#480,#236,.T.);
#592=EDGE_CURVE('',#474,#481,#237,.T.);
#593=EDGE_CURVE('',#474,#466,#238,.T.);
#594=EDGE_CURVE('',#455,#471,#239,.T.);
#595=EDGE_CURVE('',#473,#479,#240,.T.);
#596=EDGE_CURVE('',#480,#478,#241,.T.);
#597=EDGE_CURVE('',#472,#452,#242,.T.);
#598=EDGE_CURVE('',#482,#483,#243,.T.);
#599=EDGE_CURVE('',#484,#482,#244,.T.);
#600=EDGE_CURVE('',#485,#484,#245,.T.);
#601=EDGE_CURVE('',#485,#483,#246,.T.);
#602=EDGE_CURVE('',#483,#486,#419,.T.);
#603=EDGE_CURVE('',#487,#485,#247,.T.);
#604=EDGE_CURVE('',#487,#486,#248,.T.);
#605=EDGE_CURVE('',#486,#488,#249,.T.);
#606=EDGE_CURVE('',#489,#487,#250,.T.);
#607=EDGE_CURVE('',#489,#488,#251,.T.);
#608=EDGE_CURVE('',#488,#482,#420,.T.);
#609=EDGE_CURVE('',#484,#489,#252,.T.);
#610=EDGE_CURVE('',#490,#491,#421,.T.);
#611=EDGE_CURVE('',#491,#492,#253,.T.);
#612=EDGE_CURVE('',#492,#493,#42,.F.);
#613=EDGE_CURVE('',#493,#490,#254,.T.);
#614=EDGE_CURVE('',#494,#495,#422,.T.);
#615=EDGE_CURVE('',#495,#491,#27,.T.);
#616=EDGE_CURVE('',#490,#494,#28,.T.);
#617=EDGE_CURVE('',#496,#497,#423,.T.);
#618=EDGE_CURVE('',#497,#495,#255,.T.);
#619=EDGE_CURVE('',#494,#496,#256,.T.);
#620=EDGE_CURVE('',#498,#499,#424,.T.);
#621=EDGE_CURVE('',#499,#497,#29,.T.);
#622=EDGE_CURVE('',#496,#498,#30,.T.);
#623=EDGE_CURVE('',#500,#501,#43,.F.);
#624=EDGE_CURVE('',#501,#499,#257,.T.);
#625=EDGE_CURVE('',#498,#500,#258,.T.);
#626=EDGE_CURVE('',#502,#498,#259,.T.);
#627=EDGE_CURVE('',#503,#502,#260,.T.);
#628=EDGE_CURVE('',#500,#503,#261,.T.);
#629=EDGE_CURVE('',#496,#504,#262,.T.);
#630=EDGE_CURVE('',#504,#502,#425,.T.);
#631=EDGE_CURVE('',#505,#494,#263,.T.);
#632=EDGE_CURVE('',#505,#504,#264,.T.);
#633=EDGE_CURVE('',#490,#506,#265,.T.);
#634=EDGE_CURVE('',#506,#505,#426,.T.);
#635=EDGE_CURVE('',#493,#507,#266,.T.);
#636=EDGE_CURVE('',#506,#507,#267,.T.);
#637=EDGE_CURVE('',#508,#509,#427,.T.);
#638=EDGE_CURVE('',#509,#510,#268,.T.);
#639=EDGE_CURVE('',#510,#511,#44,.F.);
#640=EDGE_CURVE('',#511,#508,#269,.T.);
#641=EDGE_CURVE('',#512,#513,#428,.T.);
#642=EDGE_CURVE('',#513,#509,#31,.T.);
#643=EDGE_CURVE('',#508,#512,#32,.T.);
#644=EDGE_CURVE('',#514,#515,#429,.T.);
#645=EDGE_CURVE('',#515,#513,#270,.T.);
#646=EDGE_CURVE('',#512,#514,#271,.T.);
#647=EDGE_CURVE('',#516,#517,#430,.T.);
#648=EDGE_CURVE('',#517,#515,#33,.T.);
#649=EDGE_CURVE('',#514,#516,#34,.T.);
#650=EDGE_CURVE('',#518,#519,#45,.F.);
#651=EDGE_CURVE('',#519,#517,#272,.T.);
#652=EDGE_CURVE('',#516,#518,#273,.T.);
#653=EDGE_CURVE('',#520,#516,#274,.T.);
#654=EDGE_CURVE('',#521,#520,#275,.T.);
#655=EDGE_CURVE('',#521,#518,#276,.T.);
#656=EDGE_CURVE('',#514,#522,#277,.T.);
#657=EDGE_CURVE('',#522,#520,#431,.T.);
#658=EDGE_CURVE('',#523,#512,#278,.T.);
#659=EDGE_CURVE('',#523,#522,#279,.T.);
#660=EDGE_CURVE('',#508,#524,#280,.T.);
#661=EDGE_CURVE('',#524,#523,#432,.T.);
#662=EDGE_CURVE('',#511,#525,#281,.T.);
#663=EDGE_CURVE('',#524,#525,#282,.T.);
#664=EDGE_CURVE('',#525,#503,#433,.T.);
#665=EDGE_CURVE('',#507,#521,#434,.T.);
#666=EDGE_CURVE('',#526,#527,#283,.T.);
#667=EDGE_CURVE('',#528,#526,#284,.T.);
#668=EDGE_CURVE('',#529,#528,#285,.T.);
#669=EDGE_CURVE('',#527,#529,#286,.T.);
#670=EDGE_CURVE('',#530,#530,#435,.T.);
#671=EDGE_CURVE('',#531,#531,#436,.T.);
#672=EDGE_CURVE('',#532,#532,#437,.T.);
#673=EDGE_CURVE('',#533,#533,#438,.T.);
#674=EDGE_CURVE('',#501,#492,#35,.T.);
#675=EDGE_CURVE('',#534,#535,#287,.T.);
#676=EDGE_CURVE('',#536,#534,#439,.T.);
#677=EDGE_CURVE('',#536,#537,#288,.T.);
#678=EDGE_CURVE('',#535,#537,#440,.T.);
#679=EDGE_CURVE('',#535,#475,#289,.T.);
#680=EDGE_CURVE('',#538,#481,#290,.T.);
#681=EDGE_CURVE('',#539,#538,#291,.T.);
#682=EDGE_CURVE('',#539,#534,#292,.T.);
#683=EDGE_CURVE('',#539,#540,#441,.T.);
#684=EDGE_CURVE('',#540,#536,#293,.T.);
#685=EDGE_CURVE('',#541,#477,#294,.T.);
#686=EDGE_CURVE('',#541,#542,#295,.T.);
#687=EDGE_CURVE('',#528,#542,#442,.F.);
#688=EDGE_CURVE('',#526,#543,#443,.T.);
#689=EDGE_CURVE('',#543,#544,#296,.T.);
#690=EDGE_CURVE('',#544,#538,#444,.T.);
#691=EDGE_CURVE('',#519,#545,#36,.T.);
#692=EDGE_CURVE('',#545,#510,#37,.T.);
#693=EDGE_CURVE('',#545,#546,#297,.T.);
#694=EDGE_CURVE('',#546,#546,#445,.T.);
#695=EDGE_CURVE('',#527,#547,#446,.F.);
#696=EDGE_CURVE('',#547,#543,#298,.T.);
#697=EDGE_CURVE('',#542,#548,#299,.T.);
#698=EDGE_CURVE('',#529,#548,#447,.T.);
#699=EDGE_CURVE('',#531,#549,#300,.T.);
#700=EDGE_CURVE('',#549,#549,#448,.T.);
#701=EDGE_CURVE('',#533,#550,#301,.T.);
#702=EDGE_CURVE('',#550,#550,#449,.T.);
#703=EDGE_CURVE('',#530,#551,#302,.T.);
#704=EDGE_CURVE('',#551,#551,#450,.T.);
#705=EDGE_CURVE('',#532,#552,#303,.T.);
#706=EDGE_CURVE('',#552,#552,#451,.T.);
#707=EDGE_CURVE('',#553,#541,#304,.T.);
#708=EDGE_CURVE('',#548,#553,#305,.T.);
#709=EDGE_CURVE('',#537,#547,#306,.T.);
#710=EDGE_CURVE('',#544,#540,#307,.T.);
#711=EDGE_CURVE('',#553,#476,#308,.T.);
#712=ORIENTED_EDGE('',*,*,#554,.T.);
#713=ORIENTED_EDGE('',*,*,#555,.T.);
#714=ORIENTED_EDGE('',*,*,#556,.T.);
#715=ORIENTED_EDGE('',*,*,#557,.T.);
#716=ORIENTED_EDGE('',*,*,#555,.F.);
#717=ORIENTED_EDGE('',*,*,#558,.T.);
#718=ORIENTED_EDGE('',*,*,#559,.F.);
#719=ORIENTED_EDGE('',*,*,#560,.F.);
#720=ORIENTED_EDGE('',*,*,#561,.T.);
#721=ORIENTED_EDGE('',*,*,#562,.T.);
#722=ORIENTED_EDGE('',*,*,#563,.T.);
#723=ORIENTED_EDGE('',*,*,#564,.T.);
#724=ORIENTED_EDGE('',*,*,#562,.F.);
#725=ORIENTED_EDGE('',*,*,#565,.T.);
#726=ORIENTED_EDGE('',*,*,#566,.T.);
#727=ORIENTED_EDGE('',*,*,#567,.T.);
#728=ORIENTED_EDGE('',*,*,#568,.F.);
#729=ORIENTED_EDGE('',*,*,#564,.F.);
#730=ORIENTED_EDGE('',*,*,#569,.T.);
#731=ORIENTED_EDGE('',*,*,#570,.T.);
#732=ORIENTED_EDGE('',*,*,#571,.T.);
#733=ORIENTED_EDGE('',*,*,#572,.F.);
#734=ORIENTED_EDGE('',*,*,#573,.F.);
#735=ORIENTED_EDGE('',*,*,#567,.F.);
#736=ORIENTED_EDGE('',*,*,#574,.F.);
#737=ORIENTED_EDGE('',*,*,#566,.F.);
#738=ORIENTED_EDGE('',*,*,#575,.F.);
#739=ORIENTED_EDGE('',*,*,#576,.F.);
#740=ORIENTED_EDGE('',*,*,#577,.T.);
#741=ORIENTED_EDGE('',*,*,#578,.T.);
#742=ORIENTED_EDGE('',*,*,#579,.T.);
#743=ORIENTED_EDGE('',*,*,#572,.T.);
#744=ORIENTED_EDGE('',*,*,#574,.T.);
#745=ORIENTED_EDGE('',*,*,#580,.T.);
#746=ORIENTED_EDGE('',*,*,#581,.T.);
#747=ORIENTED_EDGE('',*,*,#577,.F.);
#748=ORIENTED_EDGE('',*,*,#582,.T.);
#749=ORIENTED_EDGE('',*,*,#559,.T.);
#750=ORIENTED_EDGE('',*,*,#583,.T.);
#751=ORIENTED_EDGE('',*,*,#584,.F.);
#752=ORIENTED_EDGE('',*,*,#585,.F.);
#753=ORIENTED_EDGE('',*,*,#586,.F.);
#754=ORIENTED_EDGE('',*,*,#587,.F.);
#755=ORIENTED_EDGE('',*,*,#588,.F.);
#756=ORIENTED_EDGE('',*,*,#589,.T.);
#757=ORIENTED_EDGE('',*,*,#590,.T.);
#758=ORIENTED_EDGE('',*,*,#591,.F.);
#759=ORIENTED_EDGE('',*,*,#592,.F.);
#760=ORIENTED_EDGE('',*,*,#593,.T.);
#761=ORIENTED_EDGE('',*,*,#570,.F.);
#762=ORIENTED_EDGE('',*,*,#589,.F.);
#763=ORIENTED_EDGE('',*,*,#569,.F.);
#764=ORIENTED_EDGE('',*,*,#563,.F.);
#765=ORIENTED_EDGE('',*,*,#568,.T.);
#766=ORIENTED_EDGE('',*,*,#573,.T.);
#767=ORIENTED_EDGE('',*,*,#579,.F.);
#768=ORIENTED_EDGE('',*,*,#594,.F.);
#769=ORIENTED_EDGE('',*,*,#556,.F.);
#770=ORIENTED_EDGE('',*,*,#560,.T.);
#771=ORIENTED_EDGE('',*,*,#582,.F.);
#772=ORIENTED_EDGE('',*,*,#595,.T.);
#773=ORIENTED_EDGE('',*,*,#590,.F.);
#774=ORIENTED_EDGE('',*,*,#595,.F.);
#775=ORIENTED_EDGE('',*,*,#588,.T.);
#776=ORIENTED_EDGE('',*,*,#596,.F.);
#777=ORIENTED_EDGE('',*,*,#593,.F.);
#778=ORIENTED_EDGE('',*,*,#583,.F.);
#779=ORIENTED_EDGE('',*,*,#558,.F.);
#780=ORIENTED_EDGE('',*,*,#554,.F.);
#781=ORIENTED_EDGE('',*,*,#597,.F.);
#782=ORIENTED_EDGE('',*,*,#580,.F.);
#783=ORIENTED_EDGE('',*,*,#575,.T.);
#784=ORIENTED_EDGE('',*,*,#565,.F.);
#785=ORIENTED_EDGE('',*,*,#561,.F.);
#786=ORIENTED_EDGE('',*,*,#571,.F.);
#787=ORIENTED_EDGE('',*,*,#598,.F.);
#788=ORIENTED_EDGE('',*,*,#599,.F.);
#789=ORIENTED_EDGE('',*,*,#600,.F.);
#790=ORIENTED_EDGE('',*,*,#601,.T.);
#791=ORIENTED_EDGE('',*,*,#602,.F.);
#792=ORIENTED_EDGE('',*,*,#601,.F.);
#793=ORIENTED_EDGE('',*,*,#603,.F.);
#794=ORIENTED_EDGE('',*,*,#604,.T.);
#795=ORIENTED_EDGE('',*,*,#605,.F.);
#796=ORIENTED_EDGE('',*,*,#604,.F.);
#797=ORIENTED_EDGE('',*,*,#606,.F.);
#798=ORIENTED_EDGE('',*,*,#607,.T.);
#799=ORIENTED_EDGE('',*,*,#608,.F.);
#800=ORIENTED_EDGE('',*,*,#607,.F.);
#801=ORIENTED_EDGE('',*,*,#609,.F.);
#802=ORIENTED_EDGE('',*,*,#599,.T.);
#803=ORIENTED_EDGE('',*,*,#610,.T.);
#804=ORIENTED_EDGE('',*,*,#611,.T.);
#805=ORIENTED_EDGE('',*,*,#612,.T.);
#806=ORIENTED_EDGE('',*,*,#613,.T.);
#807=ORIENTED_EDGE('',*,*,#614,.T.);
#808=ORIENTED_EDGE('',*,*,#615,.T.);
#809=ORIENTED_EDGE('',*,*,#610,.F.);
#810=ORIENTED_EDGE('',*,*,#616,.T.);
#811=ORIENTED_EDGE('',*,*,#617,.T.);
#812=ORIENTED_EDGE('',*,*,#618,.T.);
#813=ORIENTED_EDGE('',*,*,#614,.F.);
#814=ORIENTED_EDGE('',*,*,#619,.T.);
#815=ORIENTED_EDGE('',*,*,#620,.T.);
#816=ORIENTED_EDGE('',*,*,#621,.T.);
#817=ORIENTED_EDGE('',*,*,#617,.F.);
#818=ORIENTED_EDGE('',*,*,#622,.T.);
#819=ORIENTED_EDGE('',*,*,#623,.T.);
#820=ORIENTED_EDGE('',*,*,#624,.T.);
#821=ORIENTED_EDGE('',*,*,#620,.F.);
#822=ORIENTED_EDGE('',*,*,#625,.T.);
#823=ORIENTED_EDGE('',*,*,#625,.F.);
#824=ORIENTED_EDGE('',*,*,#626,.F.);
#825=ORIENTED_EDGE('',*,*,#627,.F.);
#826=ORIENTED_EDGE('',*,*,#628,.F.);
#827=ORIENTED_EDGE('',*,*,#622,.F.);
#828=ORIENTED_EDGE('',*,*,#629,.T.);
#829=ORIENTED_EDGE('',*,*,#630,.T.);
#830=ORIENTED_EDGE('',*,*,#626,.T.);
#831=ORIENTED_EDGE('',*,*,#605,.T.);
#832=ORIENTED_EDGE('',*,*,#608,.T.);
#833=ORIENTED_EDGE('',*,*,#598,.T.);
#834=ORIENTED_EDGE('',*,*,#602,.T.);
#835=ORIENTED_EDGE('',*,*,#619,.F.);
#836=ORIENTED_EDGE('',*,*,#631,.F.);
#837=ORIENTED_EDGE('',*,*,#632,.T.);
#838=ORIENTED_EDGE('',*,*,#629,.F.);
#839=ORIENTED_EDGE('',*,*,#616,.F.);
#840=ORIENTED_EDGE('',*,*,#633,.T.);
#841=ORIENTED_EDGE('',*,*,#634,.T.);
#842=ORIENTED_EDGE('',*,*,#631,.T.);
#843=ORIENTED_EDGE('',*,*,#613,.F.);
#844=ORIENTED_EDGE('',*,*,#635,.T.);
#845=ORIENTED_EDGE('',*,*,#636,.F.);
#846=ORIENTED_EDGE('',*,*,#633,.F.);
#847=ORIENTED_EDGE('',*,*,#637,.T.);
#848=ORIENTED_EDGE('',*,*,#638,.T.);
#849=ORIENTED_EDGE('',*,*,#639,.T.);
#850=ORIENTED_EDGE('',*,*,#640,.T.);
#851=ORIENTED_EDGE('',*,*,#641,.T.);
#852=ORIENTED_EDGE('',*,*,#642,.T.);
#853=ORIENTED_EDGE('',*,*,#637,.F.);
#854=ORIENTED_EDGE('',*,*,#643,.T.);
#855=ORIENTED_EDGE('',*,*,#644,.T.);
#856=ORIENTED_EDGE('',*,*,#645,.T.);
#857=ORIENTED_EDGE('',*,*,#641,.F.);
#858=ORIENTED_EDGE('',*,*,#646,.T.);
#859=ORIENTED_EDGE('',*,*,#647,.T.);
#860=ORIENTED_EDGE('',*,*,#648,.T.);
#861=ORIENTED_EDGE('',*,*,#644,.F.);
#862=ORIENTED_EDGE('',*,*,#649,.T.);
#863=ORIENTED_EDGE('',*,*,#650,.T.);
#864=ORIENTED_EDGE('',*,*,#651,.T.);
#865=ORIENTED_EDGE('',*,*,#647,.F.);
#866=ORIENTED_EDGE('',*,*,#652,.T.);
#867=ORIENTED_EDGE('',*,*,#652,.F.);
#868=ORIENTED_EDGE('',*,*,#653,.F.);
#869=ORIENTED_EDGE('',*,*,#654,.F.);
#870=ORIENTED_EDGE('',*,*,#655,.T.);
#871=ORIENTED_EDGE('',*,*,#649,.F.);
#872=ORIENTED_EDGE('',*,*,#656,.T.);
#873=ORIENTED_EDGE('',*,*,#657,.T.);
#874=ORIENTED_EDGE('',*,*,#653,.T.);
#875=ORIENTED_EDGE('',*,*,#646,.F.);
#876=ORIENTED_EDGE('',*,*,#658,.F.);
#877=ORIENTED_EDGE('',*,*,#659,.T.);
#878=ORIENTED_EDGE('',*,*,#656,.F.);
#879=ORIENTED_EDGE('',*,*,#643,.F.);
#880=ORIENTED_EDGE('',*,*,#660,.T.);
#881=ORIENTED_EDGE('',*,*,#661,.T.);
#882=ORIENTED_EDGE('',*,*,#658,.T.);
#883=ORIENTED_EDGE('',*,*,#640,.F.);
#884=ORIENTED_EDGE('',*,*,#662,.T.);
#885=ORIENTED_EDGE('',*,*,#663,.F.);
#886=ORIENTED_EDGE('',*,*,#660,.F.);
#887=ORIENTED_EDGE('',*,*,#657,.F.);
#888=ORIENTED_EDGE('',*,*,#659,.F.);
#889=ORIENTED_EDGE('',*,*,#661,.F.);
#890=ORIENTED_EDGE('',*,*,#663,.T.);
#891=ORIENTED_EDGE('',*,*,#664,.T.);
#892=ORIENTED_EDGE('',*,*,#627,.T.);
#893=ORIENTED_EDGE('',*,*,#630,.F.);
#894=ORIENTED_EDGE('',*,*,#632,.F.);
#895=ORIENTED_EDGE('',*,*,#634,.F.);
#896=ORIENTED_EDGE('',*,*,#636,.T.);
#897=ORIENTED_EDGE('',*,*,#665,.T.);
#898=ORIENTED_EDGE('',*,*,#654,.T.);
#899=ORIENTED_EDGE('',*,*,#666,.F.);
#900=ORIENTED_EDGE('',*,*,#667,.F.);
#901=ORIENTED_EDGE('',*,*,#668,.F.);
#902=ORIENTED_EDGE('',*,*,#669,.F.);
#903=ORIENTED_EDGE('',*,*,#670,.T.);
#904=ORIENTED_EDGE('',*,*,#671,.T.);
#905=ORIENTED_EDGE('',*,*,#672,.T.);
#906=ORIENTED_EDGE('',*,*,#673,.T.);
#907=ORIENTED_EDGE('',*,*,#624,.F.);
#908=ORIENTED_EDGE('',*,*,#674,.T.);
#909=ORIENTED_EDGE('',*,*,#611,.F.);
#910=ORIENTED_EDGE('',*,*,#615,.F.);
#911=ORIENTED_EDGE('',*,*,#618,.F.);
#912=ORIENTED_EDGE('',*,*,#621,.F.);
#913=ORIENTED_EDGE('',*,*,#675,.F.);
#914=ORIENTED_EDGE('',*,*,#676,.F.);
#915=ORIENTED_EDGE('',*,*,#677,.T.);
#916=ORIENTED_EDGE('',*,*,#678,.F.);
#917=ORIENTED_EDGE('',*,*,#679,.T.);
#918=ORIENTED_EDGE('',*,*,#584,.T.);
#919=ORIENTED_EDGE('',*,*,#592,.T.);
#920=ORIENTED_EDGE('',*,*,#680,.F.);
#921=ORIENTED_EDGE('',*,*,#681,.F.);
#922=ORIENTED_EDGE('',*,*,#682,.T.);
#923=ORIENTED_EDGE('',*,*,#675,.T.);
#924=ORIENTED_EDGE('',*,*,#683,.T.);
#925=ORIENTED_EDGE('',*,*,#684,.T.);
#926=ORIENTED_EDGE('',*,*,#676,.T.);
#927=ORIENTED_EDGE('',*,*,#682,.F.);
#928=ORIENTED_EDGE('',*,*,#587,.T.);
#929=ORIENTED_EDGE('',*,*,#685,.F.);
#930=ORIENTED_EDGE('',*,*,#686,.T.);
#931=ORIENTED_EDGE('',*,*,#687,.F.);
#932=ORIENTED_EDGE('',*,*,#667,.T.);
#933=ORIENTED_EDGE('',*,*,#688,.T.);
#934=ORIENTED_EDGE('',*,*,#689,.T.);
#935=ORIENTED_EDGE('',*,*,#690,.T.);
#936=ORIENTED_EDGE('',*,*,#680,.T.);
#937=ORIENTED_EDGE('',*,*,#591,.T.);
#938=ORIENTED_EDGE('',*,*,#596,.T.);
#939=ORIENTED_EDGE('',*,*,#606,.T.);
#940=ORIENTED_EDGE('',*,*,#603,.T.);
#941=ORIENTED_EDGE('',*,*,#600,.T.);
#942=ORIENTED_EDGE('',*,*,#609,.T.);
#943=ORIENTED_EDGE('',*,*,#651,.F.);
#944=ORIENTED_EDGE('',*,*,#691,.T.);
#945=ORIENTED_EDGE('',*,*,#692,.T.);
#946=ORIENTED_EDGE('',*,*,#638,.F.);
#947=ORIENTED_EDGE('',*,*,#642,.F.);
#948=ORIENTED_EDGE('',*,*,#645,.F.);
#949=ORIENTED_EDGE('',*,*,#648,.F.);
#950=ORIENTED_EDGE('',*,*,#664,.F.);
#951=ORIENTED_EDGE('',*,*,#662,.F.);
#952=ORIENTED_EDGE('',*,*,#639,.F.);
#953=ORIENTED_EDGE('',*,*,#692,.F.);
#954=ORIENTED_EDGE('',*,*,#693,.T.);
#955=ORIENTED_EDGE('',*,*,#694,.F.);
#956=ORIENTED_EDGE('',*,*,#693,.F.);
#957=ORIENTED_EDGE('',*,*,#691,.F.);
#958=ORIENTED_EDGE('',*,*,#650,.F.);
#959=ORIENTED_EDGE('',*,*,#655,.F.);
#960=ORIENTED_EDGE('',*,*,#665,.F.);
#961=ORIENTED_EDGE('',*,*,#635,.F.);
#962=ORIENTED_EDGE('',*,*,#612,.F.);
#963=ORIENTED_EDGE('',*,*,#674,.F.);
#964=ORIENTED_EDGE('',*,*,#623,.F.);
#965=ORIENTED_EDGE('',*,*,#628,.T.);
#966=ORIENTED_EDGE('',*,*,#666,.T.);
#967=ORIENTED_EDGE('',*,*,#695,.T.);
#968=ORIENTED_EDGE('',*,*,#696,.T.);
#969=ORIENTED_EDGE('',*,*,#688,.F.);
#970=ORIENTED_EDGE('',*,*,#668,.T.);
#971=ORIENTED_EDGE('',*,*,#687,.T.);
#972=ORIENTED_EDGE('',*,*,#697,.T.);
#973=ORIENTED_EDGE('',*,*,#698,.F.);
#974=ORIENTED_EDGE('',*,*,#594,.T.);
#975=ORIENTED_EDGE('',*,*,#578,.F.);
#976=ORIENTED_EDGE('',*,*,#581,.F.);
#977=ORIENTED_EDGE('',*,*,#597,.T.);
#978=ORIENTED_EDGE('',*,*,#557,.F.);
#979=ORIENTED_EDGE('',*,*,#671,.F.);
#980=ORIENTED_EDGE('',*,*,#699,.T.);
#981=ORIENTED_EDGE('',*,*,#700,.F.);
#982=ORIENTED_EDGE('',*,*,#699,.F.);
#983=ORIENTED_EDGE('',*,*,#673,.F.);
#984=ORIENTED_EDGE('',*,*,#701,.T.);
#985=ORIENTED_EDGE('',*,*,#702,.F.);
#986=ORIENTED_EDGE('',*,*,#701,.F.);
#987=ORIENTED_EDGE('',*,*,#670,.F.);
#988=ORIENTED_EDGE('',*,*,#703,.T.);
#989=ORIENTED_EDGE('',*,*,#704,.F.);
#990=ORIENTED_EDGE('',*,*,#703,.F.);
#991=ORIENTED_EDGE('',*,*,#672,.F.);
#992=ORIENTED_EDGE('',*,*,#705,.T.);
#993=ORIENTED_EDGE('',*,*,#706,.F.);
#994=ORIENTED_EDGE('',*,*,#705,.F.);
#995=ORIENTED_EDGE('',*,*,#697,.F.);
#996=ORIENTED_EDGE('',*,*,#686,.F.);
#997=ORIENTED_EDGE('',*,*,#707,.F.);
#998=ORIENTED_EDGE('',*,*,#708,.F.);
#999=ORIENTED_EDGE('',*,*,#702,.T.);
#1000=ORIENTED_EDGE('',*,*,#706,.T.);
#1001=ORIENTED_EDGE('',*,*,#696,.F.);
#1002=ORIENTED_EDGE('',*,*,#709,.F.);
#1003=ORIENTED_EDGE('',*,*,#677,.F.);
#1004=ORIENTED_EDGE('',*,*,#684,.F.);
#1005=ORIENTED_EDGE('',*,*,#710,.F.);
#1006=ORIENTED_EDGE('',*,*,#689,.F.);
#1007=ORIENTED_EDGE('',*,*,#700,.T.);
#1008=ORIENTED_EDGE('',*,*,#704,.T.);
#1009=ORIENTED_EDGE('',*,*,#710,.T.);
#1010=ORIENTED_EDGE('',*,*,#683,.F.);
#1011=ORIENTED_EDGE('',*,*,#681,.T.);
#1012=ORIENTED_EDGE('',*,*,#690,.F.);
#1013=ORIENTED_EDGE('',*,*,#709,.T.);
#1014=ORIENTED_EDGE('',*,*,#695,.F.);
#1015=ORIENTED_EDGE('',*,*,#669,.T.);
#1016=ORIENTED_EDGE('',*,*,#698,.T.);
#1017=ORIENTED_EDGE('',*,*,#708,.T.);
#1018=ORIENTED_EDGE('',*,*,#711,.T.);
#1019=ORIENTED_EDGE('',*,*,#585,.T.);
#1020=ORIENTED_EDGE('',*,*,#679,.F.);
#1021=ORIENTED_EDGE('',*,*,#678,.T.);
#1022=ORIENTED_EDGE('',*,*,#586,.T.);
#1023=ORIENTED_EDGE('',*,*,#711,.F.);
#1024=ORIENTED_EDGE('',*,*,#707,.T.);
#1025=ORIENTED_EDGE('',*,*,#685,.T.);
#1026=ORIENTED_EDGE('',*,*,#694,.T.);
#1027=ORIENTED_EDGE('',*,*,#576,.T.);
#1028=CYLINDRICAL_SURFACE('',#1122,15.);
#1029=CYLINDRICAL_SURFACE('',#1133,25.);
#1030=CYLINDRICAL_SURFACE('',#1148,10.);
#1031=CYLINDRICAL_SURFACE('',#1153,10.);
#1032=CYLINDRICAL_SURFACE('',#1158,10.);
#1033=CYLINDRICAL_SURFACE('',#1160,15.);
#1034=CYLINDRICAL_SURFACE('',#1163,15.);
#1035=CYLINDRICAL_SURFACE('',#1166,10.);
#1036=CYLINDRICAL_SURFACE('',#1171,10.);
#1037=CYLINDRICAL_SURFACE('',#1176,10.);
#1038=CYLINDRICAL_SURFACE('',#1178,15.);
#1039=CYLINDRICAL_SURFACE('',#1181,15.);
#1040=CYLINDRICAL_SURFACE('',#1193,163.25);
#1041=CYLINDRICAL_SURFACE('',#1197,163.25);
#1042=CYLINDRICAL_SURFACE('',#1206,30.);
#1043=CYLINDRICAL_SURFACE('',#1208,3.);
#1044=CYLINDRICAL_SURFACE('',#1210,3.);
#1045=CYLINDRICAL_SURFACE('',#1213,1.5);
#1046=CYLINDRICAL_SURFACE('',#1215,1.5);
#1047=CYLINDRICAL_SURFACE('',#1217,1.5);
#1048=CYLINDRICAL_SURFACE('',#1219,1.5);
#1049=CYLINDRICAL_SURFACE('',#1223,163.25);
#1050=ADVANCED_FACE('',(#78),#1028,.T.);
#1051=ADVANCED_FACE('',(#79),#46,.F.);
#1052=ADVANCED_FACE('',(#80),#47,.T.);
#1053=ADVANCED_FACE('',(#81),#48,.F.);
#1054=ADVANCED_FACE('',(#82),#49,.T.);
#1055=ADVANCED_FACE('',(#83),#50,.F.);
#1056=ADVANCED_FACE('',(#84),#51,.F.);
#1057=ADVANCED_FACE('',(#85),#1029,.F.);
#1058=ADVANCED_FACE('',(#86),#52,.T.);
#1059=ADVANCED_FACE('',(#87),#53,.F.);
#1060=ADVANCED_FACE('',(#88),#54,.T.);
#1061=ADVANCED_FACE('',(#89),#55,.T.);
#1062=ADVANCED_FACE('',(#90),#56,.F.);
#1063=ADVANCED_FACE('',(#91),#57,.F.);
#1064=ADVANCED_FACE('',(#92),#58,.F.);
#1065=ADVANCED_FACE('',(#93),#59,.F.);
#1066=ADVANCED_FACE('',(#94),#60,.F.);
#1067=ADVANCED_FACE('',(#95),#1030,.T.);
#1068=ADVANCED_FACE('',(#96),#38,.F.);
#1069=ADVANCED_FACE('',(#97),#1031,.T.);
#1070=ADVANCED_FACE('',(#98),#39,.F.);
#1071=ADVANCED_FACE('',(#99),#1032,.T.);
#1072=ADVANCED_FACE('',(#100),#61,.F.);
#1073=ADVANCED_FACE('',(#101,#15),#1033,.T.);
#1074=ADVANCED_FACE('',(#102),#62,.T.);
#1075=ADVANCED_FACE('',(#103),#1034,.T.);
#1076=ADVANCED_FACE('',(#104),#63,.F.);
#1077=ADVANCED_FACE('',(#105),#1035,.T.);
#1078=ADVANCED_FACE('',(#106),#40,.F.);
#1079=ADVANCED_FACE('',(#107),#1036,.T.);
#1080=ADVANCED_FACE('',(#108),#41,.F.);
#1081=ADVANCED_FACE('',(#109),#1037,.T.);
#1082=ADVANCED_FACE('',(#110),#64,.F.);
#1083=ADVANCED_FACE('',(#111),#1038,.T.);
#1084=ADVANCED_FACE('',(#112),#65,.T.);
#1085=ADVANCED_FACE('',(#113),#1039,.T.);
#1086=ADVANCED_FACE('',(#114),#66,.F.);
#1087=ADVANCED_FACE('',(#115,#16,#17,#18,#19,#20),#67,.F.);
#1088=ADVANCED_FACE('',(#116),#68,.T.);
#1089=ADVANCED_FACE('',(#117),#1040,.T.);
#1090=ADVANCED_FACE('',(#118),#69,.F.);
#1091=ADVANCED_FACE('',(#119),#1041,.T.);
#1092=ADVANCED_FACE('',(#120,#21),#70,.F.);
#1093=ADVANCED_FACE('',(#121),#71,.T.);
#1094=ADVANCED_FACE('',(#122),#1042,.T.);
#1095=ADVANCED_FACE('',(#123),#1043,.T.);
#1096=ADVANCED_FACE('',(#124),#1044,.T.);
#1097=ADVANCED_FACE('',(#125),#72,.T.);
#1098=ADVANCED_FACE('',(#126),#1045,.F.);
#1099=ADVANCED_FACE('',(#127),#1046,.F.);
#1100=ADVANCED_FACE('',(#128),#1047,.F.);
#1101=ADVANCED_FACE('',(#129),#1048,.F.);
#1102=ADVANCED_FACE('',(#130,#22,#23),#73,.T.);
#1103=ADVANCED_FACE('',(#131,#24,#25),#74,.T.);
#1104=ADVANCED_FACE('',(#132),#1049,.T.);
#1105=ADVANCED_FACE('',(#133),#75,.F.);
#1106=ADVANCED_FACE('',(#134),#76,.F.);
#1107=ADVANCED_FACE('',(#135,#26),#77,.F.);
#1108=CLOSED_SHELL('',(#1050,#1051,#1052,#1053,#1054,#1055,#1056,#1057,
#1058,#1059,#1060,#1061,#1062,#1063,#1064,#1065,#1066,#1067,#1068,#1069,
#1070,#1071,#1072,#1073,#1074,#1075,#1076,#1077,#1078,#1079,#1080,#1081,
#1082,#1083,#1084,#1085,#1086,#1087,#1088,#1089,#1090,#1091,#1092,#1093,
#1094,#1095,#1096,#1097,#1098,#1099,#1100,#1101,#1102,#1103,#1104,#1105,
#1106,#1107));
#1109=DERIVED_UNIT_ELEMENT(#1111,1.);
#1110=DERIVED_UNIT_ELEMENT(#2090,-3.);
#1111=(
MASS_UNIT()
NAMED_UNIT(*)
SI_UNIT(.KILO.,.GRAM.)
);
#1112=DERIVED_UNIT((#1109,#1110));
#1113=MEASURE_REPRESENTATION_ITEM('density measure',
POSITIVE_RATIO_MEASURE(952.),#1112);
#1114=PROPERTY_DEFINITION_REPRESENTATION(#1119,#1116);
#1115=PROPERTY_DEFINITION_REPRESENTATION(#1120,#1117);
#1116=REPRESENTATION('material name',(#1118),#2087);
#1117=REPRESENTATION('density',(#1113),#2087);
#1118=DESCRIPTIVE_REPRESENTATION_ITEM('Plastic, Opaque White',
'Plastic, Opaque White');
#1119=PROPERTY_DEFINITION('material property','material name',#2097);
#1120=PROPERTY_DEFINITION('material property','density of part',#2097);
#1121=AXIS2_PLACEMENT_3D('',#1542,#1227,#1228);
#1122=AXIS2_PLACEMENT_3D('',#1543,#1229,#1230);
#1123=AXIS2_PLACEMENT_3D('',#1546,#1231,#1232);
#1124=AXIS2_PLACEMENT_3D('',#1550,#1234,#1235);
#1125=AXIS2_PLACEMENT_3D('',#1552,#1237,#1238);
#1126=AXIS2_PLACEMENT_3D('',#1558,#1242,#1243);
#1127=AXIS2_PLACEMENT_3D('',#1567,#1248,#1249);
#1128=AXIS2_PLACEMENT_3D('',#1575,#1254,#1255);
#1129=AXIS2_PLACEMENT_3D('',#1581,#1259,#1260);
#1130=AXIS2_PLACEMENT_3D('',#1583,#1261,#1262);
#1131=AXIS2_PLACEMENT_3D('',#1585,#1264,#1265);
#1132=AXIS2_PLACEMENT_3D('',#1587,#1266,#1267);
#1133=AXIS2_PLACEMENT_3D('',#1589,#1269,#1270);
#1134=AXIS2_PLACEMENT_3D('',#1591,#1271,#1272);
#1135=AXIS2_PLACEMENT_3D('',#1595,#1274,#1275);
#1136=AXIS2_PLACEMENT_3D('',#1599,#1278,#1279);
#1137=AXIS2_PLACEMENT_3D('',#1600,#1280,#1281);
#1138=AXIS2_PLACEMENT_3D('',#1614,#1289,#1290);
#1139=AXIS2_PLACEMENT_3D('',#1623,#1296,#1297);
#1140=AXIS2_PLACEMENT_3D('',#1626,#1300,#1301);
#1141=AXIS2_PLACEMENT_3D('',#1628,#1303,#1304);
#1142=AXIS2_PLACEMENT_3D('',#1630,#1306,#1307);
#1143=AXIS2_PLACEMENT_3D('',#1639,#1312,#1313);
#1144=AXIS2_PLACEMENT_3D('',#1641,#1314,#1315);
#1145=AXIS2_PLACEMENT_3D('',#1645,#1318,#1319);
#1146=AXIS2_PLACEMENT_3D('',#1651,#1323,#1324);
#1147=AXIS2_PLACEMENT_3D('',#1652,#1325,#1326);
#1148=AXIS2_PLACEMENT_3D('',#1654,#1328,#1329);
#1149=AXIS2_PLACEMENT_3D('',#1657,#1330,#1331);
#1150=AXIS2_PLACEMENT_3D('',#1722,#1334,#1335);
#1151=AXIS2_PLACEMENT_3D('',#1723,#1336,#1337);
#1152=AXIS2_PLACEMENT_3D('',#1724,#1338,#1339);
#1153=AXIS2_PLACEMENT_3D('',#1725,#1340,#1341);
#1154=AXIS2_PLACEMENT_3D('',#1728,#1342,#1343);
#1155=AXIS2_PLACEMENT_3D('',#1775,#1346,#1347);
#1156=AXIS2_PLACEMENT_3D('',#1776,#1348,#1349);
#1157=AXIS2_PLACEMENT_3D('',#1777,#1350,#1351);
#1158=AXIS2_PLACEMENT_3D('',#1778,#1352,#1353);
#1159=AXIS2_PLACEMENT_3D('',#1799,#1356,#1357);
#1160=AXIS2_PLACEMENT_3D('',#1805,#1361,#1362);
#1161=AXIS2_PLACEMENT_3D('',#1808,#1364,#1365);
#1162=AXIS2_PLACEMENT_3D('',#1809,#1366,#1367);
#1163=AXIS2_PLACEMENT_3D('',#1813,#1370,#1371);
#1164=AXIS2_PLACEMENT_3D('',#1816,#1373,#1374);
#1165=AXIS2_PLACEMENT_3D('',#1817,#1375,#1376);
#1166=AXIS2_PLACEMENT_3D('',#1821,#1379,#1380);
#1167=AXIS2_PLACEMENT_3D('',#1824,#1381,#1382);
#1168=AXIS2_PLACEMENT_3D('',#1889,#1385,#1386);
#1169=AXIS2_PLACEMENT_3D('',#1890,#1387,#1388);
#1170=AXIS2_PLACEMENT_3D('',#1891,#1389,#1390);
#1171=AXIS2_PLACEMENT_3D('',#1892,#1391,#1392);
#1172=AXIS2_PLACEMENT_3D('',#1895,#1393,#1394);
#1173=AXIS2_PLACEMENT_3D('',#1942,#1397,#1398);
#1174=AXIS2_PLACEMENT_3D('',#1943,#1399,#1400);
#1175=AXIS2_PLACEMENT_3D('',#1944,#1401,#1402);
#1176=AXIS2_PLACEMENT_3D('',#1945,#1403,#1404);
#1177=AXIS2_PLACEMENT_3D('',#1966,#1407,#1408);
#1178=AXIS2_PLACEMENT_3D('',#1972,#1412,#1413);
#1179=AXIS2_PLACEMENT_3D('',#1975,#1415,#1416);
#1180=AXIS2_PLACEMENT_3D('',#1976,#1417,#1418);
#1181=AXIS2_PLACEMENT_3D('',#1980,#1421,#1422);
#1182=AXIS2_PLACEMENT_3D('',#1983,#1424,#1425);
#1183=AXIS2_PLACEMENT_3D('',#1984,#1426,#1427);
#1184=AXIS2_PLACEMENT_3D('',#1988,#1430,#1431);
#1185=AXIS2_PLACEMENT_3D('',#1989,#1432,#1433);
#1186=AXIS2_PLACEMENT_3D('',#1990,#1434,#1435);
#1187=AXIS2_PLACEMENT_3D('',#2000,#1440,#1441);
#1188=AXIS2_PLACEMENT_3D('',#2002,#1442,#1443);
#1189=AXIS2_PLACEMENT_3D('',#2004,#1444,#1445);
#1190=AXIS2_PLACEMENT_3D('',#2006,#1446,#1447);
#1191=AXIS2_PLACEMENT_3D('',#2007,#1448,#1449);
#1192=AXIS2_PLACEMENT_3D('',#2008,#1450,#1451);
#1193=AXIS2_PLACEMENT_3D('',#2009,#1452,#1453);
#1194=AXIS2_PLACEMENT_3D('',#2014,#1455,#1456);
#1195=AXIS2_PLACEMENT_3D('',#2017,#1458,#1459);
#1196=AXIS2_PLACEMENT_3D('',#2018,#1460,#1461);
#1197=AXIS2_PLACEMENT_3D('',#2025,#1466,#1467);
#1198=AXIS2_PLACEMENT_3D('',#2027,#1468,#1469);
#1199=AXIS2_PLACEMENT_3D('',#2029,#1471,#1472);
#1200=AXIS2_PLACEMENT_3D('',#2034,#1475,#1476);
#1201=AXIS2_PLACEMENT_3D('',#2036,#1477,#1478);
#1202=AXIS2_PLACEMENT_3D('',#2039,#1480,#1481);
#1203=AXIS2_PLACEMENT_3D('',#2040,#1482,#1483);
#1204=AXIS2_PLACEMENT_3D('',#2042,#1484,#1485);
#1205=AXIS2_PLACEMENT_3D('',#2043,#1486,#1487);
#1206=AXIS2_PLACEMENT_3D('',#2044,#1488,#1489);
#1207=AXIS2_PLACEMENT_3D('',#2047,#1491,#1492);
#1208=AXIS2_PLACEMENT_3D('',#2048,#1493,#1494);
#1209=AXIS2_PLACEMENT_3D('',#2050,#1495,#1496);
#1210=AXIS2_PLACEMENT_3D('',#2052,#1498,#1499);
#1211=AXIS2_PLACEMENT_3D('',#2055,#1501,#1502);
#1212=AXIS2_PLACEMENT_3D('',#2056,#1503,#1504);
#1213=AXIS2_PLACEMENT_3D('',#2057,#1505,#1506);
#1214=AXIS2_PLACEMENT_3D('',#2060,#1508,#1509);
#1215=AXIS2_PLACEMENT_3D('',#2061,#1510,#1511);
#1216=AXIS2_PLACEMENT_3D('',#2064,#1513,#1514);
#1217=AXIS2_PLACEMENT_3D('',#2065,#1515,#1516);
#1218=AXIS2_PLACEMENT_3D('',#2068,#1518,#1519);
#1219=AXIS2_PLACEMENT_3D('',#2069,#1520,#1521);
#1220=AXIS2_PLACEMENT_3D('',#2072,#1523,#1524);
#1221=AXIS2_PLACEMENT_3D('',#2073,#1525,#1526);
#1222=AXIS2_PLACEMENT_3D('',#2077,#1529,#1530);
#1223=AXIS2_PLACEMENT_3D('',#2080,#1533,#1534);
#1224=AXIS2_PLACEMENT_3D('',#2081,#1535,#1536);
#1225=AXIS2_PLACEMENT_3D('',#2083,#1538,#1539);
#1226=AXIS2_PLACEMENT_3D('',#2084,#1540,#1541);
#1227=DIRECTION('axis',(0.,0.,1.));
#1228=DIRECTION('refdir',(1.,0.,0.));
#1229=DIRECTION('center_axis',(0.,-1.,0.));
#1230=DIRECTION('ref_axis',(0.707106781186547,0.,-0.707106781186547));
#1231=DIRECTION('center_axis',(0.,1.,0.));
#1232=DIRECTION('ref_axis',(0.707106781186547,0.,-0.707106781186547));
#1233=DIRECTION('',(0.,-1.,0.));
#1234=DIRECTION('center_axis',(0.,-1.,0.));
#1235=DIRECTION('ref_axis',(0.707106781186547,0.,-0.707106781186547));
#1236=DIRECTION('',(0.,1.,0.));
#1237=DIRECTION('center_axis',(-1.,0.,0.));
#1238=DIRECTION('ref_axis',(0.,-1.,0.));
#1239=DIRECTION('',(0.,0.,1.));
#1240=DIRECTION('',(0.,1.,0.));
#1241=DIRECTION('',(0.,0.,1.));
#1242=DIRECTION('center_axis',(-0.923879540593469,0.,0.382683412852975));
#1243=DIRECTION('ref_axis',(0.382683412852975,0.,0.923879540593469));
#1244=DIRECTION('',(0.382683412852975,0.,0.923879540593469));
#1245=DIRECTION('',(0.,-1.,0.));
#1246=DIRECTION('',(-0.382683412852975,0.,-0.923879540593469));
#1247=DIRECTION('',(0.,1.,0.));
#1248=DIRECTION('center_axis',(1.,0.,2.81596754803104E-8));
#1249=DIRECTION('ref_axis',(0.,-1.,0.));
#1250=DIRECTION('',(2.81596754803104E-8,0.,-0.999999999999999));
#1251=DIRECTION('',(0.,-1.,0.));
#1252=DIRECTION('',(0.,-1.,0.));
#1253=DIRECTION('',(2.81596754803104E-8,0.,-1.));
#1254=DIRECTION('center_axis',(-0.707106791142498,0.,0.707106771230597));
#1255=DIRECTION('ref_axis',(0.707106771230597,0.,0.707106791142498));
#1256=DIRECTION('',(-0.707106771230597,0.,-0.707106791142498));
#1257=DIRECTION('',(0.,1.,0.));
#1258=DIRECTION('',(0.707106771230597,0.,0.707106791142498));
#1259=DIRECTION('center_axis',(2.81596754803104E-8,0.,-1.));
#1260=DIRECTION('ref_axis',(0.,-1.,0.));
#1261=DIRECTION('center_axis',(-2.81596754803104E-8,0.,1.));
#1262=DIRECTION('ref_axis',(1.,0.,2.81596754803104E-8));
#1263=DIRECTION('',(-0.999999999999999,0.,-2.81596754803104E-8));
#1264=DIRECTION('center_axis',(2.81596754803104E-8,0.,-1.));
#1265=DIRECTION('ref_axis',(0.,-1.,0.));
#1266=DIRECTION('center_axis',(-2.81596754803104E-8,0.,1.));
#1267=DIRECTION('ref_axis',(1.,0.,2.81596754803104E-8));
#1268=DIRECTION('',(0.999999999999999,0.,2.81596754803104E-8));
#1269=DIRECTION('center_axis',(0.,0.,1.));
#1270=DIRECTION('ref_axis',(1.,0.,0.));
#1271=DIRECTION('center_axis',(0.,0.,1.));
#1272=DIRECTION('ref_axis',(1.,0.,0.));
#1273=DIRECTION('',(0.,0.,1.));
#1274=DIRECTION('center_axis',(0.,0.,1.));
#1275=DIRECTION('ref_axis',(1.,0.,0.));
#1276=DIRECTION('',(0.,0.,-1.));
#1277=DIRECTION('',(0.,0.,1.));
#1278=DIRECTION('center_axis',(0.,0.,1.));
#1279=DIRECTION('ref_axis',(1.,0.,0.));
#1280=DIRECTION('center_axis',(0.,0.,1.));
#1281=DIRECTION('ref_axis',(1.,0.,0.));
#1282=DIRECTION('',(-1.,0.,0.));
#1283=DIRECTION('',(1.,0.,0.));
#1284=DIRECTION('',(0.,-1.,0.));
#1285=DIRECTION('',(1.,0.,0.));
#1286=DIRECTION('',(0.,1.,0.));
#1287=DIRECTION('',(-1.,0.,0.));
#1288=DIRECTION('',(0.,-1.,0.));
#1289=DIRECTION('center_axis',(0.958143305629863,0.,-0.286289025072003));
#1290=DIRECTION('ref_axis',(-0.286289025072003,0.,-0.958143305629863));
#1291=DIRECTION('',(0.286289025072003,0.,0.958143305629863));
#1292=DIRECTION('',(0.,-1.,0.));
#1293=DIRECTION('',(-0.286289025072003,0.,-0.958143305629864));
#1294=DIRECTION('',(0.,-1.,0.));
#1295=DIRECTION('',(-0.286289025072003,0.,-0.958143305629864));
#1296=DIRECTION('center_axis',(0.,1.,0.));
#1297=DIRECTION('ref_axis',(1.,0.,0.));
#1298=DIRECTION('',(1.,0.,0.));
#1299=DIRECTION('',(0.,0.,-1.));
#1300=DIRECTION('center_axis',(1.,0.,0.));
#1301=DIRECTION('ref_axis',(0.,-1.,0.));
#1302=DIRECTION('',(0.,0.,1.));
#1303=DIRECTION('center_axis',(0.,1.,0.));
#1304=DIRECTION('ref_axis',(0.,0.,1.));
#1305=DIRECTION('',(-1.,0.,0.));
#1306=DIRECTION('center_axis',(1.,0.,0.));
#1307=DIRECTION('ref_axis',(0.,0.,1.));
#1308=DIRECTION('',(0.,0.,-1.));
#1309=DIRECTION('',(0.,-1.,0.));
#1310=DIRECTION('',(0.,0.,1.));
#1311=DIRECTION('',(0.,-1.,0.));
#1312=DIRECTION('center_axis',(0.,0.,-1.));
#1313=DIRECTION('ref_axis',(1.,0.,0.));
#1314=DIRECTION('center_axis',(0.,0.,-1.));
#1315=DIRECTION('ref_axis',(0.707106781186547,-0.707106781186547,0.));
#1316=DIRECTION('',(1.,0.,0.));
#1317=DIRECTION('',(0.,-1.,0.));
#1318=DIRECTION('center_axis',(-1.,0.,0.));
#1319=DIRECTION('ref_axis',(0.,0.,-1.));
#1320=DIRECTION('',(0.,0.,1.));
#1321=DIRECTION('',(0.,0.,-1.));
#1322=DIRECTION('',(0.,-1.,0.));
#1323=DIRECTION('center_axis',(0.,0.,1.));
#1324=DIRECTION('ref_axis',(-1.,0.,0.));
#1325=DIRECTION('center_axis',(0.,0.,1.));
#1326=DIRECTION('ref_axis',(0.707106781186547,-0.707106781186547,0.));
#1327=DIRECTION('',(-1.,0.,0.));
#1328=DIRECTION('center_axis',(0.615031798693877,0.,0.788502306017791));
#1329=DIRECTION('ref_axis',(0.55755532756641,0.707106781186547,-0.4348931555018));
#1330=DIRECTION('center_axis',(-0.615031798693877,0.,-0.788502306017791));
#1331=DIRECTION('ref_axis',(0.,1.,0.));
#1332=DIRECTION('',(-0.615031798693877,0.,-0.788502306017791));
#1333=DIRECTION('',(0.615031798693877,0.,0.788502306017791));
#1334=DIRECTION('center_axis',(0.,1.,0.));
#1335=DIRECTION('ref_axis',(1.,0.,0.));
#1336=DIRECTION('center_axis',(-0.788502306017791,0.,0.615031798693877));
#1337=DIRECTION('ref_axis',(0.615031798693877,0.,0.788502306017791));
#1338=DIRECTION('center_axis',(0.392970539238465,0.,-0.91955106181801));
#1339=DIRECTION('ref_axis',(0.91955106181801,0.,0.392970539238465));
#1340=DIRECTION('center_axis',(0.,-1.,0.));
#1341=DIRECTION('ref_axis',(0.94564853566687,0.,-0.325190478014201));
#1342=DIRECTION('center_axis',(0.,1.,0.));
#1343=DIRECTION('ref_axis',(1.,0.,0.));
#1344=DIRECTION('',(0.,1.,0.));
#1345=DIRECTION('',(0.,-1.,0.));
#1346=DIRECTION('center_axis',(0.615031798693877,0.,0.788502306017791));
#1347=DIRECTION('ref_axis',(0.,-1.,0.));
#1348=DIRECTION('center_axis',(-0.788502306017791,0.,0.615031798693877));
#1349=DIRECTION('ref_axis',(0.615031798693877,0.,0.788502306017791));
#1350=DIRECTION('center_axis',(0.392970539238465,0.,-0.91955106181801));
#1351=DIRECTION('ref_axis',(0.91955106181801,0.,0.392970539238465));
#1352=DIRECTION('center_axis',(-0.615031798693877,0.,-0.788502306017791));
#1353=DIRECTION('ref_axis',(0.55755532756641,-0.707106781186547,-0.4348931555018));
#1354=DIRECTION('',(0.615031798693877,0.,0.788502306017791));
#1355=DIRECTION('',(-0.615031798693877,0.,-0.788502306017791));
#1356=DIRECTION('center_axis',(0.,1.,0.));
#1357=DIRECTION('ref_axis',(0.,0.,1.));
#1358=DIRECTION('',(0.,0.,-1.));
#1359=DIRECTION('',(1.,0.,0.));
#1360=DIRECTION('',(0.,0.,1.));
#1361=DIRECTION('center_axis',(0.,0.,-1.));
#1362=DIRECTION('ref_axis',(0.707106781186547,-0.707106781186547,0.));
#1363=DIRECTION('',(0.,0.,1.));
#1364=DIRECTION('center_axis',(0.,0.,-1.));
#1365=DIRECTION('ref_axis',(0.707106781186547,-0.707106781186547,0.));
#1366=DIRECTION('center_axis',(1.,0.,0.));
#1367=DIRECTION('ref_axis',(0.,1.,0.));
#1368=DIRECTION('',(0.,0.,-1.));
#1369=DIRECTION('',(0.,-1.,0.));
#1370=DIRECTION('center_axis',(0.,0.,1.));
#1371=DIRECTION('ref_axis',(0.707106781186547,0.707106781186547,0.));
#1372=DIRECTION('',(0.,0.,1.));
#1373=DIRECTION('center_axis',(0.,0.,-1.));
#1374=DIRECTION('ref_axis',(0.707106781186547,0.707106781186547,0.));
#1375=DIRECTION('center_axis',(0.,-1.,0.));
#1376=DIRECTION('ref_axis',(0.,0.,-1.));
#1377=DIRECTION('',(0.,0.,1.));
#1378=DIRECTION('',(-1.,0.,0.));
#1379=DIRECTION('center_axis',(-0.615031798693877,0.,0.788502306017791));
#1380=DIRECTION('ref_axis',(-0.55755532756641,-0.707106781186547,-0.4348931555018));
#1381=DIRECTION('center_axis',(0.615031798693877,-2.73128985514627E-16,
-0.788502306017791));
#1382=DIRECTION('ref_axis',(-4.44089209850063E-16,-1.,0.));
#1383=DIRECTION('',(0.615031798693877,0.,-0.788502306017791));
#1384=DIRECTION('',(-0.615031798693877,0.,0.788502306017791));
#1385=DIRECTION('center_axis',(0.,-1.,0.));
#1386=DIRECTION('ref_axis',(-1.,0.,0.));
#1387=DIRECTION('center_axis',(0.788502306017791,0.,0.615031798693877));
#1388=DIRECTION('ref_axis',(-0.615031798693877,0.,0.788502306017791));
#1389=DIRECTION('center_axis',(-0.392970539238465,0.,-0.91955106181801));
#1390=DIRECTION('ref_axis',(-0.91955106181801,0.,0.392970539238465));
#1391=DIRECTION('center_axis',(0.,-1.,0.));
#1392=DIRECTION('ref_axis',(-0.94564853566687,0.,-0.325190478014201));
#1393=DIRECTION('center_axis',(0.,-1.,0.));
#1394=DIRECTION('ref_axis',(-1.,0.,0.));
#1395=DIRECTION('',(0.,-1.,0.));
#1396=DIRECTION('',(0.,1.,0.));
#1397=DIRECTION('center_axis',(-0.615031798693877,0.,0.788502306017791));
#1398=DIRECTION('ref_axis',(0.,1.,0.));
#1399=DIRECTION('center_axis',(0.788502306017791,0.,0.615031798693877));
#1400=DIRECTION('ref_axis',(-0.615031798693877,0.,0.788502306017791));
#1401=DIRECTION('center_axis',(-0.392970539238465,0.,-0.91955106181801));
#1402=DIRECTION('ref_axis',(-0.91955106181801,0.,0.392970539238465));
#1403=DIRECTION('center_axis',(0.615031798693877,0.,-0.788502306017791));
#1404=DIRECTION('ref_axis',(-0.55755532756641,0.707106781186547,-0.4348931555018));
#1405=DIRECTION('',(-0.615031798693877,0.,0.788502306017791));
#1406=DIRECTION('',(0.615031798693877,0.,-0.788502306017791));
#1407=DIRECTION('center_axis',(0.,-1.,0.));
#1408=DIRECTION('ref_axis',(0.,0.,1.));
#1409=DIRECTION('',(0.,0.,-1.));
#1410=DIRECTION('',(-1.,0.,0.));
#1411=DIRECTION('',(0.,0.,-1.));
#1412=DIRECTION('center_axis',(0.,0.,-1.));
#1413=DIRECTION('ref_axis',(-0.707106781186547,0.707106781186547,0.));
#1414=DIRECTION('',(0.,0.,1.));
#1415=DIRECTION('center_axis',(0.,0.,-1.));
#1416=DIRECTION('ref_axis',(-0.707106781186547,0.707106781186547,0.));
#1417=DIRECTION('center_axis',(-1.,0.,0.));
#1418=DIRECTION('ref_axis',(0.,-1.,0.));
#1419=DIRECTION('',(0.,0.,-1.));
#1420=DIRECTION('',(0.,1.,0.));
#1421=DIRECTION('center_axis',(0.,0.,1.));
#1422=DIRECTION('ref_axis',(-0.707106781186547,-0.707106781186547,0.));
#1423=DIRECTION('',(0.,0.,1.));
#1424=DIRECTION('center_axis',(0.,0.,-1.));
#1425=DIRECTION('ref_axis',(-0.707106781186547,-0.707106781186547,0.));
#1426=DIRECTION('center_axis',(0.,1.,0.));
#1427=DIRECTION('ref_axis',(0.,0.,-1.));
#1428=DIRECTION('',(0.,0.,1.));
#1429=DIRECTION('',(1.,0.,0.));
#1430=DIRECTION('center_axis',(0.,0.,-1.));
#1431=DIRECTION('ref_axis',(-1.,0.,0.));
#1432=DIRECTION('center_axis',(0.,0.,1.));
#1433=DIRECTION('ref_axis',(1.,0.,0.));
#1434=DIRECTION('center_axis',(0.,0.,1.));
#1435=DIRECTION('ref_axis',(1.,0.,0.));
#1436=DIRECTION('',(0.,1.,0.));
#1437=DIRECTION('',(1.,0.,0.));
#1438=DIRECTION('',(0.,-1.,0.));
#1439=DIRECTION('',(-1.,0.,0.));
#1440=DIRECTION('center_axis',(0.,0.,-1.));
#1441=DIRECTION('ref_axis',(-1.,0.,0.));
#1442=DIRECTION('center_axis',(0.,0.,-1.));
#1443=DIRECTION('ref_axis',(-1.,0.,0.));
#1444=DIRECTION('center_axis',(0.,0.,-1.));
#1445=DIRECTION('ref_axis',(-1.,0.,0.));
#1446=DIRECTION('center_axis',(0.,0.,-1.));
#1447=DIRECTION('ref_axis',(-1.,0.,0.));
#1448=DIRECTION('center_axis',(0.788502306017791,0.,-0.615031798693877));
#1449=DIRECTION('ref_axis',(-0.615031798693877,0.,-0.788502306017791));
#1450=DIRECTION('center_axis',(-0.788502306017791,0.,0.615031798693877));
#1451=DIRECTION('ref_axis',(0.615031798693877,0.,0.788502306017791));
#1452=DIRECTION('center_axis',(0.,1.,0.));
#1453=DIRECTION('ref_axis',(-0.966309338351669,0.,-0.257383493282611));
#1454=DIRECTION('',(0.,1.,0.));
#1455=DIRECTION('center_axis',(0.,-1.,0.));
#1456=DIRECTION('ref_axis',(-1.,0.,0.));
#1457=DIRECTION('',(0.,1.,0.));
#1458=DIRECTION('center_axis',(0.,1.,0.));
#1459=DIRECTION('ref_axis',(-0.966309338351669,0.,-0.257383493282611));
#1460=DIRECTION('center_axis',(1.,0.,0.));
#1461=DIRECTION('ref_axis',(0.,-1.,0.));
#1462=DIRECTION('',(0.,0.,-1.));
#1463=DIRECTION('',(0.,0.,-1.));
#1464=DIRECTION('',(0.,-1.,0.));
#1465=DIRECTION('',(0.,1.,0.));
#1466=DIRECTION('center_axis',(0.,1.,0.));
#1467=DIRECTION('ref_axis',(-0.966309335180954,0.,-0.257383505186605));
#1468=DIRECTION('center_axis',(0.,1.,0.));
#1469=DIRECTION('ref_axis',(-0.96630933811524,0.,-0.25738349417025));
#1470=DIRECTION('',(0.,1.,0.));
#1471=DIRECTION('center_axis',(0.,-1.,0.));
#1472=DIRECTION('ref_axis',(-1.,0.,0.));
#1473=DIRECTION('',(0.,0.,-1.));
#1474=DIRECTION('',(1.,0.,0.));
#1475=DIRECTION('center_axis',(0.,-1.,0.));
#1476=DIRECTION('ref_axis',(0.745355992499927,0.,-0.66666666666667));
#1477=DIRECTION('center_axis',(0.,-1.,0.));
#1478=DIRECTION('ref_axis',(-0.745355370525835,0.,-0.666667362054193));
#1479=DIRECTION('',(1.,0.,0.));
#1480=DIRECTION('center_axis',(0.,-1.,0.));
#1481=DIRECTION('ref_axis',(-0.966309338351669,0.,-0.257383493282611));
#1482=DIRECTION('center_axis',(-0.788502306017791,0.,-0.615031798693877));
#1483=DIRECTION('ref_axis',(-0.615031798693877,0.,0.788502306017791));
#1484=DIRECTION('center_axis',(0.788502306017791,0.,0.615031798693877));
#1485=DIRECTION('ref_axis',(0.615031798693877,0.,-0.788502306017791));
#1486=DIRECTION('center_axis',(0.788502306017791,0.,0.615031798693877));
#1487=DIRECTION('ref_axis',(0.615031798693877,0.,-0.788502306017791));
#1488=DIRECTION('center_axis',(0.,0.,1.));
#1489=DIRECTION('ref_axis',(1.,0.,0.));
#1490=DIRECTION('',(0.,0.,-1.));
#1491=DIRECTION('center_axis',(0.,0.,-1.));
#1492=DIRECTION('ref_axis',(1.,0.,0.));
#1493=DIRECTION('center_axis',(0.,-1.,0.));
#1494=DIRECTION('ref_axis',(-0.745355370525835,0.,-0.666667362054193));
#1495=DIRECTION('center_axis',(0.,1.,0.));
#1496=DIRECTION('ref_axis',(-0.745355370525835,0.,-0.666667362054193));
#1497=DIRECTION('',(0.,-1.,0.));
#1498=DIRECTION('center_axis',(0.,1.,0.));
#1499=DIRECTION('ref_axis',(0.745355992499927,0.,-0.66666666666667));
#1500=DIRECTION('',(0.,1.,0.));
#1501=DIRECTION('center_axis',(0.,1.,0.));
#1502=DIRECTION('ref_axis',(0.745355992499927,0.,-0.66666666666667));
#1503=DIRECTION('center_axis',(0.,0.,-1.));
#1504=DIRECTION('ref_axis',(1.,0.,0.));
#1505=DIRECTION('center_axis',(0.,0.,-1.));
#1506=DIRECTION('ref_axis',(-1.,0.,0.));
#1507=DIRECTION('',(0.,0.,-1.));
#1508=DIRECTION('center_axis',(0.,0.,1.));
#1509=DIRECTION('ref_axis',(-1.,0.,0.));
#1510=DIRECTION('center_axis',(0.,0.,-1.));
#1511=DIRECTION('ref_axis',(-1.,0.,0.));
#1512=DIRECTION('',(0.,0.,-1.));
#1513=DIRECTION('center_axis',(0.,0.,1.));
#1514=DIRECTION('ref_axis',(-1.,0.,0.));
#1515=DIRECTION('center_axis',(0.,0.,-1.));
#1516=DIRECTION('ref_axis',(-1.,0.,0.));
#1517=DIRECTION('',(0.,0.,-1.));
#1518=DIRECTION('center_axis',(0.,0.,1.));
#1519=DIRECTION('ref_axis',(-1.,0.,0.));
#1520=DIRECTION('center_axis',(0.,0.,-1.));
#1521=DIRECTION('ref_axis',(-1.,0.,0.));
#1522=DIRECTION('',(0.,0.,-1.));
#1523=DIRECTION('center_axis',(0.,0.,1.));
#1524=DIRECTION('ref_axis',(-1.,0.,0.));
#1525=DIRECTION('center_axis',(0.,0.,-1.));
#1526=DIRECTION('ref_axis',(0.,1.,0.));
#1527=DIRECTION('',(0.,-1.,0.));
#1528=DIRECTION('',(-1.,0.,0.));
#1529=DIRECTION('center_axis',(0.,0.,-1.));
#1530=DIRECTION('ref_axis',(0.,-1.,0.));
#1531=DIRECTION('',(-1.,0.,0.));
#1532=DIRECTION('',(0.,1.,0.));
#1533=DIRECTION('center_axis',(0.,1.,0.));
#1534=DIRECTION('ref_axis',(-0.966309338351669,0.,-0.257383493282611));
#1535=DIRECTION('center_axis',(0.,1.,0.));
#1536=DIRECTION('ref_axis',(1.,0.,0.));
#1537=DIRECTION('',(0.,0.,-1.));
#1538=DIRECTION('center_axis',(-1.,0.,0.));
#1539=DIRECTION('ref_axis',(0.,1.,0.));
#1540=DIRECTION('center_axis',(0.,0.,1.));
#1541=DIRECTION('ref_axis',(1.,0.,0.));
#1542=CARTESIAN_POINT('',(0.,0.,0.));
#1543=CARTESIAN_POINT('Origin',(5.00000029802322,2.5000000372529,105.));
#1544=CARTESIAN_POINT('',(5.00000029802322,5.,90.));
#1545=CARTESIAN_POINT('',(20.0000002980232,5.00000007450581,105.));
#1546=CARTESIAN_POINT('Origin',(5.00000029802322,5.,105.));
#1547=CARTESIAN_POINT('',(20.0000002980232,-5.00000007450581,105.));
#1548=CARTESIAN_POINT('',(20.0000002980232,2.5000000372529,105.));
#1549=CARTESIAN_POINT('',(5.00000029802322,-5.00000007450581,90.));
#1550=CARTESIAN_POINT('Origin',(5.00000029802322,-5.00000007450581,105.));
#1551=CARTESIAN_POINT('',(5.00000029802322,2.5000000372529,90.));
#1552=CARTESIAN_POINT('Origin',(20.0000002980232,5.00000007450581,90.));
#1553=CARTESIAN_POINT('',(20.0000002980232,5.00000007450581,111.754));
#1554=CARTESIAN_POINT('',(20.0000002980232,5.00000007450581,90.));
#1555=CARTESIAN_POINT('',(20.0000002980232,-5.00000007450581,111.754));
#1556=CARTESIAN_POINT('',(20.0000002980232,2.5000000372529,111.754));
#1557=CARTESIAN_POINT('',(20.0000002980232,-5.00000007450581,90.));
#1558=CARTESIAN_POINT('Origin',(25.7071072563983,1.,86.707108132247));
#1559=CARTESIAN_POINT('',(26.4142139994692,5.,88.4142149233895));
#1560=CARTESIAN_POINT('',(25.0000005133274,5.,85.0000013411045));
#1561=CARTESIAN_POINT('',(28.5080480313655,5.,93.4691777425135));
#1562=CARTESIAN_POINT('',(25.0000005133274,-5.00000007450581,85.0000013411045));
#1563=CARTESIAN_POINT('',(25.0000005133274,1.,85.0000013411045));
#1564=CARTESIAN_POINT('',(26.4142139994693,-5.00000007450581,88.4142149233895));
#1565=CARTESIAN_POINT('',(30.0830371436722,-5.00000007450581,97.2715380451711));
#1566=CARTESIAN_POINT('',(26.4142139994692,1.,88.4142149233895));
#1567=CARTESIAN_POINT('Origin',(25.000000372529,5.,90.0000013411045));
#1568=CARTESIAN_POINT('',(25.0000006541258,5.,80.0000013411045));
#1569=CARTESIAN_POINT('',(25.000000372529,5.,90.0000013411045));
#1570=CARTESIAN_POINT('',(25.0000006541258,0.,80.0000013411045));
#1571=CARTESIAN_POINT('',(25.0000006541258,-11.,80.0000013411045));
#1572=CARTESIAN_POINT('',(25.0000006541258,-5.00000007450581,80.));
#1573=CARTESIAN_POINT('',(25.0000006541258,-11.,80.0000013411045));
#1574=CARTESIAN_POINT('',(25.000000372529,-5.00000007450581,90.));
#1575=CARTESIAN_POINT('Origin',(26.5000004147685,-3.,88.5000013411045));
#1576=CARTESIAN_POINT('',(28.0000000165164,-5.00000007450581,90.));
#1577=CARTESIAN_POINT('',(31.9385000794924,-5.00000007450581,93.9385011589748));
#1578=CARTESIAN_POINT('',(28.0000004172325,5.,90.0000013411045));
#1579=CARTESIAN_POINT('',(28.0000004172325,-11.,90.0000013411045));
#1580=CARTESIAN_POINT('',(30.4067503783302,5.,92.406751414679));
#1581=CARTESIAN_POINT('Origin',(25.0000006541258,5.,80.0000013411045));
#1582=CARTESIAN_POINT('',(24.4948976942201,-5.00000007450581,80.));
#1583=CARTESIAN_POINT('Origin',(0.,0.,80.0000006371126));
#1584=CARTESIAN_POINT('',(25.0000006541258,-5.00000007450581,80.));
#1585=CARTESIAN_POINT('Origin',(25.0000006541258,5.,80.0000013411045));
#1586=CARTESIAN_POINT('',(24.4948976942201,5.00000007450581,80.));
#1587=CARTESIAN_POINT('Origin',(0.,0.,80.0000006371126));
#1588=CARTESIAN_POINT('',(25.0000006541258,5.,80.0000013411045));
#1589=CARTESIAN_POINT('Origin',(0.,0.,-50.));
#1590=CARTESIAN_POINT('',(-25.,3.06161699786838E-15,-50.));
#1591=CARTESIAN_POINT('Origin',(0.,0.,-50.));
#1592=CARTESIAN_POINT('',(-25.,-3.06161699786838E-15,90.));
#1593=CARTESIAN_POINT('',(-25.,-3.06161699786838E-15,-50.));
#1594=CARTESIAN_POINT('',(24.4948974126233,-5.00000007450581,90.));
#1595=CARTESIAN_POINT('Origin',(0.,0.,90.));
#1596=CARTESIAN_POINT('',(24.4948974126233,-5.00000007450581,-50.));
#1597=CARTESIAN_POINT('',(24.4948974126233,5.00000007450581,90.));
#1598=CARTESIAN_POINT('',(24.4948974278318,5.,-50.));
#1599=CARTESIAN_POINT('Origin',(0.,0.,90.));
#1600=CARTESIAN_POINT('Origin',(0.,0.,111.754));
#1601=CARTESIAN_POINT('',(34.4183567632942,-5.00000007450581,111.754));
#1602=CARTESIAN_POINT('',(10.0000001490116,-5.00000007450581,111.754));
#1603=CARTESIAN_POINT('',(34.5000005140901,5.,111.754001788139));
#1604=CARTESIAN_POINT('',(12.2474487063117,5.00000007450581,111.754));
#1605=CARTESIAN_POINT('',(34.5000005140901,11.,111.754));
#1606=CARTESIAN_POINT('',(34.5000005140901,0.868918914830954,111.754001788139));
#1607=CARTESIAN_POINT('',(-29.,11.,111.754));
#1608=CARTESIAN_POINT('',(-14.5,11.,111.754));
#1609=CARTESIAN_POINT('',(-29.,-11.,111.754));
#1610=CARTESIAN_POINT('',(-29.,-5.5,111.754));
#1611=CARTESIAN_POINT('',(34.4183567632942,-11.0000001639128,111.754));
#1612=CARTESIAN_POINT('',(14.5,-11.,111.754));
#1613=CARTESIAN_POINT('',(34.4183567632942,-5.00000007450581,111.754));
#1614=CARTESIAN_POINT('Origin',(34.5000005140901,-11.,111.754001788139));
#1615=CARTESIAN_POINT('',(34.4183567632942,-5.00000007450581,111.480758993548));
#1616=CARTESIAN_POINT('',(34.110683585126,-5.00000007450581,110.451047861905));
#1617=CARTESIAN_POINT('',(34.4183567632942,-11.0000001639128,111.480758993548));
#1618=CARTESIAN_POINT('',(34.4183567632942,-8.0000000372529,111.480758993548));
#1619=CARTESIAN_POINT('',(34.5000005140901,-11.,111.754001788139));
#1620=CARTESIAN_POINT('',(34.5000005140901,-11.,111.754001788139));
#1621=CARTESIAN_POINT('',(34.5000005140901,0.868918914830954,111.754001788139));
#1622=CARTESIAN_POINT('',(34.5000005140901,5.,111.754001788139));
#1623=CARTESIAN_POINT('Origin',(25.000000372529,-5.00000007450581,111.754));
#1624=CARTESIAN_POINT('',(10.0000001490116,-5.00000007450581,90.));
#1625=CARTESIAN_POINT('',(34.4183567632942,-5.00000007450581,111.754));
#1626=CARTESIAN_POINT('Origin',(34.4183567632942,-5.00000007450581,111.754));
#1627=CARTESIAN_POINT('',(34.4183567632942,-11.,140.877));
#1628=CARTESIAN_POINT('Origin',(29.7500001370168,5.,100.877001564622));
#1629=CARTESIAN_POINT('',(12.2474487063117,5.00000007450581,90.));
#1630=CARTESIAN_POINT('Origin',(32.0000005140901,-11.,115.780281229768));
#1631=CARTESIAN_POINT('',(32.0000005140901,-18.8196583014908,126.780281229768));
#1632=CARTESIAN_POINT('',(32.0000005140901,-18.8196583014908,115.780281229768));
#1633=CARTESIAN_POINT('',(32.0000005140901,-18.8196583014908,88.650646852998));
#1634=CARTESIAN_POINT('',(32.0000005140901,-11.,126.780281229768));
#1635=CARTESIAN_POINT('',(32.0000005140901,-11.,126.780281229768));
#1636=CARTESIAN_POINT('',(32.0000005140901,-11.,115.780281229768));
#1637=CARTESIAN_POINT('',(32.0000005140901,-11.,142.890140614884));
#1638=CARTESIAN_POINT('',(32.0000005140901,-11.,115.780281229768));
#1639=CARTESIAN_POINT('Origin',(26.0000005140901,-11.,115.780281229768));
#1640=CARTESIAN_POINT('',(26.0000005140901,-20.9971497633247,115.780281229768));
#1641=CARTESIAN_POINT('Origin',(24.,-6.13108108516905,115.780281229768));
#1642=CARTESIAN_POINT('',(26.0000005140901,-11.,115.780281229768));
#1643=CARTESIAN_POINT('',(27.500000257045,-11.,115.780281229768));
#1644=CARTESIAN_POINT('',(26.0000005140901,-11.,115.780281229768));
#1645=CARTESIAN_POINT('Origin',(26.0000005140901,-11.,126.780281229768));
#1646=CARTESIAN_POINT('',(26.0000005140901,-20.9971497633247,126.780281229768));
#1647=CARTESIAN_POINT('',(26.0000005140901,-20.9971497633247,88.650646852998));
#1648=CARTESIAN_POINT('',(26.0000005140901,-11.,126.780281229768));
#1649=CARTESIAN_POINT('',(26.0000005140901,-11.,148.390140614884));
#1650=CARTESIAN_POINT('',(26.0000005140901,-11.,126.780281229768));
#1651=CARTESIAN_POINT('Origin',(32.0000005140901,-11.,126.780281229768));
#1652=CARTESIAN_POINT('Origin',(24.,-6.13108108516905,126.780281229768));
#1653=CARTESIAN_POINT('',(30.500000257045,-11.,126.780281229768));
#1654=CARTESIAN_POINT('Origin',(25.3416256375241,11.131081085169,98.7485855480952));
#1655=CARTESIAN_POINT('',(24.,21.131081085169,97.0285526794746));
#1656=CARTESIAN_POINT('',(31.8850230601779,11.131081085169,90.8782346925358));
#1657=CARTESIAN_POINT('Origin',(24.,11.131081085169,97.0285526794746));
#1658=CARTESIAN_POINT('',(27.858554052129,11.131081085169,85.7160949386269));
#1659=CARTESIAN_POINT('',(33.226648697702,11.131081085169,92.5982675611564));
#1660=CARTESIAN_POINT('',(21.2950090906769,21.131081085169,93.5606156162398));
#1661=CARTESIAN_POINT('Ctrl Pts',(21.2950090906769,21.131081085169,93.5606156162398));
#1662=CARTESIAN_POINT('Ctrl Pts',(21.2950090906769,21.131081085169,92.6315924810236));
#1663=CARTESIAN_POINT('Ctrl Pts',(21.3455258069014,21.0809884527174,91.6133913309109));
#1664=CARTESIAN_POINT('Ctrl Pts',(21.6231216793841,20.7961572618528,89.6432900130303));
#1665=CARTESIAN_POINT('Ctrl Pts',(21.8535147342394,20.5581208877206,88.6923364634559));
#1666=CARTESIAN_POINT('Ctrl Pts',(22.3640151932944,19.9984697857767,87.36665092486));
#1667=CARTESIAN_POINT('Ctrl Pts',(22.6238510771119,19.7072567971943,86.8413690284031));
#1668=CARTESIAN_POINT('Ctrl Pts',(23.2215519832412,18.9993191070858,85.9448345245261));
#1669=CARTESIAN_POINT('Ctrl Pts',(23.5587665003558,18.5814432913854,85.5740577529184));
#1670=CARTESIAN_POINT('Ctrl Pts',(24.2498963313008,17.6723445493035,85.0010656437893));
#1671=CARTESIAN_POINT('Ctrl Pts',(24.6324655784697,17.1378637578447,84.7936765427331));
#1672=CARTESIAN_POINT('Ctrl Pts',(25.385513048616,16.001264384887,84.5614699882402));
#1673=CARTESIAN_POINT('Ctrl Pts',(25.7559012076367,15.3991113158148,84.5365292921231));
#1674=CARTESIAN_POINT('Ctrl Pts',(26.8003501746903,13.5549819507482,84.6988030508588));
#1675=CARTESIAN_POINT('Ctrl Pts',(27.4029766544322,12.2712872755251,85.1320213518362));
#1676=CARTESIAN_POINT('Ctrl Pts',(27.858554052129,11.131081085169,85.7160949386269));
#1677=CARTESIAN_POINT('',(25.3416256375241,21.131081085169,98.7485855480952));
#1678=CARTESIAN_POINT('Ctrl Pts',(36.8850230601779,6.13108108516904,97.2884911027922));
#1679=CARTESIAN_POINT('Ctrl Pts',(36.8850230601779,6.87907933602376,97.2884911027922));
#1680=CARTESIAN_POINT('Ctrl Pts',(36.6279447750755,7.99976881103244,96.9589035577891));
#1681=CARTESIAN_POINT('Ctrl Pts',(35.6269878387728,9.593794811748,95.675625434324));
#1682=CARTESIAN_POINT('Ctrl Pts',(34.1289058525264,10.7896794977207,93.755007503239));
#1683=CARTESIAN_POINT('Ctrl Pts',(32.6330213110326,11.131081085169,91.8372068090162));
#1684=CARTESIAN_POINT('Ctrl Pts',(31.8850230601779,11.131081085169,90.8782346925358));
#1685=CARTESIAN_POINT('Ctrl Pts',(37.2730356649382,6.13108108516904,97.7859431601772));
#1686=CARTESIAN_POINT('Ctrl Pts',(37.2730356649382,7.03253985861211,97.7859431601772));
#1687=CARTESIAN_POINT('Ctrl Pts',(37.002106435487,8.38332710554822,97.4390386909941));
#1688=CARTESIAN_POINT('Ctrl Pts',(35.9418269171278,10.3532877968751,96.0797469057924));
#1689=CARTESIAN_POINT('Ctrl Pts',(34.3452283875258,11.9126095495731,94.032732431133));
#1690=CARTESIAN_POINT('Ctrl Pts',(32.7174573451091,12.5143609671363,91.9460521155415));
#1691=CARTESIAN_POINT('Ctrl Pts',(31.8850230601779,12.6270775868785,90.8782346925358));
#1692=CARTESIAN_POINT('Ctrl Pts',(37.9543962084089,6.13108108516904,98.8545250004305));
#1693=CARTESIAN_POINT('Ctrl Pts',(37.9543962084089,7.33943239422413,98.8545250004305));
#1694=CARTESIAN_POINT('Ctrl Pts',(37.6375784514141,9.15023567737376,98.487108801693));
#1695=CARTESIAN_POINT('Ctrl Pts',(36.3816305174041,11.8715383761393,97.0356183787097));
#1696=CARTESIAN_POINT('Ctrl Pts',(34.4649265127852,14.1564464092645,94.8313323679238));
#1697=CARTESIAN_POINT('Ctrl Pts',(32.4288259086925,15.2754039936754,92.5198161586251));
#1698=CARTESIAN_POINT('Ctrl Pts',(31.3449243320687,15.6114036912713,91.299511700461));
#1699=CARTESIAN_POINT('Ctrl Pts',(38.7744351729952,6.13108108516904,100.915461988442));
#1700=CARTESIAN_POINT('Ctrl Pts',(38.7744351729952,7.85736572531937,100.915461988442));
#1701=CARTESIAN_POINT('Ctrl Pts',(38.3062138372966,10.445887689899,100.549904374712));
#1702=CARTESIAN_POINT('Ctrl Pts',(36.4315140073155,14.3547334393655,99.1044065277708));
#1703=CARTESIAN_POINT('Ctrl Pts',(33.5443631666045,17.6658494139541,96.9063951821049));
#1704=CARTESIAN_POINT('Ctrl Pts',(30.4052841566691,19.3207663950506,94.5887489769415));
#1705=CARTESIAN_POINT('Ctrl Pts',(28.7078289133627,19.8206134032972,93.3564461270516));
#1706=CARTESIAN_POINT('Ctrl Pts',(39.,6.13108108516904,102.492485812826));
#1707=CARTESIAN_POINT('Ctrl Pts',(39.,8.19361878105408,102.492485812826));
#1708=CARTESIAN_POINT('Ctrl Pts',(38.3561614542731,11.2836926363446,102.149645685406));
#1709=CARTESIAN_POINT('Ctrl Pts',(35.8106567182243,15.8161524673689,100.80546093268));
#1710=CARTESIAN_POINT('Ctrl Pts',(31.9366502673369,19.438946107306,98.780412616731));
#1711=CARTESIAN_POINT('Ctrl Pts',(27.8812203485982,20.863004603821,96.7116870814315));
#1712=CARTESIAN_POINT('Ctrl Pts',(25.7693950370886,21.1310810851691,95.6484245505454));
#1713=CARTESIAN_POINT('Ctrl Pts',(39.,6.13108108516904,103.438809089731));
#1714=CARTESIAN_POINT('Ctrl Pts',(39.,8.37507583773318,103.438809089731));
#1715=CARTESIAN_POINT('Ctrl Pts',(38.2287651446927,11.7371442627592,103.109221544728));
#1716=CARTESIAN_POINT('Ctrl Pts',(35.2258943357846,16.5192222649059,101.825943421263));
#1717=CARTESIAN_POINT('Ctrl Pts',(30.7316483770456,20.106876322824,99.9053254901778));
#1718=CARTESIAN_POINT('Ctrl Pts',(26.2439947525641,21.1310810851691,97.987524795955));
#1719=CARTESIAN_POINT('Ctrl Pts',(24.,21.1310810851691,97.0285526794746));
#1720=CARTESIAN_POINT('',(39.,6.13108108516904,103.438809089731));
#1721=CARTESIAN_POINT('',(36.8850230601779,6.13108108516904,97.2884911027922));
#1722=CARTESIAN_POINT('Origin',(29.,6.13108108516904,103.438809089731));
#1723=CARTESIAN_POINT('Origin',(31.8850230601779,6.13108108516904,90.8782346925358));
#1724=CARTESIAN_POINT('Origin',(24.,6.13108108516904,97.0285526794746));
#1725=CARTESIAN_POINT('Origin',(29.,-21.131081085169,103.438809089731));
#1726=CARTESIAN_POINT('',(39.,-6.13108108516905,103.438809089731));
#1727=CARTESIAN_POINT('',(36.8850230601779,-6.13108108516905,97.2884911027922));
#1728=CARTESIAN_POINT('Origin',(29.,-6.13108108516905,103.438809089731));
#1729=CARTESIAN_POINT('',(36.8850230601779,-21.131081085169,97.2884911027922));
#1730=CARTESIAN_POINT('',(39.,-21.131081085169,103.438809089731));
#1731=CARTESIAN_POINT('Ctrl Pts',(31.8850230601779,-11.1310810851691,90.8782346925358));
#1732=CARTESIAN_POINT('Ctrl Pts',(32.446021748319,-11.1310810851691,91.5974637798961));
#1733=CARTESIAN_POINT('Ctrl Pts',(33.5676704793986,-10.9402580787002,93.035474973588));
#1734=CARTESIAN_POINT('Ctrl Pts',(35.2285026210825,-10.0236141177048,95.1647469501058));
#1735=CARTESIAN_POINT('Ctrl Pts',(36.5436923285439,-8.37481656318451,96.8508876006973));
#1736=CARTESIAN_POINT('Ctrl Pts',(36.8850230601779,-6.87907933602376,97.2884911027922));
#1737=CARTESIAN_POINT('Ctrl Pts',(36.8850230601779,-6.13108108516905,97.2884911027922));
#1738=CARTESIAN_POINT('Ctrl Pts',(31.8850230601779,-12.6270775868785,90.8782346925358));
#1739=CARTESIAN_POINT('Ctrl Pts',(32.5093487738763,-12.5425401220719,91.6790977597901));
#1740=CARTESIAN_POINT('Ctrl Pts',(33.7368382194827,-12.1626924540244,93.2525993793336));
#1741=CARTESIAN_POINT('Ctrl Pts',(35.5195639919863,-10.894727404715,95.5385217858803));
#1742=CARTESIAN_POINT('Ctrl Pts',(36.913157170232,-8.83496847249343,97.3250802586402));
#1743=CARTESIAN_POINT('Ctrl Pts',(37.2730356649382,-7.03253985861211,97.7859431601772));
#1744=CARTESIAN_POINT('Ctrl Pts',(37.2730356649382,-6.13108108516905,97.7859431601772));
#1745=CARTESIAN_POINT('Ctrl Pts',(31.3449242824004,-15.6114035738729,91.2995117392023));
#1746=CARTESIAN_POINT('Ctrl Pts',(32.1578504648683,-15.359403800676,92.2147400828254));
#1747=CARTESIAN_POINT('Ctrl Pts',(33.709062403335,-14.6044721511669,93.9714409648082));
#1748=CARTESIAN_POINT('Ctrl Pts',(35.8810461450047,-12.6359869522737,96.457558022134));
#1749=CARTESIAN_POINT('Ctrl Pts',(37.5331333754627,-9.75503407258488,98.366013576425));
#1750=CARTESIAN_POINT('Ctrl Pts',(37.9543962039194,-7.33943239422413,98.8545250014218));
#1751=CARTESIAN_POINT('Ctrl Pts',(37.9543962039194,-6.13108108516905,98.8545250014218));
#1752=CARTESIAN_POINT('Ctrl Pts',(28.707828844849,-19.8206131569009,93.3564461804924));
#1753=CARTESIAN_POINT('Ctrl Pts',(29.9809202773288,-19.445727900716,94.2806733179098));
#1754=CARTESIAN_POINT('Ctrl Pts',(32.3829204813878,-18.3268416198755,96.045247444749));
#1755=CARTESIAN_POINT('Ctrl Pts',(35.6837702672504,-15.4576619123616,98.5287467421634));
#1756=CARTESIAN_POINT('Ctrl Pts',(38.1516772682593,-11.3097337698744,100.429346158583));
#1757=CARTESIAN_POINT('Ctrl Pts',(38.774435164586,-7.85736572531938,100.915461989698));
#1758=CARTESIAN_POINT('Ctrl Pts',(38.774435164586,-6.13108108516905,100.915461989698));
#1759=CARTESIAN_POINT('Ctrl Pts',(25.7693950370886,-21.1310810851691,95.6484245505454));
#1760=CARTESIAN_POINT('Ctrl Pts',(27.3532640207208,-20.930023724158,96.44587144871));
#1761=CARTESIAN_POINT('Ctrl Pts',(30.4263789295536,-20.0316128095054,98.0072913986592));
#1762=CARTESIAN_POINT('Ctrl Pts',(34.795489479188,-17.0678052684197,100.270318474351));
#1763=CARTESIAN_POINT('Ctrl Pts',(38.1445437844108,-12.3164086259721,102.036935129045));
#1764=CARTESIAN_POINT('Ctrl Pts',(39.,-8.19361878105408,102.492485812826));
#1765=CARTESIAN_POINT('Ctrl Pts',(39.,-6.13108108516905,102.492485812826));
#1766=CARTESIAN_POINT('Ctrl Pts',(24.,-21.1310810851691,97.0285526794746));
#1767=CARTESIAN_POINT('Ctrl Pts',(25.6829960644231,-21.1310810851691,97.7477817668348));
#1768=CARTESIAN_POINT('Ctrl Pts',(29.0479422576621,-20.5586120657624,99.1857929605268));
#1769=CARTESIAN_POINT('Ctrl Pts',(34.0304386827139,-17.8086801827763,101.315064937045));
#1770=CARTESIAN_POINT('Ctrl Pts',(37.9760078050979,-12.8622875192154,103.001205587636));
#1771=CARTESIAN_POINT('Ctrl Pts',(39.,-8.37507583773319,103.438809089731));
#1772=CARTESIAN_POINT('Ctrl Pts',(39.,-6.13108108516905,103.438809089731));
#1773=CARTESIAN_POINT('',(24.,-21.131081085169,97.0285526794746));
#1774=CARTESIAN_POINT('',(31.8850230601779,-11.1310810851691,90.8782346925358));
#1775=CARTESIAN_POINT('Origin',(24.,-11.1310810851691,97.0285526794746));
#1776=CARTESIAN_POINT('Origin',(31.8850230601779,-6.13108108516905,90.8782346925358));
#1777=CARTESIAN_POINT('Origin',(24.,-6.13108108516905,97.0285526794746));
#1778=CARTESIAN_POINT('Origin',(22.2624814851605,-11.131081085169,94.8009648399368));
#1779=CARTESIAN_POINT('',(21.2950090906769,-21.131081085169,93.5606156162398));
#1780=CARTESIAN_POINT('',(27.858554052129,-11.131081085169,85.7160949386269));
#1781=CARTESIAN_POINT('Ctrl Pts',(27.858554052129,-11.131081085169,85.7160949386269));
#1782=CARTESIAN_POINT('Ctrl Pts',(27.4029766544322,-12.2712872755251,85.1320213518361));
#1783=CARTESIAN_POINT('Ctrl Pts',(26.8003501746903,-13.5549819507482,84.6988030508588));
#1784=CARTESIAN_POINT('Ctrl Pts',(25.7559012076367,-15.3991113158148,84.5365292921231));
#1785=CARTESIAN_POINT('Ctrl Pts',(25.385513048616,-16.001264384887,84.5614699882401));
#1786=CARTESIAN_POINT('Ctrl Pts',(24.6324655784697,-17.1378637578447,84.7936765427331));
#1787=CARTESIAN_POINT('Ctrl Pts',(24.2498963313008,-17.6723445493035,85.0010656437893));
#1788=CARTESIAN_POINT('Ctrl Pts',(23.5587665003558,-18.5814432913854,85.5740577529184));
#1789=CARTESIAN_POINT('Ctrl Pts',(23.2215519832412,-18.9993191070858,85.9448345245261));
#1790=CARTESIAN_POINT('Ctrl Pts',(22.6238510771119,-19.7072567971943,86.8413690284031));
#1791=CARTESIAN_POINT('Ctrl Pts',(22.3640151932944,-19.9984697857767,87.36665092486));
#1792=CARTESIAN_POINT('Ctrl Pts',(21.8535147342394,-20.5581208877206,88.6923364634559));
#1793=CARTESIAN_POINT('Ctrl Pts',(21.6231216793841,-20.7961572618528,89.6432900130303));
#1794=CARTESIAN_POINT('Ctrl Pts',(21.3455258069014,-21.0809884527174,91.6133913309108));
#1795=CARTESIAN_POINT('Ctrl Pts',(21.2950090906769,-21.131081085169,92.6315924810236));
#1796=CARTESIAN_POINT('Ctrl Pts',(21.2950090906769,-21.1310810851691,93.5606156162398));
#1797=CARTESIAN_POINT('',(30.1475045453384,-11.131081085169,88.650646852998));
#1798=CARTESIAN_POINT('',(22.2624814851605,-21.131081085169,94.8009648399368));
#1799=CARTESIAN_POINT('Origin',(21.2950090906769,-21.131081085169,77.301293705996));
#1800=CARTESIAN_POINT('',(24.,-21.131081085169,140.));
#1801=CARTESIAN_POINT('',(24.,-21.131081085169,88.650646852998));
#1802=CARTESIAN_POINT('',(21.2950090906769,-21.131081085169,140.));
#1803=CARTESIAN_POINT('',(15.6,-21.131081085169,140.));
#1804=CARTESIAN_POINT('',(21.2950090906769,-21.131081085169,-50.));
#1805=CARTESIAN_POINT('Origin',(24.,-6.13108108516905,88.650646852998));
#1806=CARTESIAN_POINT('',(39.,-6.13108108516905,140.));
#1807=CARTESIAN_POINT('',(39.,-6.13108108516905,88.650646852998));
#1808=CARTESIAN_POINT('Origin',(24.,-6.13108108516905,140.));
#1809=CARTESIAN_POINT('Origin',(39.,-21.131081085169,100.));
#1810=CARTESIAN_POINT('',(39.,6.13108108516904,140.));
#1811=CARTESIAN_POINT('',(39.,6.13108108516904,95.));
#1812=CARTESIAN_POINT('',(39.,-21.131081085169,140.));
#1813=CARTESIAN_POINT('Origin',(24.,6.13108108516904,95.));
#1814=CARTESIAN_POINT('',(24.,21.131081085169,140.));
#1815=CARTESIAN_POINT('',(24.,21.131081085169,95.));
#1816=CARTESIAN_POINT('Origin',(24.,6.13108108516904,140.));
#1817=CARTESIAN_POINT('Origin',(21.2950090906769,21.131081085169,90.));
#1818=CARTESIAN_POINT('',(21.2950090906769,21.131081085169,140.));
#1819=CARTESIAN_POINT('',(21.2950090906769,21.131081085169,-50.));
#1820=CARTESIAN_POINT('',(15.6,21.131081085169,140.));
#1821=CARTESIAN_POINT('Origin',(-5.8416256375241,-11.131081085169,73.7485855480952));
#1822=CARTESIAN_POINT('',(-24.,-21.131081085169,97.0285526794745));
#1823=CARTESIAN_POINT('',(-31.8850230601779,-11.131081085169,90.8782346925358));
#1824=CARTESIAN_POINT('Origin',(-24.,-11.131081085169,97.0285526794745));
#1825=CARTESIAN_POINT('',(-27.858554052129,-11.131081085169,85.7160949386269));
#1826=CARTESIAN_POINT('',(-13.726648697702,-11.131081085169,67.5982675611564));
#1827=CARTESIAN_POINT('',(-21.2950090906769,-21.131081085169,93.5606156162398));
#1828=CARTESIAN_POINT('Ctrl Pts',(-21.2950090906769,-21.131081085169,93.5606156162398));
#1829=CARTESIAN_POINT('Ctrl Pts',(-21.2950090906769,-21.131081085169,92.6315924810236));
#1830=CARTESIAN_POINT('Ctrl Pts',(-21.3455258069014,-21.0809884527174,91.6133913309108));
#1831=CARTESIAN_POINT('Ctrl Pts',(-21.6231216793841,-20.7961572618529,89.6432900130303));
#1832=CARTESIAN_POINT('Ctrl Pts',(-21.8535147342394,-20.5581208877206,88.6923364634559));
#1833=CARTESIAN_POINT('Ctrl Pts',(-22.3640151932944,-19.9984697857767,87.36665092486));
#1834=CARTESIAN_POINT('Ctrl Pts',(-22.6238510771119,-19.7072567971943,86.8413690284031));
#1835=CARTESIAN_POINT('Ctrl Pts',(-23.2215519832412,-18.9993191070858,85.9448345245261));
#1836=CARTESIAN_POINT('Ctrl Pts',(-23.5587665003558,-18.5814432913854,85.5740577529184));
#1837=CARTESIAN_POINT('Ctrl Pts',(-24.2498963313008,-17.6723445493035,85.0010656437893));
#1838=CARTESIAN_POINT('Ctrl Pts',(-24.6324655784697,-17.1378637578447,84.7936765427331));
#1839=CARTESIAN_POINT('Ctrl Pts',(-25.385513048616,-16.001264384887,84.5614699882402));
#1840=CARTESIAN_POINT('Ctrl Pts',(-25.7559012076367,-15.3991113158148,84.5365292921231));
#1841=CARTESIAN_POINT('Ctrl Pts',(-26.8003501746903,-13.5549819507482,84.6988030508588));
#1842=CARTESIAN_POINT('Ctrl Pts',(-27.4029766544322,-12.2712872755251,85.1320213518361));
#1843=CARTESIAN_POINT('Ctrl Pts',(-27.858554052129,-11.131081085169,85.7160949386269));
#1844=CARTESIAN_POINT('',(-5.8416256375241,-21.131081085169,73.7485855480952));
#1845=CARTESIAN_POINT('Ctrl Pts',(-36.8850230601779,-6.13108108516905,97.2884911027922));
#1846=CARTESIAN_POINT('Ctrl Pts',(-36.8850230601779,-6.87907933602376,97.2884911027922));
#1847=CARTESIAN_POINT('Ctrl Pts',(-36.6279447750755,-7.99976881103245,96.9589035577891));
#1848=CARTESIAN_POINT('Ctrl Pts',(-35.6269878387728,-9.59379481174801,95.675625434324));
#1849=CARTESIAN_POINT('Ctrl Pts',(-34.1289058525264,-10.7896794977207,93.755007503239));
#1850=CARTESIAN_POINT('Ctrl Pts',(-32.6330213110326,-11.1310810851691,91.8372068090162));
#1851=CARTESIAN_POINT('Ctrl Pts',(-31.8850230601779,-11.1310810851691,90.8782346925358));
#1852=CARTESIAN_POINT('Ctrl Pts',(-37.2730356649382,-6.13108108516905,97.7859431601772));
#1853=CARTESIAN_POINT('Ctrl Pts',(-37.2730356649382,-7.03253985861211,97.7859431601772));
#1854=CARTESIAN_POINT('Ctrl Pts',(-37.002106435487,-8.38332710554823,97.4390386909942));
#1855=CARTESIAN_POINT('Ctrl Pts',(-35.9418269171278,-10.3532877968751,96.0797469057925));
#1856=CARTESIAN_POINT('Ctrl Pts',(-34.3452283875258,-11.9126095495731,94.032732431133));
#1857=CARTESIAN_POINT('Ctrl Pts',(-32.7174573451091,-12.5143609671363,91.9460521155415));
#1858=CARTESIAN_POINT('Ctrl Pts',(-31.8850230601779,-12.6270775868785,90.8782346925358));
#1859=CARTESIAN_POINT('Ctrl Pts',(-37.9543962084089,-6.13108108516905,98.8545250004305));
#1860=CARTESIAN_POINT('Ctrl Pts',(-37.9543962084089,-7.33943239422413,98.8545250004305));
#1861=CARTESIAN_POINT('Ctrl Pts',(-37.6375784514141,-9.15023567737377,98.487108801693));
#1862=CARTESIAN_POINT('Ctrl Pts',(-36.3816305174041,-11.8715383761393,97.0356183787098));
#1863=CARTESIAN_POINT('Ctrl Pts',(-34.4649265127852,-14.1564464092645,94.8313323679238));
#1864=CARTESIAN_POINT('Ctrl Pts',(-32.4288259086925,-15.2754039936754,92.5198161586251));
#1865=CARTESIAN_POINT('Ctrl Pts',(-31.3449243320686,-15.6114036912713,91.299511700461));
#1866=CARTESIAN_POINT('Ctrl Pts',(-38.7744351729952,-6.13108108516905,100.915461988442));
#1867=CARTESIAN_POINT('Ctrl Pts',(-38.7744351729952,-7.85736572531938,100.915461988442));
#1868=CARTESIAN_POINT('Ctrl Pts',(-38.3062138372966,-10.445887689899,100.549904374712));
#1869=CARTESIAN_POINT('Ctrl Pts',(-36.4315140073155,-14.3547334393654,99.1044065277708));
#1870=CARTESIAN_POINT('Ctrl Pts',(-33.5443631666045,-17.6658494139541,96.9063951821049));
#1871=CARTESIAN_POINT('Ctrl Pts',(-30.4052841566691,-19.3207663950506,94.5887489769415));
#1872=CARTESIAN_POINT('Ctrl Pts',(-28.7078289133627,-19.8206134032972,93.3564461270516));
#1873=CARTESIAN_POINT('Ctrl Pts',(-39.,-6.13108108516905,102.492485812826));
#1874=CARTESIAN_POINT('Ctrl Pts',(-39.,-8.19361878105408,102.492485812826));
#1875=CARTESIAN_POINT('Ctrl Pts',(-38.3561614542731,-11.2836926363446,102.149645685406));
#1876=CARTESIAN_POINT('Ctrl Pts',(-35.8106567182243,-15.8161524673689,100.80546093268));
#1877=CARTESIAN_POINT('Ctrl Pts',(-31.9366502673369,-19.438946107306,98.780412616731));
#1878=CARTESIAN_POINT('Ctrl Pts',(-27.8812203485982,-20.863004603821,96.7116870814315));
#1879=CARTESIAN_POINT('Ctrl Pts',(-25.7693950370886,-21.131081085169,95.6484245505454));
#1880=CARTESIAN_POINT('Ctrl Pts',(-39.,-6.13108108516905,103.438809089731));
#1881=CARTESIAN_POINT('Ctrl Pts',(-39.,-8.37507583773319,103.438809089731));
#1882=CARTESIAN_POINT('Ctrl Pts',(-38.2287651446927,-11.7371442627592,103.109221544728));
#1883=CARTESIAN_POINT('Ctrl Pts',(-35.2258943357846,-16.5192222649059,101.825943421263));
#1884=CARTESIAN_POINT('Ctrl Pts',(-30.7316483770456,-20.106876322824,99.9053254901778));
#1885=CARTESIAN_POINT('Ctrl Pts',(-26.2439947525641,-21.131081085169,97.9875247959549));
#1886=CARTESIAN_POINT('Ctrl Pts',(-24.,-21.131081085169,97.0285526794745));
#1887=CARTESIAN_POINT('',(-39.,-6.13108108516905,103.438809089731));
#1888=CARTESIAN_POINT('',(-36.8850230601779,-6.13108108516905,97.2884911027922));
#1889=CARTESIAN_POINT('Origin',(-29.,-6.13108108516905,103.438809089731));
#1890=CARTESIAN_POINT('Origin',(-31.8850230601779,-6.13108108516905,90.8782346925358));
#1891=CARTESIAN_POINT('Origin',(-24.,-6.13108108516905,97.0285526794745));
#1892=CARTESIAN_POINT('Origin',(-29.,-2.22044604925031E-15,103.438809089731));
#1893=CARTESIAN_POINT('',(-39.,6.13108108516904,103.438809089731));
#1894=CARTESIAN_POINT('',(-36.8850230601779,6.13108108516904,97.2884911027922));
#1895=CARTESIAN_POINT('Origin',(-29.,6.13108108516904,103.438809089731));
#1896=CARTESIAN_POINT('',(-36.8850230601779,-2.22044604925031E-15,97.2884911027922));
#1897=CARTESIAN_POINT('',(-39.,-2.22044604925031E-15,103.438809089731));
#1898=CARTESIAN_POINT('Ctrl Pts',(-31.8850230601779,11.131081085169,90.8782346925358));
#1899=CARTESIAN_POINT('Ctrl Pts',(-32.6330213110326,11.131081085169,91.8372068090162));
#1900=CARTESIAN_POINT('Ctrl Pts',(-34.1289058525265,10.7896794977207,93.7550075032391));
#1901=CARTESIAN_POINT('Ctrl Pts',(-35.6269878387728,9.593794811748,95.675625434324));
#1902=CARTESIAN_POINT('Ctrl Pts',(-36.6279447750755,7.99976881103244,96.9589035577891));
#1903=CARTESIAN_POINT('Ctrl Pts',(-36.8850230601779,6.87907933602376,97.2884911027922));
#1904=CARTESIAN_POINT('Ctrl Pts',(-36.8850230601779,6.13108108516904,97.2884911027922));
#1905=CARTESIAN_POINT('Ctrl Pts',(-31.8850230601779,12.6270775868785,90.8782346925358));
#1906=CARTESIAN_POINT('Ctrl Pts',(-32.7174573451091,12.5143609671363,91.9460521155415));
#1907=CARTESIAN_POINT('Ctrl Pts',(-34.3452283875258,11.9126095495731,94.032732431133));
#1908=CARTESIAN_POINT('Ctrl Pts',(-35.9418269171278,10.3532877968751,96.0797469057925));
#1909=CARTESIAN_POINT('Ctrl Pts',(-37.002106435487,8.38332710554822,97.4390386909942));
#1910=CARTESIAN_POINT('Ctrl Pts',(-37.2730356649382,7.03253985861211,97.7859431601772));
#1911=CARTESIAN_POINT('Ctrl Pts',(-37.2730356649382,6.13108108516904,97.7859431601772));
#1912=CARTESIAN_POINT('Ctrl Pts',(-31.3449243320687,15.6114036912713,91.299511700461));
#1913=CARTESIAN_POINT('Ctrl Pts',(-32.4288259086926,15.2754039936754,92.5198161586251));
#1914=CARTESIAN_POINT('Ctrl Pts',(-34.4649265127852,14.1564464092645,94.8313323679239));
#1915=CARTESIAN_POINT('Ctrl Pts',(-36.3816305174041,11.8715383761393,97.0356183787097));
#1916=CARTESIAN_POINT('Ctrl Pts',(-37.6375784514141,9.15023567737376,98.487108801693));
#1917=CARTESIAN_POINT('Ctrl Pts',(-37.9543962084089,7.33943239422413,98.8545250004304));
#1918=CARTESIAN_POINT('Ctrl Pts',(-37.9543962084089,6.13108108516904,98.8545250004304));
#1919=CARTESIAN_POINT('Ctrl Pts',(-28.7078289133627,19.8206134032972,93.3564461270516));
#1920=CARTESIAN_POINT('Ctrl Pts',(-30.4052841566691,19.3207663950506,94.5887489769415));
#1921=CARTESIAN_POINT('Ctrl Pts',(-33.5443631666046,17.6658494139542,96.906395182105));
#1922=CARTESIAN_POINT('Ctrl Pts',(-36.4315140073155,14.3547334393655,99.1044065277708));
#1923=CARTESIAN_POINT('Ctrl Pts',(-38.3062138372966,10.445887689899,100.549904374712));
#1924=CARTESIAN_POINT('Ctrl Pts',(-38.7744351729952,7.85736572531937,100.915461988442));
#1925=CARTESIAN_POINT('Ctrl Pts',(-38.7744351729952,6.13108108516904,100.915461988442));
#1926=CARTESIAN_POINT('Ctrl Pts',(-25.7693950370886,21.1310810851691,95.6484245505454));
#1927=CARTESIAN_POINT('Ctrl Pts',(-27.8812203485982,20.863004603821,96.7116870814315));
#1928=CARTESIAN_POINT('Ctrl Pts',(-31.9366502673369,19.438946107306,98.7804126167311));
#1929=CARTESIAN_POINT('Ctrl Pts',(-35.8106567182243,15.8161524673689,100.80546093268));
#1930=CARTESIAN_POINT('Ctrl Pts',(-38.3561614542731,11.2836926363446,102.149645685406));
#1931=CARTESIAN_POINT('Ctrl Pts',(-39.,8.19361878105408,102.492485812826));
#1932=CARTESIAN_POINT('Ctrl Pts',(-39.,6.13108108516904,102.492485812826));
#1933=CARTESIAN_POINT('Ctrl Pts',(-24.,21.1310810851691,97.0285526794746));
#1934=CARTESIAN_POINT('Ctrl Pts',(-26.2439947525641,21.1310810851691,97.987524795955));
#1935=CARTESIAN_POINT('Ctrl Pts',(-30.7316483770456,20.106876322824,99.9053254901778));
#1936=CARTESIAN_POINT('Ctrl Pts',(-35.2258943357846,16.5192222649059,101.825943421263));
#1937=CARTESIAN_POINT('Ctrl Pts',(-38.2287651446927,11.7371442627592,103.109221544728));
#1938=CARTESIAN_POINT('Ctrl Pts',(-39.,8.37507583773318,103.438809089731));
#1939=CARTESIAN_POINT('Ctrl Pts',(-39.,6.13108108516904,103.438809089731));
#1940=CARTESIAN_POINT('',(-24.,21.131081085169,97.0285526794746));
#1941=CARTESIAN_POINT('',(-31.8850230601779,11.131081085169,90.8782346925358));
#1942=CARTESIAN_POINT('Origin',(-24.,11.131081085169,97.0285526794746));
#1943=CARTESIAN_POINT('Origin',(-31.8850230601779,6.13108108516904,90.8782346925358));
#1944=CARTESIAN_POINT('Origin',(-24.,6.13108108516904,97.0285526794746));
#1945=CARTESIAN_POINT('Origin',(-2.76248148516054,11.131081085169,69.8009648399368));
#1946=CARTESIAN_POINT('',(-21.2950090906769,21.131081085169,93.5606156162398));
#1947=CARTESIAN_POINT('',(-27.858554052129,11.131081085169,85.7160949386269));
#1948=CARTESIAN_POINT('Ctrl Pts',(-27.858554052129,11.131081085169,85.7160949386269));
#1949=CARTESIAN_POINT('Ctrl Pts',(-27.4029766544322,12.2712872755251,85.1320213518361));
#1950=CARTESIAN_POINT('Ctrl Pts',(-26.8003501746903,13.5549819507482,84.6988030508588));
#1951=CARTESIAN_POINT('Ctrl Pts',(-25.7559012076367,15.3991113158148,84.5365292921231));
#1952=CARTESIAN_POINT('Ctrl Pts',(-25.385513048616,16.001264384887,84.5614699882402));
#1953=CARTESIAN_POINT('Ctrl Pts',(-24.6324655784697,17.1378637578447,84.7936765427331));
#1954=CARTESIAN_POINT('Ctrl Pts',(-24.2498963313008,17.6723445493035,85.0010656437893));
#1955=CARTESIAN_POINT('Ctrl Pts',(-23.5587665003558,18.5814432913854,85.5740577529184));
#1956=CARTESIAN_POINT('Ctrl Pts',(-23.2215519832412,18.9993191070858,85.9448345245262));
#1957=CARTESIAN_POINT('Ctrl Pts',(-22.6238510771119,19.7072567971943,86.8413690284032));
#1958=CARTESIAN_POINT('Ctrl Pts',(-22.3640151932944,19.9984697857767,87.36665092486));
#1959=CARTESIAN_POINT('Ctrl Pts',(-21.8535147342394,20.5581208877206,88.6923364634559));
#1960=CARTESIAN_POINT('Ctrl Pts',(-21.6231216793841,20.7961572618528,89.6432900130303));
#1961=CARTESIAN_POINT('Ctrl Pts',(-21.3455258069014,21.0809884527174,91.6133913309109));
#1962=CARTESIAN_POINT('Ctrl Pts',(-21.2950090906769,21.131081085169,92.6315924810237));
#1963=CARTESIAN_POINT('Ctrl Pts',(-21.2950090906769,21.131081085169,93.5606156162398));
#1964=CARTESIAN_POINT('',(-10.6475045453384,11.131081085169,63.650646852998));
#1965=CARTESIAN_POINT('',(-2.76248148516054,21.131081085169,69.8009648399368));
#1966=CARTESIAN_POINT('Origin',(-21.2950090906769,21.131081085169,77.301293705996));
#1967=CARTESIAN_POINT('',(-24.,21.131081085169,140.));
#1968=CARTESIAN_POINT('',(-24.,21.131081085169,88.650646852998));
#1969=CARTESIAN_POINT('',(-21.2950090906769,21.131081085169,140.));
#1970=CARTESIAN_POINT('',(-15.6,21.131081085169,140.));
#1971=CARTESIAN_POINT('',(-21.2950090906769,21.131081085169,-50.));
#1972=CARTESIAN_POINT('Origin',(-24.,6.13108108516904,88.650646852998));
#1973=CARTESIAN_POINT('',(-39.,6.13108108516904,140.));
#1974=CARTESIAN_POINT('',(-39.,6.13108108516904,88.650646852998));
#1975=CARTESIAN_POINT('Origin',(-24.,6.13108108516904,140.));
#1976=CARTESIAN_POINT('Origin',(-39.,21.131081085169,100.));
#1977=CARTESIAN_POINT('',(-39.,-6.13108108516905,140.));
#1978=CARTESIAN_POINT('',(-39.,-6.13108108516905,95.));
#1979=CARTESIAN_POINT('',(-39.,21.131081085169,140.));
#1980=CARTESIAN_POINT('Origin',(-24.,-6.13108108516905,95.));
#1981=CARTESIAN_POINT('',(-24.,-21.131081085169,140.));
#1982=CARTESIAN_POINT('',(-24.,-21.131081085169,95.));
#1983=CARTESIAN_POINT('Origin',(-24.,-6.13108108516905,140.));
#1984=CARTESIAN_POINT('Origin',(-21.2950090906769,-21.131081085169,90.));
#1985=CARTESIAN_POINT('',(-21.2950090906769,-21.131081085169,140.));
#1986=CARTESIAN_POINT('',(-21.2950090906769,-21.131081085169,-50.));
#1987=CARTESIAN_POINT('',(-15.6,-21.131081085169,140.));
#1988=CARTESIAN_POINT('Origin',(0.,0.,140.));
#1989=CARTESIAN_POINT('Origin',(0.,0.,140.));
#1990=CARTESIAN_POINT('Origin',(0.,0.,140.));
#1991=CARTESIAN_POINT('',(19.6836382492623,-11.,140.));
#1992=CARTESIAN_POINT('',(19.6836382492623,11.,140.));
#1993=CARTESIAN_POINT('',(19.6836382492623,8.19563861220729E-8,140.));
#1994=CARTESIAN_POINT('',(-19.4076408527536,-11.,140.));
#1995=CARTESIAN_POINT('',(14.5,-11.,140.));
#1996=CARTESIAN_POINT('',(-19.4076408527536,11.,140.));
#1997=CARTESIAN_POINT('',(-19.4076408527536,0.,140.));
#1998=CARTESIAN_POINT('',(-14.5,11.,140.));
#1999=CARTESIAN_POINT('',(26.526,5.00000016391277,140.));
#2000=CARTESIAN_POINT('Origin',(25.026,5.00000016391277,140.));
#2001=CARTESIAN_POINT('',(26.526,-5.09999983608723,140.));
#2002=CARTESIAN_POINT('Origin',(25.026,-5.09999983608723,140.));
#2003=CARTESIAN_POINT('',(-23.25,-5.09999983608723,140.));
#2004=CARTESIAN_POINT('Origin',(-24.75,-5.09999983608723,140.));
#2005=CARTESIAN_POINT('',(-23.25,5.00000016391277,140.));
#2006=CARTESIAN_POINT('Origin',(-24.75,5.00000016391277,140.));
#2007=CARTESIAN_POINT('Origin',(39.,-21.131081085169,100.));
#2008=CARTESIAN_POINT('Origin',(0.,0.,50.));
#2009=CARTESIAN_POINT('Origin',(192.25,0.868918914830954,162.017857066525));
#2010=CARTESIAN_POINT('',(34.5000010317093,5.,120.));
#2011=CARTESIAN_POINT('',(34.5000005140901,11.,120.000001788139));
#2012=CARTESIAN_POINT('',(34.5000005140901,0.868918914830954,120.000001788139));
#2013=CARTESIAN_POINT('',(31.0866241537939,5.,136.000002086163));
#2014=CARTESIAN_POINT('Origin',(192.25,5.,162.017857221713));
#2015=CARTESIAN_POINT('',(31.0866241287408,11.0000001639128,136.000002086163));
#2016=CARTESIAN_POINT('',(31.0866241287408,0.868918914830954,136.000002086163));
#2017=CARTESIAN_POINT('Origin',(192.25,11.,162.017857066525));
#2018=CARTESIAN_POINT('Origin',(34.5000005140901,-5.,120.000001788139));
#2019=CARTESIAN_POINT('',(34.5000005140901,11.,129.500002676113));
#2020=CARTESIAN_POINT('',(34.5000005140901,-11.,120.000001788139));
#2021=CARTESIAN_POINT('',(34.5000005140901,-11.,120.000001788139));
#2022=CARTESIAN_POINT('',(34.5000005140901,-5.,120.000001788139));
#2023=CARTESIAN_POINT('',(34.5000005140901,0.868918914830954,120.000001788139));
#2024=CARTESIAN_POINT('',(34.5000005140901,-5.,120.000001788139));
#2025=CARTESIAN_POINT('Origin',(192.25,2.93445945741548,162.017857221713));
#2026=CARTESIAN_POINT('',(31.086624113334,-5.,136.000002086163));
#2027=CARTESIAN_POINT('Origin',(192.25,-5.,162.017857221713));
#2028=CARTESIAN_POINT('',(31.0866241537939,2.93445945741548,136.000002086163));
#2029=CARTESIAN_POINT('Origin',(29.,-11.,170.));
#2030=CARTESIAN_POINT('',(-29.,-11.,136.));
#2031=CARTESIAN_POINT('',(-29.,-11.,170.));
#2032=CARTESIAN_POINT('',(-22.2360679774998,-11.,136.));
#2033=CARTESIAN_POINT('',(0.,-11.,136.));
#2034=CARTESIAN_POINT('Origin',(-22.2360679774998,-11.,139.));
#2035=CARTESIAN_POINT('',(22.5120661115775,-11.,136.000002086163));
#2036=CARTESIAN_POINT('Origin',(22.5120661115775,-11.,139.000002086163));
#2037=CARTESIAN_POINT('',(31.0866241287408,-10.9999998360872,136.000002086163));
#2038=CARTESIAN_POINT('',(34.,-11.,136.000002086163));
#2039=CARTESIAN_POINT('Origin',(192.25,-11.,162.017857066525));
#2040=CARTESIAN_POINT('Origin',(0.,-21.131081085169,50.));
#2041=CARTESIAN_POINT('',(-30.,-3.67394039744206E-15,88.4615384615385));
#2042=CARTESIAN_POINT('Origin',(0.,0.,50.));
#2043=CARTESIAN_POINT('Origin',(0.,0.,50.));
#2044=CARTESIAN_POINT('Origin',(0.,0.,-50.));
#2045=CARTESIAN_POINT('',(-30.,3.67394039744206E-15,-50.));
#2046=CARTESIAN_POINT('',(-30.,-3.67394039744206E-15,-50.));
#2047=CARTESIAN_POINT('Origin',(0.,0.,-50.));
#2048=CARTESIAN_POINT('Origin',(22.5120661115775,8.19563861220729E-8,139.000002086163));
#2049=CARTESIAN_POINT('',(22.5120661115775,11.,136.000002086163));
#2050=CARTESIAN_POINT('Origin',(22.5120661115775,11.,139.000002086163));
#2051=CARTESIAN_POINT('',(22.5120661115775,8.19563861220729E-8,136.000002086163));
#2052=CARTESIAN_POINT('Origin',(-22.2360679774998,0.,139.));
#2053=CARTESIAN_POINT('',(-22.2360679774998,11.,136.));
#2054=CARTESIAN_POINT('',(-22.2360679774998,0.,136.));
#2055=CARTESIAN_POINT('Origin',(-22.2360679774998,11.,139.));
#2056=CARTESIAN_POINT('Origin',(0.,0.,90.));
#2057=CARTESIAN_POINT('Origin',(25.026,-5.09999983608723,140.));
#2058=CARTESIAN_POINT('',(26.526,-5.09999983608723,136.000002086163));
#2059=CARTESIAN_POINT('',(26.526,-5.09999983608723,140.));
#2060=CARTESIAN_POINT('Origin',(25.026,-5.09999983608723,136.000002086163));
#2061=CARTESIAN_POINT('Origin',(-24.75,5.00000016391277,140.));
#2062=CARTESIAN_POINT('',(-23.25,5.00000016391277,136.));
#2063=CARTESIAN_POINT('',(-23.25,5.00000016391277,140.));
#2064=CARTESIAN_POINT('Origin',(-24.75,5.00000016391277,136.));
#2065=CARTESIAN_POINT('Origin',(25.026,5.00000016391277,140.));
#2066=CARTESIAN_POINT('',(26.526,5.00000016391277,136.000002086163));
#2067=CARTESIAN_POINT('',(26.526,5.00000016391277,140.));
#2068=CARTESIAN_POINT('Origin',(25.026,5.00000016391277,136.000002086163));
#2069=CARTESIAN_POINT('Origin',(-24.75,-5.09999983608723,140.));
#2070=CARTESIAN_POINT('',(-23.25,-5.09999983608723,136.));
#2071=CARTESIAN_POINT('',(-23.25,-5.09999983608723,140.));
#2072=CARTESIAN_POINT('Origin',(-24.75,-5.09999983608723,136.));
#2073=CARTESIAN_POINT('Origin',(-29.,-11.,136.));
#2074=CARTESIAN_POINT('',(-29.,11.,136.));
#2075=CARTESIAN_POINT('',(-29.,-11.,136.));
#2076=CARTESIAN_POINT('',(-29.,11.,136.));
#2077=CARTESIAN_POINT('Origin',(39.,11.0000001639128,136.000002086163));
#2078=CARTESIAN_POINT('',(5.,11.,136.000002086163));
#2079=CARTESIAN_POINT('',(31.0866241287408,0.868918914830954,136.000002086163));
#2080=CARTESIAN_POINT('Origin',(192.25,0.868918914830954,162.017857066525));
#2081=CARTESIAN_POINT('Origin',(-29.,11.,170.));
#2082=CARTESIAN_POINT('',(-29.,11.,170.));
#2083=CARTESIAN_POINT('Origin',(-29.,-11.,170.));
#2084=CARTESIAN_POINT('Origin',(0.,0.,-50.));
#2085=UNCERTAINTY_MEASURE_WITH_UNIT(LENGTH_MEASURE(0.01),#2089,
'DISTANCE_ACCURACY_VALUE',
'Maximum model space distance between geometric entities at asserted c
onnectivities');
#2086=UNCERTAINTY_MEASURE_WITH_UNIT(LENGTH_MEASURE(0.01),#2089,
'DISTANCE_ACCURACY_VALUE',
'Maximum model space distance between geometric entities at asserted c
onnectivities');
#2087=(
GEOMETRIC_REPRESENTATION_CONTEXT(3)
GLOBAL_UNCERTAINTY_ASSIGNED_CONTEXT((#2085))
GLOBAL_UNIT_ASSIGNED_CONTEXT((#2089,#2091,#2092))
REPRESENTATION_CONTEXT('','3D')
);
#2088=(
GEOMETRIC_REPRESENTATION_CONTEXT(3)
GLOBAL_UNCERTAINTY_ASSIGNED_CONTEXT((#2086))
GLOBAL_UNIT_ASSIGNED_CONTEXT((#2089,#2091,#2092))
REPRESENTATION_CONTEXT('','3D')
);
#2089=(
LENGTH_UNIT()
NAMED_UNIT(*)
SI_UNIT(.MILLI.,.METRE.)
);
#2090=(
LENGTH_UNIT()
NAMED_UNIT(*)
SI_UNIT($,.METRE.)
);
#2091=(
NAMED_UNIT(*)
PLANE_ANGLE_UNIT()
SI_UNIT($,.RADIAN.)
);
#2092=(
NAMED_UNIT(*)
SI_UNIT($,.STERADIAN.)
SOLID_ANGLE_UNIT()
);
#2093=SHAPE_DEFINITION_REPRESENTATION(#2094,#2095);
#2094=PRODUCT_DEFINITION_SHAPE('',$,#2097);
#2095=SHAPE_REPRESENTATION('',(#1121),#2087);
#2096=PRODUCT_DEFINITION_CONTEXT('part definition',#2101,'design');
#2097=PRODUCT_DEFINITION('GYRO base handle axis 1 (yaw)',
'GYRO base handle axis 1 (yaw) v8',#2098,#2096);
#2098=PRODUCT_DEFINITION_FORMATION('',$,#2103);
#2099=PRODUCT_RELATED_PRODUCT_CATEGORY(
'GYRO base handle axis 1 (yaw) v8','GYRO base handle axis 1 (yaw) v8',(#2103));
#2100=APPLICATION_PROTOCOL_DEFINITION('international standard',
'automotive_design',2009,#2101);
#2101=APPLICATION_CONTEXT(
'Core Data for Automotive Mechanical Design Process');
#2102=PRODUCT_CONTEXT('part definition',#2101,'mechanical');
#2103=PRODUCT('GYRO base handle axis 1 (yaw)',
'GYRO base handle axis 1 (yaw) v8',$,(#2102));
#2104=PRESENTATION_STYLE_ASSIGNMENT((#2105));
#2105=SURFACE_STYLE_USAGE(.BOTH.,#2106);
#2106=SURFACE_SIDE_STYLE('',(#2107));
#2107=SURFACE_STYLE_FILL_AREA(#2108);
#2108=FILL_AREA_STYLE('Plastic - Matte (White)',(#2109));
#2109=FILL_AREA_STYLE_COLOUR('Plastic - Matte (White)',#2110);
#2110=COLOUR_RGB('Plastic - Matte (White)',0.964705882352941,0.964705882352941,
0.952941176470588);
ENDSEC;
END-ISO-10303-21;
