ISO-10303-21;
HEADER;
/* Generated by software containing ST-Developer
 * from STEP Tools, Inc. (www.steptools.com) 
 */

FILE_DESCRIPTION(
/* description */ (''),
/* implementation_level */ '2;1');

FILE_NAME(
/* name */ 'GYRA PITCH BRACKET v31(PRT 2).step',
/* time_stamp */ '2026-05-23T22:49:31+05:30',
/* author */ (''),
/* organization */ (''),
/* preprocessor_version */ 'ST-DEVELOPER v20.1',
/* originating_system */ 'Autodesk Translation Framework v15.8.0.0',
/* authorisation */ '');

FILE_SCHEMA (('AUTOMOTIVE_DESIGN { 1 0 10303 214 3 1 1 }'));
ENDSEC;

DATA;
#10=MECHANICAL_DESIGN_GEOMETRIC_PRESENTATION_REPRESENTATION('',(#14,#15),
#2360);
#11=SHAPE_REPRESENTATION_RELATIONSHIP('SRR','None',#2367,#12);
#12=ADVANCED_BREP_SHAPE_REPRESENTATION('',(#16,#17),#2359);
#13=TOROIDAL_SURFACE('',#1531,11.15,1.);
#14=STYLED_ITEM('',(#2376),#16);
#15=STYLED_ITEM('',(#2376),#17);
#16=MANIFOLD_SOLID_BREP('Body1',#1398);
#17=MANIFOLD_SOLID_BREP('Body5',#1399);
#18=FACE_BOUND('',#228,.T.);
#19=FACE_BOUND('',#243,.T.);
#20=FACE_BOUND('',#244,.T.);
#21=FACE_BOUND('',#245,.T.);
#22=FACE_BOUND('',#246,.T.);
#23=FACE_BOUND('',#247,.T.);
#24=FACE_BOUND('',#261,.T.);
#25=FACE_BOUND('',#264,.T.);
#26=FACE_BOUND('',#269,.T.);
#27=FACE_BOUND('',#274,.T.);
#28=FACE_BOUND('',#275,.T.);
#29=FACE_BOUND('',#276,.T.);
#30=FACE_BOUND('',#277,.T.);
#31=FACE_BOUND('',#278,.T.);
#32=FACE_BOUND('',#288,.T.);
#33=FACE_BOUND('',#289,.T.);
#34=FACE_BOUND('',#290,.T.);
#35=FACE_BOUND('',#291,.T.);
#36=FACE_BOUND('',#292,.T.);
#37=B_SPLINE_CURVE_WITH_KNOTS('',3,(#2109,#2110,#2111,#2112),
 .UNSPECIFIED.,.F.,.F.,(4,4),(2.95730806287179,3.07870442699773),
 .UNSPECIFIED.);
#38=B_SPLINE_CURVE_WITH_KNOTS('',3,(#2177,#2178,#2179,#2180),
 .UNSPECIFIED.,.F.,.F.,(4,4),(0.,0.121396364125942),.UNSPECIFIED.);
#39=CYLINDRICAL_SURFACE('',#1417,1.45000000000001);
#40=CYLINDRICAL_SURFACE('',#1420,1.45);
#41=CYLINDRICAL_SURFACE('',#1426,7.843248002828);
#42=CYLINDRICAL_SURFACE('',#1433,1.45);
#43=CYLINDRICAL_SURFACE('',#1438,1.45000000000001);
#44=CYLINDRICAL_SURFACE('',#1443,9.87793700892441);
#45=CYLINDRICAL_SURFACE('',#1454,5.);
#46=CYLINDRICAL_SURFACE('',#1458,5.);
#47=CYLINDRICAL_SURFACE('',#1461,5.);
#48=CYLINDRICAL_SURFACE('',#1465,5.);
#49=CYLINDRICAL_SURFACE('',#1474,5.);
#50=CYLINDRICAL_SURFACE('',#1479,5.);
#51=CYLINDRICAL_SURFACE('',#1480,5.);
#52=CYLINDRICAL_SURFACE('',#1483,5.);
#53=CYLINDRICAL_SURFACE('',#1498,6.8779370089244);
#54=CYLINDRICAL_SURFACE('',#1499,4.843248002828);
#55=CYLINDRICAL_SURFACE('',#1505,20.);
#56=CYLINDRICAL_SURFACE('',#1514,10.);
#57=CYLINDRICAL_SURFACE('',#1515,10.);
#58=CYLINDRICAL_SURFACE('',#1530,15.);
#59=CYLINDRICAL_SURFACE('',#1534,10.15);
#60=CYLINDRICAL_SURFACE('',#1536,1.2645);
#61=CYLINDRICAL_SURFACE('',#1538,1.5);
#62=CYLINDRICAL_SURFACE('',#1540,1.2645);
#63=CYLINDRICAL_SURFACE('',#1542,1.2645);
#64=CYLINDRICAL_SURFACE('',#1544,1.2645);
#65=CIRCLE('',#1415,20.);
#66=CIRCLE('',#1418,1.45000000000001);
#67=CIRCLE('',#1419,1.45000000000001);
#68=CIRCLE('',#1421,1.45);
#69=CIRCLE('',#1422,1.45);
#70=CIRCLE('',#1427,7.843248002828);
#71=CIRCLE('',#1428,7.843248002828);
#72=CIRCLE('',#1429,7.843248002828);
#73=CIRCLE('',#1430,7.843248002828);
#74=CIRCLE('',#1434,1.45);
#75=CIRCLE('',#1435,1.45);
#76=CIRCLE('',#1439,1.45000000000001);
#77=CIRCLE('',#1440,1.45000000000001);
#78=CIRCLE('',#1444,9.87793700892441);
#79=CIRCLE('',#1445,9.87793700892441);
#80=CIRCLE('',#1446,9.87793700892435);
#81=CIRCLE('',#1447,9.87793700892441);
#82=CIRCLE('',#1451,6.8779370089244);
#83=CIRCLE('',#1452,4.843248002828);
#84=CIRCLE('',#1455,5.);
#85=CIRCLE('',#1456,5.);
#86=CIRCLE('',#1459,5.);
#87=CIRCLE('',#1460,5.);
#88=CIRCLE('',#1462,5.);
#89=CIRCLE('',#1463,5.);
#90=CIRCLE('',#1466,5.);
#91=CIRCLE('',#1467,5.);
#92=CIRCLE('',#1469,5.);
#93=CIRCLE('',#1470,5.);
#94=CIRCLE('',#1471,5.);
#95=CIRCLE('',#1472,5.);
#96=CIRCLE('',#1475,5.);
#97=CIRCLE('',#1477,5.);
#98=CIRCLE('',#1481,5.);
#99=CIRCLE('',#1484,5.);
#100=CIRCLE('',#1491,4.843248002828);
#101=CIRCLE('',#1492,6.8779370089244);
#102=CIRCLE('',#1496,6.8779370089244);
#103=CIRCLE('',#1503,20.);
#104=CIRCLE('',#1508,10.);
#105=CIRCLE('',#1509,10.);
#106=CIRCLE('',#1512,10.);
#107=CIRCLE('',#1513,10.);
#108=CIRCLE('',#1518,15.);
#109=CIRCLE('',#1519,11.15);
#110=CIRCLE('',#1524,15.);
#111=CIRCLE('',#1525,1.2645);
#112=CIRCLE('',#1526,1.2645);
#113=CIRCLE('',#1527,1.2645);
#114=CIRCLE('',#1528,1.5);
#115=CIRCLE('',#1529,1.2645);
#116=CIRCLE('',#1532,1.);
#117=CIRCLE('',#1533,10.15);
#118=CIRCLE('',#1535,10.15);
#119=CIRCLE('',#1537,1.2645);
#120=CIRCLE('',#1539,1.5);
#121=CIRCLE('',#1541,1.2645);
#122=CIRCLE('',#1543,1.2645);
#123=CIRCLE('',#1545,1.2645);
#124=FACE_OUTER_BOUND('',#199,.T.);
#125=FACE_OUTER_BOUND('',#200,.T.);
#126=FACE_OUTER_BOUND('',#201,.T.);
#127=FACE_OUTER_BOUND('',#202,.T.);
#128=FACE_OUTER_BOUND('',#203,.T.);
#129=FACE_OUTER_BOUND('',#204,.T.);
#130=FACE_OUTER_BOUND('',#205,.T.);
#131=FACE_OUTER_BOUND('',#206,.T.);
#132=FACE_OUTER_BOUND('',#207,.T.);
#133=FACE_OUTER_BOUND('',#208,.T.);
#134=FACE_OUTER_BOUND('',#209,.T.);
#135=FACE_OUTER_BOUND('',#210,.T.);
#136=FACE_OUTER_BOUND('',#211,.T.);
#137=FACE_OUTER_BOUND('',#212,.T.);
#138=FACE_OUTER_BOUND('',#213,.T.);
#139=FACE_OUTER_BOUND('',#214,.T.);
#140=FACE_OUTER_BOUND('',#215,.T.);
#141=FACE_OUTER_BOUND('',#216,.T.);
#142=FACE_OUTER_BOUND('',#217,.T.);
#143=FACE_OUTER_BOUND('',#218,.T.);
#144=FACE_OUTER_BOUND('',#219,.T.);
#145=FACE_OUTER_BOUND('',#220,.T.);
#146=FACE_OUTER_BOUND('',#221,.T.);
#147=FACE_OUTER_BOUND('',#222,.T.);
#148=FACE_OUTER_BOUND('',#223,.T.);
#149=FACE_OUTER_BOUND('',#224,.T.);
#150=FACE_OUTER_BOUND('',#225,.T.);
#151=FACE_OUTER_BOUND('',#226,.T.);
#152=FACE_OUTER_BOUND('',#227,.T.);
#153=FACE_OUTER_BOUND('',#229,.T.);
#154=FACE_OUTER_BOUND('',#230,.T.);
#155=FACE_OUTER_BOUND('',#231,.T.);
#156=FACE_OUTER_BOUND('',#232,.T.);
#157=FACE_OUTER_BOUND('',#233,.T.);
#158=FACE_OUTER_BOUND('',#234,.T.);
#159=FACE_OUTER_BOUND('',#235,.T.);
#160=FACE_OUTER_BOUND('',#236,.T.);
#161=FACE_OUTER_BOUND('',#237,.T.);
#162=FACE_OUTER_BOUND('',#238,.T.);
#163=FACE_OUTER_BOUND('',#239,.T.);
#164=FACE_OUTER_BOUND('',#240,.T.);
#165=FACE_OUTER_BOUND('',#241,.T.);
#166=FACE_OUTER_BOUND('',#242,.T.);
#167=FACE_OUTER_BOUND('',#248,.T.);
#168=FACE_OUTER_BOUND('',#249,.T.);
#169=FACE_OUTER_BOUND('',#250,.T.);
#170=FACE_OUTER_BOUND('',#251,.T.);
#171=FACE_OUTER_BOUND('',#252,.T.);
#172=FACE_OUTER_BOUND('',#253,.T.);
#173=FACE_OUTER_BOUND('',#254,.T.);
#174=FACE_OUTER_BOUND('',#255,.T.);
#175=FACE_OUTER_BOUND('',#256,.T.);
#176=FACE_OUTER_BOUND('',#257,.T.);
#177=FACE_OUTER_BOUND('',#258,.T.);
#178=FACE_OUTER_BOUND('',#259,.T.);
#179=FACE_OUTER_BOUND('',#260,.T.);
#180=FACE_OUTER_BOUND('',#262,.T.);
#181=FACE_OUTER_BOUND('',#263,.T.);
#182=FACE_OUTER_BOUND('',#265,.T.);
#183=FACE_OUTER_BOUND('',#266,.T.);
#184=FACE_OUTER_BOUND('',#267,.T.);
#185=FACE_OUTER_BOUND('',#268,.T.);
#186=FACE_OUTER_BOUND('',#270,.T.);
#187=FACE_OUTER_BOUND('',#271,.T.);
#188=FACE_OUTER_BOUND('',#272,.T.);
#189=FACE_OUTER_BOUND('',#273,.T.);
#190=FACE_OUTER_BOUND('',#279,.T.);
#191=FACE_OUTER_BOUND('',#280,.T.);
#192=FACE_OUTER_BOUND('',#281,.T.);
#193=FACE_OUTER_BOUND('',#282,.T.);
#194=FACE_OUTER_BOUND('',#283,.T.);
#195=FACE_OUTER_BOUND('',#284,.T.);
#196=FACE_OUTER_BOUND('',#285,.T.);
#197=FACE_OUTER_BOUND('',#286,.T.);
#198=FACE_OUTER_BOUND('',#287,.T.);
#199=EDGE_LOOP('',(#885,#886,#887,#888));
#200=EDGE_LOOP('',(#889,#890,#891,#892,#893,#894,#895,#896));
#201=EDGE_LOOP('',(#897,#898,#899,#900));
#202=EDGE_LOOP('',(#901,#902,#903,#904));
#203=EDGE_LOOP('',(#905,#906,#907,#908));
#204=EDGE_LOOP('',(#909,#910,#911,#912));
#205=EDGE_LOOP('',(#913,#914,#915,#916,#917,#918));
#206=EDGE_LOOP('',(#919,#920,#921,#922));
#207=EDGE_LOOP('',(#923,#924,#925,#926,#927,#928,#929,#930));
#208=EDGE_LOOP('',(#931,#932,#933,#934));
#209=EDGE_LOOP('',(#935,#936,#937,#938));
#210=EDGE_LOOP('',(#939,#940,#941,#942));
#211=EDGE_LOOP('',(#943));
#212=EDGE_LOOP('',(#944));
#213=EDGE_LOOP('',(#945,#946,#947,#948));
#214=EDGE_LOOP('',(#949));
#215=EDGE_LOOP('',(#950));
#216=EDGE_LOOP('',(#951,#952,#953,#954,#955,#956,#957,#958));
#217=EDGE_LOOP('',(#959,#960,#961,#962));
#218=EDGE_LOOP('',(#963,#964,#965,#966,#967));
#219=EDGE_LOOP('',(#968,#969,#970,#971,#972,#973,#974));
#220=EDGE_LOOP('',(#975,#976,#977,#978));
#221=EDGE_LOOP('',(#979,#980,#981,#982,#983));
#222=EDGE_LOOP('',(#984,#985,#986,#987));
#223=EDGE_LOOP('',(#988,#989,#990,#991));
#224=EDGE_LOOP('',(#992,#993,#994,#995));
#225=EDGE_LOOP('',(#996,#997,#998,#999));
#226=EDGE_LOOP('',(#1000,#1001,#1002,#1003));
#227=EDGE_LOOP('',(#1004,#1005,#1006,#1007,#1008,#1009,#1010,#1011,#1012,
#1013));
#228=EDGE_LOOP('',(#1014,#1015,#1016,#1017,#1018,#1019,#1020,#1021,#1022,
#1023,#1024));
#229=EDGE_LOOP('',(#1025,#1026,#1027,#1028));
#230=EDGE_LOOP('',(#1029,#1030,#1031,#1032));
#231=EDGE_LOOP('',(#1033,#1034,#1035,#1036,#1037,#1038,#1039,#1040,#1041,
#1042,#1043));
#232=EDGE_LOOP('',(#1044,#1045,#1046,#1047));
#233=EDGE_LOOP('',(#1048,#1049,#1050,#1051));
#234=EDGE_LOOP('',(#1052,#1053,#1054,#1055,#1056));
#235=EDGE_LOOP('',(#1057,#1058,#1059,#1060));
#236=EDGE_LOOP('',(#1061,#1062,#1063,#1064));
#237=EDGE_LOOP('',(#1065,#1066,#1067,#1068));
#238=EDGE_LOOP('',(#1069,#1070,#1071,#1072));
#239=EDGE_LOOP('',(#1073,#1074,#1075,#1076));
#240=EDGE_LOOP('',(#1077,#1078,#1079,#1080));
#241=EDGE_LOOP('',(#1081,#1082,#1083,#1084));
#242=EDGE_LOOP('',(#1085,#1086,#1087,#1088,#1089,#1090,#1091,#1092));
#243=EDGE_LOOP('',(#1093));
#244=EDGE_LOOP('',(#1094));
#245=EDGE_LOOP('',(#1095,#1096,#1097,#1098,#1099,#1100,#1101,#1102));
#246=EDGE_LOOP('',(#1103));
#247=EDGE_LOOP('',(#1104));
#248=EDGE_LOOP('',(#1105,#1106,#1107,#1108));
#249=EDGE_LOOP('',(#1109,#1110,#1111,#1112,#1113,#1114));
#250=EDGE_LOOP('',(#1115,#1116,#1117,#1118,#1119,#1120,#1121,#1122,#1123,
#1124));
#251=EDGE_LOOP('',(#1125,#1126,#1127,#1128,#1129,#1130));
#252=EDGE_LOOP('',(#1131,#1132,#1133,#1134,#1135,#1136));
#253=EDGE_LOOP('',(#1137,#1138,#1139,#1140));
#254=EDGE_LOOP('',(#1141,#1142,#1143,#1144));
#255=EDGE_LOOP('',(#1145,#1146,#1147,#1148));
#256=EDGE_LOOP('',(#1149,#1150,#1151,#1152,#1153,#1154,#1155,#1156));
#257=EDGE_LOOP('',(#1157,#1158,#1159,#1160));
#258=EDGE_LOOP('',(#1161,#1162,#1163,#1164,#1165,#1166,#1167,#1168));
#259=EDGE_LOOP('',(#1169,#1170,#1171,#1172));
#260=EDGE_LOOP('',(#1173,#1174,#1175,#1176,#1177,#1178,#1179,#1180));
#261=EDGE_LOOP('',(#1181,#1182,#1183));
#262=EDGE_LOOP('',(#1184,#1185,#1186,#1187));
#263=EDGE_LOOP('',(#1188,#1189,#1190,#1191,#1192,#1193,#1194,#1195));
#264=EDGE_LOOP('',(#1196,#1197,#1198));
#265=EDGE_LOOP('',(#1199,#1200,#1201,#1202));
#266=EDGE_LOOP('',(#1203,#1204,#1205,#1206));
#267=EDGE_LOOP('',(#1207,#1208,#1209,#1210));
#268=EDGE_LOOP('',(#1211,#1212,#1213,#1214));
#269=EDGE_LOOP('',(#1215));
#270=EDGE_LOOP('',(#1216,#1217,#1218,#1219));
#271=EDGE_LOOP('',(#1220,#1221,#1222,#1223));
#272=EDGE_LOOP('',(#1224,#1225,#1226,#1227));
#273=EDGE_LOOP('',(#1228,#1229,#1230,#1231));
#274=EDGE_LOOP('',(#1232));
#275=EDGE_LOOP('',(#1233));
#276=EDGE_LOOP('',(#1234));
#277=EDGE_LOOP('',(#1235));
#278=EDGE_LOOP('',(#1236));
#279=EDGE_LOOP('',(#1237,#1238,#1239,#1240));
#280=EDGE_LOOP('',(#1241,#1242,#1243,#1244));
#281=EDGE_LOOP('',(#1245,#1246,#1247,#1248));
#282=EDGE_LOOP('',(#1249,#1250,#1251,#1252));
#283=EDGE_LOOP('',(#1253,#1254,#1255,#1256));
#284=EDGE_LOOP('',(#1257,#1258,#1259,#1260));
#285=EDGE_LOOP('',(#1261,#1262,#1263,#1264));
#286=EDGE_LOOP('',(#1265,#1266,#1267,#1268));
#287=EDGE_LOOP('',(#1269));
#288=EDGE_LOOP('',(#1270));
#289=EDGE_LOOP('',(#1271));
#290=EDGE_LOOP('',(#1272));
#291=EDGE_LOOP('',(#1273));
#292=EDGE_LOOP('',(#1274));
#293=LINE('',#1955,#427);
#294=LINE('',#1957,#428);
#295=LINE('',#1959,#429);
#296=LINE('',#1960,#430);
#297=LINE('',#1963,#431);
#298=LINE('',#1965,#432);
#299=LINE('',#1967,#433);
#300=LINE('',#1969,#434);
#301=LINE('',#1971,#435);
#302=LINE('',#1974,#436);
#303=LINE('',#1977,#437);
#304=LINE('',#1978,#438);
#305=LINE('',#1983,#439);
#306=LINE('',#1989,#440);
#307=LINE('',#1994,#441);
#308=LINE('',#1996,#442);
#309=LINE('',#1998,#443);
#310=LINE('',#1999,#444);
#311=LINE('',#2003,#445);
#312=LINE('',#2005,#446);
#313=LINE('',#2006,#447);
#314=LINE('',#2008,#448);
#315=LINE('',#2009,#449);
#316=LINE('',#2012,#450);
#317=LINE('',#2014,#451);
#318=LINE('',#2015,#452);
#319=LINE('',#2021,#453);
#320=LINE('',#2025,#454);
#321=LINE('',#2029,#455);
#322=LINE('',#2032,#456);
#323=LINE('',#2036,#457);
#324=LINE('',#2038,#458);
#325=LINE('',#2040,#459);
#326=LINE('',#2041,#460);
#327=LINE('',#2045,#461);
#328=LINE('',#2046,#462);
#329=LINE('',#2047,#463);
#330=LINE('',#2052,#464);
#331=LINE('',#2060,#465);
#332=LINE('',#2070,#466);
#333=LINE('',#2074,#467);
#334=LINE('',#2078,#468);
#335=LINE('',#2080,#469);
#336=LINE('',#2082,#470);
#337=LINE('',#2083,#471);
#338=LINE('',#2085,#472);
#339=LINE('',#2086,#473);
#340=LINE('',#2089,#474);
#341=LINE('',#2093,#475);
#342=LINE('',#2096,#476);
#343=LINE('',#2098,#477);
#344=LINE('',#2100,#478);
#345=LINE('',#2101,#479);
#346=LINE('',#2107,#480);
#347=LINE('',#2115,#481);
#348=LINE('',#2117,#482);
#349=LINE('',#2118,#483);
#350=LINE('',#2123,#484);
#351=LINE('',#2130,#485);
#352=LINE('',#2133,#486);
#353=LINE('',#2137,#487);
#354=LINE('',#2138,#488);
#355=LINE('',#2139,#489);
#356=LINE('',#2147,#490);
#357=LINE('',#2149,#491);
#358=LINE('',#2152,#492);
#359=LINE('',#2155,#493);
#360=LINE('',#2158,#494);
#361=LINE('',#2161,#495);
#362=LINE('',#2162,#496);
#363=LINE('',#2168,#497);
#364=LINE('',#2170,#498);
#365=LINE('',#2181,#499);
#366=LINE('',#2182,#500);
#367=LINE('',#2185,#501);
#368=LINE('',#2186,#502);
#369=LINE('',#2190,#503);
#370=LINE('',#2192,#504);
#371=LINE('',#2196,#505);
#372=LINE('',#2198,#506);
#373=LINE('',#2200,#507);
#374=LINE('',#2201,#508);
#375=LINE('',#2204,#509);
#376=LINE('',#2206,#510);
#377=LINE('',#2207,#511);
#378=LINE('',#2210,#512);
#379=LINE('',#2212,#513);
#380=LINE('',#2213,#514);
#381=LINE('',#2215,#515);
#382=LINE('',#2216,#516);
#383=LINE('',#2218,#517);
#384=LINE('',#2224,#518);
#385=LINE('',#2225,#519);
#386=LINE('',#2227,#520);
#387=LINE('',#2230,#521);
#388=LINE('',#2233,#522);
#389=LINE('',#2235,#523);
#390=LINE('',#2238,#524);
#391=LINE('',#2240,#525);
#392=LINE('',#2243,#526);
#393=LINE('',#2246,#527);
#394=LINE('',#2251,#528);
#395=LINE('',#2253,#529);
#396=LINE('',#2255,#530);
#397=LINE('',#2256,#531);
#398=LINE('',#2259,#532);
#399=LINE('',#2263,#533);
#400=LINE('',#2265,#534);
#401=LINE('',#2267,#535);
#402=LINE('',#2270,#536);
#403=LINE('',#2273,#537);
#404=LINE('',#2275,#538);
#405=LINE('',#2276,#539);
#406=LINE('',#2279,#540);
#407=LINE('',#2280,#541);
#408=LINE('',#2283,#542);
#409=LINE('',#2287,#543);
#410=LINE('',#2289,#544);
#411=LINE('',#2291,#545);
#412=LINE('',#2295,#546);
#413=LINE('',#2297,#547);
#414=LINE('',#2298,#548);
#415=LINE('',#2300,#549);
#416=LINE('',#2302,#550);
#417=LINE('',#2303,#551);
#418=LINE('',#2310,#552);
#419=LINE('',#2311,#553);
#420=LINE('',#2313,#554);
#421=LINE('',#2334,#555);
#422=LINE('',#2338,#556);
#423=LINE('',#2342,#557);
#424=LINE('',#2346,#558);
#425=LINE('',#2350,#559);
#426=LINE('',#2354,#560);
#427=VECTOR('',#1551,10.);
#428=VECTOR('',#1552,10.);
#429=VECTOR('',#1553,10.);
#430=VECTOR('',#1554,10.);
#431=VECTOR('',#1557,10.);
#432=VECTOR('',#1558,10.);
#433=VECTOR('',#1559,10.);
#434=VECTOR('',#1560,10.);
#435=VECTOR('',#1561,10.);
#436=VECTOR('',#1564,10.);
#437=VECTOR('',#1567,10.);
#438=VECTOR('',#1568,10.);
#439=VECTOR('',#1573,1.45000000000001);
#440=VECTOR('',#1580,1.45);
#441=VECTOR('',#1585,10.);
#442=VECTOR('',#1586,10.);
#443=VECTOR('',#1587,10.);
#444=VECTOR('',#1588,10.);
#445=VECTOR('',#1591,10.);
#446=VECTOR('',#1592,10.);
#447=VECTOR('',#1593,10.);
#448=VECTOR('',#1594,10.);
#449=VECTOR('',#1595,10.);
#450=VECTOR('',#1598,10.);
#451=VECTOR('',#1599,10.);
#452=VECTOR('',#1600,10.);
#453=VECTOR('',#1605,10.);
#454=VECTOR('',#1608,10.);
#455=VECTOR('',#1611,10.);
#456=VECTOR('',#1614,10.);
#457=VECTOR('',#1617,10.);
#458=VECTOR('',#1618,10.);
#459=VECTOR('',#1619,10.);
#460=VECTOR('',#1620,10.);
#461=VECTOR('',#1623,10.);
#462=VECTOR('',#1624,10.);
#463=VECTOR('',#1625,10.);
#464=VECTOR('',#1630,1.45);
#465=VECTOR('',#1641,1.45000000000001);
#466=VECTOR('',#1654,10.);
#467=VECTOR('',#1659,10.);
#468=VECTOR('',#1662,10.);
#469=VECTOR('',#1663,10.);
#470=VECTOR('',#1664,10.);
#471=VECTOR('',#1665,10.);
#472=VECTOR('',#1668,10.);
#473=VECTOR('',#1669,10.);
#474=VECTOR('',#1672,10.);
#475=VECTOR('',#1677,10.);
#476=VECTOR('',#1680,10.);
#477=VECTOR('',#1681,10.);
#478=VECTOR('',#1682,10.);
#479=VECTOR('',#1683,10.);
#480=VECTOR('',#1688,10.);
#481=VECTOR('',#1693,10.);
#482=VECTOR('',#1694,10.);
#483=VECTOR('',#1695,10.);
#484=VECTOR('',#1700,10.);
#485=VECTOR('',#1707,10.);
#486=VECTOR('',#1710,10.);
#487=VECTOR('',#1713,10.);
#488=VECTOR('',#1714,10.);
#489=VECTOR('',#1715,10.);
#490=VECTOR('',#1726,10.);
#491=VECTOR('',#1727,10.);
#492=VECTOR('',#1730,10.);
#493=VECTOR('',#1733,10.);
#494=VECTOR('',#1736,10.);
#495=VECTOR('',#1739,10.);
#496=VECTOR('',#1740,10.);
#497=VECTOR('',#1749,10.);
#498=VECTOR('',#1752,10.);
#499=VECTOR('',#1759,10.);
#500=VECTOR('',#1760,10.);
#501=VECTOR('',#1763,10.);
#502=VECTOR('',#1764,10.);
#503=VECTOR('',#1769,10.);
#504=VECTOR('',#1772,10.);
#505=VECTOR('',#1775,10.);
#506=VECTOR('',#1776,10.);
#507=VECTOR('',#1777,10.);
#508=VECTOR('',#1778,10.);
#509=VECTOR('',#1781,10.);
#510=VECTOR('',#1782,10.);
#511=VECTOR('',#1783,10.);
#512=VECTOR('',#1786,10.);
#513=VECTOR('',#1787,10.);
#514=VECTOR('',#1788,10.);
#515=VECTOR('',#1791,10.);
#516=VECTOR('',#1792,10.);
#517=VECTOR('',#1795,10.);
#518=VECTOR('',#1802,10.);
#519=VECTOR('',#1803,10.);
#520=VECTOR('',#1806,10.);
#521=VECTOR('',#1809,10.);
#522=VECTOR('',#1814,10.);
#523=VECTOR('',#1817,10.);
#524=VECTOR('',#1822,10.);
#525=VECTOR('',#1825,10.);
#526=VECTOR('',#1828,10.);
#527=VECTOR('',#1833,10.);
#528=VECTOR('',#1838,10.);
#529=VECTOR('',#1839,10.);
#530=VECTOR('',#1840,10.);
#531=VECTOR('',#1841,10.);
#532=VECTOR('',#1844,10.);
#533=VECTOR('',#1847,10.);
#534=VECTOR('',#1848,10.);
#535=VECTOR('',#1849,10.);
#536=VECTOR('',#1852,10.);
#537=VECTOR('',#1853,10.);
#538=VECTOR('',#1854,10.);
#539=VECTOR('',#1855,10.);
#540=VECTOR('',#1858,10.);
#541=VECTOR('',#1859,10.);
#542=VECTOR('',#1862,10.);
#543=VECTOR('',#1865,10.);
#544=VECTOR('',#1866,10.);
#545=VECTOR('',#1867,10.);
#546=VECTOR('',#1870,10.);
#547=VECTOR('',#1871,10.);
#548=VECTOR('',#1872,10.);
#549=VECTOR('',#1875,10.);
#550=VECTOR('',#1878,10.);
#551=VECTOR('',#1879,10.);
#552=VECTOR('',#1890,10.);
#553=VECTOR('',#1891,10.);
#554=VECTOR('',#1894,10.);
#555=VECTOR('',#1921,10.15);
#556=VECTOR('',#1926,1.2645);
#557=VECTOR('',#1931,1.5);
#558=VECTOR('',#1936,1.2645);
#559=VECTOR('',#1941,1.2645);
#560=VECTOR('',#1946,1.2645);
#561=VERTEX_POINT('',#1953);
#562=VERTEX_POINT('',#1954);
#563=VERTEX_POINT('',#1956);
#564=VERTEX_POINT('',#1958);
#565=VERTEX_POINT('',#1962);
#566=VERTEX_POINT('',#1964);
#567=VERTEX_POINT('',#1966);
#568=VERTEX_POINT('',#1968);
#569=VERTEX_POINT('',#1970);
#570=VERTEX_POINT('',#1972);
#571=VERTEX_POINT('',#1976);
#572=VERTEX_POINT('',#1980);
#573=VERTEX_POINT('',#1982);
#574=VERTEX_POINT('',#1986);
#575=VERTEX_POINT('',#1988);
#576=VERTEX_POINT('',#1992);
#577=VERTEX_POINT('',#1993);
#578=VERTEX_POINT('',#1995);
#579=VERTEX_POINT('',#1997);
#580=VERTEX_POINT('',#2001);
#581=VERTEX_POINT('',#2002);
#582=VERTEX_POINT('',#2004);
#583=VERTEX_POINT('',#2007);
#584=VERTEX_POINT('',#2011);
#585=VERTEX_POINT('',#2013);
#586=VERTEX_POINT('',#2017);
#587=VERTEX_POINT('',#2018);
#588=VERTEX_POINT('',#2020);
#589=VERTEX_POINT('',#2022);
#590=VERTEX_POINT('',#2024);
#591=VERTEX_POINT('',#2026);
#592=VERTEX_POINT('',#2028);
#593=VERTEX_POINT('',#2030);
#594=VERTEX_POINT('',#2034);
#595=VERTEX_POINT('',#2035);
#596=VERTEX_POINT('',#2037);
#597=VERTEX_POINT('',#2039);
#598=VERTEX_POINT('',#2043);
#599=VERTEX_POINT('',#2044);
#600=VERTEX_POINT('',#2049);
#601=VERTEX_POINT('',#2051);
#602=VERTEX_POINT('',#2057);
#603=VERTEX_POINT('',#2059);
#604=VERTEX_POINT('',#2065);
#605=VERTEX_POINT('',#2067);
#606=VERTEX_POINT('',#2069);
#607=VERTEX_POINT('',#2072);
#608=VERTEX_POINT('',#2076);
#609=VERTEX_POINT('',#2077);
#610=VERTEX_POINT('',#2079);
#611=VERTEX_POINT('',#2081);
#612=VERTEX_POINT('',#2088);
#613=VERTEX_POINT('',#2090);
#614=VERTEX_POINT('',#2095);
#615=VERTEX_POINT('',#2097);
#616=VERTEX_POINT('',#2099);
#617=VERTEX_POINT('',#2103);
#618=VERTEX_POINT('',#2104);
#619=VERTEX_POINT('',#2106);
#620=VERTEX_POINT('',#2114);
#621=VERTEX_POINT('',#2116);
#622=VERTEX_POINT('',#2120);
#623=VERTEX_POINT('',#2122);
#624=VERTEX_POINT('',#2126);
#625=VERTEX_POINT('',#2127);
#626=VERTEX_POINT('',#2129);
#627=VERTEX_POINT('',#2131);
#628=VERTEX_POINT('',#2135);
#629=VERTEX_POINT('',#2136);
#630=VERTEX_POINT('',#2144);
#631=VERTEX_POINT('',#2145);
#632=VERTEX_POINT('',#2148);
#633=VERTEX_POINT('',#2150);
#634=VERTEX_POINT('',#2153);
#635=VERTEX_POINT('',#2156);
#636=VERTEX_POINT('',#2160);
#637=VERTEX_POINT('',#2166);
#638=VERTEX_POINT('',#2173);
#639=VERTEX_POINT('',#2174);
#640=VERTEX_POINT('',#2176);
#641=VERTEX_POINT('',#2184);
#642=VERTEX_POINT('',#2188);
#643=VERTEX_POINT('',#2194);
#644=VERTEX_POINT('',#2195);
#645=VERTEX_POINT('',#2197);
#646=VERTEX_POINT('',#2199);
#647=VERTEX_POINT('',#2203);
#648=VERTEX_POINT('',#2205);
#649=VERTEX_POINT('',#2209);
#650=VERTEX_POINT('',#2211);
#651=VERTEX_POINT('',#2219);
#652=VERTEX_POINT('',#2223);
#653=VERTEX_POINT('',#2229);
#654=VERTEX_POINT('',#2242);
#655=VERTEX_POINT('',#2249);
#656=VERTEX_POINT('',#2250);
#657=VERTEX_POINT('',#2252);
#658=VERTEX_POINT('',#2254);
#659=VERTEX_POINT('',#2258);
#660=VERTEX_POINT('',#2260);
#661=VERTEX_POINT('',#2262);
#662=VERTEX_POINT('',#2264);
#663=VERTEX_POINT('',#2266);
#664=VERTEX_POINT('',#2268);
#665=VERTEX_POINT('',#2271);
#666=VERTEX_POINT('',#2272);
#667=VERTEX_POINT('',#2274);
#668=VERTEX_POINT('',#2278);
#669=VERTEX_POINT('',#2282);
#670=VERTEX_POINT('',#2284);
#671=VERTEX_POINT('',#2286);
#672=VERTEX_POINT('',#2288);
#673=VERTEX_POINT('',#2290);
#674=VERTEX_POINT('',#2293);
#675=VERTEX_POINT('',#2294);
#676=VERTEX_POINT('',#2296);
#677=VERTEX_POINT('',#2307);
#678=VERTEX_POINT('',#2317);
#679=VERTEX_POINT('',#2319);
#680=VERTEX_POINT('',#2321);
#681=VERTEX_POINT('',#2323);
#682=VERTEX_POINT('',#2325);
#683=VERTEX_POINT('',#2329);
#684=VERTEX_POINT('',#2333);
#685=VERTEX_POINT('',#2337);
#686=VERTEX_POINT('',#2341);
#687=VERTEX_POINT('',#2345);
#688=VERTEX_POINT('',#2349);
#689=VERTEX_POINT('',#2353);
#690=EDGE_CURVE('',#561,#562,#293,.T.);
#691=EDGE_CURVE('',#563,#561,#294,.T.);
#692=EDGE_CURVE('',#564,#563,#295,.T.);
#693=EDGE_CURVE('',#562,#564,#296,.T.);
#694=EDGE_CURVE('',#561,#565,#297,.T.);
#695=EDGE_CURVE('',#565,#566,#298,.T.);
#696=EDGE_CURVE('',#566,#567,#299,.T.);
#697=EDGE_CURVE('',#567,#568,#300,.T.);
#698=EDGE_CURVE('',#568,#569,#301,.T.);
#699=EDGE_CURVE('',#569,#570,#65,.F.);
#700=EDGE_CURVE('',#570,#563,#302,.T.);
#701=EDGE_CURVE('',#571,#562,#303,.T.);
#702=EDGE_CURVE('',#565,#571,#304,.T.);
#703=EDGE_CURVE('',#572,#572,#66,.T.);
#704=EDGE_CURVE('',#572,#573,#305,.T.);
#705=EDGE_CURVE('',#573,#573,#67,.T.);
#706=EDGE_CURVE('',#574,#574,#68,.T.);
#707=EDGE_CURVE('',#574,#575,#306,.T.);
#708=EDGE_CURVE('',#575,#575,#69,.T.);
#709=EDGE_CURVE('',#576,#577,#307,.T.);
#710=EDGE_CURVE('',#578,#577,#308,.T.);
#711=EDGE_CURVE('',#579,#578,#309,.T.);
#712=EDGE_CURVE('',#576,#579,#310,.T.);
#713=EDGE_CURVE('',#580,#581,#311,.T.);
#714=EDGE_CURVE('',#581,#582,#312,.T.);
#715=EDGE_CURVE('',#582,#576,#313,.T.);
#716=EDGE_CURVE('',#583,#579,#314,.T.);
#717=EDGE_CURVE('',#583,#580,#315,.T.);
#718=EDGE_CURVE('',#584,#567,#316,.T.);
#719=EDGE_CURVE('',#584,#585,#317,.T.);
#720=EDGE_CURVE('',#585,#568,#318,.T.);
#721=EDGE_CURVE('',#586,#587,#70,.T.);
#722=EDGE_CURVE('',#587,#588,#319,.T.);
#723=EDGE_CURVE('',#588,#589,#71,.T.);
#724=EDGE_CURVE('',#589,#590,#320,.T.);
#725=EDGE_CURVE('',#591,#590,#72,.T.);
#726=EDGE_CURVE('',#592,#591,#321,.T.);
#727=EDGE_CURVE('',#593,#592,#73,.T.);
#728=EDGE_CURVE('',#593,#586,#322,.T.);
#729=EDGE_CURVE('',#594,#595,#323,.T.);
#730=EDGE_CURVE('',#596,#594,#324,.T.);
#731=EDGE_CURVE('',#597,#596,#325,.T.);
#732=EDGE_CURVE('',#595,#597,#326,.T.);
#733=EDGE_CURVE('',#598,#599,#327,.T.);
#734=EDGE_CURVE('',#592,#598,#328,.T.);
#735=EDGE_CURVE('',#599,#591,#329,.T.);
#736=EDGE_CURVE('',#600,#600,#74,.T.);
#737=EDGE_CURVE('',#600,#601,#330,.T.);
#738=EDGE_CURVE('',#601,#601,#75,.T.);
#739=EDGE_CURVE('',#602,#602,#76,.T.);
#740=EDGE_CURVE('',#602,#603,#331,.T.);
#741=EDGE_CURVE('',#603,#603,#77,.T.);
#742=EDGE_CURVE('',#604,#586,#78,.T.);
#743=EDGE_CURVE('',#605,#593,#79,.T.);
#744=EDGE_CURVE('',#605,#606,#332,.T.);
#745=EDGE_CURVE('',#590,#606,#80,.T.);
#746=EDGE_CURVE('',#589,#607,#81,.T.);
#747=EDGE_CURVE('',#607,#604,#333,.T.);
#748=EDGE_CURVE('',#608,#609,#334,.T.);
#749=EDGE_CURVE('',#608,#610,#335,.T.);
#750=EDGE_CURVE('',#611,#610,#336,.T.);
#751=EDGE_CURVE('',#611,#609,#337,.T.);
#752=EDGE_CURVE('',#588,#611,#338,.T.);
#753=EDGE_CURVE('',#610,#607,#339,.T.);
#754=EDGE_CURVE('',#604,#612,#340,.T.);
#755=EDGE_CURVE('',#613,#612,#82,.T.);
#756=EDGE_CURVE('',#581,#613,#83,.T.);
#757=EDGE_CURVE('',#580,#587,#341,.T.);
#758=EDGE_CURVE('',#585,#614,#342,.T.);
#759=EDGE_CURVE('',#614,#615,#343,.F.);
#760=EDGE_CURVE('',#616,#615,#344,.T.);
#761=EDGE_CURVE('',#616,#585,#345,.T.);
#762=EDGE_CURVE('',#617,#618,#84,.T.);
#763=EDGE_CURVE('',#618,#619,#346,.T.);
#764=EDGE_CURVE('',#619,#616,#85,.T.);
#765=EDGE_CURVE('',#617,#615,#37,.T.);
#766=EDGE_CURVE('',#618,#620,#347,.T.);
#767=EDGE_CURVE('',#621,#620,#348,.T.);
#768=EDGE_CURVE('',#621,#619,#349,.T.);
#769=EDGE_CURVE('',#620,#622,#86,.T.);
#770=EDGE_CURVE('',#622,#623,#350,.T.);
#771=EDGE_CURVE('',#623,#621,#87,.T.);
#772=EDGE_CURVE('',#624,#625,#88,.T.);
#773=EDGE_CURVE('',#625,#626,#351,.T.);
#774=EDGE_CURVE('',#626,#627,#89,.F.);
#775=EDGE_CURVE('',#627,#624,#352,.T.);
#776=EDGE_CURVE('',#628,#629,#353,.T.);
#777=EDGE_CURVE('',#626,#628,#354,.T.);
#778=EDGE_CURVE('',#629,#625,#355,.T.);
#779=EDGE_CURVE('',#629,#597,#90,.T.);
#780=EDGE_CURVE('',#596,#628,#91,.F.);
#781=EDGE_CURVE('',#630,#631,#92,.T.);
#782=EDGE_CURVE('',#568,#630,#356,.T.);
#783=EDGE_CURVE('',#632,#623,#357,.T.);
#784=EDGE_CURVE('',#633,#632,#93,.T.);
#785=EDGE_CURVE('',#631,#633,#358,.T.);
#786=EDGE_CURVE('',#634,#594,#94,.F.);
#787=EDGE_CURVE('',#634,#605,#359,.T.);
#788=EDGE_CURVE('',#635,#598,#95,.F.);
#789=EDGE_CURVE('',#635,#627,#360,.T.);
#790=EDGE_CURVE('',#636,#634,#361,.T.);
#791=EDGE_CURVE('',#606,#636,#362,.T.);
#792=EDGE_CURVE('',#595,#636,#96,.T.);
#793=EDGE_CURVE('',#599,#637,#97,.T.);
#794=EDGE_CURVE('',#624,#637,#363,.T.);
#795=EDGE_CURVE('',#637,#635,#364,.T.);
#796=EDGE_CURVE('',#638,#639,#98,.T.);
#797=EDGE_CURVE('',#639,#640,#38,.F.);
#798=EDGE_CURVE('',#640,#630,#365,.T.);
#799=EDGE_CURVE('',#631,#638,#366,.T.);
#800=EDGE_CURVE('',#641,#638,#367,.T.);
#801=EDGE_CURVE('',#641,#633,#368,.T.);
#802=EDGE_CURVE('',#642,#641,#99,.T.);
#803=EDGE_CURVE('',#632,#642,#369,.T.);
#804=EDGE_CURVE('',#622,#642,#370,.T.);
#805=EDGE_CURVE('',#643,#644,#371,.T.);
#806=EDGE_CURVE('',#644,#645,#372,.T.);
#807=EDGE_CURVE('',#646,#645,#373,.T.);
#808=EDGE_CURVE('',#643,#646,#374,.T.);
#809=EDGE_CURVE('',#647,#643,#375,.T.);
#810=EDGE_CURVE('',#648,#646,#376,.T.);
#811=EDGE_CURVE('',#648,#647,#377,.T.);
#812=EDGE_CURVE('',#649,#647,#378,.T.);
#813=EDGE_CURVE('',#650,#648,#379,.T.);
#814=EDGE_CURVE('',#649,#650,#380,.T.);
#815=EDGE_CURVE('',#577,#649,#381,.T.);
#816=EDGE_CURVE('',#578,#650,#382,.T.);
#817=EDGE_CURVE('',#639,#617,#383,.T.);
#818=EDGE_CURVE('',#651,#582,#100,.T.);
#819=EDGE_CURVE('',#644,#651,#101,.T.);
#820=EDGE_CURVE('',#566,#652,#384,.T.);
#821=EDGE_CURVE('',#584,#652,#385,.T.);
#822=EDGE_CURVE('',#609,#583,#386,.T.);
#823=EDGE_CURVE('',#653,#608,#387,.T.);
#824=EDGE_CURVE('',#645,#653,#102,.T.);
#825=EDGE_CURVE('',#612,#653,#388,.T.);
#826=EDGE_CURVE('',#613,#651,#389,.T.);
#827=EDGE_CURVE('',#569,#640,#390,.T.);
#828=EDGE_CURVE('',#652,#571,#391,.T.);
#829=EDGE_CURVE('',#564,#654,#392,.T.);
#830=EDGE_CURVE('',#614,#654,#103,.T.);
#831=EDGE_CURVE('',#654,#570,#393,.T.);
#832=EDGE_CURVE('',#655,#656,#394,.T.);
#833=EDGE_CURVE('',#656,#657,#395,.T.);
#834=EDGE_CURVE('',#657,#658,#396,.T.);
#835=EDGE_CURVE('',#658,#655,#397,.T.);
#836=EDGE_CURVE('',#658,#659,#398,.T.);
#837=EDGE_CURVE('',#660,#659,#104,.T.);
#838=EDGE_CURVE('',#660,#661,#399,.T.);
#839=EDGE_CURVE('',#662,#661,#400,.T.);
#840=EDGE_CURVE('',#662,#663,#401,.T.);
#841=EDGE_CURVE('',#664,#663,#105,.T.);
#842=EDGE_CURVE('',#664,#655,#402,.T.);
#843=EDGE_CURVE('',#665,#666,#403,.T.);
#844=EDGE_CURVE('',#666,#667,#404,.T.);
#845=EDGE_CURVE('',#665,#667,#405,.T.);
#846=EDGE_CURVE('',#668,#657,#406,.T.);
#847=EDGE_CURVE('',#659,#668,#407,.T.);
#848=EDGE_CURVE('',#656,#669,#408,.T.);
#849=EDGE_CURVE('',#670,#669,#106,.T.);
#850=EDGE_CURVE('',#671,#670,#409,.T.);
#851=EDGE_CURVE('',#671,#672,#410,.T.);
#852=EDGE_CURVE('',#672,#673,#411,.T.);
#853=EDGE_CURVE('',#668,#673,#107,.T.);
#854=EDGE_CURVE('',#674,#675,#412,.T.);
#855=EDGE_CURVE('',#675,#676,#413,.T.);
#856=EDGE_CURVE('',#676,#674,#414,.T.);
#857=EDGE_CURVE('',#673,#660,#415,.T.);
#858=EDGE_CURVE('',#663,#670,#416,.T.);
#859=EDGE_CURVE('',#669,#664,#417,.T.);
#860=EDGE_CURVE('',#662,#671,#108,.T.);
#861=EDGE_CURVE('',#677,#677,#109,.T.);
#862=EDGE_CURVE('',#675,#667,#418,.T.);
#863=EDGE_CURVE('',#674,#665,#419,.T.);
#864=EDGE_CURVE('',#666,#676,#420,.T.);
#865=EDGE_CURVE('',#661,#672,#110,.T.);
#866=EDGE_CURVE('',#678,#678,#111,.T.);
#867=EDGE_CURVE('',#679,#679,#112,.T.);
#868=EDGE_CURVE('',#680,#680,#113,.T.);
#869=EDGE_CURVE('',#681,#681,#114,.T.);
#870=EDGE_CURVE('',#682,#682,#115,.T.);
#871=EDGE_CURVE('',#677,#683,#116,.T.);
#872=EDGE_CURVE('',#683,#683,#117,.T.);
#873=EDGE_CURVE('',#683,#684,#421,.T.);
#874=EDGE_CURVE('',#684,#684,#118,.T.);
#875=EDGE_CURVE('',#682,#685,#422,.T.);
#876=EDGE_CURVE('',#685,#685,#119,.T.);
#877=EDGE_CURVE('',#681,#686,#423,.T.);
#878=EDGE_CURVE('',#686,#686,#120,.T.);
#879=EDGE_CURVE('',#680,#687,#424,.T.);
#880=EDGE_CURVE('',#687,#687,#121,.T.);
#881=EDGE_CURVE('',#679,#688,#425,.T.);
#882=EDGE_CURVE('',#688,#688,#122,.T.);
#883=EDGE_CURVE('',#678,#689,#426,.T.);
#884=EDGE_CURVE('',#689,#689,#123,.T.);
#885=ORIENTED_EDGE('',*,*,#690,.F.);
#886=ORIENTED_EDGE('',*,*,#691,.F.);
#887=ORIENTED_EDGE('',*,*,#692,.F.);
#888=ORIENTED_EDGE('',*,*,#693,.F.);
#889=ORIENTED_EDGE('',*,*,#691,.T.);
#890=ORIENTED_EDGE('',*,*,#694,.T.);
#891=ORIENTED_EDGE('',*,*,#695,.T.);
#892=ORIENTED_EDGE('',*,*,#696,.T.);
#893=ORIENTED_EDGE('',*,*,#697,.T.);
#894=ORIENTED_EDGE('',*,*,#698,.T.);
#895=ORIENTED_EDGE('',*,*,#699,.T.);
#896=ORIENTED_EDGE('',*,*,#700,.T.);
#897=ORIENTED_EDGE('',*,*,#690,.T.);
#898=ORIENTED_EDGE('',*,*,#701,.F.);
#899=ORIENTED_EDGE('',*,*,#702,.F.);
#900=ORIENTED_EDGE('',*,*,#694,.F.);
#901=ORIENTED_EDGE('',*,*,#703,.T.);
#902=ORIENTED_EDGE('',*,*,#704,.T.);
#903=ORIENTED_EDGE('',*,*,#705,.T.);
#904=ORIENTED_EDGE('',*,*,#704,.F.);
#905=ORIENTED_EDGE('',*,*,#706,.T.);
#906=ORIENTED_EDGE('',*,*,#707,.T.);
#907=ORIENTED_EDGE('',*,*,#708,.T.);
#908=ORIENTED_EDGE('',*,*,#707,.F.);
#909=ORIENTED_EDGE('',*,*,#709,.T.);
#910=ORIENTED_EDGE('',*,*,#710,.F.);
#911=ORIENTED_EDGE('',*,*,#711,.F.);
#912=ORIENTED_EDGE('',*,*,#712,.F.);
#913=ORIENTED_EDGE('',*,*,#713,.T.);
#914=ORIENTED_EDGE('',*,*,#714,.T.);
#915=ORIENTED_EDGE('',*,*,#715,.T.);
#916=ORIENTED_EDGE('',*,*,#712,.T.);
#917=ORIENTED_EDGE('',*,*,#716,.F.);
#918=ORIENTED_EDGE('',*,*,#717,.T.);
#919=ORIENTED_EDGE('',*,*,#697,.F.);
#920=ORIENTED_EDGE('',*,*,#718,.F.);
#921=ORIENTED_EDGE('',*,*,#719,.T.);
#922=ORIENTED_EDGE('',*,*,#720,.T.);
#923=ORIENTED_EDGE('',*,*,#721,.T.);
#924=ORIENTED_EDGE('',*,*,#722,.T.);
#925=ORIENTED_EDGE('',*,*,#723,.T.);
#926=ORIENTED_EDGE('',*,*,#724,.T.);
#927=ORIENTED_EDGE('',*,*,#725,.F.);
#928=ORIENTED_EDGE('',*,*,#726,.F.);
#929=ORIENTED_EDGE('',*,*,#727,.F.);
#930=ORIENTED_EDGE('',*,*,#728,.T.);
#931=ORIENTED_EDGE('',*,*,#729,.F.);
#932=ORIENTED_EDGE('',*,*,#730,.F.);
#933=ORIENTED_EDGE('',*,*,#731,.F.);
#934=ORIENTED_EDGE('',*,*,#732,.F.);
#935=ORIENTED_EDGE('',*,*,#733,.F.);
#936=ORIENTED_EDGE('',*,*,#734,.F.);
#937=ORIENTED_EDGE('',*,*,#726,.T.);
#938=ORIENTED_EDGE('',*,*,#735,.F.);
#939=ORIENTED_EDGE('',*,*,#736,.T.);
#940=ORIENTED_EDGE('',*,*,#737,.T.);
#941=ORIENTED_EDGE('',*,*,#738,.T.);
#942=ORIENTED_EDGE('',*,*,#737,.F.);
#943=ORIENTED_EDGE('',*,*,#736,.F.);
#944=ORIENTED_EDGE('',*,*,#703,.F.);
#945=ORIENTED_EDGE('',*,*,#739,.T.);
#946=ORIENTED_EDGE('',*,*,#740,.T.);
#947=ORIENTED_EDGE('',*,*,#741,.T.);
#948=ORIENTED_EDGE('',*,*,#740,.F.);
#949=ORIENTED_EDGE('',*,*,#739,.F.);
#950=ORIENTED_EDGE('',*,*,#706,.F.);
#951=ORIENTED_EDGE('',*,*,#742,.T.);
#952=ORIENTED_EDGE('',*,*,#728,.F.);
#953=ORIENTED_EDGE('',*,*,#743,.F.);
#954=ORIENTED_EDGE('',*,*,#744,.T.);
#955=ORIENTED_EDGE('',*,*,#745,.F.);
#956=ORIENTED_EDGE('',*,*,#724,.F.);
#957=ORIENTED_EDGE('',*,*,#746,.T.);
#958=ORIENTED_EDGE('',*,*,#747,.T.);
#959=ORIENTED_EDGE('',*,*,#748,.F.);
#960=ORIENTED_EDGE('',*,*,#749,.T.);
#961=ORIENTED_EDGE('',*,*,#750,.F.);
#962=ORIENTED_EDGE('',*,*,#751,.T.);
#963=ORIENTED_EDGE('',*,*,#723,.F.);
#964=ORIENTED_EDGE('',*,*,#752,.T.);
#965=ORIENTED_EDGE('',*,*,#750,.T.);
#966=ORIENTED_EDGE('',*,*,#753,.T.);
#967=ORIENTED_EDGE('',*,*,#746,.F.);
#968=ORIENTED_EDGE('',*,*,#721,.F.);
#969=ORIENTED_EDGE('',*,*,#742,.F.);
#970=ORIENTED_EDGE('',*,*,#754,.T.);
#971=ORIENTED_EDGE('',*,*,#755,.F.);
#972=ORIENTED_EDGE('',*,*,#756,.F.);
#973=ORIENTED_EDGE('',*,*,#713,.F.);
#974=ORIENTED_EDGE('',*,*,#757,.T.);
#975=ORIENTED_EDGE('',*,*,#758,.T.);
#976=ORIENTED_EDGE('',*,*,#759,.T.);
#977=ORIENTED_EDGE('',*,*,#760,.F.);
#978=ORIENTED_EDGE('',*,*,#761,.T.);
#979=ORIENTED_EDGE('',*,*,#762,.T.);
#980=ORIENTED_EDGE('',*,*,#763,.T.);
#981=ORIENTED_EDGE('',*,*,#764,.T.);
#982=ORIENTED_EDGE('',*,*,#760,.T.);
#983=ORIENTED_EDGE('',*,*,#765,.F.);
#984=ORIENTED_EDGE('',*,*,#766,.T.);
#985=ORIENTED_EDGE('',*,*,#767,.F.);
#986=ORIENTED_EDGE('',*,*,#768,.T.);
#987=ORIENTED_EDGE('',*,*,#763,.F.);
#988=ORIENTED_EDGE('',*,*,#769,.T.);
#989=ORIENTED_EDGE('',*,*,#770,.T.);
#990=ORIENTED_EDGE('',*,*,#771,.T.);
#991=ORIENTED_EDGE('',*,*,#767,.T.);
#992=ORIENTED_EDGE('',*,*,#772,.T.);
#993=ORIENTED_EDGE('',*,*,#773,.T.);
#994=ORIENTED_EDGE('',*,*,#774,.T.);
#995=ORIENTED_EDGE('',*,*,#775,.T.);
#996=ORIENTED_EDGE('',*,*,#776,.F.);
#997=ORIENTED_EDGE('',*,*,#777,.F.);
#998=ORIENTED_EDGE('',*,*,#773,.F.);
#999=ORIENTED_EDGE('',*,*,#778,.F.);
#1000=ORIENTED_EDGE('',*,*,#779,.T.);
#1001=ORIENTED_EDGE('',*,*,#731,.T.);
#1002=ORIENTED_EDGE('',*,*,#780,.T.);
#1003=ORIENTED_EDGE('',*,*,#776,.T.);
#1004=ORIENTED_EDGE('',*,*,#781,.F.);
#1005=ORIENTED_EDGE('',*,*,#782,.F.);
#1006=ORIENTED_EDGE('',*,*,#720,.F.);
#1007=ORIENTED_EDGE('',*,*,#761,.F.);
#1008=ORIENTED_EDGE('',*,*,#764,.F.);
#1009=ORIENTED_EDGE('',*,*,#768,.F.);
#1010=ORIENTED_EDGE('',*,*,#771,.F.);
#1011=ORIENTED_EDGE('',*,*,#783,.F.);
#1012=ORIENTED_EDGE('',*,*,#784,.F.);
#1013=ORIENTED_EDGE('',*,*,#785,.F.);
#1014=ORIENTED_EDGE('',*,*,#777,.T.);
#1015=ORIENTED_EDGE('',*,*,#780,.F.);
#1016=ORIENTED_EDGE('',*,*,#730,.T.);
#1017=ORIENTED_EDGE('',*,*,#786,.F.);
#1018=ORIENTED_EDGE('',*,*,#787,.T.);
#1019=ORIENTED_EDGE('',*,*,#743,.T.);
#1020=ORIENTED_EDGE('',*,*,#727,.T.);
#1021=ORIENTED_EDGE('',*,*,#734,.T.);
#1022=ORIENTED_EDGE('',*,*,#788,.F.);
#1023=ORIENTED_EDGE('',*,*,#789,.T.);
#1024=ORIENTED_EDGE('',*,*,#774,.F.);
#1025=ORIENTED_EDGE('',*,*,#790,.F.);
#1026=ORIENTED_EDGE('',*,*,#791,.F.);
#1027=ORIENTED_EDGE('',*,*,#744,.F.);
#1028=ORIENTED_EDGE('',*,*,#787,.F.);
#1029=ORIENTED_EDGE('',*,*,#792,.T.);
#1030=ORIENTED_EDGE('',*,*,#790,.T.);
#1031=ORIENTED_EDGE('',*,*,#786,.T.);
#1032=ORIENTED_EDGE('',*,*,#729,.T.);
#1033=ORIENTED_EDGE('',*,*,#793,.F.);
#1034=ORIENTED_EDGE('',*,*,#735,.T.);
#1035=ORIENTED_EDGE('',*,*,#725,.T.);
#1036=ORIENTED_EDGE('',*,*,#745,.T.);
#1037=ORIENTED_EDGE('',*,*,#791,.T.);
#1038=ORIENTED_EDGE('',*,*,#792,.F.);
#1039=ORIENTED_EDGE('',*,*,#732,.T.);
#1040=ORIENTED_EDGE('',*,*,#779,.F.);
#1041=ORIENTED_EDGE('',*,*,#778,.T.);
#1042=ORIENTED_EDGE('',*,*,#772,.F.);
#1043=ORIENTED_EDGE('',*,*,#794,.T.);
#1044=ORIENTED_EDGE('',*,*,#795,.F.);
#1045=ORIENTED_EDGE('',*,*,#794,.F.);
#1046=ORIENTED_EDGE('',*,*,#775,.F.);
#1047=ORIENTED_EDGE('',*,*,#789,.F.);
#1048=ORIENTED_EDGE('',*,*,#793,.T.);
#1049=ORIENTED_EDGE('',*,*,#795,.T.);
#1050=ORIENTED_EDGE('',*,*,#788,.T.);
#1051=ORIENTED_EDGE('',*,*,#733,.T.);
#1052=ORIENTED_EDGE('',*,*,#796,.T.);
#1053=ORIENTED_EDGE('',*,*,#797,.T.);
#1054=ORIENTED_EDGE('',*,*,#798,.T.);
#1055=ORIENTED_EDGE('',*,*,#781,.T.);
#1056=ORIENTED_EDGE('',*,*,#799,.T.);
#1057=ORIENTED_EDGE('',*,*,#800,.T.);
#1058=ORIENTED_EDGE('',*,*,#799,.F.);
#1059=ORIENTED_EDGE('',*,*,#785,.T.);
#1060=ORIENTED_EDGE('',*,*,#801,.F.);
#1061=ORIENTED_EDGE('',*,*,#802,.T.);
#1062=ORIENTED_EDGE('',*,*,#801,.T.);
#1063=ORIENTED_EDGE('',*,*,#784,.T.);
#1064=ORIENTED_EDGE('',*,*,#803,.T.);
#1065=ORIENTED_EDGE('',*,*,#804,.T.);
#1066=ORIENTED_EDGE('',*,*,#803,.F.);
#1067=ORIENTED_EDGE('',*,*,#783,.T.);
#1068=ORIENTED_EDGE('',*,*,#770,.F.);
#1069=ORIENTED_EDGE('',*,*,#805,.T.);
#1070=ORIENTED_EDGE('',*,*,#806,.T.);
#1071=ORIENTED_EDGE('',*,*,#807,.F.);
#1072=ORIENTED_EDGE('',*,*,#808,.F.);
#1073=ORIENTED_EDGE('',*,*,#809,.T.);
#1074=ORIENTED_EDGE('',*,*,#808,.T.);
#1075=ORIENTED_EDGE('',*,*,#810,.F.);
#1076=ORIENTED_EDGE('',*,*,#811,.T.);
#1077=ORIENTED_EDGE('',*,*,#812,.T.);
#1078=ORIENTED_EDGE('',*,*,#811,.F.);
#1079=ORIENTED_EDGE('',*,*,#813,.F.);
#1080=ORIENTED_EDGE('',*,*,#814,.F.);
#1081=ORIENTED_EDGE('',*,*,#815,.T.);
#1082=ORIENTED_EDGE('',*,*,#814,.T.);
#1083=ORIENTED_EDGE('',*,*,#816,.F.);
#1084=ORIENTED_EDGE('',*,*,#710,.T.);
#1085=ORIENTED_EDGE('',*,*,#817,.F.);
#1086=ORIENTED_EDGE('',*,*,#796,.F.);
#1087=ORIENTED_EDGE('',*,*,#800,.F.);
#1088=ORIENTED_EDGE('',*,*,#802,.F.);
#1089=ORIENTED_EDGE('',*,*,#804,.F.);
#1090=ORIENTED_EDGE('',*,*,#769,.F.);
#1091=ORIENTED_EDGE('',*,*,#766,.F.);
#1092=ORIENTED_EDGE('',*,*,#762,.F.);
#1093=ORIENTED_EDGE('',*,*,#738,.F.);
#1094=ORIENTED_EDGE('',*,*,#705,.F.);
#1095=ORIENTED_EDGE('',*,*,#805,.F.);
#1096=ORIENTED_EDGE('',*,*,#809,.F.);
#1097=ORIENTED_EDGE('',*,*,#812,.F.);
#1098=ORIENTED_EDGE('',*,*,#815,.F.);
#1099=ORIENTED_EDGE('',*,*,#709,.F.);
#1100=ORIENTED_EDGE('',*,*,#715,.F.);
#1101=ORIENTED_EDGE('',*,*,#818,.F.);
#1102=ORIENTED_EDGE('',*,*,#819,.F.);
#1103=ORIENTED_EDGE('',*,*,#708,.F.);
#1104=ORIENTED_EDGE('',*,*,#741,.F.);
#1105=ORIENTED_EDGE('',*,*,#820,.T.);
#1106=ORIENTED_EDGE('',*,*,#821,.F.);
#1107=ORIENTED_EDGE('',*,*,#718,.T.);
#1108=ORIENTED_EDGE('',*,*,#696,.F.);
#1109=ORIENTED_EDGE('',*,*,#722,.F.);
#1110=ORIENTED_EDGE('',*,*,#757,.F.);
#1111=ORIENTED_EDGE('',*,*,#717,.F.);
#1112=ORIENTED_EDGE('',*,*,#822,.F.);
#1113=ORIENTED_EDGE('',*,*,#751,.F.);
#1114=ORIENTED_EDGE('',*,*,#752,.F.);
#1115=ORIENTED_EDGE('',*,*,#823,.T.);
#1116=ORIENTED_EDGE('',*,*,#748,.T.);
#1117=ORIENTED_EDGE('',*,*,#822,.T.);
#1118=ORIENTED_EDGE('',*,*,#716,.T.);
#1119=ORIENTED_EDGE('',*,*,#711,.T.);
#1120=ORIENTED_EDGE('',*,*,#816,.T.);
#1121=ORIENTED_EDGE('',*,*,#813,.T.);
#1122=ORIENTED_EDGE('',*,*,#810,.T.);
#1123=ORIENTED_EDGE('',*,*,#807,.T.);
#1124=ORIENTED_EDGE('',*,*,#824,.T.);
#1125=ORIENTED_EDGE('',*,*,#747,.F.);
#1126=ORIENTED_EDGE('',*,*,#753,.F.);
#1127=ORIENTED_EDGE('',*,*,#749,.F.);
#1128=ORIENTED_EDGE('',*,*,#823,.F.);
#1129=ORIENTED_EDGE('',*,*,#825,.F.);
#1130=ORIENTED_EDGE('',*,*,#754,.F.);
#1131=ORIENTED_EDGE('',*,*,#755,.T.);
#1132=ORIENTED_EDGE('',*,*,#825,.T.);
#1133=ORIENTED_EDGE('',*,*,#824,.F.);
#1134=ORIENTED_EDGE('',*,*,#806,.F.);
#1135=ORIENTED_EDGE('',*,*,#819,.T.);
#1136=ORIENTED_EDGE('',*,*,#826,.F.);
#1137=ORIENTED_EDGE('',*,*,#756,.T.);
#1138=ORIENTED_EDGE('',*,*,#826,.T.);
#1139=ORIENTED_EDGE('',*,*,#818,.T.);
#1140=ORIENTED_EDGE('',*,*,#714,.F.);
#1141=ORIENTED_EDGE('',*,*,#698,.F.);
#1142=ORIENTED_EDGE('',*,*,#782,.T.);
#1143=ORIENTED_EDGE('',*,*,#798,.F.);
#1144=ORIENTED_EDGE('',*,*,#827,.F.);
#1145=ORIENTED_EDGE('',*,*,#695,.F.);
#1146=ORIENTED_EDGE('',*,*,#702,.T.);
#1147=ORIENTED_EDGE('',*,*,#828,.F.);
#1148=ORIENTED_EDGE('',*,*,#820,.F.);
#1149=ORIENTED_EDGE('',*,*,#693,.T.);
#1150=ORIENTED_EDGE('',*,*,#829,.T.);
#1151=ORIENTED_EDGE('',*,*,#830,.F.);
#1152=ORIENTED_EDGE('',*,*,#758,.F.);
#1153=ORIENTED_EDGE('',*,*,#719,.F.);
#1154=ORIENTED_EDGE('',*,*,#821,.T.);
#1155=ORIENTED_EDGE('',*,*,#828,.T.);
#1156=ORIENTED_EDGE('',*,*,#701,.T.);
#1157=ORIENTED_EDGE('',*,*,#692,.T.);
#1158=ORIENTED_EDGE('',*,*,#700,.F.);
#1159=ORIENTED_EDGE('',*,*,#831,.F.);
#1160=ORIENTED_EDGE('',*,*,#829,.F.);
#1161=ORIENTED_EDGE('',*,*,#699,.F.);
#1162=ORIENTED_EDGE('',*,*,#827,.T.);
#1163=ORIENTED_EDGE('',*,*,#797,.F.);
#1164=ORIENTED_EDGE('',*,*,#817,.T.);
#1165=ORIENTED_EDGE('',*,*,#765,.T.);
#1166=ORIENTED_EDGE('',*,*,#759,.F.);
#1167=ORIENTED_EDGE('',*,*,#830,.T.);
#1168=ORIENTED_EDGE('',*,*,#831,.T.);
#1169=ORIENTED_EDGE('',*,*,#832,.T.);
#1170=ORIENTED_EDGE('',*,*,#833,.T.);
#1171=ORIENTED_EDGE('',*,*,#834,.T.);
#1172=ORIENTED_EDGE('',*,*,#835,.T.);
#1173=ORIENTED_EDGE('',*,*,#836,.T.);
#1174=ORIENTED_EDGE('',*,*,#837,.F.);
#1175=ORIENTED_EDGE('',*,*,#838,.T.);
#1176=ORIENTED_EDGE('',*,*,#839,.F.);
#1177=ORIENTED_EDGE('',*,*,#840,.T.);
#1178=ORIENTED_EDGE('',*,*,#841,.F.);
#1179=ORIENTED_EDGE('',*,*,#842,.T.);
#1180=ORIENTED_EDGE('',*,*,#835,.F.);
#1181=ORIENTED_EDGE('',*,*,#843,.T.);
#1182=ORIENTED_EDGE('',*,*,#844,.T.);
#1183=ORIENTED_EDGE('',*,*,#845,.F.);
#1184=ORIENTED_EDGE('',*,*,#846,.F.);
#1185=ORIENTED_EDGE('',*,*,#847,.F.);
#1186=ORIENTED_EDGE('',*,*,#836,.F.);
#1187=ORIENTED_EDGE('',*,*,#834,.F.);
#1188=ORIENTED_EDGE('',*,*,#848,.T.);
#1189=ORIENTED_EDGE('',*,*,#849,.F.);
#1190=ORIENTED_EDGE('',*,*,#850,.F.);
#1191=ORIENTED_EDGE('',*,*,#851,.T.);
#1192=ORIENTED_EDGE('',*,*,#852,.T.);
#1193=ORIENTED_EDGE('',*,*,#853,.F.);
#1194=ORIENTED_EDGE('',*,*,#846,.T.);
#1195=ORIENTED_EDGE('',*,*,#833,.F.);
#1196=ORIENTED_EDGE('',*,*,#854,.T.);
#1197=ORIENTED_EDGE('',*,*,#855,.T.);
#1198=ORIENTED_EDGE('',*,*,#856,.T.);
#1199=ORIENTED_EDGE('',*,*,#837,.T.);
#1200=ORIENTED_EDGE('',*,*,#847,.T.);
#1201=ORIENTED_EDGE('',*,*,#853,.T.);
#1202=ORIENTED_EDGE('',*,*,#857,.T.);
#1203=ORIENTED_EDGE('',*,*,#841,.T.);
#1204=ORIENTED_EDGE('',*,*,#858,.T.);
#1205=ORIENTED_EDGE('',*,*,#849,.T.);
#1206=ORIENTED_EDGE('',*,*,#859,.T.);
#1207=ORIENTED_EDGE('',*,*,#842,.F.);
#1208=ORIENTED_EDGE('',*,*,#859,.F.);
#1209=ORIENTED_EDGE('',*,*,#848,.F.);
#1210=ORIENTED_EDGE('',*,*,#832,.F.);
#1211=ORIENTED_EDGE('',*,*,#858,.F.);
#1212=ORIENTED_EDGE('',*,*,#840,.F.);
#1213=ORIENTED_EDGE('',*,*,#860,.T.);
#1214=ORIENTED_EDGE('',*,*,#850,.T.);
#1215=ORIENTED_EDGE('',*,*,#861,.F.);
#1216=ORIENTED_EDGE('',*,*,#862,.F.);
#1217=ORIENTED_EDGE('',*,*,#854,.F.);
#1218=ORIENTED_EDGE('',*,*,#863,.T.);
#1219=ORIENTED_EDGE('',*,*,#845,.T.);
#1220=ORIENTED_EDGE('',*,*,#862,.T.);
#1221=ORIENTED_EDGE('',*,*,#844,.F.);
#1222=ORIENTED_EDGE('',*,*,#864,.T.);
#1223=ORIENTED_EDGE('',*,*,#855,.F.);
#1224=ORIENTED_EDGE('',*,*,#864,.F.);
#1225=ORIENTED_EDGE('',*,*,#843,.F.);
#1226=ORIENTED_EDGE('',*,*,#863,.F.);
#1227=ORIENTED_EDGE('',*,*,#856,.F.);
#1228=ORIENTED_EDGE('',*,*,#857,.F.);
#1229=ORIENTED_EDGE('',*,*,#852,.F.);
#1230=ORIENTED_EDGE('',*,*,#865,.F.);
#1231=ORIENTED_EDGE('',*,*,#838,.F.);
#1232=ORIENTED_EDGE('',*,*,#866,.F.);
#1233=ORIENTED_EDGE('',*,*,#867,.F.);
#1234=ORIENTED_EDGE('',*,*,#868,.F.);
#1235=ORIENTED_EDGE('',*,*,#869,.F.);
#1236=ORIENTED_EDGE('',*,*,#870,.F.);
#1237=ORIENTED_EDGE('',*,*,#865,.T.);
#1238=ORIENTED_EDGE('',*,*,#851,.F.);
#1239=ORIENTED_EDGE('',*,*,#860,.F.);
#1240=ORIENTED_EDGE('',*,*,#839,.T.);
#1241=ORIENTED_EDGE('',*,*,#861,.T.);
#1242=ORIENTED_EDGE('',*,*,#871,.T.);
#1243=ORIENTED_EDGE('',*,*,#872,.T.);
#1244=ORIENTED_EDGE('',*,*,#871,.F.);
#1245=ORIENTED_EDGE('',*,*,#872,.F.);
#1246=ORIENTED_EDGE('',*,*,#873,.T.);
#1247=ORIENTED_EDGE('',*,*,#874,.F.);
#1248=ORIENTED_EDGE('',*,*,#873,.F.);
#1249=ORIENTED_EDGE('',*,*,#870,.T.);
#1250=ORIENTED_EDGE('',*,*,#875,.T.);
#1251=ORIENTED_EDGE('',*,*,#876,.T.);
#1252=ORIENTED_EDGE('',*,*,#875,.F.);
#1253=ORIENTED_EDGE('',*,*,#869,.T.);
#1254=ORIENTED_EDGE('',*,*,#877,.T.);
#1255=ORIENTED_EDGE('',*,*,#878,.T.);
#1256=ORIENTED_EDGE('',*,*,#877,.F.);
#1257=ORIENTED_EDGE('',*,*,#868,.T.);
#1258=ORIENTED_EDGE('',*,*,#879,.T.);
#1259=ORIENTED_EDGE('',*,*,#880,.T.);
#1260=ORIENTED_EDGE('',*,*,#879,.F.);
#1261=ORIENTED_EDGE('',*,*,#867,.T.);
#1262=ORIENTED_EDGE('',*,*,#881,.T.);
#1263=ORIENTED_EDGE('',*,*,#882,.T.);
#1264=ORIENTED_EDGE('',*,*,#881,.F.);
#1265=ORIENTED_EDGE('',*,*,#866,.T.);
#1266=ORIENTED_EDGE('',*,*,#883,.T.);
#1267=ORIENTED_EDGE('',*,*,#884,.T.);
#1268=ORIENTED_EDGE('',*,*,#883,.F.);
#1269=ORIENTED_EDGE('',*,*,#874,.T.);
#1270=ORIENTED_EDGE('',*,*,#884,.F.);
#1271=ORIENTED_EDGE('',*,*,#882,.F.);
#1272=ORIENTED_EDGE('',*,*,#880,.F.);
#1273=ORIENTED_EDGE('',*,*,#878,.F.);
#1274=ORIENTED_EDGE('',*,*,#876,.F.);
#1275=PLANE('',#1413);
#1276=PLANE('',#1414);
#1277=PLANE('',#1416);
#1278=PLANE('',#1423);
#1279=PLANE('',#1424);
#1280=PLANE('',#1425);
#1281=PLANE('',#1431);
#1282=PLANE('',#1432);
#1283=PLANE('',#1436);
#1284=PLANE('',#1437);
#1285=PLANE('',#1441);
#1286=PLANE('',#1442);
#1287=PLANE('',#1448);
#1288=PLANE('',#1449);
#1289=PLANE('',#1450);
#1290=PLANE('',#1453);
#1291=PLANE('',#1457);
#1292=PLANE('',#1464);
#1293=PLANE('',#1468);
#1294=PLANE('',#1473);
#1295=PLANE('',#1476);
#1296=PLANE('',#1478);
#1297=PLANE('',#1482);
#1298=PLANE('',#1485);
#1299=PLANE('',#1486);
#1300=PLANE('',#1487);
#1301=PLANE('',#1488);
#1302=PLANE('',#1489);
#1303=PLANE('',#1490);
#1304=PLANE('',#1493);
#1305=PLANE('',#1494);
#1306=PLANE('',#1495);
#1307=PLANE('',#1497);
#1308=PLANE('',#1500);
#1309=PLANE('',#1501);
#1310=PLANE('',#1502);
#1311=PLANE('',#1504);
#1312=PLANE('',#1506);
#1313=PLANE('',#1507);
#1314=PLANE('',#1510);
#1315=PLANE('',#1511);
#1316=PLANE('',#1516);
#1317=PLANE('',#1517);
#1318=PLANE('',#1520);
#1319=PLANE('',#1521);
#1320=PLANE('',#1522);
#1321=PLANE('',#1523);
#1322=PLANE('',#1546);
#1323=ADVANCED_FACE('',(#124),#1275,.F.);
#1324=ADVANCED_FACE('',(#125),#1276,.T.);
#1325=ADVANCED_FACE('',(#126),#1277,.F.);
#1326=ADVANCED_FACE('',(#127),#39,.F.);
#1327=ADVANCED_FACE('',(#128),#40,.F.);
#1328=ADVANCED_FACE('',(#129),#1278,.F.);
#1329=ADVANCED_FACE('',(#130),#1279,.F.);
#1330=ADVANCED_FACE('',(#131),#1280,.F.);
#1331=ADVANCED_FACE('',(#132),#41,.T.);
#1332=ADVANCED_FACE('',(#133),#1281,.T.);
#1333=ADVANCED_FACE('',(#134),#1282,.T.);
#1334=ADVANCED_FACE('',(#135),#42,.F.);
#1335=ADVANCED_FACE('',(#136),#1283,.T.);
#1336=ADVANCED_FACE('',(#137),#1284,.T.);
#1337=ADVANCED_FACE('',(#138),#43,.F.);
#1338=ADVANCED_FACE('',(#139),#1285,.T.);
#1339=ADVANCED_FACE('',(#140),#1286,.T.);
#1340=ADVANCED_FACE('',(#141),#44,.T.);
#1341=ADVANCED_FACE('',(#142),#1287,.F.);
#1342=ADVANCED_FACE('',(#143),#1288,.F.);
#1343=ADVANCED_FACE('',(#144),#1289,.F.);
#1344=ADVANCED_FACE('',(#145),#1290,.T.);
#1345=ADVANCED_FACE('',(#146),#45,.T.);
#1346=ADVANCED_FACE('',(#147),#1291,.T.);
#1347=ADVANCED_FACE('',(#148),#46,.T.);
#1348=ADVANCED_FACE('',(#149),#47,.T.);
#1349=ADVANCED_FACE('',(#150),#1292,.T.);
#1350=ADVANCED_FACE('',(#151),#48,.T.);
#1351=ADVANCED_FACE('',(#152,#18),#1293,.F.);
#1352=ADVANCED_FACE('',(#153),#1294,.T.);
#1353=ADVANCED_FACE('',(#154),#49,.T.);
#1354=ADVANCED_FACE('',(#155),#1295,.T.);
#1355=ADVANCED_FACE('',(#156),#1296,.T.);
#1356=ADVANCED_FACE('',(#157),#50,.T.);
#1357=ADVANCED_FACE('',(#158),#51,.T.);
#1358=ADVANCED_FACE('',(#159),#1297,.T.);
#1359=ADVANCED_FACE('',(#160),#52,.T.);
#1360=ADVANCED_FACE('',(#161),#1298,.T.);
#1361=ADVANCED_FACE('',(#162),#1299,.F.);
#1362=ADVANCED_FACE('',(#163),#1300,.F.);
#1363=ADVANCED_FACE('',(#164),#1301,.F.);
#1364=ADVANCED_FACE('',(#165),#1302,.F.);
#1365=ADVANCED_FACE('',(#166,#19,#20,#21,#22,#23),#1303,.T.);
#1366=ADVANCED_FACE('',(#167),#1304,.F.);
#1367=ADVANCED_FACE('',(#168),#1305,.F.);
#1368=ADVANCED_FACE('',(#169),#1306,.F.);
#1369=ADVANCED_FACE('',(#170),#1307,.F.);
#1370=ADVANCED_FACE('',(#171),#53,.F.);
#1371=ADVANCED_FACE('',(#172),#54,.F.);
#1372=ADVANCED_FACE('',(#173),#1308,.T.);
#1373=ADVANCED_FACE('',(#174),#1309,.T.);
#1374=ADVANCED_FACE('',(#175),#1310,.T.);
#1375=ADVANCED_FACE('',(#176),#1311,.T.);
#1376=ADVANCED_FACE('',(#177),#55,.F.);
#1377=ADVANCED_FACE('',(#178),#1312,.T.);
#1378=ADVANCED_FACE('',(#179,#24),#1313,.T.);
#1379=ADVANCED_FACE('',(#180),#1314,.T.);
#1380=ADVANCED_FACE('',(#181,#25),#1315,.T.);
#1381=ADVANCED_FACE('',(#182),#56,.F.);
#1382=ADVANCED_FACE('',(#183),#57,.T.);
#1383=ADVANCED_FACE('',(#184),#1316,.F.);
#1384=ADVANCED_FACE('',(#185,#26),#1317,.F.);
#1385=ADVANCED_FACE('',(#186),#1318,.T.);
#1386=ADVANCED_FACE('',(#187),#1319,.F.);
#1387=ADVANCED_FACE('',(#188),#1320,.F.);
#1388=ADVANCED_FACE('',(#189,#27,#28,#29,#30,#31),#1321,.T.);
#1389=ADVANCED_FACE('',(#190),#58,.T.);
#1390=ADVANCED_FACE('',(#191),#13,.T.);
#1391=ADVANCED_FACE('',(#192),#59,.F.);
#1392=ADVANCED_FACE('',(#193),#60,.F.);
#1393=ADVANCED_FACE('',(#194),#61,.F.);
#1394=ADVANCED_FACE('',(#195),#62,.F.);
#1395=ADVANCED_FACE('',(#196),#63,.F.);
#1396=ADVANCED_FACE('',(#197),#64,.F.);
#1397=ADVANCED_FACE('',(#198,#32,#33,#34,#35,#36),#1322,.F.);
#1398=CLOSED_SHELL('',(#1323,#1324,#1325,#1326,#1327,#1328,#1329,#1330,
#1331,#1332,#1333,#1334,#1335,#1336,#1337,#1338,#1339,#1340,#1341,#1342,
#1343,#1344,#1345,#1346,#1347,#1348,#1349,#1350,#1351,#1352,#1353,#1354,
#1355,#1356,#1357,#1358,#1359,#1360,#1361,#1362,#1363,#1364,#1365,#1366,
#1367,#1368,#1369,#1370,#1371,#1372,#1373,#1374,#1375,#1376));
#1399=CLOSED_SHELL('',(#1377,#1378,#1379,#1380,#1381,#1382,#1383,#1384,
#1385,#1386,#1387,#1388,#1389,#1390,#1391,#1392,#1393,#1394,#1395,#1396,
#1397));
#1400=DERIVED_UNIT_ELEMENT(#1402,1.);
#1401=DERIVED_UNIT_ELEMENT(#2362,-3.);
#1402=(
MASS_UNIT()
NAMED_UNIT(*)
SI_UNIT(.KILO.,.GRAM.)
);
#1403=DERIVED_UNIT((#1400,#1401));
#1404=MEASURE_REPRESENTATION_ITEM('density measure',
POSITIVE_RATIO_MEASURE(952.),#1403);
#1405=PROPERTY_DEFINITION_REPRESENTATION(#1410,#1407);
#1406=PROPERTY_DEFINITION_REPRESENTATION(#1411,#1408);
#1407=REPRESENTATION('material name',(#1409),#2359);
#1408=REPRESENTATION('density',(#1404),#2359);
#1409=DESCRIPTIVE_REPRESENTATION_ITEM('Plastic, Opaque White',
'Plastic, Opaque White');
#1410=PROPERTY_DEFINITION('material property','material name',#2369);
#1411=PROPERTY_DEFINITION('material property','density of part',#2369);
#1412=AXIS2_PLACEMENT_3D('',#1951,#1547,#1548);
#1413=AXIS2_PLACEMENT_3D('',#1952,#1549,#1550);
#1414=AXIS2_PLACEMENT_3D('',#1961,#1555,#1556);
#1415=AXIS2_PLACEMENT_3D('',#1973,#1562,#1563);
#1416=AXIS2_PLACEMENT_3D('',#1975,#1565,#1566);
#1417=AXIS2_PLACEMENT_3D('',#1979,#1569,#1570);
#1418=AXIS2_PLACEMENT_3D('',#1981,#1571,#1572);
#1419=AXIS2_PLACEMENT_3D('',#1984,#1574,#1575);
#1420=AXIS2_PLACEMENT_3D('',#1985,#1576,#1577);
#1421=AXIS2_PLACEMENT_3D('',#1987,#1578,#1579);
#1422=AXIS2_PLACEMENT_3D('',#1990,#1581,#1582);
#1423=AXIS2_PLACEMENT_3D('',#1991,#1583,#1584);
#1424=AXIS2_PLACEMENT_3D('',#2000,#1589,#1590);
#1425=AXIS2_PLACEMENT_3D('',#2010,#1596,#1597);
#1426=AXIS2_PLACEMENT_3D('',#2016,#1601,#1602);
#1427=AXIS2_PLACEMENT_3D('',#2019,#1603,#1604);
#1428=AXIS2_PLACEMENT_3D('',#2023,#1606,#1607);
#1429=AXIS2_PLACEMENT_3D('',#2027,#1609,#1610);
#1430=AXIS2_PLACEMENT_3D('',#2031,#1612,#1613);
#1431=AXIS2_PLACEMENT_3D('',#2033,#1615,#1616);
#1432=AXIS2_PLACEMENT_3D('',#2042,#1621,#1622);
#1433=AXIS2_PLACEMENT_3D('',#2048,#1626,#1627);
#1434=AXIS2_PLACEMENT_3D('',#2050,#1628,#1629);
#1435=AXIS2_PLACEMENT_3D('',#2053,#1631,#1632);
#1436=AXIS2_PLACEMENT_3D('',#2054,#1633,#1634);
#1437=AXIS2_PLACEMENT_3D('',#2055,#1635,#1636);
#1438=AXIS2_PLACEMENT_3D('',#2056,#1637,#1638);
#1439=AXIS2_PLACEMENT_3D('',#2058,#1639,#1640);
#1440=AXIS2_PLACEMENT_3D('',#2061,#1642,#1643);
#1441=AXIS2_PLACEMENT_3D('',#2062,#1644,#1645);
#1442=AXIS2_PLACEMENT_3D('',#2063,#1646,#1647);
#1443=AXIS2_PLACEMENT_3D('',#2064,#1648,#1649);
#1444=AXIS2_PLACEMENT_3D('',#2066,#1650,#1651);
#1445=AXIS2_PLACEMENT_3D('',#2068,#1652,#1653);
#1446=AXIS2_PLACEMENT_3D('',#2071,#1655,#1656);
#1447=AXIS2_PLACEMENT_3D('',#2073,#1657,#1658);
#1448=AXIS2_PLACEMENT_3D('',#2075,#1660,#1661);
#1449=AXIS2_PLACEMENT_3D('',#2084,#1666,#1667);
#1450=AXIS2_PLACEMENT_3D('',#2087,#1670,#1671);
#1451=AXIS2_PLACEMENT_3D('',#2091,#1673,#1674);
#1452=AXIS2_PLACEMENT_3D('',#2092,#1675,#1676);
#1453=AXIS2_PLACEMENT_3D('',#2094,#1678,#1679);
#1454=AXIS2_PLACEMENT_3D('',#2102,#1684,#1685);
#1455=AXIS2_PLACEMENT_3D('',#2105,#1686,#1687);
#1456=AXIS2_PLACEMENT_3D('',#2108,#1689,#1690);
#1457=AXIS2_PLACEMENT_3D('',#2113,#1691,#1692);
#1458=AXIS2_PLACEMENT_3D('',#2119,#1696,#1697);
#1459=AXIS2_PLACEMENT_3D('',#2121,#1698,#1699);
#1460=AXIS2_PLACEMENT_3D('',#2124,#1701,#1702);
#1461=AXIS2_PLACEMENT_3D('',#2125,#1703,#1704);
#1462=AXIS2_PLACEMENT_3D('',#2128,#1705,#1706);
#1463=AXIS2_PLACEMENT_3D('',#2132,#1708,#1709);
#1464=AXIS2_PLACEMENT_3D('',#2134,#1711,#1712);
#1465=AXIS2_PLACEMENT_3D('',#2140,#1716,#1717);
#1466=AXIS2_PLACEMENT_3D('',#2141,#1718,#1719);
#1467=AXIS2_PLACEMENT_3D('',#2142,#1720,#1721);
#1468=AXIS2_PLACEMENT_3D('',#2143,#1722,#1723);
#1469=AXIS2_PLACEMENT_3D('',#2146,#1724,#1725);
#1470=AXIS2_PLACEMENT_3D('',#2151,#1728,#1729);
#1471=AXIS2_PLACEMENT_3D('',#2154,#1731,#1732);
#1472=AXIS2_PLACEMENT_3D('',#2157,#1734,#1735);
#1473=AXIS2_PLACEMENT_3D('',#2159,#1737,#1738);
#1474=AXIS2_PLACEMENT_3D('',#2163,#1741,#1742);
#1475=AXIS2_PLACEMENT_3D('',#2164,#1743,#1744);
#1476=AXIS2_PLACEMENT_3D('',#2165,#1745,#1746);
#1477=AXIS2_PLACEMENT_3D('',#2167,#1747,#1748);
#1478=AXIS2_PLACEMENT_3D('',#2169,#1750,#1751);
#1479=AXIS2_PLACEMENT_3D('',#2171,#1753,#1754);
#1480=AXIS2_PLACEMENT_3D('',#2172,#1755,#1756);
#1481=AXIS2_PLACEMENT_3D('',#2175,#1757,#1758);
#1482=AXIS2_PLACEMENT_3D('',#2183,#1761,#1762);
#1483=AXIS2_PLACEMENT_3D('',#2187,#1765,#1766);
#1484=AXIS2_PLACEMENT_3D('',#2189,#1767,#1768);
#1485=AXIS2_PLACEMENT_3D('',#2191,#1770,#1771);
#1486=AXIS2_PLACEMENT_3D('',#2193,#1773,#1774);
#1487=AXIS2_PLACEMENT_3D('',#2202,#1779,#1780);
#1488=AXIS2_PLACEMENT_3D('',#2208,#1784,#1785);
#1489=AXIS2_PLACEMENT_3D('',#2214,#1789,#1790);
#1490=AXIS2_PLACEMENT_3D('',#2217,#1793,#1794);
#1491=AXIS2_PLACEMENT_3D('',#2220,#1796,#1797);
#1492=AXIS2_PLACEMENT_3D('',#2221,#1798,#1799);
#1493=AXIS2_PLACEMENT_3D('',#2222,#1800,#1801);
#1494=AXIS2_PLACEMENT_3D('',#2226,#1804,#1805);
#1495=AXIS2_PLACEMENT_3D('',#2228,#1807,#1808);
#1496=AXIS2_PLACEMENT_3D('',#2231,#1810,#1811);
#1497=AXIS2_PLACEMENT_3D('',#2232,#1812,#1813);
#1498=AXIS2_PLACEMENT_3D('',#2234,#1815,#1816);
#1499=AXIS2_PLACEMENT_3D('',#2236,#1818,#1819);
#1500=AXIS2_PLACEMENT_3D('',#2237,#1820,#1821);
#1501=AXIS2_PLACEMENT_3D('',#2239,#1823,#1824);
#1502=AXIS2_PLACEMENT_3D('',#2241,#1826,#1827);
#1503=AXIS2_PLACEMENT_3D('',#2244,#1829,#1830);
#1504=AXIS2_PLACEMENT_3D('',#2245,#1831,#1832);
#1505=AXIS2_PLACEMENT_3D('',#2247,#1834,#1835);
#1506=AXIS2_PLACEMENT_3D('',#2248,#1836,#1837);
#1507=AXIS2_PLACEMENT_3D('',#2257,#1842,#1843);
#1508=AXIS2_PLACEMENT_3D('',#2261,#1845,#1846);
#1509=AXIS2_PLACEMENT_3D('',#2269,#1850,#1851);
#1510=AXIS2_PLACEMENT_3D('',#2277,#1856,#1857);
#1511=AXIS2_PLACEMENT_3D('',#2281,#1860,#1861);
#1512=AXIS2_PLACEMENT_3D('',#2285,#1863,#1864);
#1513=AXIS2_PLACEMENT_3D('',#2292,#1868,#1869);
#1514=AXIS2_PLACEMENT_3D('',#2299,#1873,#1874);
#1515=AXIS2_PLACEMENT_3D('',#2301,#1876,#1877);
#1516=AXIS2_PLACEMENT_3D('',#2304,#1880,#1881);
#1517=AXIS2_PLACEMENT_3D('',#2305,#1882,#1883);
#1518=AXIS2_PLACEMENT_3D('',#2306,#1884,#1885);
#1519=AXIS2_PLACEMENT_3D('',#2308,#1886,#1887);
#1520=AXIS2_PLACEMENT_3D('',#2309,#1888,#1889);
#1521=AXIS2_PLACEMENT_3D('',#2312,#1892,#1893);
#1522=AXIS2_PLACEMENT_3D('',#2314,#1895,#1896);
#1523=AXIS2_PLACEMENT_3D('',#2315,#1897,#1898);
#1524=AXIS2_PLACEMENT_3D('',#2316,#1899,#1900);
#1525=AXIS2_PLACEMENT_3D('',#2318,#1901,#1902);
#1526=AXIS2_PLACEMENT_3D('',#2320,#1903,#1904);
#1527=AXIS2_PLACEMENT_3D('',#2322,#1905,#1906);
#1528=AXIS2_PLACEMENT_3D('',#2324,#1907,#1908);
#1529=AXIS2_PLACEMENT_3D('',#2326,#1909,#1910);
#1530=AXIS2_PLACEMENT_3D('',#2327,#1911,#1912);
#1531=AXIS2_PLACEMENT_3D('',#2328,#1913,#1914);
#1532=AXIS2_PLACEMENT_3D('',#2330,#1915,#1916);
#1533=AXIS2_PLACEMENT_3D('',#2331,#1917,#1918);
#1534=AXIS2_PLACEMENT_3D('',#2332,#1919,#1920);
#1535=AXIS2_PLACEMENT_3D('',#2335,#1922,#1923);
#1536=AXIS2_PLACEMENT_3D('',#2336,#1924,#1925);
#1537=AXIS2_PLACEMENT_3D('',#2339,#1927,#1928);
#1538=AXIS2_PLACEMENT_3D('',#2340,#1929,#1930);
#1539=AXIS2_PLACEMENT_3D('',#2343,#1932,#1933);
#1540=AXIS2_PLACEMENT_3D('',#2344,#1934,#1935);
#1541=AXIS2_PLACEMENT_3D('',#2347,#1937,#1938);
#1542=AXIS2_PLACEMENT_3D('',#2348,#1939,#1940);
#1543=AXIS2_PLACEMENT_3D('',#2351,#1942,#1943);
#1544=AXIS2_PLACEMENT_3D('',#2352,#1944,#1945);
#1545=AXIS2_PLACEMENT_3D('',#2355,#1947,#1948);
#1546=AXIS2_PLACEMENT_3D('',#2356,#1949,#1950);
#1547=DIRECTION('axis',(0.,0.,1.));
#1548=DIRECTION('refdir',(1.,0.,0.));
#1549=DIRECTION('center_axis',(0.531398579518084,0.,0.847121921382137));
#1550=DIRECTION('ref_axis',(0.847121921382137,0.,-0.531398579518084));
#1551=DIRECTION('',(0.,1.,0.));
#1552=DIRECTION('',(0.847121921382137,0.,-0.531398579518084));
#1553=DIRECTION('',(0.,-1.,0.));
#1554=DIRECTION('',(-0.847121921382137,0.,0.531398579518084));
#1555=DIRECTION('center_axis',(0.,-1.,0.));
#1556=DIRECTION('ref_axis',(1.,0.,0.));
#1557=DIRECTION('',(0.531398579518082,0.,0.847121921382138));
#1558=DIRECTION('',(0.427692684557309,0.,0.903924204552662));
#1559=DIRECTION('',(0.999176449429285,0.,0.0405761371484292));
#1560=DIRECTION('',(-1.,0.,0.));
#1561=DIRECTION('',(-1.,0.,0.));
#1562=DIRECTION('center_axis',(0.,-1.,0.));
#1563=DIRECTION('ref_axis',(0.961020790977527,0.,-0.276476109833977));
#1564=DIRECTION('',(-0.531398579518075,0.,-0.847121921382142));
#1565=DIRECTION('center_axis',(-0.847121921382138,0.,0.531398579518082));
#1566=DIRECTION('ref_axis',(0.531398579518082,0.,0.847121921382138));
#1567=DIRECTION('',(-0.531398579518082,0.,-0.847121921382138));
#1568=DIRECTION('',(0.,1.,0.));
#1569=DIRECTION('center_axis',(1.,0.,0.));
#1570=DIRECTION('ref_axis',(0.,-1.,0.));
#1571=DIRECTION('center_axis',(1.,0.,0.));
#1572=DIRECTION('ref_axis',(0.,-1.,0.));
#1573=DIRECTION('',(-1.,0.,0.));
#1574=DIRECTION('center_axis',(-1.,0.,0.));
#1575=DIRECTION('ref_axis',(0.,-1.,0.));
#1576=DIRECTION('center_axis',(1.,0.,0.));
#1577=DIRECTION('ref_axis',(0.,-1.,0.));
#1578=DIRECTION('center_axis',(1.,0.,0.));
#1579=DIRECTION('ref_axis',(0.,-1.,0.));
#1580=DIRECTION('',(-1.,0.,0.));
#1581=DIRECTION('center_axis',(-1.,0.,0.));
#1582=DIRECTION('ref_axis',(0.,-1.,0.));
#1583=DIRECTION('center_axis',(0.,0.,1.));
#1584=DIRECTION('ref_axis',(1.,0.,0.));
#1585=DIRECTION('',(0.,1.,0.));
#1586=DIRECTION('',(-1.,0.,0.));
#1587=DIRECTION('',(0.,1.,0.));
#1588=DIRECTION('',(1.,0.,0.));
#1589=DIRECTION('center_axis',(0.,-1.,0.));
#1590=DIRECTION('ref_axis',(0.,0.,-1.));
#1591=DIRECTION('',(0.,0.,-1.));
#1592=DIRECTION('',(-1.,0.,0.));
#1593=DIRECTION('',(0.,0.,1.));
#1594=DIRECTION('',(0.,1.53955772957007E-15,1.));
#1595=DIRECTION('',(-1.,0.,0.));
#1596=DIRECTION('center_axis',(0.,0.,-1.));
#1597=DIRECTION('ref_axis',(0.,-1.,0.));
#1598=DIRECTION('',(0.,-1.,0.));
#1599=DIRECTION('',(-1.,0.,0.));
#1600=DIRECTION('',(0.,-1.,0.));
#1601=DIRECTION('center_axis',(1.,0.,0.));
#1602=DIRECTION('ref_axis',(0.,-0.616685311346852,0.787209773039586));
#1603=DIRECTION('center_axis',(-1.,0.,0.));
#1604=DIRECTION('ref_axis',(0.,-0.616685311346852,0.787209773039586));
#1605=DIRECTION('',(1.,0.,0.));
#1606=DIRECTION('center_axis',(1.,0.,0.));
#1607=DIRECTION('ref_axis',(0.,-0.616685311346852,0.787209773039586));
#1608=DIRECTION('',(1.,0.,0.));
#1609=DIRECTION('center_axis',(1.,0.,0.));
#1610=DIRECTION('ref_axis',(0.,-0.616685311346852,0.787209773039586));
#1611=DIRECTION('',(1.,0.,0.));
#1612=DIRECTION('center_axis',(-1.,0.,0.));
#1613=DIRECTION('ref_axis',(0.,-0.616685311346852,0.787209773039586));
#1614=DIRECTION('',(1.,0.,0.));
#1615=DIRECTION('center_axis',(0.,0.,-1.));
#1616=DIRECTION('ref_axis',(0.,1.,0.));
#1617=DIRECTION('',(1.,0.,0.));
#1618=DIRECTION('',(0.,-1.,0.));
#1619=DIRECTION('',(-1.,0.,0.));
#1620=DIRECTION('',(0.,1.,0.));
#1621=DIRECTION('center_axis',(0.,-1.,1.88274673878281E-15));
#1622=DIRECTION('ref_axis',(0.,-1.88274673878281E-15,-1.));
#1623=DIRECTION('',(1.,0.,0.));
#1624=DIRECTION('',(0.,1.88274673878281E-15,1.));
#1625=DIRECTION('',(0.,-1.88274673878281E-15,-1.));
#1626=DIRECTION('center_axis',(1.,0.,0.));
#1627=DIRECTION('ref_axis',(0.,-1.,0.));
#1628=DIRECTION('center_axis',(1.,0.,0.));
#1629=DIRECTION('ref_axis',(0.,-1.,0.));
#1630=DIRECTION('',(-1.,0.,0.));
#1631=DIRECTION('center_axis',(-1.,0.,0.));
#1632=DIRECTION('ref_axis',(0.,-1.,0.));
#1633=DIRECTION('center_axis',(-1.,0.,0.));
#1634=DIRECTION('ref_axis',(0.,-1.,0.));
#1635=DIRECTION('center_axis',(-1.,0.,0.));
#1636=DIRECTION('ref_axis',(0.,-1.,0.));
#1637=DIRECTION('center_axis',(1.,0.,0.));
#1638=DIRECTION('ref_axis',(0.,-1.,0.));
#1639=DIRECTION('center_axis',(1.,0.,0.));
#1640=DIRECTION('ref_axis',(0.,-1.,0.));
#1641=DIRECTION('',(-1.,0.,0.));
#1642=DIRECTION('center_axis',(-1.,0.,0.));
#1643=DIRECTION('ref_axis',(0.,-1.,0.));
#1644=DIRECTION('center_axis',(-1.,0.,0.));
#1645=DIRECTION('ref_axis',(0.,-1.,0.));
#1646=DIRECTION('center_axis',(-1.,0.,0.));
#1647=DIRECTION('ref_axis',(0.,-1.,0.));
#1648=DIRECTION('center_axis',(1.,0.,0.));
#1649=DIRECTION('ref_axis',(0.,-0.999112849069706,-0.0421131193788092));
#1650=DIRECTION('center_axis',(-1.,0.,0.));
#1651=DIRECTION('ref_axis',(0.,-0.999112849069706,-0.0421131193788092));
#1652=DIRECTION('center_axis',(-1.,0.,0.));
#1653=DIRECTION('ref_axis',(0.,-0.999112849069706,-0.0421131193788092));
#1654=DIRECTION('',(1.,0.,0.));
#1655=DIRECTION('center_axis',(1.,0.,0.));
#1656=DIRECTION('ref_axis',(0.,-0.999112849069707,-0.0421131193788059));
#1657=DIRECTION('center_axis',(1.,0.,0.));
#1658=DIRECTION('ref_axis',(0.,-0.999112849069706,-0.0421131193788092));
#1659=DIRECTION('',(-1.,0.,0.));
#1660=DIRECTION('center_axis',(0.,1.,-1.77635683940025E-15));
#1661=DIRECTION('ref_axis',(0.,1.77635683940025E-15,1.));
#1662=DIRECTION('',(0.,0.,1.));
#1663=DIRECTION('',(1.,0.,0.));
#1664=DIRECTION('',(0.,0.,-1.));
#1665=DIRECTION('',(-1.,0.,0.));
#1666=DIRECTION('center_axis',(1.,0.,0.));
#1667=DIRECTION('ref_axis',(0.,-1.88274673878281E-15,-1.));
#1668=DIRECTION('',(0.,1.,-1.77635683940025E-15));
#1669=DIRECTION('',(0.,-1.,1.77635683940025E-15));
#1670=DIRECTION('center_axis',(-1.,0.,0.));
#1671=DIRECTION('ref_axis',(0.,1.88274673878281E-15,1.));
#1672=DIRECTION('',(0.,1.,0.));
#1673=DIRECTION('center_axis',(1.,0.,0.));
#1674=DIRECTION('ref_axis',(0.,-0.56410246044486,-0.825704798411669));
#1675=DIRECTION('center_axis',(1.,0.,0.));
#1676=DIRECTION('ref_axis',(0.,-0.998671931268089,-0.0515206142943416));
#1677=DIRECTION('',(0.,-1.,1.77635683940025E-15));
#1678=DIRECTION('center_axis',(0.,0.,-1.));
#1679=DIRECTION('ref_axis',(0.,1.,0.));
#1680=DIRECTION('',(-1.,0.,0.));
#1681=DIRECTION('',(0.,-1.,0.));
#1682=DIRECTION('',(-1.,0.,0.));
#1683=DIRECTION('',(0.,-1.,0.));
#1684=DIRECTION('center_axis',(-1.,0.,0.));
#1685=DIRECTION('ref_axis',(0.,0.707106781186547,-0.707106781186547));
#1686=DIRECTION('center_axis',(1.,0.,0.));
#1687=DIRECTION('ref_axis',(0.,0.707106781186547,-0.707106781186547));
#1688=DIRECTION('',(1.,0.,0.));
#1689=DIRECTION('center_axis',(-1.,0.,0.));
#1690=DIRECTION('ref_axis',(0.,0.707106781186547,-0.707106781186547));
#1691=DIRECTION('center_axis',(0.,1.,0.));
#1692=DIRECTION('ref_axis',(0.,0.,1.));
#1693=DIRECTION('',(0.,0.,1.));
#1694=DIRECTION('',(-1.,0.,0.));
#1695=DIRECTION('',(0.,0.,-1.));
#1696=DIRECTION('center_axis',(-1.,0.,0.));
#1697=DIRECTION('ref_axis',(0.,0.707106781186547,0.707106781186547));
#1698=DIRECTION('center_axis',(1.,0.,0.));
#1699=DIRECTION('ref_axis',(0.,0.707106781186547,0.707106781186547));
#1700=DIRECTION('',(1.,0.,0.));
#1701=DIRECTION('center_axis',(-1.,0.,0.));
#1702=DIRECTION('ref_axis',(0.,0.707106781186547,0.707106781186547));
#1703=DIRECTION('center_axis',(1.,0.,0.));
#1704=DIRECTION('ref_axis',(0.,0.707106781186547,0.707106781186547));
#1705=DIRECTION('center_axis',(-1.,0.,0.));
#1706=DIRECTION('ref_axis',(0.,0.707106781186547,0.707106781186547));
#1707=DIRECTION('',(-1.,0.,0.));
#1708=DIRECTION('center_axis',(-1.,0.,0.));
#1709=DIRECTION('ref_axis',(0.,0.707106781186547,0.707106781186547));
#1710=DIRECTION('',(1.,0.,0.));
#1711=DIRECTION('center_axis',(0.,1.,-1.64477485129653E-16));
#1712=DIRECTION('ref_axis',(0.,1.64477485129653E-16,1.));
#1713=DIRECTION('',(1.,0.,0.));
#1714=DIRECTION('',(0.,-1.64477485129653E-16,-1.));
#1715=DIRECTION('',(0.,3.28954970259306E-16,1.));
#1716=DIRECTION('center_axis',(1.,0.,0.));
#1717=DIRECTION('ref_axis',(0.,0.707106781186548,-0.707106781186547));
#1718=DIRECTION('center_axis',(-1.,0.,0.));
#1719=DIRECTION('ref_axis',(0.,0.707106781186548,-0.707106781186547));
#1720=DIRECTION('center_axis',(-1.,0.,0.));
#1721=DIRECTION('ref_axis',(0.,0.707106781186548,-0.707106781186547));
#1722=DIRECTION('center_axis',(-1.,0.,0.));
#1723=DIRECTION('ref_axis',(0.,-1.,0.));
#1724=DIRECTION('center_axis',(-1.,0.,0.));
#1725=DIRECTION('ref_axis',(0.,-0.707106781186547,-0.707106781186547));
#1726=DIRECTION('',(0.,-1.,0.));
#1727=DIRECTION('',(0.,1.,0.));
#1728=DIRECTION('center_axis',(-1.,0.,0.));
#1729=DIRECTION('ref_axis',(0.,-0.707106781186547,0.707106781186547));
#1730=DIRECTION('',(0.,0.,1.));
#1731=DIRECTION('center_axis',(-1.,0.,0.));
#1732=DIRECTION('ref_axis',(0.,-0.707106781186547,-0.707106781186547));
#1733=DIRECTION('',(0.,0.,1.));
#1734=DIRECTION('center_axis',(-1.,0.,0.));
#1735=DIRECTION('ref_axis',(0.,-0.707106781186545,0.70710678118655));
#1736=DIRECTION('',(0.,1.,0.));
#1737=DIRECTION('center_axis',(0.,-1.,0.));
#1738=DIRECTION('ref_axis',(0.,0.,-1.));
#1739=DIRECTION('',(-1.,0.,0.));
#1740=DIRECTION('',(0.,0.,-1.));
#1741=DIRECTION('center_axis',(1.,0.,0.));
#1742=DIRECTION('ref_axis',(0.,-0.707106781186547,-0.707106781186547));
#1743=DIRECTION('center_axis',(-1.,0.,0.));
#1744=DIRECTION('ref_axis',(0.,-0.707106781186547,-0.707106781186547));
#1745=DIRECTION('center_axis',(1.,0.,0.));
#1746=DIRECTION('ref_axis',(0.,1.,0.));
#1747=DIRECTION('center_axis',(-1.,0.,0.));
#1748=DIRECTION('ref_axis',(0.,-0.707106781186545,0.70710678118655));
#1749=DIRECTION('',(0.,-1.,0.));
#1750=DIRECTION('center_axis',(0.,0.,1.));
#1751=DIRECTION('ref_axis',(0.,-1.,0.));
#1752=DIRECTION('',(-1.,0.,0.));
#1753=DIRECTION('center_axis',(1.,0.,0.));
#1754=DIRECTION('ref_axis',(0.,-0.707106781186545,0.70710678118655));
#1755=DIRECTION('center_axis',(-1.,0.,0.));
#1756=DIRECTION('ref_axis',(0.,-0.707106781186547,-0.707106781186547));
#1757=DIRECTION('center_axis',(1.,0.,0.));
#1758=DIRECTION('ref_axis',(0.,-0.707106781186547,-0.707106781186547));
#1759=DIRECTION('',(1.,0.,0.));
#1760=DIRECTION('',(-1.,0.,0.));
#1761=DIRECTION('center_axis',(0.,-1.,0.));
#1762=DIRECTION('ref_axis',(0.,0.,-1.));
#1763=DIRECTION('',(0.,0.,-1.));
#1764=DIRECTION('',(1.,0.,0.));
#1765=DIRECTION('center_axis',(-1.,0.,0.));
#1766=DIRECTION('ref_axis',(0.,-0.707106781186547,0.707106781186547));
#1767=DIRECTION('center_axis',(1.,0.,0.));
#1768=DIRECTION('ref_axis',(0.,-0.707106781186547,0.707106781186547));
#1769=DIRECTION('',(-1.,0.,0.));
#1770=DIRECTION('center_axis',(0.,0.,1.));
#1771=DIRECTION('ref_axis',(0.,-1.,0.));
#1772=DIRECTION('',(0.,-1.,0.));
#1773=DIRECTION('center_axis',(0.,0.,-1.));
#1774=DIRECTION('ref_axis',(0.,1.,0.));
#1775=DIRECTION('',(0.,-1.,0.));
#1776=DIRECTION('',(1.,0.,0.));
#1777=DIRECTION('',(0.,-1.,0.));
#1778=DIRECTION('',(1.,0.,0.));
#1779=DIRECTION('center_axis',(0.,-1.,0.));
#1780=DIRECTION('ref_axis',(0.,0.,-1.));
#1781=DIRECTION('',(0.,0.,1.));
#1782=DIRECTION('',(0.,0.,1.));
#1783=DIRECTION('',(-1.,0.,0.));
#1784=DIRECTION('center_axis',(0.,0.,-1.));
#1785=DIRECTION('ref_axis',(-1.,0.,0.));
#1786=DIRECTION('',(0.,-1.,0.));
#1787=DIRECTION('',(0.,-1.,0.));
#1788=DIRECTION('',(1.,0.,0.));
#1789=DIRECTION('center_axis',(0.,1.,0.));
#1790=DIRECTION('ref_axis',(0.,0.,1.));
#1791=DIRECTION('',(0.,0.,-1.));
#1792=DIRECTION('',(0.,0.,-1.));
#1793=DIRECTION('center_axis',(-1.,0.,0.));
#1794=DIRECTION('ref_axis',(0.,-1.,0.));
#1795=DIRECTION('',(0.,1.,0.));
#1796=DIRECTION('center_axis',(-1.,0.,0.));
#1797=DIRECTION('ref_axis',(0.,-0.998671931268089,-0.0515206142943416));
#1798=DIRECTION('center_axis',(-1.,0.,0.));
#1799=DIRECTION('ref_axis',(0.,-0.56410246044486,-0.825704798411669));
#1800=DIRECTION('center_axis',(-0.0405761371484292,0.,0.999176449429285));
#1801=DIRECTION('ref_axis',(0.,1.,0.));
#1802=DIRECTION('',(0.,1.,0.));
#1803=DIRECTION('',(-0.999176449429285,0.,-0.0405761371484292));
#1804=DIRECTION('center_axis',(0.,0.,1.));
#1805=DIRECTION('ref_axis',(1.,0.,0.));
#1806=DIRECTION('',(0.,-1.,0.));
#1807=DIRECTION('center_axis',(1.,0.,0.));
#1808=DIRECTION('ref_axis',(0.,1.,0.));
#1809=DIRECTION('',(0.,1.,0.));
#1810=DIRECTION('center_axis',(-1.,0.,0.));
#1811=DIRECTION('ref_axis',(0.,-0.99918003871985,-0.0404876552025455));
#1812=DIRECTION('center_axis',(0.,0.,-1.));
#1813=DIRECTION('ref_axis',(-1.,0.,0.));
#1814=DIRECTION('',(1.,0.,0.));
#1815=DIRECTION('center_axis',(1.,0.,0.));
#1816=DIRECTION('ref_axis',(0.,-0.56410246044486,-0.825704798411669));
#1817=DIRECTION('',(-1.,0.,0.));
#1818=DIRECTION('center_axis',(1.,0.,0.));
#1819=DIRECTION('ref_axis',(0.,-0.998671931268089,-0.0515206142943416));
#1820=DIRECTION('center_axis',(0.,0.,-1.));
#1821=DIRECTION('ref_axis',(0.,1.,0.));
#1822=DIRECTION('',(0.,-1.,0.));
#1823=DIRECTION('center_axis',(0.903924204552662,0.,-0.427692684557309));
#1824=DIRECTION('ref_axis',(-0.427692684557309,0.,-0.903924204552662));
#1825=DIRECTION('',(-0.427692684557309,0.,-0.903924204552662));
#1826=DIRECTION('center_axis',(0.,1.,0.));
#1827=DIRECTION('ref_axis',(-1.,0.,0.));
#1828=DIRECTION('',(0.531398579518076,0.,0.847121921382141));
#1829=DIRECTION('center_axis',(0.,1.,0.));
#1830=DIRECTION('ref_axis',(0.961020790977527,0.,-0.276476109833977));
#1831=DIRECTION('center_axis',(-0.847121921382142,0.,0.531398579518075));
#1832=DIRECTION('ref_axis',(0.531398579518075,0.,0.847121921382142));
#1833=DIRECTION('',(0.,-1.,0.));
#1834=DIRECTION('center_axis',(0.,-1.,0.));
#1835=DIRECTION('ref_axis',(0.961020790977527,0.,-0.276476109833977));
#1836=DIRECTION('center_axis',(0.531398579518083,0.,0.847121921382137));
#1837=DIRECTION('ref_axis',(0.847121921382137,0.,-0.531398579518083));
#1838=DIRECTION('',(0.,1.,0.));
#1839=DIRECTION('',(-0.847121921382137,0.,0.531398579518083));
#1840=DIRECTION('',(0.,-1.,0.));
#1841=DIRECTION('',(0.847121921382137,0.,-0.531398579518083));
#1842=DIRECTION('center_axis',(0.,-1.,0.));
#1843=DIRECTION('ref_axis',(1.,0.,0.));
#1844=DIRECTION('',(-0.531398579518075,0.,-0.847121921382142));
#1845=DIRECTION('center_axis',(0.,-1.,0.));
#1846=DIRECTION('ref_axis',(0.484046186061787,0.,-0.87504245026115));
#1847=DIRECTION('',(-1.,0.,0.));
#1848=DIRECTION('',(0.,0.,1.));
#1849=DIRECTION('',(1.,0.,0.));
#1850=DIRECTION('center_axis',(0.,1.,0.));
#1851=DIRECTION('ref_axis',(0.484046186061784,0.,-0.875042450261152));
#1852=DIRECTION('',(0.531398579518082,0.,0.847121921382138));
#1853=DIRECTION('',(-0.525570773037068,0.,-0.85074988247382));
#1854=DIRECTION('',(0.,0.,1.));
#1855=DIRECTION('',(-0.531398579518078,0.,-0.84712192138214));
#1856=DIRECTION('center_axis',(-0.847121921382142,0.,0.531398579518075));
#1857=DIRECTION('ref_axis',(0.531398579518075,0.,0.847121921382142));
#1858=DIRECTION('',(0.531398579518076,0.,0.847121921382141));
#1859=DIRECTION('',(0.,1.,0.));
#1860=DIRECTION('center_axis',(0.,1.,0.));
#1861=DIRECTION('ref_axis',(-1.,0.,0.));
#1862=DIRECTION('',(-0.531398579518082,0.,-0.847121921382138));
#1863=DIRECTION('center_axis',(0.,-1.,0.));
#1864=DIRECTION('ref_axis',(0.484046186061784,0.,-0.875042450261152));
#1865=DIRECTION('',(1.,0.,0.));
#1866=DIRECTION('',(0.,0.,1.));
#1867=DIRECTION('',(1.,0.,0.));
#1868=DIRECTION('center_axis',(0.,1.,0.));
#1869=DIRECTION('ref_axis',(0.484046186061787,0.,-0.87504245026115));
#1870=DIRECTION('',(-0.531398579518078,0.,-0.84712192138214));
#1871=DIRECTION('',(0.,0.,-1.));
#1872=DIRECTION('',(0.525570773037068,0.,0.85074988247382));
#1873=DIRECTION('center_axis',(0.,1.,0.));
#1874=DIRECTION('ref_axis',(0.484046186061787,0.,-0.87504245026115));
#1875=DIRECTION('',(0.,-1.,0.));
#1876=DIRECTION('center_axis',(0.,-1.,0.));
#1877=DIRECTION('ref_axis',(0.484046186061784,0.,-0.875042450261152));
#1878=DIRECTION('',(0.,1.,0.));
#1879=DIRECTION('',(0.,-1.,0.));
#1880=DIRECTION('center_axis',(-0.847121921382138,0.,0.531398579518082));
#1881=DIRECTION('ref_axis',(0.531398579518082,0.,0.847121921382138));
#1882=DIRECTION('center_axis',(0.,0.,1.));
#1883=DIRECTION('ref_axis',(1.,0.,0.));
#1884=DIRECTION('center_axis',(0.,0.,-1.));
#1885=DIRECTION('ref_axis',(1.,0.,0.));
#1886=DIRECTION('center_axis',(0.,0.,-1.));
#1887=DIRECTION('ref_axis',(1.,0.,0.));
#1888=DIRECTION('center_axis',(0.84712192138214,0.,-0.531398579518078));
#1889=DIRECTION('ref_axis',(0.,-1.,0.));
#1890=DIRECTION('',(0.,-1.,0.));
#1891=DIRECTION('',(0.,-1.,0.));
#1892=DIRECTION('center_axis',(-1.,0.,0.));
#1893=DIRECTION('ref_axis',(0.,0.,1.));
#1894=DIRECTION('',(0.,1.,0.));
#1895=DIRECTION('center_axis',(0.85074988247382,0.,-0.525570773037068));
#1896=DIRECTION('ref_axis',(0.,1.,0.));
#1897=DIRECTION('center_axis',(0.,0.,1.));
#1898=DIRECTION('ref_axis',(1.,0.,0.));
#1899=DIRECTION('center_axis',(0.,0.,-1.));
#1900=DIRECTION('ref_axis',(1.,0.,0.));
#1901=DIRECTION('center_axis',(0.,0.,1.));
#1902=DIRECTION('ref_axis',(1.,0.,0.));
#1903=DIRECTION('center_axis',(0.,0.,1.));
#1904=DIRECTION('ref_axis',(1.,0.,0.));
#1905=DIRECTION('center_axis',(0.,0.,1.));
#1906=DIRECTION('ref_axis',(1.,0.,0.));
#1907=DIRECTION('center_axis',(0.,0.,1.));
#1908=DIRECTION('ref_axis',(1.,0.,0.));
#1909=DIRECTION('center_axis',(0.,0.,1.));
#1910=DIRECTION('ref_axis',(1.,0.,0.));
#1911=DIRECTION('center_axis',(0.,0.,1.));
#1912=DIRECTION('ref_axis',(-1.,1.22464679914735E-16,0.));
#1913=DIRECTION('center_axis',(0.,0.,1.));
#1914=DIRECTION('ref_axis',(1.,0.,0.));
#1915=DIRECTION('center_axis',(1.22464679914735E-16,-1.,0.));
#1916=DIRECTION('ref_axis',(-1.,-1.22464679914735E-16,0.));
#1917=DIRECTION('center_axis',(0.,0.,1.));
#1918=DIRECTION('ref_axis',(1.,0.,0.));
#1919=DIRECTION('center_axis',(0.,0.,-1.));
#1920=DIRECTION('ref_axis',(1.,0.,0.));
#1921=DIRECTION('',(0.,0.,1.));
#1922=DIRECTION('center_axis',(0.,0.,-1.));
#1923=DIRECTION('ref_axis',(1.,0.,0.));
#1924=DIRECTION('center_axis',(0.,0.,1.));
#1925=DIRECTION('ref_axis',(1.,0.,0.));
#1926=DIRECTION('',(0.,0.,-1.));
#1927=DIRECTION('center_axis',(0.,0.,-1.));
#1928=DIRECTION('ref_axis',(1.,0.,0.));
#1929=DIRECTION('center_axis',(0.,0.,1.));
#1930=DIRECTION('ref_axis',(1.,0.,0.));
#1931=DIRECTION('',(0.,0.,-1.));
#1932=DIRECTION('center_axis',(0.,0.,-1.));
#1933=DIRECTION('ref_axis',(1.,0.,0.));
#1934=DIRECTION('center_axis',(0.,0.,1.));
#1935=DIRECTION('ref_axis',(1.,0.,0.));
#1936=DIRECTION('',(0.,0.,-1.));
#1937=DIRECTION('center_axis',(0.,0.,-1.));
#1938=DIRECTION('ref_axis',(1.,0.,0.));
#1939=DIRECTION('center_axis',(0.,0.,1.));
#1940=DIRECTION('ref_axis',(1.,0.,0.));
#1941=DIRECTION('',(0.,0.,-1.));
#1942=DIRECTION('center_axis',(0.,0.,-1.));
#1943=DIRECTION('ref_axis',(1.,0.,0.));
#1944=DIRECTION('center_axis',(0.,0.,1.));
#1945=DIRECTION('ref_axis',(1.,0.,0.));
#1946=DIRECTION('',(0.,0.,-1.));
#1947=DIRECTION('center_axis',(0.,0.,-1.));
#1948=DIRECTION('ref_axis',(1.,0.,0.));
#1949=DIRECTION('center_axis',(0.,0.,1.));
#1950=DIRECTION('ref_axis',(1.,0.,0.));
#1951=CARTESIAN_POINT('',(0.,0.,0.));
#1952=CARTESIAN_POINT('Origin',(63.7867935444456,2.23517417907715E-7,58.5719840423467));
#1953=CARTESIAN_POINT('',(83.5319237552775,-15.0000002235174,46.1858872107166));
#1954=CARTESIAN_POINT('',(83.5319237552775,15.0000002235174,46.1858872107167));
#1955=CARTESIAN_POINT('',(83.5319237552774,7.50000022351742,46.1858872107167));
#1956=CARTESIAN_POINT('',(76.4599072505558,-15.0000002235174,50.6221548011079));
#1957=CARTESIAN_POINT('',(57.6074733080157,-15.0000002235174,62.4482643192975));
#1958=CARTESIAN_POINT('',(76.4599072505561,15.0000002235174,50.6221548011077));
#1959=CARTESIAN_POINT('',(76.4599072505559,7.50000022351742,50.6221548011079));
#1960=CARTESIAN_POINT('',(71.959784301739,15.0000002235174,53.4450766052755));
#1961=CARTESIAN_POINT('Origin',(2.66732235893792,-15.0000002235174,-11.4068799757697));
#1962=CARTESIAN_POINT('',(93.4995556200806,-14.9999997764826,62.075653917657));
#1963=CARTESIAN_POINT('',(63.2693101224128,-15.0000002235174,13.8845133371492));
#1964=CARTESIAN_POINT('',(96.4882970207492,-15.0000002235174,68.3923289293171));
#1965=CARTESIAN_POINT('',(93.4995556200806,-15.0000002235174,62.075653917657));
#1966=CARTESIAN_POINT('',(96.5578954839481,-14.9999997764826,68.3951552937592));
#1967=CARTESIAN_POINT('',(44.5779673852155,-15.0000002235174,66.2842721832692));
#1968=CARTESIAN_POINT('',(96.4896343180465,-15.0000002235174,68.3951552937592));
#1969=CARTESIAN_POINT('',(96.5578954839481,-14.9999997764826,68.3951552937592));
#1970=CARTESIAN_POINT('',(84.0970229370407,-15.0000002235174,68.3951552937592));
#1971=CARTESIAN_POINT('',(96.5578954839481,-14.9999997764826,68.3951552937592));
#1972=CARTESIAN_POINT('',(81.0400727456891,-15.0000002235174,57.9235642215179));
#1973=CARTESIAN_POINT('Origin',(64.0976343180466,-15.0000002235174,68.5515358118792));
#1974=CARTESIAN_POINT('',(44.8024960717873,-15.0000002235174,0.155917183266414));
#1975=CARTESIAN_POINT('Origin',(49.7374689092629,15.0000002235174,-7.68708991914313));
#1976=CARTESIAN_POINT('',(93.4995556200806,15.0000002235174,62.0756539176571));
#1977=CARTESIAN_POINT('',(68.9169991286895,15.0000002235174,22.8877010511711));
#1978=CARTESIAN_POINT('',(93.4995556200806,1.11022302462516E-15,62.075653917657));
#1979=CARTESIAN_POINT('Origin',(91.0976343180465,-24.3749997764826,88.3951552937592));
#1980=CARTESIAN_POINT('',(91.0976343180465,-22.9249997764826,88.3951552937592));
#1981=CARTESIAN_POINT('Origin',(91.0976343180465,-24.3749997764826,88.3951552937592));
#1982=CARTESIAN_POINT('',(84.0976343180466,-22.9249997764826,88.3951552937592));
#1983=CARTESIAN_POINT('',(91.0976343180465,-22.9249997764826,88.3951552937592));
#1984=CARTESIAN_POINT('Origin',(84.0976343180466,-24.3749997764826,88.3951552937592));
#1985=CARTESIAN_POINT('Origin',(91.0976343180465,-24.3749997764826,78.3951552937592));
#1986=CARTESIAN_POINT('',(91.0976343180465,-22.9249997764826,78.3951552937592));
#1987=CARTESIAN_POINT('Origin',(91.0976343180465,-24.3749997764826,78.3951552937592));
#1988=CARTESIAN_POINT('',(84.0976343180466,-22.9249997764826,78.3951552937592));
#1989=CARTESIAN_POINT('',(91.0976343180465,-22.9249997764826,78.3951552937592));
#1990=CARTESIAN_POINT('Origin',(84.0976343180466,-24.3749997764826,78.3951552937592));
#1991=CARTESIAN_POINT('Origin',(91.0976343180465,-19.9999997764826,93.8951552937592));
#1992=CARTESIAN_POINT('',(84.0976343180466,-20.7499997764826,93.8951552937592));
#1993=CARTESIAN_POINT('',(84.0976343180466,20.7500002235174,93.8951552937592));
#1994=CARTESIAN_POINT('',(84.0976343180466,-9.99999977648258,93.8951552937592));
#1995=CARTESIAN_POINT('',(118.989634318047,20.7500002235174,93.8951552937592));
#1996=CARTESIAN_POINT('',(91.0976343180465,20.7500002235174,93.8951552937592));
#1997=CARTESIAN_POINT('',(118.989634318047,-20.7499997764826,93.8951552937592));
#1998=CARTESIAN_POINT('',(118.989634318047,-20.7499997764826,93.8951552937592));
#1999=CARTESIAN_POINT('',(96.4896343180466,-20.7499997764826,93.8951552937592));
#2000=CARTESIAN_POINT('Origin',(91.0976343180465,-20.7499997764826,73.8951552937592));
#2001=CARTESIAN_POINT('',(115.167324139627,-20.7499997764826,88.5931214323901));
#2002=CARTESIAN_POINT('',(115.167324139627,-20.7499997764826,88.1261061529507));
#2003=CARTESIAN_POINT('',(115.167324139627,-20.7499997764826,80.7441383630746));
#2004=CARTESIAN_POINT('',(84.0976343180466,-20.7499997764826,88.1261061529507));
#2005=CARTESIAN_POINT('',(91.0976343180465,-20.7499997764826,88.1261061529507));
#2006=CARTESIAN_POINT('',(84.0976343180466,-20.7499997764826,78.6451552937592));
#2007=CARTESIAN_POINT('',(118.989634318047,-20.7499997764826,88.5931214323901));
#2008=CARTESIAN_POINT('',(118.989634318047,-20.7499997764826,88.1261061529507));
#2009=CARTESIAN_POINT('',(103.132479228837,-20.7499997764826,88.5931214323901));
#2010=CARTESIAN_POINT('Origin',(106.097634318047,30.0000002235174,68.3951552937592));
#2011=CARTESIAN_POINT('',(96.5578954839481,15.0000002235174,68.3951552937592));
#2012=CARTESIAN_POINT('',(96.5578954839481,15.0000002235174,68.3951552937592));
#2013=CARTESIAN_POINT('',(96.4896343180465,15.0000002235174,68.3951552937592));
#2014=CARTESIAN_POINT('',(96.5578954839481,15.0000002235174,68.3951552937592));
#2015=CARTESIAN_POINT('',(96.4896343180465,2.23517417907715E-7,68.3951552937592));
#2016=CARTESIAN_POINT('Origin',(96.4896343180466,-18.913183939888,83.6446824060448));
#2017=CARTESIAN_POINT('',(115.167324139627,-26.7468761975203,83.2576360954078));
#2018=CARTESIAN_POINT('',(115.167324139627,-24.9983700862938,88.5931214323901));
#2019=CARTESIAN_POINT('Origin',(115.167324139627,-18.913183939888,83.6446824060448));
#2020=CARTESIAN_POINT('',(119.167324199231,-24.9983700862938,88.5931214323901));
#2021=CARTESIAN_POINT('',(96.4896343180466,-24.9983700862938,88.5931214323901));
#2022=CARTESIAN_POINT('',(119.167324199231,-26.7468761975203,83.2576360954078));
#2023=CARTESIAN_POINT('Origin',(119.167324199231,-18.913183939888,83.6446824060448));
#2024=CARTESIAN_POINT('',(120.989634318047,-26.7468761975203,83.2576360954078));
#2025=CARTESIAN_POINT('',(96.4896343180466,-26.7468761975203,83.2576360954078));
#2026=CARTESIAN_POINT('',(120.989634318047,-23.7499997764826,89.8189638862442));
#2027=CARTESIAN_POINT('Origin',(120.989634318047,-18.913183939888,83.6446824060448));
#2028=CARTESIAN_POINT('',(96.4896343180466,-23.7499997764826,89.8189638862442));
#2029=CARTESIAN_POINT('',(96.4896343180466,-23.7499997764826,89.8189638862442));
#2030=CARTESIAN_POINT('',(96.4896343180466,-26.7468761975203,83.2576360954078));
#2031=CARTESIAN_POINT('Origin',(96.4896343180465,-18.913183939888,83.6446824060448));
#2032=CARTESIAN_POINT('',(96.4896343180466,-26.7468761975203,83.2576360954078));
#2033=CARTESIAN_POINT('Origin',(96.4896343180466,-23.7499997764826,69.8951552937592));
#2034=CARTESIAN_POINT('',(96.4896343180465,-18.7499997764826,69.8951552937593));
#2035=CARTESIAN_POINT('',(120.989634318047,-18.7499997764826,69.8951552937592));
#2036=CARTESIAN_POINT('',(96.4896343180466,-18.7499997764826,69.8951552937592));
#2037=CARTESIAN_POINT('',(96.4896343180465,18.7500002235174,69.8951552937593));
#2038=CARTESIAN_POINT('',(96.4896343180465,-11.8749997764826,69.8951552937593));
#2039=CARTESIAN_POINT('',(120.989634318047,18.7500002235174,69.8951552937592));
#2040=CARTESIAN_POINT('',(96.4896343180466,18.7500002235174,69.8951552937592));
#2041=CARTESIAN_POINT('',(120.989634318047,-23.7499997764826,69.8951552937592));
#2042=CARTESIAN_POINT('Origin',(96.4896343180466,-23.7499997764826,96.8951552937592));
#2043=CARTESIAN_POINT('',(96.4896343180465,-23.7499997764826,91.8951552937592));
#2044=CARTESIAN_POINT('',(120.989634318047,-23.7499997764826,91.8951552937592));
#2045=CARTESIAN_POINT('',(96.4896343180466,-23.7499997764826,91.8951552937592));
#2046=CARTESIAN_POINT('',(96.4896343180465,-23.7499997764826,90.1451552937593));
#2047=CARTESIAN_POINT('',(120.989634318047,-23.7499997764826,96.8951552937592));
#2048=CARTESIAN_POINT('Origin',(91.0976343180465,24.3750002235174,78.3951552937592));
#2049=CARTESIAN_POINT('',(91.0976343180465,25.8250002235174,78.3951552937592));
#2050=CARTESIAN_POINT('Origin',(91.0976343180465,24.3750002235174,78.3951552937592));
#2051=CARTESIAN_POINT('',(84.0976343180466,25.8250002235174,78.3951552937592));
#2052=CARTESIAN_POINT('',(91.0976343180465,25.8250002235174,78.3951552937592));
#2053=CARTESIAN_POINT('Origin',(84.0976343180466,24.3750002235174,78.3951552937592));
#2054=CARTESIAN_POINT('Origin',(91.0976343180465,24.3750002235174,78.3951552937592));
#2055=CARTESIAN_POINT('Origin',(91.0976343180465,-24.3749997764826,88.3951552937592));
#2056=CARTESIAN_POINT('Origin',(91.0976343180465,24.3750002235174,88.3951552937592));
#2057=CARTESIAN_POINT('',(91.0976343180465,25.8250002235174,88.3951552937592));
#2058=CARTESIAN_POINT('Origin',(91.0976343180465,24.3750002235174,88.3951552937592));
#2059=CARTESIAN_POINT('',(84.0976343180466,25.8250002235174,88.3951552937592));
#2060=CARTESIAN_POINT('',(91.0976343180465,25.8250002235174,88.3951552937592));
#2061=CARTESIAN_POINT('Origin',(84.0976343180466,24.3750002235174,88.3951552937592));
#2062=CARTESIAN_POINT('Origin',(91.0976343180465,24.3750002235174,88.3951552937592));
#2063=CARTESIAN_POINT('Origin',(91.0976343180465,-24.3749997764826,78.3951552937592));
#2064=CARTESIAN_POINT('Origin',(96.4896343180466,-16.8777024096027,83.673626835881));
#2065=CARTESIAN_POINT('',(115.167324139627,-25.6294227420315,79.0931213206314));
#2066=CARTESIAN_POINT('Origin',(115.167324139627,-16.8777024096027,83.673626835881));
#2067=CARTESIAN_POINT('',(96.4896343180466,-23.7499997764826,76.5781939066331));
#2068=CARTESIAN_POINT('Origin',(96.4896343180465,-16.8777024096027,83.673626835881));
#2069=CARTESIAN_POINT('',(120.989634318047,-23.7499997764826,76.5781939066331));
#2070=CARTESIAN_POINT('',(96.4896343180466,-23.7499997764826,76.5781939066331));
#2071=CARTESIAN_POINT('Origin',(120.989634318047,-16.8777024096028,83.673626835881));
#2072=CARTESIAN_POINT('',(119.167324199231,-25.6294227420315,79.0931213206314));
#2073=CARTESIAN_POINT('Origin',(119.167324199231,-16.8777024096027,83.673626835881));
#2074=CARTESIAN_POINT('',(96.4896343180466,-25.6294227420315,79.0931213206314));
#2075=CARTESIAN_POINT('Origin',(117.167324169429,-16.7499997764826,83.8431213765107));
#2076=CARTESIAN_POINT('',(118.989634318047,-16.7499997764826,79.0931213206314));
#2077=CARTESIAN_POINT('',(118.989634318047,-16.7499997764826,88.5931214323901));
#2078=CARTESIAN_POINT('',(118.989634318047,-16.7499997764826,81.7441383071953));
#2079=CARTESIAN_POINT('',(119.167324199231,-16.7499997764826,79.0931213206314));
#2080=CARTESIAN_POINT('',(115.167324139627,-16.7499997764826,79.0931213206314));
#2081=CARTESIAN_POINT('',(119.167324199231,-16.7499997764826,88.5931214323901));
#2082=CARTESIAN_POINT('',(119.167324199231,-16.7499997764826,80.0931213206313));
#2083=CARTESIAN_POINT('',(119.167324199231,-16.7499997764826,88.5931214323901));
#2084=CARTESIAN_POINT('Origin',(119.167324199231,-26.7499997764826,87.5931214323901));
#2085=CARTESIAN_POINT('',(119.167324199231,-26.7499997764826,88.5931214323901));
#2086=CARTESIAN_POINT('',(119.167324199231,-26.7499997764826,79.0931213206314));
#2087=CARTESIAN_POINT('Origin',(115.167324139627,-26.7499997764826,80.0931213206314));
#2088=CARTESIAN_POINT('',(115.167324139627,-22.0084905287419,79.0931213206314));
#2089=CARTESIAN_POINT('',(115.167324139627,-22.7501804005363,79.0931213206314));
#2090=CARTESIAN_POINT('',(115.167324139627,-23.7499997764925,83.3951552937589));
#2091=CARTESIAN_POINT('Origin',(115.167324139627,-16.8777024096027,83.673626835881));
#2092=CARTESIAN_POINT('Origin',(115.167324139627,-18.913183939888,83.6446824060448));
#2093=CARTESIAN_POINT('',(115.167324139627,-26.7499997764826,88.5931214323901));
#2094=CARTESIAN_POINT('Origin',(91.0976343180465,-29.9999997764826,68.3951552937592));
#2095=CARTESIAN_POINT('',(84.0970229370407,15.0000002235174,68.3951552937592));
#2096=CARTESIAN_POINT('',(66.8824783384922,15.0000002235174,68.3951552937592));
#2097=CARTESIAN_POINT('',(84.0970229370407,25.0000002235174,68.3951552937592));
#2098=CARTESIAN_POINT('',(84.0970229370407,7.50000022351742,68.3951552937592));
#2099=CARTESIAN_POINT('',(96.4896343180466,25.0000002235174,68.3951552937592));
#2100=CARTESIAN_POINT('',(91.0976343180465,25.0000002235174,68.3951552937592));
#2101=CARTESIAN_POINT('',(96.4896343180466,-14.9999997764826,68.3951552937592));
#2102=CARTESIAN_POINT('Origin',(91.0976343180465,25.0000002235174,73.3951552937592));
#2103=CARTESIAN_POINT('',(84.0976343180466,26.2407057948568,68.5515358118792));
#2104=CARTESIAN_POINT('',(84.0976343180466,30.0000002235174,73.3951552937592));
#2105=CARTESIAN_POINT('Origin',(84.0976343180466,25.0000002235174,73.3951552937592));
#2106=CARTESIAN_POINT('',(96.4896343180466,30.0000002235174,73.3951552937592));
#2107=CARTESIAN_POINT('',(91.0976343180465,30.0000002235174,73.3951552937592));
#2108=CARTESIAN_POINT('Origin',(96.4896343180465,25.0000002235174,73.3951552937592));
#2109=CARTESIAN_POINT('Ctrl Pts',(84.0976343180466,26.2407057948544,68.5515358118786));
#2110=CARTESIAN_POINT('Ctrl Pts',(84.0976343180466,25.8270901038029,68.4455870902254));
#2111=CARTESIAN_POINT('Ctrl Pts',(84.0970229370407,25.4046547706039,68.3951552937592));
#2112=CARTESIAN_POINT('Ctrl Pts',(84.0970229370407,25.0000002235174,68.3951552937592));
#2113=CARTESIAN_POINT('Origin',(91.0976343180465,30.0000002235174,68.3951552937592));
#2114=CARTESIAN_POINT('',(84.0976343180466,30.0000002235174,93.3951552937592));
#2115=CARTESIAN_POINT('',(84.0976343180466,30.0000002235174,75.8951552937592));
#2116=CARTESIAN_POINT('',(96.4896343180466,30.0000002235174,93.3951552937592));
#2117=CARTESIAN_POINT('',(91.0976343180465,30.0000002235174,93.3951552937592));
#2118=CARTESIAN_POINT('',(96.4896343180466,30.0000002235174,75.8951552937592));
#2119=CARTESIAN_POINT('Origin',(91.0976343180465,25.0000002235174,93.3951552937592));
#2120=CARTESIAN_POINT('',(84.0976343180466,25.0000002235174,98.3951552937592));
#2121=CARTESIAN_POINT('Origin',(84.0976343180466,25.0000002235174,93.3951552937592));
#2122=CARTESIAN_POINT('',(96.4896343180466,25.0000002235174,98.3951552937592));
#2123=CARTESIAN_POINT('',(91.0976343180465,25.0000002235174,98.3951552937592));
#2124=CARTESIAN_POINT('Origin',(96.4896343180465,25.0000002235174,93.3951552937592));
#2125=CARTESIAN_POINT('Origin',(96.4896343180466,18.7500002235174,91.8951552937592));
#2126=CARTESIAN_POINT('',(120.989634318047,18.7500002235174,96.8951552937592));
#2127=CARTESIAN_POINT('',(120.989634318047,23.7500002235174,91.8951552937592));
#2128=CARTESIAN_POINT('Origin',(120.989634318047,18.7500002235174,91.8951552937592));
#2129=CARTESIAN_POINT('',(96.4896343180465,23.7500002235174,91.8951552937592));
#2130=CARTESIAN_POINT('',(96.4896343180466,23.7500002235174,91.8951552937592));
#2131=CARTESIAN_POINT('',(96.4896343180465,18.7500002235174,96.8951552937592));
#2132=CARTESIAN_POINT('Origin',(96.4896343180465,18.7500002235174,91.8951552937592));
#2133=CARTESIAN_POINT('',(96.4896343180466,18.7500002235174,96.8951552937592));
#2134=CARTESIAN_POINT('Origin',(96.4896343180466,23.7500002235174,89.7035417045722));
#2135=CARTESIAN_POINT('',(96.4896343180465,23.7500002235174,74.8951552937592));
#2136=CARTESIAN_POINT('',(120.989634318047,23.7500002235174,74.8951552937592));
#2137=CARTESIAN_POINT('',(96.4896343180466,23.7500002235174,74.8951552937592));
#2138=CARTESIAN_POINT('',(96.4896343180465,23.7500002235174,76.6451552937593));
#2139=CARTESIAN_POINT('',(120.989634318047,23.7500002235174,69.8951552937592));
#2140=CARTESIAN_POINT('Origin',(96.4896343180466,18.7500002235174,74.8951552937592));
#2141=CARTESIAN_POINT('Origin',(120.989634318047,18.7500002235174,74.8951552937592));
#2142=CARTESIAN_POINT('Origin',(96.4896343180465,18.7500002235174,74.8951552937592));
#2143=CARTESIAN_POINT('Origin',(96.4896343180465,2.23517417907715E-7,83.3951552937592));
#2144=CARTESIAN_POINT('',(96.4896343180466,-24.9999997764826,68.3951552937592));
#2145=CARTESIAN_POINT('',(96.4896343180466,-29.9999997764826,73.3951552937592));
#2146=CARTESIAN_POINT('Origin',(96.4896343180465,-24.9999997764826,73.3951552937592));
#2147=CARTESIAN_POINT('',(96.4896343180466,-14.9999997764826,68.3951552937592));
#2148=CARTESIAN_POINT('',(96.4896343180466,-24.9999997764826,98.3951552937592));
#2149=CARTESIAN_POINT('',(96.4896343180466,15.0000002235174,98.3951552937592));
#2150=CARTESIAN_POINT('',(96.4896343180466,-29.9999997764826,93.3951552937592));
#2151=CARTESIAN_POINT('Origin',(96.4896343180465,-24.9999997764826,93.3951552937592));
#2152=CARTESIAN_POINT('',(96.4896343180466,-29.9999997764826,90.8951552937592));
#2153=CARTESIAN_POINT('',(96.4896343180465,-23.7499997764826,74.8951552937592));
#2154=CARTESIAN_POINT('Origin',(96.4896343180465,-18.7499997764826,74.8951552937592));
#2155=CARTESIAN_POINT('',(96.4896343180465,-23.7499997764826,79.9866746001962));
#2156=CARTESIAN_POINT('',(96.4896343180465,-18.7499997764826,96.8951552937592));
#2157=CARTESIAN_POINT('Origin',(96.4896343180465,-18.7499997764826,91.8951552937592));
#2158=CARTESIAN_POINT('',(96.4896343180465,11.8750002235174,96.8951552937592));
#2159=CARTESIAN_POINT('Origin',(96.4896343180466,-23.7499997764826,76.5781939066331));
#2160=CARTESIAN_POINT('',(120.989634318047,-23.7499997764826,74.8951552937592));
#2161=CARTESIAN_POINT('',(96.4896343180466,-23.7499997764826,74.8951552937592));
#2162=CARTESIAN_POINT('',(120.989634318047,-23.7499997764826,76.5781939066331));
#2163=CARTESIAN_POINT('Origin',(96.4896343180466,-18.7499997764826,74.8951552937592));
#2164=CARTESIAN_POINT('Origin',(120.989634318047,-18.7499997764826,74.8951552937592));
#2165=CARTESIAN_POINT('Origin',(120.989634318047,-1.5032158595993,83.3951552937592));
#2166=CARTESIAN_POINT('',(120.989634318047,-18.7499997764826,96.8951552937592));
#2167=CARTESIAN_POINT('Origin',(120.989634318047,-18.7499997764826,91.8951552937592));
#2168=CARTESIAN_POINT('',(120.989634318047,23.7500002235174,96.8951552937592));
#2169=CARTESIAN_POINT('Origin',(96.4896343180466,23.7500002235174,96.8951552937592));
#2170=CARTESIAN_POINT('',(96.4896343180466,-18.7499997764826,96.8951552937592));
#2171=CARTESIAN_POINT('Origin',(96.4896343180466,-18.7499997764826,91.8951552937592));
#2172=CARTESIAN_POINT('Origin',(91.0976343180465,-24.9999997764826,73.3951552937592));
#2173=CARTESIAN_POINT('',(84.0976343180466,-29.9999997764826,73.3951552937592));
#2174=CARTESIAN_POINT('',(84.0976343180466,-26.2407053478219,68.5515358118792));
#2175=CARTESIAN_POINT('Origin',(84.0976343180466,-24.9999997764826,73.3951552937592));
#2176=CARTESIAN_POINT('',(84.0970229370407,-24.9999997764826,68.3951552937592));
#2177=CARTESIAN_POINT('Ctrl Pts',(84.0970229370407,-24.9999997764826,68.3951552937592));
#2178=CARTESIAN_POINT('Ctrl Pts',(84.0970229370407,-25.4046543235691,68.3951552937592));
#2179=CARTESIAN_POINT('Ctrl Pts',(84.0976343180466,-25.8270896567681,68.4455870902254));
#2180=CARTESIAN_POINT('Ctrl Pts',(84.0976343180466,-26.2407053478196,68.5515358118786));
#2181=CARTESIAN_POINT('',(91.0976343180465,-24.9999997764826,68.3951552937592));
#2182=CARTESIAN_POINT('',(91.0976343180465,-29.9999997764826,73.3951552937592));
#2183=CARTESIAN_POINT('Origin',(91.0976343180465,-29.9999997764826,98.3951552937592));
#2184=CARTESIAN_POINT('',(84.0976343180466,-29.9999997764826,93.3951552937592));
#2185=CARTESIAN_POINT('',(84.0976343180466,-29.9999997764826,90.8951552937592));
#2186=CARTESIAN_POINT('',(91.0976343180465,-29.9999997764826,93.3951552937592));
#2187=CARTESIAN_POINT('Origin',(91.0976343180465,-24.9999997764826,93.3951552937592));
#2188=CARTESIAN_POINT('',(84.0976343180466,-24.9999997764826,98.3951552937592));
#2189=CARTESIAN_POINT('Origin',(84.0976343180466,-24.9999997764826,93.3951552937592));
#2190=CARTESIAN_POINT('',(91.0976343180465,-24.9999997764826,98.3951552937592));
#2191=CARTESIAN_POINT('Origin',(91.0976343180465,30.0000002235174,98.3951552937592));
#2192=CARTESIAN_POINT('',(84.0976343180466,15.0000002235174,98.3951552937592));
#2193=CARTESIAN_POINT('Origin',(91.0976343180465,-20.7575635991218,77.9944812444389));
#2194=CARTESIAN_POINT('',(84.0976343180466,-20.7499997764826,77.9944812444389));
#2195=CARTESIAN_POINT('',(84.0976343180466,-20.7575635991218,77.9944812444389));
#2196=CARTESIAN_POINT('',(84.0976343180466,-10.3787816878022,77.9944812444389));
#2197=CARTESIAN_POINT('',(118.989634318047,-20.7575635991218,77.9944812444389));
#2198=CARTESIAN_POINT('',(96.4896343180466,-20.7575635991218,77.9944812444389));
#2199=CARTESIAN_POINT('',(118.989634318047,-20.7499997764826,77.9944812444389));
#2200=CARTESIAN_POINT('',(118.989634318047,-20.7499997764826,77.9944812444389));
#2201=CARTESIAN_POINT('',(91.0976343180465,-20.7499997764826,77.9944812444389));
#2202=CARTESIAN_POINT('Origin',(91.0976343180465,-20.7499997764826,73.8951552937592));
#2203=CARTESIAN_POINT('',(84.0976343180466,-20.7499997764826,72.8951552937593));
#2204=CARTESIAN_POINT('',(84.0976343180466,-20.7499997764826,78.6451552937592));
#2205=CARTESIAN_POINT('',(118.989634318047,-20.7499997764826,72.8951552937593));
#2206=CARTESIAN_POINT('',(118.989634318047,-20.7499997764826,72.8951552937593));
#2207=CARTESIAN_POINT('',(91.0976343180465,-20.7499997764826,72.8951552937593));
#2208=CARTESIAN_POINT('Origin',(91.0976343180465,20.0000002235174,72.8951552937593));
#2209=CARTESIAN_POINT('',(84.0976343180466,20.7500002235174,72.8951552937593));
#2210=CARTESIAN_POINT('',(84.0976343180466,10.0000002235174,72.8951552937593));
#2211=CARTESIAN_POINT('',(118.989634318047,20.7500002235174,72.8951552937593));
#2212=CARTESIAN_POINT('',(118.989634318047,20.7500002235174,72.8951552937593));
#2213=CARTESIAN_POINT('',(91.0976343180465,20.7500002235174,72.8951552937593));
#2214=CARTESIAN_POINT('Origin',(91.0976343180465,20.7500002235174,92.8951552937592));
#2215=CARTESIAN_POINT('',(84.0976343180466,20.7500002235174,88.1451552937592));
#2216=CARTESIAN_POINT('',(118.989634318047,20.7500002235174,93.8951552937592));
#2217=CARTESIAN_POINT('Origin',(84.0976343180466,2.23517417907715E-7,83.3951552937592));
#2218=CARTESIAN_POINT('',(84.0976343180466,7.50000022351742,68.5515358118792));
#2219=CARTESIAN_POINT('',(84.0976343180466,-23.7499997764925,83.3951552937589));
#2220=CARTESIAN_POINT('Origin',(84.0976343180466,-18.913183939888,83.6446824060448));
#2221=CARTESIAN_POINT('Origin',(84.0976343180466,-16.8777024096027,83.673626835881));
#2222=CARTESIAN_POINT('Origin',(96.5578954839481,-14.9999997764826,68.3951552937592));
#2223=CARTESIAN_POINT('',(96.4882970207492,14.9999997764826,68.3923289293171));
#2224=CARTESIAN_POINT('',(96.4882970207492,-15.,68.3923289293171));
#2225=CARTESIAN_POINT('',(64.5450389270977,15.0000002235174,67.0951265962197));
#2226=CARTESIAN_POINT('Origin',(115.167324139627,-26.7499997764826,88.5931214323901));
#2227=CARTESIAN_POINT('',(118.989634318047,-14.1266078180409,88.5931214323901));
#2228=CARTESIAN_POINT('Origin',(118.989634318047,-1.5032158595993,83.3951552937592));
#2229=CARTESIAN_POINT('',(118.989634318047,-22.0084905287419,79.0931213206314));
#2230=CARTESIAN_POINT('',(118.989634318047,-14.126607818041,79.0931213206314));
#2231=CARTESIAN_POINT('Origin',(118.989634318047,-16.8777024096027,83.673626835881));
#2232=CARTESIAN_POINT('Origin',(119.167324199231,-26.7499997764826,79.0931213206314));
#2233=CARTESIAN_POINT('',(91.0976343180465,-22.0084905287419,79.0931213206314));
#2234=CARTESIAN_POINT('Origin',(91.0976343180465,-16.8777024096027,83.673626835881));
#2235=CARTESIAN_POINT('',(91.0976343180465,-23.7499997764925,83.3951552937589));
#2236=CARTESIAN_POINT('Origin',(91.0976343180465,-18.913183939888,83.6446824060448));
#2237=CARTESIAN_POINT('Origin',(91.0976343180465,-29.9999997764826,68.3951552937592));
#2238=CARTESIAN_POINT('',(84.0970229370407,7.50000022351742,68.3951552937592));
#2239=CARTESIAN_POINT('Origin',(96.4882970207492,-15.0000002235174,68.3923289293171));
#2240=CARTESIAN_POINT('',(93.4995556200806,14.9999997764826,62.075653917657));
#2241=CARTESIAN_POINT('Origin',(42.6673223589379,15.0000002235174,-11.4068799757697));
#2242=CARTESIAN_POINT('',(81.0400727456895,15.0000002235174,57.9235642215177));
#2243=CARTESIAN_POINT('',(82.4033904752823,15.0000002235174,60.0968789029275));
#2244=CARTESIAN_POINT('Origin',(64.0976343180466,15.0000002235174,68.5515358118792));
#2245=CARTESIAN_POINT('Origin',(90.4433053247915,15.0000002235174,72.9136013737363));
#2246=CARTESIAN_POINT('',(81.0400727456894,7.50000022351742,57.9235642215177));
#2247=CARTESIAN_POINT('Origin',(64.0976343180466,7.50000022351742,68.5515358118792));
#2248=CARTESIAN_POINT('Origin',(63.7867935444456,2.23517417907715E-7,58.5719840423467));
#2249=CARTESIAN_POINT('',(83.5319237552775,-15.0000002235174,46.1858872107166));
#2250=CARTESIAN_POINT('',(83.5319237552775,15.0000002235174,46.1858872107167));
#2251=CARTESIAN_POINT('',(83.5319237552774,7.50000022351742,46.1858872107167));
#2252=CARTESIAN_POINT('',(76.4599072505561,15.0000002235174,50.6221548011077));
#2253=CARTESIAN_POINT('',(71.959784301739,15.0000002235174,53.4450766052755));
#2254=CARTESIAN_POINT('',(76.4599072505558,-15.0000002235174,50.6221548011079));
#2255=CARTESIAN_POINT('',(76.4599072505562,7.50000022351742,50.6221548011077));
#2256=CARTESIAN_POINT('',(57.6074733080157,-15.0000002235174,62.4482643192975));
#2257=CARTESIAN_POINT('Origin',(7.,-15.0000002235174,-4.5));
#2258=CARTESIAN_POINT('',(51.40801348103,-15.0000002235174,10.6860142048194));
#2259=CARTESIAN_POINT('',(49.1351737128494,-15.0000002235174,7.06279715903613));
#2260=CARTESIAN_POINT('',(42.9367942672089,-15.0000002235174,6.));
#2261=CARTESIAN_POINT('Origin',(42.9367942672089,-15.0000002235174,16.));
#2262=CARTESIAN_POINT('',(7.,-15.0000002235174,6.));
#2263=CARTESIAN_POINT('',(7.,-15.0000002235174,6.));
#2264=CARTESIAN_POINT('',(7.,-15.0000002235174,-4.5));
#2265=CARTESIAN_POINT('',(7.,-15.0000002235174,0.));
#2266=CARTESIAN_POINT('',(46.2050386020555,-15.0000002235174,-4.5));
#2267=CARTESIAN_POINT('',(0.,-15.0000002235174,-4.5));
#2268=CARTESIAN_POINT('',(54.676257815877,-15.0000002235174,0.186014204819105));
#2269=CARTESIAN_POINT('Origin',(46.2050386020555,-15.0000002235174,5.5));
#2270=CARTESIAN_POINT('',(67.6019877634749,-15.0000002235174,20.7913933129189));
#2271=CARTESIAN_POINT('',(57.9650624597283,-15.0000002235174,7.40749347852888));
#2272=CARTESIAN_POINT('',(55.3999987617135,-15.0000002235174,3.25538352193117));
#2273=CARTESIAN_POINT('',(47.2960231077319,-15.0000002235174,-9.86265250460659));
#2274=CARTESIAN_POINT('',(55.3999987617135,-15.0000002235174,3.31843157267942));
#2275=CARTESIAN_POINT('',(55.3999987617135,-15.0000002235174,22.9505088173822));
#2276=CARTESIAN_POINT('',(57.9650624597283,-15.0000002235174,7.40749347852888));
#2277=CARTESIAN_POINT('Origin',(94.7759829658536,15.0000002235174,79.820481349506));
#2278=CARTESIAN_POINT('',(51.4080134810303,15.0000002235174,10.6860142048192));
#2279=CARTESIAN_POINT('',(86.7360681163444,15.0000002235174,67.0037588786973));
#2280=CARTESIAN_POINT('',(51.4080134810303,7.50000011175871,10.6860142048192));
#2281=CARTESIAN_POINT('Origin',(47.,15.0000002235174,-4.5));
#2282=CARTESIAN_POINT('',(54.676257815877,15.0000002235174,0.186014204819114));
#2283=CARTESIAN_POINT('',(73.2496767697515,15.0000002235174,29.7945810269408));
#2284=CARTESIAN_POINT('',(46.2050386020555,15.0000002235174,-4.5));
#2285=CARTESIAN_POINT('Origin',(46.2050386020555,15.0000002235174,5.5));
#2286=CARTESIAN_POINT('',(7.,15.0000002235174,-4.5));
#2287=CARTESIAN_POINT('',(40.,15.0000002235174,-4.5));
#2288=CARTESIAN_POINT('',(7.,15.0000002235174,6.));
#2289=CARTESIAN_POINT('',(7.,15.0000002235174,0.));
#2290=CARTESIAN_POINT('',(42.9367942672089,15.0000002235174,6.));
#2291=CARTESIAN_POINT('',(27.,15.0000002235174,6.));
#2292=CARTESIAN_POINT('Origin',(42.9367942672089,15.0000002235174,16.));
#2293=CARTESIAN_POINT('',(57.9650624597283,15.0000002235174,7.40749347852888));
#2294=CARTESIAN_POINT('',(55.3999987617135,15.0000002235174,3.31843157267942));
#2295=CARTESIAN_POINT('',(57.9650624597283,15.0000002235174,7.40749347852888));
#2296=CARTESIAN_POINT('',(55.3999987617135,15.0000002235174,3.25538352193117));
#2297=CARTESIAN_POINT('',(55.3999987617135,15.0000002235174,22.9505088173822));
#2298=CARTESIAN_POINT('',(52.8205158571475,15.0000002235174,-0.920067036747383));
#2299=CARTESIAN_POINT('Origin',(42.9367942672089,7.50000011175871,16.));
#2300=CARTESIAN_POINT('',(42.9367942672089,7.50000011175871,6.));
#2301=CARTESIAN_POINT('Origin',(46.2050386020555,7.50000011175871,5.5));
#2302=CARTESIAN_POINT('',(46.2050386020555,7.50000011175871,-4.5));
#2303=CARTESIAN_POINT('',(54.6762578158768,7.50000011175871,0.186014204819178));
#2304=CARTESIAN_POINT('Origin',(54.070146550325,15.0000002235174,-0.780209943373413));
#2305=CARTESIAN_POINT('Origin',(7.,0.,-4.5));
#2306=CARTESIAN_POINT('Origin',(7.,0.,-4.5));
#2307=CARTESIAN_POINT('',(-4.15,1.3654811810493E-15,-4.5));
#2308=CARTESIAN_POINT('Origin',(7.,0.,-4.5));
#2309=CARTESIAN_POINT('Origin',(57.9650624597283,15.0000002235174,7.40749347852888));
#2310=CARTESIAN_POINT('',(55.3999987617135,7.50000022351742,3.31843157267942));
#2311=CARTESIAN_POINT('',(57.9650624597283,-15.0000002235174,7.40749347852888));
#2312=CARTESIAN_POINT('Origin',(55.3999987617135,2.23517417907715E-7,50.4010176347645));
#2313=CARTESIAN_POINT('',(55.3999987617135,-7.5,3.25538352193118));
#2314=CARTESIAN_POINT('Origin',(57.9625510266311,-15.0000002235174,7.40342818129038));
#2315=CARTESIAN_POINT('Origin',(7.,0.,6.));
#2316=CARTESIAN_POINT('Origin',(7.,0.,6.));
#2317=CARTESIAN_POINT('',(-1.2645,0.,6.));
#2318=CARTESIAN_POINT('Origin',(4.44089209850063E-15,0.,6.));
#2319=CARTESIAN_POINT('',(5.73550000000001,-7.,6.));
#2320=CARTESIAN_POINT('Origin',(7.,-7.,6.));
#2321=CARTESIAN_POINT('',(12.7355,0.,6.));
#2322=CARTESIAN_POINT('Origin',(14.,0.,6.));
#2323=CARTESIAN_POINT('',(5.50000000000001,0.,6.));
#2324=CARTESIAN_POINT('Origin',(7.,0.,6.));
#2325=CARTESIAN_POINT('',(5.73550000000001,7.,6.));
#2326=CARTESIAN_POINT('Origin',(7.,7.,6.));
#2327=CARTESIAN_POINT('Origin',(7.,0.,0.));
#2328=CARTESIAN_POINT('Origin',(7.,0.,-3.5));
#2329=CARTESIAN_POINT('',(-3.15,-1.24301650113456E-15,-3.5));
#2330=CARTESIAN_POINT('Origin',(-4.15,-1.3654811810493E-15,-3.5));
#2331=CARTESIAN_POINT('Origin',(7.,0.,-3.5));
#2332=CARTESIAN_POINT('Origin',(7.,0.,0.));
#2333=CARTESIAN_POINT('',(-3.15,-1.24301650113456E-15,0.));
#2334=CARTESIAN_POINT('',(-3.15,1.24301650113456E-15,0.));
#2335=CARTESIAN_POINT('Origin',(7.,0.,0.));
#2336=CARTESIAN_POINT('Origin',(7.,7.,0.));
#2337=CARTESIAN_POINT('',(5.7355,7.,0.));
#2338=CARTESIAN_POINT('',(5.7355,7.,0.));
#2339=CARTESIAN_POINT('Origin',(7.,7.,0.));
#2340=CARTESIAN_POINT('Origin',(7.,0.,0.));
#2341=CARTESIAN_POINT('',(5.5,-1.83697019872103E-16,0.));
#2342=CARTESIAN_POINT('',(5.5,-1.83697019872103E-16,0.));
#2343=CARTESIAN_POINT('Origin',(7.,0.,0.));
#2344=CARTESIAN_POINT('Origin',(14.,0.,0.));
#2345=CARTESIAN_POINT('',(12.7355,-1.54856587752183E-16,0.));
#2346=CARTESIAN_POINT('',(12.7355,-1.54856587752183E-16,0.));
#2347=CARTESIAN_POINT('Origin',(14.,0.,0.));
#2348=CARTESIAN_POINT('Origin',(7.,-7.,0.));
#2349=CARTESIAN_POINT('',(5.7355,-7.,0.));
#2350=CARTESIAN_POINT('',(5.7355,-7.,0.));
#2351=CARTESIAN_POINT('Origin',(7.,-7.,0.));
#2352=CARTESIAN_POINT('Origin',(4.44089209850063E-15,0.,0.));
#2353=CARTESIAN_POINT('',(-1.2645,-1.54856587752183E-16,0.));
#2354=CARTESIAN_POINT('',(-1.2645,-1.54856587752183E-16,0.));
#2355=CARTESIAN_POINT('Origin',(4.44089209850063E-15,0.,0.));
#2356=CARTESIAN_POINT('Origin',(7.,0.,0.));
#2357=UNCERTAINTY_MEASURE_WITH_UNIT(LENGTH_MEASURE(0.01),#2361,
'DISTANCE_ACCURACY_VALUE',
'Maximum model space distance between geometric entities at asserted c
onnectivities');
#2358=UNCERTAINTY_MEASURE_WITH_UNIT(LENGTH_MEASURE(0.01),#2361,
'DISTANCE_ACCURACY_VALUE',
'Maximum model space distance between geometric entities at asserted c
onnectivities');
#2359=(
GEOMETRIC_REPRESENTATION_CONTEXT(3)
GLOBAL_UNCERTAINTY_ASSIGNED_CONTEXT((#2357))
GLOBAL_UNIT_ASSIGNED_CONTEXT((#2361,#2363,#2364))
REPRESENTATION_CONTEXT('','3D')
);
#2360=(
GEOMETRIC_REPRESENTATION_CONTEXT(3)
GLOBAL_UNCERTAINTY_ASSIGNED_CONTEXT((#2358))
GLOBAL_UNIT_ASSIGNED_CONTEXT((#2361,#2363,#2364))
REPRESENTATION_CONTEXT('','3D')
);
#2361=(
LENGTH_UNIT()
NAMED_UNIT(*)
SI_UNIT(.MILLI.,.METRE.)
);
#2362=(
LENGTH_UNIT()
NAMED_UNIT(*)
SI_UNIT($,.METRE.)
);
#2363=(
NAMED_UNIT(*)
PLANE_ANGLE_UNIT()
SI_UNIT($,.RADIAN.)
);
#2364=(
NAMED_UNIT(*)
SI_UNIT($,.STERADIAN.)
SOLID_ANGLE_UNIT()
);
#2365=SHAPE_DEFINITION_REPRESENTATION(#2366,#2367);
#2366=PRODUCT_DEFINITION_SHAPE('',$,#2369);
#2367=SHAPE_REPRESENTATION('',(#1412),#2359);
#2368=PRODUCT_DEFINITION_CONTEXT('part definition',#2373,'design');
#2369=PRODUCT_DEFINITION('GYRA PITCH BRACKET','GYRA PITCH BRACKET v31',
#2370,#2368);
#2370=PRODUCT_DEFINITION_FORMATION('',$,#2375);
#2371=PRODUCT_RELATED_PRODUCT_CATEGORY('GYRA PITCH BRACKET v31',
'GYRA PITCH BRACKET v31',(#2375));
#2372=APPLICATION_PROTOCOL_DEFINITION('international standard',
'automotive_design',2009,#2373);
#2373=APPLICATION_CONTEXT(
'Core Data for Automotive Mechanical Design Process');
#2374=PRODUCT_CONTEXT('part definition',#2373,'mechanical');
#2375=PRODUCT('GYRA PITCH BRACKET','GYRA PITCH BRACKET v31',$,(#2374));
#2376=PRESENTATION_STYLE_ASSIGNMENT((#2377));
#2377=SURFACE_STYLE_USAGE(.BOTH.,#2378);
#2378=SURFACE_SIDE_STYLE('',(#2379));
#2379=SURFACE_STYLE_FILL_AREA(#2380);
#2380=FILL_AREA_STYLE('Plastic - Matte (White)',(#2381));
#2381=FILL_AREA_STYLE_COLOUR('Plastic - Matte (White)',#2382);
#2382=COLOUR_RGB('Plastic - Matte (White)',0.964705882352941,0.964705882352941,
0.952941176470588);
ENDSEC;
END-ISO-10303-21;
